"Source","Target","Weight","Direction"
"1CMET2-PWY","ALL-CHORISMATE-PWY",-0.617211948790896,"Negative"
"1CMET2-PWY","ANAEROFRUCAT-PWY",0.924409672830726,"Positive"
"1CMET2-PWY","ANAGLYCOLYSIS-PWY",0.942304409672831,"Positive"
"1CMET2-PWY","ARG+POLYAMINE-SYN",-0.679146514935989,"Negative"
"1CMET2-PWY","ARGDEG-PWY",-0.610753911806543,"Negative"
"1CMET2-PWY","ARGSYN-PWY",0.904352773826458,"Positive"
"1CMET2-PWY","ARGSYNBSUB-PWY",0.83647226173542,"Positive"
"1CMET2-PWY","ARO-PWY",0.915448079658606,"Positive"
"1CMET2-PWY","ASPASN-PWY",0.716073968705548,"Positive"
"1CMET2-PWY","AST-PWY",-0.699516358463727,"Negative"
"1CMET2-PWY","BRANCHED-CHAIN-AA-SYN-PWY",0.884836415362731,"Positive"
"1CMET2-PWY","CALVIN-PWY",0.901081081081081,"Positive"
"1CMET2-PWY","COA-PWY",0.956813655761024,"Positive"
"1CMET2-PWY","COBALSYN-PWY",0.651066856330014,"Positive"
"1CMET2-PWY","COMPLETE-ARO-PWY",0.911095305832148,"Positive"
"1CMET2-PWY","DAPLYSINESYN-PWY",0.86728307254623,"Positive"
"1CMET2-PWY","DENOVOPURINE2-PWY",0.92,"Positive"
"1CMET2-PWY","DTDPRHAMSYN-PWY",0.848705547652916,"Positive"
"1CMET2-PWY","ECASYN-PWY",-0.750583214793741,"Negative"
"1CMET2-PWY","FAO-PWY",-0.637439544807966,"Negative"
"1CMET2-PWY","FASYN-ELONG-PWY",0.839288762446657,"Positive"
"1CMET2-PWY","GALACT-GLUCUROCAT-PWY",-0.663129445234708,"Negative"
"1CMET2-PWY","GALACTUROCAT-PWY",-0.665462304409673,"Negative"
"1CMET2-PWY","GLUCONEO-PWY",0.648449502133713,"Positive"
"1CMET2-PWY","GLUCUROCAT-PWY",-0.60827880512091,"Negative"
"1CMET2-PWY","GLUTORN-PWY",0.777524893314367,"Positive"
"1CMET2-PWY","GLYCOLYSIS",0.929843527738265,"Positive"
"1CMET2-PWY","HISTSYN-PWY",0.875903271692745,"Positive"
"1CMET2-PWY","HOMOSER-METSYN-PWY",0.734054054054054,"Positive"
"1CMET2-PWY","ILEUSYN-PWY",0.886458036984353,"Positive"
"1CMET2-PWY","KDO-NAGLIPASYN-PWY",-0.637866287339972,"Negative"
"1CMET2-PWY","MET-SAM-PWY",0.774879089615932,"Positive"
"1CMET2-PWY","NONOXIPENT-PWY",0.911522048364154,"Positive"
"1CMET2-PWY","OANTIGEN-PWY",0.911322901849218,"Positive"
"1CMET2-PWY","ORNARGDEG-PWY",-0.610753911806543,"Negative"
"1CMET2-PWY","P122-PWY",0.924352773826458,"Positive"
"1CMET2-PWY","P124-PWY",0.910156472261735,"Positive"
"1CMET2-PWY","P161-PWY",0.889644381223329,"Positive"
"1CMET2-PWY","P4-PWY",0.671465149359886,"Positive"
"1CMET2-PWY","PENTOSE-P-PWY",0.885405405405405,"Positive"
"1CMET2-PWY","PEPTIDOGLYCANSYN-PWY",0.95800853485064,"Positive"
"1CMET2-PWY","PHOSLIPSYN-PWY",0.95226173541963,"Positive"
"1CMET2-PWY","POLYAMSYN-PWY",-0.684694167852063,"Negative"
"1CMET2-PWY","POLYISOPRENSYN-PWY",0.942844950213371,"Positive"
"1CMET2-PWY","PWY-2941",0.788392603129445,"Positive"
"1CMET2-PWY","PWY-2942",0.935305832147937,"Positive"
"1CMET2-PWY","PWY-3001",0.926116642958748,"Positive"
"1CMET2-PWY","PWY-5097",0.918293029871977,"Positive"
"1CMET2-PWY","PWY-5100",0.917297297297297,"Positive"
"1CMET2-PWY","PWY-5101",0.875590327169275,"Positive"
"1CMET2-PWY","PWY-5103",0.880170697012802,"Positive"
"1CMET2-PWY","PWY-5121",0.631066856330014,"Positive"
"1CMET2-PWY","PWY-5189",0.801422475106686,"Positive"
"1CMET2-PWY","PWY-5347",0.624722617354196,"Positive"
"1CMET2-PWY","PWY-5484",0.924864864864865,"Positive"
"1CMET2-PWY","PWY-5509",0.647539118065434,"Positive"
"1CMET2-PWY","PWY-5659",0.663413940256045,"Positive"
"1CMET2-PWY","PWY-5667",0.957268847795164,"Positive"
"1CMET2-PWY","PWY-5686",0.955135135135135,"Positive"
"1CMET2-PWY","PWY-5845",-0.735590327169275,"Negative"
"1CMET2-PWY","PWY-5850",-0.735590327169275,"Negative"
"1CMET2-PWY","PWY-5860",-0.740085348506401,"Negative"
"1CMET2-PWY","PWY-5862",-0.740085348506401,"Negative"
"1CMET2-PWY","PWY-5896",-0.735590327169275,"Negative"
"1CMET2-PWY","PWY-5910",0.875078236130868,"Positive"
"1CMET2-PWY","PWY-5913",0.616301564722617,"Positive"
"1CMET2-PWY","PWY-5973",0.916899004267425,"Positive"
"1CMET2-PWY","PWY-6121",0.913143669985775,"Positive"
"1CMET2-PWY","PWY-6122",0.911778093883357,"Positive"
"1CMET2-PWY","PWY-6123",0.922645803698435,"Positive"
"1CMET2-PWY","PWY-6125",0.855903271692745,"Positive"
"1CMET2-PWY","PWY-6126",0.931778093883357,"Positive"
"1CMET2-PWY","PWY-6147",0.820881934566145,"Positive"
"1CMET2-PWY","PWY-6151",0.886458036984353,"Positive"
"1CMET2-PWY","PWY-6163",0.894224751066856,"Positive"
"1CMET2-PWY","PWY-621",0.739431009957326,"Positive"
"1CMET2-PWY","PWY-6269",0.646315789473684,"Positive"
"1CMET2-PWY","PWY-6277",0.911778093883357,"Positive"
"1CMET2-PWY","PWY-6317",0.85624466571835,"Positive"
"1CMET2-PWY","PWY-6385",0.95778093883357,"Positive"
"1CMET2-PWY","PWY-6386",0.95923186344239,"Positive"
"1CMET2-PWY","PWY-6387",0.95724039829303,"Positive"
"1CMET2-PWY","PWY-6471",0.936443812233286,"Positive"
"1CMET2-PWY","PWY-6507",-0.642048364153627,"Negative"
"1CMET2-PWY","PWY-6609",0.67448079658606,"Positive"
"1CMET2-PWY","PWY-6700",0.669843527738265,"Positive"
"1CMET2-PWY","PWY-6897",0.890668563300142,"Positive"
"1CMET2-PWY","PWY-7111",0.889217638691323,"Positive"
"1CMET2-PWY","PWY-7184",0.851322901849218,"Positive"
"1CMET2-PWY","PWY-7187",0.935334281650071,"Positive"
"1CMET2-PWY","PWY-7197",0.848335704125178,"Positive"
"1CMET2-PWY","PWY-7208",0.953456614509246,"Positive"
"1CMET2-PWY","PWY-7211",0.650554765291607,"Positive"
"1CMET2-PWY","PWY-7219",0.958179231863442,"Positive"
"1CMET2-PWY","PWY-7220",0.883669985775249,"Positive"
"1CMET2-PWY","PWY-7221",0.957325746799431,"Positive"
"1CMET2-PWY","PWY-7222",0.883669985775249,"Positive"
"1CMET2-PWY","PWY-7228",0.864153627311522,"Positive"
"1CMET2-PWY","PWY-7229",0.955903271692745,"Positive"
"1CMET2-PWY","PWY-7234",0.864068278805121,"Positive"
"1CMET2-PWY","PWY-7315",-0.774537695590327,"Negative"
"1CMET2-PWY","PWY-7392",0.643698435277383,"Positive"
"1CMET2-PWY","PWY-7400",0.896984352773826,"Positive"
"1CMET2-PWY","PWY-7539",0.834879089615932,"Positive"
"1CMET2-PWY","PWY-7663",0.908392603129445,"Positive"
"1CMET2-PWY","PWY-841",0.878349928876245,"Positive"
"1CMET2-PWY","PWY-922",0.852802275960171,"Positive"
"1CMET2-PWY","PWY0-1296",0.65049786628734,"Positive"
"1CMET2-PWY","PWY0-1297",0.685291607396871,"Positive"
"1CMET2-PWY","PWY0-1298",0.625405405405405,"Positive"
"1CMET2-PWY","PWY0-1319",0.957268847795164,"Positive"
"1CMET2-PWY","PWY0-1338",-0.747027027027027,"Negative"
"1CMET2-PWY","PWY0-1533",-0.685576102418208,"Negative"
"1CMET2-PWY","PWY0-1586",0.921137980085349,"Positive"
"1CMET2-PWY","PWY0-162",0.886998577524893,"Positive"
"1CMET2-PWY","PWY0-166",0.92275960170697,"Positive"
"1CMET2-PWY","PWY0-845",-0.603954480796586,"Negative"
"1CMET2-PWY","PWY4FS-7",0.945177809388336,"Positive"
"1CMET2-PWY","PWY4FS-8",0.945177809388336,"Positive"
"1CMET2-PWY","PYRIDNUCSAL-PWY",0.692375533428165,"Positive"
"1CMET2-PWY","PYRIDOXSYN-PWY",-0.633086770981508,"Negative"
"1CMET2-PWY","RIBOSYN2-PWY",0.871692745376956,"Positive"
"1CMET2-PWY","SER-GLYSYN-PWY",0.897041251778094,"Positive"
"1CMET2-PWY","THRESYN-PWY",0.942190611664296,"Positive"
"1CMET2-PWY","TRNA-CHARGING-PWY",0.871436699857753,"Positive"
"1CMET2-PWY","TRPSYN-PWY",0.856330014224751,"Positive"
"1CMET2-PWY","UDPNAGSYN-PWY",0.95425320056899,"Positive"
"1CMET2-PWY","VALSYN-PWY",0.886458036984353,"Positive"
"3-HYDROXYPHENYLACETATE-DEGRADATION-PWY","METHGLYUT-PWY",0.617268847795164,"Positive"
"3-HYDROXYPHENYLACETATE-DEGRADATION-PWY","ORNDEG-PWY",0.761678520625889,"Positive"
"3-HYDROXYPHENYLACETATE-DEGRADATION-PWY","PWY-5181",0.693342816500711,"Positive"
"3-HYDROXYPHENYLACETATE-DEGRADATION-PWY","PWY-6071",0.949985775248933,"Positive"
"3-HYDROXYPHENYLACETATE-DEGRADATION-PWY","PWY0-321",0.84927453769559,"Positive"
"ALL-CHORISMATE-PWY","ARG+POLYAMINE-SYN",0.633826458036984,"Positive"
"ALL-CHORISMATE-PWY","ARGDEG-PWY",0.760739687055477,"Positive"
"ALL-CHORISMATE-PWY","DENOVOPURINE2-PWY",-0.622645803698435,"Negative"
"ALL-CHORISMATE-PWY","ECASYN-PWY",0.647766714082504,"Positive"
"ALL-CHORISMATE-PWY","ENTBACSYN-PWY",0.784267425320057,"Positive"
"ALL-CHORISMATE-PWY","GALACTARDEG-PWY",0.654082503556188,"Positive"
"ALL-CHORISMATE-PWY","GLUCARDEG-PWY",0.654793741109531,"Positive"
"ALL-CHORISMATE-PWY","GLUCARGALACTSUPER-PWY",0.654082503556188,"Positive"
"ALL-CHORISMATE-PWY","ORNARGDEG-PWY",0.760739687055477,"Positive"
"ALL-CHORISMATE-PWY","POLYAMSYN-PWY",0.636130867709815,"Positive"
"ALL-CHORISMATE-PWY","PWY-5845",0.700682788051209,"Positive"
"ALL-CHORISMATE-PWY","PWY-5850",0.700682788051209,"Positive"
"ALL-CHORISMATE-PWY","PWY-5860",0.699715504978663,"Positive"
"ALL-CHORISMATE-PWY","PWY-5862",0.699715504978663,"Positive"
"ALL-CHORISMATE-PWY","PWY-5896",0.700682788051209,"Positive"
"ALL-CHORISMATE-PWY","PWY-7187",-0.608819345661451,"Negative"
"ALL-CHORISMATE-PWY","PWY-7315",0.648961593172119,"Positive"
"ALL-CHORISMATE-PWY","PWY0-1338",0.606429587482219,"Positive"
"ANAEROFRUCAT-PWY","ANAGLYCOLYSIS-PWY",0.977667140825036,"Positive"
"ANAEROFRUCAT-PWY","ARGSYN-PWY",0.747197724039829,"Positive"
"ANAEROFRUCAT-PWY","ARGSYNBSUB-PWY",0.658321479374111,"Positive"
"ANAEROFRUCAT-PWY","ARO-PWY",0.783499288762447,"Positive"
"ANAEROFRUCAT-PWY","ASPASN-PWY",0.64697012802276,"Positive"
"ANAEROFRUCAT-PWY","BRANCHED-CHAIN-AA-SYN-PWY",0.744779516358464,"Positive"
"ANAEROFRUCAT-PWY","CALVIN-PWY",0.834651493598862,"Positive"
"ANAEROFRUCAT-PWY","COA-PWY",0.943157894736842,"Positive"
"ANAEROFRUCAT-PWY","COMPLETE-ARO-PWY",0.776557610241821,"Positive"
"ANAEROFRUCAT-PWY","DAPLYSINESYN-PWY",0.709189189189189,"Positive"
"ANAEROFRUCAT-PWY","DENOVOPURINE2-PWY",0.777041251778094,"Positive"
"ANAEROFRUCAT-PWY","DTDPRHAMSYN-PWY",0.728790896159317,"Positive"
"ANAEROFRUCAT-PWY","ECASYN-PWY",-0.639203413940256,"Negative"
"ANAEROFRUCAT-PWY","FASYN-ELONG-PWY",0.710981507823613,"Positive"
"ANAEROFRUCAT-PWY","GALACT-GLUCUROCAT-PWY",-0.647709815078236,"Negative"
"ANAEROFRUCAT-PWY","GALACTUROCAT-PWY",-0.642674253200569,"Negative"
"ANAEROFRUCAT-PWY","GLUCONEO-PWY",0.627027027027027,"Positive"
"ANAEROFRUCAT-PWY","GLYCOLYSIS",0.996927453769559,"Positive"
"ANAEROFRUCAT-PWY","HISTSYN-PWY",0.72796586059744,"Positive"
"ANAEROFRUCAT-PWY","HOMOSER-METSYN-PWY",0.657638691322902,"Positive"
"ANAEROFRUCAT-PWY","ILEUSYN-PWY",0.743840682788051,"Positive"
"ANAEROFRUCAT-PWY","KDO-NAGLIPASYN-PWY",-0.613741109530583,"Negative"
"ANAEROFRUCAT-PWY","MET-SAM-PWY",0.707852062588905,"Positive"
"ANAEROFRUCAT-PWY","NONOXIPENT-PWY",0.79448079658606,"Positive"
"ANAEROFRUCAT-PWY","OANTIGEN-PWY",0.817496443812233,"Positive"
"ANAEROFRUCAT-PWY","P122-PWY",0.964694167852063,"Positive"
"ANAEROFRUCAT-PWY","P124-PWY",0.96352773826458,"Positive"
"ANAEROFRUCAT-PWY","P161-PWY",0.951465149359886,"Positive"
"ANAEROFRUCAT-PWY","PENTOSE-P-PWY",0.788933143669986,"Positive"
"ANAEROFRUCAT-PWY","PEPTIDOGLYCANSYN-PWY",0.947482219061166,"Positive"
"ANAEROFRUCAT-PWY","PHOSLIPSYN-PWY",0.93846372688478,"Positive"
"ANAEROFRUCAT-PWY","POLYAMSYN-PWY",-0.601137980085348,"Negative"
"ANAEROFRUCAT-PWY","POLYISOPRENSYN-PWY",0.938833570412518,"Positive"
"ANAEROFRUCAT-PWY","PWY-2941",0.728563300142247,"Positive"
"ANAEROFRUCAT-PWY","PWY-2942",0.851322901849218,"Positive"
"ANAEROFRUCAT-PWY","PWY-3001",0.797098150782361,"Positive"
"ANAEROFRUCAT-PWY","PWY-5097",0.834651493598862,"Positive"
"ANAEROFRUCAT-PWY","PWY-5100",0.939146514935989,"Positive"
"ANAEROFRUCAT-PWY","PWY-5101",0.727709815078236,"Positive"
"ANAEROFRUCAT-PWY","PWY-5103",0.737980085348506,"Positive"
"ANAEROFRUCAT-PWY","PWY-5189",0.661934566145092,"Positive"
"ANAEROFRUCAT-PWY","PWY-5484",0.997297297297297,"Positive"
"ANAEROFRUCAT-PWY","PWY-5667",0.935049786628734,"Positive"
"ANAEROFRUCAT-PWY","PWY-5686",0.942446657183499,"Positive"
"ANAEROFRUCAT-PWY","PWY-5845",-0.650412517780939,"Negative"
"ANAEROFRUCAT-PWY","PWY-5850",-0.650412517780939,"Negative"
"ANAEROFRUCAT-PWY","PWY-5860",-0.654708392603129,"Negative"
"ANAEROFRUCAT-PWY","PWY-5862",-0.654708392603129,"Negative"
"ANAEROFRUCAT-PWY","PWY-5896",-0.650412517780939,"Negative"
"ANAEROFRUCAT-PWY","PWY-5910",0.942503556187767,"Positive"
"ANAEROFRUCAT-PWY","PWY-5973",0.791408250355619,"Positive"
"ANAEROFRUCAT-PWY","PWY-6121",0.813655761024182,"Positive"
"ANAEROFRUCAT-PWY","PWY-6122",0.812347083926031,"Positive"
"ANAEROFRUCAT-PWY","PWY-6123",0.831806543385491,"Positive"
"ANAEROFRUCAT-PWY","PWY-6125",0.706628733997155,"Positive"
"ANAEROFRUCAT-PWY","PWY-6126",0.897126600284495,"Positive"
"ANAEROFRUCAT-PWY","PWY-6147",0.682048364153627,"Positive"
"ANAEROFRUCAT-PWY","PWY-6151",0.845149359886202,"Positive"
"ANAEROFRUCAT-PWY","PWY-6163",0.794935988620199,"Positive"
"ANAEROFRUCAT-PWY","PWY-621",0.743157894736842,"Positive"
"ANAEROFRUCAT-PWY","PWY-6277",0.812347083926031,"Positive"
"ANAEROFRUCAT-PWY","PWY-6317",0.831920341394026,"Positive"
"ANAEROFRUCAT-PWY","PWY-6385",0.947482219061166,"Positive"
"ANAEROFRUCAT-PWY","PWY-6386",0.945633001422475,"Positive"
"ANAEROFRUCAT-PWY","PWY-6387",0.947197724039829,"Positive"
"ANAEROFRUCAT-PWY","PWY-6471",0.975163584637269,"Positive"
"ANAEROFRUCAT-PWY","PWY-6609",0.696870554765292,"Positive"
"ANAEROFRUCAT-PWY","PWY-6897",0.798691322901849,"Positive"
"ANAEROFRUCAT-PWY","PWY-7111",0.746998577524893,"Positive"
"ANAEROFRUCAT-PWY","PWY-7184",0.700938833570413,"Positive"
"ANAEROFRUCAT-PWY","PWY-7187",0.831692745376956,"Positive"
"ANAEROFRUCAT-PWY","PWY-7197",0.694338549075391,"Positive"
"ANAEROFRUCAT-PWY","PWY-7208",0.951465149359886,"Positive"
"ANAEROFRUCAT-PWY","PWY-7219",0.945433854907539,"Positive"
"ANAEROFRUCAT-PWY","PWY-7220",0.832916073968706,"Positive"
"ANAEROFRUCAT-PWY","PWY-7221",0.948421052631579,"Positive"
"ANAEROFRUCAT-PWY","PWY-7222",0.832916073968706,"Positive"
"ANAEROFRUCAT-PWY","PWY-7228",0.71271692745377,"Positive"
"ANAEROFRUCAT-PWY","PWY-7229",0.927339971550498,"Positive"
"ANAEROFRUCAT-PWY","PWY-7234",0.770099573257468,"Positive"
"ANAEROFRUCAT-PWY","PWY-7315",-0.658833570412518,"Negative"
"ANAEROFRUCAT-PWY","PWY-7400",0.73601706970128,"Positive"
"ANAEROFRUCAT-PWY","PWY-7539",0.685547652916074,"Positive"
"ANAEROFRUCAT-PWY","PWY-7663",0.810981507823613,"Positive"
"ANAEROFRUCAT-PWY","PWY-841",0.719203413940256,"Positive"
"ANAEROFRUCAT-PWY","PWY-922",0.929786628733997,"Positive"
"ANAEROFRUCAT-PWY","PWY0-1296",0.65149359886202,"Positive"
"ANAEROFRUCAT-PWY","PWY0-1297",0.711009957325747,"Positive"
"ANAEROFRUCAT-PWY","PWY0-1298",0.631664295874822,"Positive"
"ANAEROFRUCAT-PWY","PWY0-1319",0.935049786628734,"Positive"
"ANAEROFRUCAT-PWY","PWY0-1338",-0.645775248933144,"Negative"
"ANAEROFRUCAT-PWY","PWY0-1586",0.959886201991465,"Positive"
"ANAEROFRUCAT-PWY","PWY0-162",0.751152204836415,"Positive"
"ANAEROFRUCAT-PWY","PWY0-166",0.80199146514936,"Positive"
"ANAEROFRUCAT-PWY","PWY4FS-7",0.939118065433855,"Positive"
"ANAEROFRUCAT-PWY","PWY4FS-8",0.939118065433855,"Positive"
"ANAEROFRUCAT-PWY","RIBOSYN2-PWY",0.751209103840683,"Positive"
"ANAEROFRUCAT-PWY","SER-GLYSYN-PWY",0.769900426742532,"Positive"
"ANAEROFRUCAT-PWY","THRESYN-PWY",0.834907539118065,"Positive"
"ANAEROFRUCAT-PWY","TRNA-CHARGING-PWY",0.780910384068279,"Positive"
"ANAEROFRUCAT-PWY","TRPSYN-PWY",0.7,"Positive"
"ANAEROFRUCAT-PWY","UDPNAGSYN-PWY",0.939516358463727,"Positive"
"ANAEROFRUCAT-PWY","VALSYN-PWY",0.743840682788051,"Positive"
"ANAGLYCOLYSIS-PWY","ARG+POLYAMINE-SYN",-0.621621621621622,"Negative"
"ANAGLYCOLYSIS-PWY","ARGSYN-PWY",0.791465149359886,"Positive"
"ANAGLYCOLYSIS-PWY","ARGSYNBSUB-PWY",0.694708392603129,"Positive"
"ANAGLYCOLYSIS-PWY","ARO-PWY",0.81302987197724,"Positive"
"ANAGLYCOLYSIS-PWY","ASPASN-PWY",0.66950213371266,"Positive"
"ANAGLYCOLYSIS-PWY","AST-PWY",-0.607169274537696,"Negative"
"ANAGLYCOLYSIS-PWY","BRANCHED-CHAIN-AA-SYN-PWY",0.777809388335704,"Positive"
"ANAGLYCOLYSIS-PWY","CALVIN-PWY",0.848051209103841,"Positive"
"ANAGLYCOLYSIS-PWY","COA-PWY",0.967396870554765,"Positive"
"ANAGLYCOLYSIS-PWY","COBALSYN-PWY",0.60773826458037,"Positive"
"ANAGLYCOLYSIS-PWY","COMPLETE-ARO-PWY",0.804608819345661,"Positive"
"ANAGLYCOLYSIS-PWY","DAPLYSINESYN-PWY",0.757695590327169,"Positive"
"ANAGLYCOLYSIS-PWY","DENOVOPURINE2-PWY",0.832603129445235,"Positive"
"ANAGLYCOLYSIS-PWY","DTDPRHAMSYN-PWY",0.757155049786629,"Positive"
"ANAGLYCOLYSIS-PWY","ECASYN-PWY",-0.668933143669986,"Negative"
"ANAGLYCOLYSIS-PWY","FASYN-ELONG-PWY",0.768847795163585,"Positive"
"ANAGLYCOLYSIS-PWY","GALACT-GLUCUROCAT-PWY",-0.62728307254623,"Negative"
"ANAGLYCOLYSIS-PWY","GALACTUROCAT-PWY",-0.653399715504979,"Negative"
"ANAGLYCOLYSIS-PWY","GLUCONEO-PWY",0.609615931721195,"Positive"
"ANAGLYCOLYSIS-PWY","GLUTORN-PWY",0.622275960170697,"Positive"
"ANAGLYCOLYSIS-PWY","GLYCOLYSIS",0.97846372688478,"Positive"
"ANAGLYCOLYSIS-PWY","HISTSYN-PWY",0.751351351351351,"Positive"
"ANAGLYCOLYSIS-PWY","HOMOSER-METSYN-PWY",0.702389758179232,"Positive"
"ANAGLYCOLYSIS-PWY","ILEUSYN-PWY",0.777211948790896,"Positive"
"ANAGLYCOLYSIS-PWY","KDO-NAGLIPASYN-PWY",-0.655220483641536,"Negative"
"ANAGLYCOLYSIS-PWY","MET-SAM-PWY",0.750953058321479,"Positive"
"ANAGLYCOLYSIS-PWY","NONOXIPENT-PWY",0.848250355618777,"Positive"
"ANAGLYCOLYSIS-PWY","OANTIGEN-PWY",0.849331436699858,"Positive"
"ANAGLYCOLYSIS-PWY","P122-PWY",0.984125177809388,"Positive"
"ANAGLYCOLYSIS-PWY","P124-PWY",0.97923186344239,"Positive"
"ANAGLYCOLYSIS-PWY","P161-PWY",0.953627311522048,"Positive"
"ANAGLYCOLYSIS-PWY","PENTOSE-P-PWY",0.843869132290185,"Positive"
"ANAGLYCOLYSIS-PWY","PEPTIDOGLYCANSYN-PWY",0.9724893314367,"Positive"
"ANAGLYCOLYSIS-PWY","PHOSLIPSYN-PWY",0.963357041251778,"Positive"
"ANAGLYCOLYSIS-PWY","POLYAMSYN-PWY",-0.624039829302987,"Negative"
"ANAGLYCOLYSIS-PWY","POLYISOPRENSYN-PWY",0.96628733997155,"Positive"
"ANAGLYCOLYSIS-PWY","PWY-2941",0.781621621621622,"Positive"
"ANAGLYCOLYSIS-PWY","PWY-2942",0.898520625889047,"Positive"
"ANAGLYCOLYSIS-PWY","PWY-3001",0.837325746799431,"Positive"
"ANAGLYCOLYSIS-PWY","PWY-5097",0.880085348506401,"Positive"
"ANAGLYCOLYSIS-PWY","PWY-5100",0.951891891891892,"Positive"
"ANAGLYCOLYSIS-PWY","PWY-5101",0.760284495021337,"Positive"
"ANAGLYCOLYSIS-PWY","PWY-5103",0.769359886201991,"Positive"
"ANAGLYCOLYSIS-PWY","PWY-5189",0.679800853485064,"Positive"
"ANAGLYCOLYSIS-PWY","PWY-5484",0.978435277382646,"Positive"
"ANAGLYCOLYSIS-PWY","PWY-5509",0.602304409672831,"Positive"
"ANAGLYCOLYSIS-PWY","PWY-5667",0.960625889046942,"Positive"
"ANAGLYCOLYSIS-PWY","PWY-5686",0.968876244665718,"Positive"
"ANAGLYCOLYSIS-PWY","PWY-5845",-0.663869132290185,"Negative"
"ANAGLYCOLYSIS-PWY","PWY-5850",-0.663869132290185,"Negative"
"ANAGLYCOLYSIS-PWY","PWY-5860",-0.668563300142248,"Negative"
"ANAGLYCOLYSIS-PWY","PWY-5862",-0.668563300142248,"Negative"
"ANAGLYCOLYSIS-PWY","PWY-5896",-0.663869132290185,"Negative"
"ANAGLYCOLYSIS-PWY","PWY-5910",0.952432432432432,"Positive"
"ANAGLYCOLYSIS-PWY","PWY-5973",0.853371266002845,"Positive"
"ANAGLYCOLYSIS-PWY","PWY-6121",0.866002844950213,"Positive"
"ANAGLYCOLYSIS-PWY","PWY-6122",0.86597439544808,"Positive"
"ANAGLYCOLYSIS-PWY","PWY-6123",0.881450924608819,"Positive"
"ANAGLYCOLYSIS-PWY","PWY-6125",0.765092460881935,"Positive"
"ANAGLYCOLYSIS-PWY","PWY-6126",0.929018492176387,"Positive"
"ANAGLYCOLYSIS-PWY","PWY-6147",0.695732574679943,"Positive"
"ANAGLYCOLYSIS-PWY","PWY-6151",0.867596017069701,"Positive"
"ANAGLYCOLYSIS-PWY","PWY-6163",0.820398293029872,"Positive"
"ANAGLYCOLYSIS-PWY","PWY-621",0.763385490753912,"Positive"
"ANAGLYCOLYSIS-PWY","PWY-6269",0.601166429587482,"Positive"
"ANAGLYCOLYSIS-PWY","PWY-6277",0.86597439544808,"Positive"
"ANAGLYCOLYSIS-PWY","PWY-6317",0.869075391180654,"Positive"
"ANAGLYCOLYSIS-PWY","PWY-6385",0.972375533428165,"Positive"
"ANAGLYCOLYSIS-PWY","PWY-6386",0.971095305832148,"Positive"
"ANAGLYCOLYSIS-PWY","PWY-6387",0.972460881934566,"Positive"
"ANAGLYCOLYSIS-PWY","PWY-6471",0.985832147937411,"Positive"
"ANAGLYCOLYSIS-PWY","PWY-6507",-0.630867709815078,"Negative"
"ANAGLYCOLYSIS-PWY","PWY-6609",0.731095305832148,"Positive"
"ANAGLYCOLYSIS-PWY","PWY-6897",0.84275960170697,"Positive"
"ANAGLYCOLYSIS-PWY","PWY-7111",0.775931721194879,"Positive"
"ANAGLYCOLYSIS-PWY","PWY-7184",0.752745376955903,"Positive"
"ANAGLYCOLYSIS-PWY","PWY-7187",0.871095305832148,"Positive"
"ANAGLYCOLYSIS-PWY","PWY-7197",0.752432432432432,"Positive"
"ANAGLYCOLYSIS-PWY","PWY-7208",0.976699857752489,"Positive"
"ANAGLYCOLYSIS-PWY","PWY-7219",0.971578947368421,"Positive"
"ANAGLYCOLYSIS-PWY","PWY-7220",0.871209103840683,"Positive"
"ANAGLYCOLYSIS-PWY","PWY-7221",0.97072546230441,"Positive"
"ANAGLYCOLYSIS-PWY","PWY-7222",0.871209103840683,"Positive"
"ANAGLYCOLYSIS-PWY","PWY-7228",0.770611664295875,"Positive"
"ANAGLYCOLYSIS-PWY","PWY-7229",0.957524893314367,"Positive"
"ANAGLYCOLYSIS-PWY","PWY-7234",0.820085348506401,"Positive"
"ANAGLYCOLYSIS-PWY","PWY-7315",-0.690810810810811,"Negative"
"ANAGLYCOLYSIS-PWY","PWY-7400",0.780938833570412,"Positive"
"ANAGLYCOLYSIS-PWY","PWY-7539",0.705120910384068,"Positive"
"ANAGLYCOLYSIS-PWY","PWY-7663",0.871322901849218,"Positive"
"ANAGLYCOLYSIS-PWY","PWY-841",0.782304409672831,"Positive"
"ANAGLYCOLYSIS-PWY","PWY-922",0.938748221906117,"Positive"
"ANAGLYCOLYSIS-PWY","PWY0-1296",0.697382645803698,"Positive"
"ANAGLYCOLYSIS-PWY","PWY0-1297",0.73846372688478,"Positive"
"ANAGLYCOLYSIS-PWY","PWY0-1298",0.670611664295875,"Positive"
"ANAGLYCOLYSIS-PWY","PWY0-1319",0.960625889046942,"Positive"
"ANAGLYCOLYSIS-PWY","PWY0-1338",-0.678293029871977,"Negative"
"ANAGLYCOLYSIS-PWY","PWY0-1586",0.969900426742532,"Positive"
"ANAGLYCOLYSIS-PWY","PWY0-162",0.805376955903272,"Positive"
"ANAGLYCOLYSIS-PWY","PWY0-166",0.845661450924609,"Positive"
"ANAGLYCOLYSIS-PWY","PWY4FS-7",0.960369843527738,"Positive"
"ANAGLYCOLYSIS-PWY","PWY4FS-8",0.960369843527738,"Positive"
"ANAGLYCOLYSIS-PWY","PYRIDNUCSAL-PWY",0.613541963015647,"Positive"
"ANAGLYCOLYSIS-PWY","RIBOSYN2-PWY",0.772403982930299,"Positive"
"ANAGLYCOLYSIS-PWY","SER-GLYSYN-PWY",0.799260312944523,"Positive"
"ANAGLYCOLYSIS-PWY","THRESYN-PWY",0.888392603129445,"Positive"
"ANAGLYCOLYSIS-PWY","TRNA-CHARGING-PWY",0.812916073968706,"Positive"
"ANAGLYCOLYSIS-PWY","TRPSYN-PWY",0.722304409672831,"Positive"
"ANAGLYCOLYSIS-PWY","UDPNAGSYN-PWY",0.965348506401138,"Positive"
"ANAGLYCOLYSIS-PWY","VALSYN-PWY",0.777211948790896,"Positive"
"ARG+POLYAMINE-SYN","ARGSYN-PWY",-0.656187766714083,"Negative"
"ARG+POLYAMINE-SYN","ARGSYNBSUB-PWY",-0.608307254623044,"Negative"
"ARG+POLYAMINE-SYN","ARO-PWY",-0.662332859174964,"Negative"
"ARG+POLYAMINE-SYN","BRANCHED-CHAIN-AA-SYN-PWY",-0.640483641536273,"Negative"
"ARG+POLYAMINE-SYN","CALVIN-PWY",-0.602361308677098,"Negative"
"ARG+POLYAMINE-SYN","COA-PWY",-0.638463726884779,"Negative"
"ARG+POLYAMINE-SYN","COMPLETE-ARO-PWY",-0.655135135135135,"Negative"
"ARG+POLYAMINE-SYN","DAPLYSINESYN-PWY",-0.639288762446657,"Negative"
"ARG+POLYAMINE-SYN","DENOVOPURINE2-PWY",-0.638207681365576,"Negative"
"ARG+POLYAMINE-SYN","HISDEG-PWY",0.626031294452347,"Positive"
"ARG+POLYAMINE-SYN","HISTSYN-PWY",-0.61524893314367,"Negative"
"ARG+POLYAMINE-SYN","ILEUSYN-PWY",-0.645462304409673,"Negative"
"ARG+POLYAMINE-SYN","NONOXIPENT-PWY",-0.612432432432432,"Negative"
"ARG+POLYAMINE-SYN","P122-PWY",-0.619402560455192,"Negative"
"ARG+POLYAMINE-SYN","P161-PWY",-0.607226173541963,"Negative"
"ARG+POLYAMINE-SYN","PENTOSE-P-PWY",-0.665433854907539,"Negative"
"ARG+POLYAMINE-SYN","PEPTIDOGLYCANSYN-PWY",-0.640341394025605,"Negative"
"ARG+POLYAMINE-SYN","PHOSLIPSYN-PWY",-0.666401137980085,"Negative"
"ARG+POLYAMINE-SYN","POLYAMSYN-PWY",0.999317211948791,"Positive"
"ARG+POLYAMINE-SYN","POLYISOPRENSYN-PWY",-0.647169274537696,"Negative"
"ARG+POLYAMINE-SYN","PWY-2942",-0.640512091038407,"Negative"
"ARG+POLYAMINE-SYN","PWY-3001",-0.648705547652916,"Negative"
"ARG+POLYAMINE-SYN","PWY-5097",-0.636899004267425,"Negative"
"ARG+POLYAMINE-SYN","PWY-5100",-0.630184921763869,"Negative"
"ARG+POLYAMINE-SYN","PWY-5101",-0.633541963015647,"Negative"
"ARG+POLYAMINE-SYN","PWY-5103",-0.63103840682788,"Negative"
"ARG+POLYAMINE-SYN","PWY-5667",-0.660711237553343,"Negative"
"ARG+POLYAMINE-SYN","PWY-5686",-0.642389758179232,"Negative"
"ARG+POLYAMINE-SYN","PWY-5973",-0.633456614509246,"Negative"
"ARG+POLYAMINE-SYN","PWY-6121",-0.624864864864865,"Negative"
"ARG+POLYAMINE-SYN","PWY-6122",-0.629132290184922,"Negative"
"ARG+POLYAMINE-SYN","PWY-6123",-0.62221906116643,"Negative"
"ARG+POLYAMINE-SYN","PWY-6125",-0.601536273115221,"Negative"
"ARG+POLYAMINE-SYN","PWY-6126",-0.633968705547653,"Negative"
"ARG+POLYAMINE-SYN","PWY-6163",-0.641877667140825,"Negative"
"ARG+POLYAMINE-SYN","PWY-6277",-0.629132290184922,"Negative"
"ARG+POLYAMINE-SYN","PWY-6385",-0.642560455192034,"Negative"
"ARG+POLYAMINE-SYN","PWY-6386",-0.642958748221906,"Negative"
"ARG+POLYAMINE-SYN","PWY-6387",-0.641450924608819,"Negative"
"ARG+POLYAMINE-SYN","PWY-6471",-0.631977240398293,"Negative"
"ARG+POLYAMINE-SYN","PWY-6897",-0.609302987197724,"Negative"
"ARG+POLYAMINE-SYN","PWY-7111",-0.651664295874822,"Negative"
"ARG+POLYAMINE-SYN","PWY-7187",-0.63701280227596,"Negative"
"ARG+POLYAMINE-SYN","PWY-7208",-0.631123755334282,"Negative"
"ARG+POLYAMINE-SYN","PWY-7219",-0.649018492176387,"Negative"
"ARG+POLYAMINE-SYN","PWY-7220",-0.607908961593172,"Negative"
"ARG+POLYAMINE-SYN","PWY-7221",-0.64398293029872,"Negative"
"ARG+POLYAMINE-SYN","PWY-7222",-0.607908961593172,"Negative"
"ARG+POLYAMINE-SYN","PWY-7228",-0.606031294452347,"Negative"
"ARG+POLYAMINE-SYN","PWY-7229",-0.647852062588905,"Negative"
"ARG+POLYAMINE-SYN","PWY-7234",-0.605206258890469,"Negative"
"ARG+POLYAMINE-SYN","PWY-7400",-0.650896159317212,"Negative"
"ARG+POLYAMINE-SYN","PWY-7663",-0.637980085348506,"Negative"
"ARG+POLYAMINE-SYN","PWY-841",-0.617439544807966,"Negative"
"ARG+POLYAMINE-SYN","PWY0-1319",-0.660711237553343,"Negative"
"ARG+POLYAMINE-SYN","PWY0-1586",-0.604864864864865,"Negative"
"ARG+POLYAMINE-SYN","PWY0-162",-0.622162162162162,"Negative"
"ARG+POLYAMINE-SYN","PWY0-166",-0.626856330014225,"Negative"
"ARG+POLYAMINE-SYN","PWY4FS-7",-0.666429587482219,"Negative"
"ARG+POLYAMINE-SYN","PWY4FS-8",-0.666429587482219,"Negative"
"ARG+POLYAMINE-SYN","RIBOSYN2-PWY",-0.602588904694168,"Negative"
"ARG+POLYAMINE-SYN","SER-GLYSYN-PWY",-0.622617354196302,"Negative"
"ARG+POLYAMINE-SYN","THRESYN-PWY",-0.64597439544808,"Negative"
"ARG+POLYAMINE-SYN","UDPNAGSYN-PWY",-0.662475106685633,"Negative"
"ARG+POLYAMINE-SYN","VALSYN-PWY",-0.645462304409673,"Negative"
"ARGDEG-PWY","DENOVOPURINE2-PWY",-0.623897581792319,"Negative"
"ARGDEG-PWY","ECASYN-PWY",0.622503556187767,"Positive"
"ARGDEG-PWY","ENTBACSYN-PWY",0.771948790896159,"Positive"
"ARGDEG-PWY","GALACTARDEG-PWY",0.850014224751067,"Positive"
"ARGDEG-PWY","GLUCARDEG-PWY",0.851009957325747,"Positive"
"ARGDEG-PWY","GLUCARGALACTSUPER-PWY",0.850014224751067,"Positive"
"ARGDEG-PWY","KETOGLUCONMET-PWY",0.694338549075391,"Positive"
"ARGDEG-PWY","ORNARGDEG-PWY",1,"Positive"
"ARGDEG-PWY","ORNDEG-PWY",0.64321479374111,"Positive"
"ARGDEG-PWY","P562-PWY",0.767254623044097,"Positive"
"ARGDEG-PWY","PWY-7184",-0.602019914651494,"Negative"
"ARGDEG-PWY","PWY-7187",-0.630697012802276,"Negative"
"ARGDEG-PWY","PWY-7237",0.603954480796586,"Positive"
"ARGDEG-PWY","PWY-7315",0.628563300142247,"Positive"
"ARGDEG-PWY","PWY-841",-0.603641536273115,"Negative"
"ARGDEG-PWY","PWY0-162",-0.607055476529161,"Negative"
"ARGDEG-PWY","PWY0-166",-0.627795163584637,"Negative"
"ARGORNPROST-PWY","ASPASN-PWY",-0.668051209103841,"Negative"
"ARGORNPROST-PWY","PWY-5121",-0.628876244665718,"Negative"
"ARGORNPROST-PWY","PWY-5659",-0.606458036984353,"Negative"
"ARGORNPROST-PWY","PWY-7392",-0.641963015647226,"Negative"
"ARGORNPROST-PWY","PYRIDNUCSAL-PWY",-0.600028449502134,"Negative"
"ARGSYN-PWY","ARGSYNBSUB-PWY",0.97425320056899,"Positive"
"ARGSYN-PWY","ARO-PWY",0.953143669985775,"Positive"
"ARGSYN-PWY","ASPASN-PWY",0.75724039829303,"Positive"
"ARGSYN-PWY","AST-PWY",-0.729075391180654,"Negative"
"ARGSYN-PWY","BRANCHED-CHAIN-AA-SYN-PWY",0.954281650071124,"Positive"
"ARGSYN-PWY","CALVIN-PWY",0.932517780938834,"Positive"
"ARGSYN-PWY","COA-PWY",0.878947368421053,"Positive"
"ARGSYN-PWY","COBALSYN-PWY",0.673911806543385,"Positive"
"ARGSYN-PWY","COMPLETE-ARO-PWY",0.953741109530583,"Positive"
"ARGSYN-PWY","DAPLYSINESYN-PWY",0.964068278805121,"Positive"
"ARGSYN-PWY","DENOVOPURINE2-PWY",0.943840682788051,"Positive"
"ARGSYN-PWY","DTDPRHAMSYN-PWY",0.924665718349929,"Positive"
"ARGSYN-PWY","ECASYN-PWY",-0.706799431009957,"Negative"
"ARGSYN-PWY","FAO-PWY",-0.663698435277383,"Negative"
"ARGSYN-PWY","FASYN-ELONG-PWY",0.85547652916074,"Positive"
"ARGSYN-PWY","FERMENTATION-PWY",0.659886201991465,"Positive"
"ARGSYN-PWY","GALACT-GLUCUROCAT-PWY",-0.673058321479374,"Negative"
"ARGSYN-PWY","GALACTUROCAT-PWY",-0.667823613086771,"Negative"
"ARGSYN-PWY","GLUCUROCAT-PWY",-0.602844950213371,"Negative"
"ARGSYN-PWY","GLUTORN-PWY",0.937524893314367,"Positive"
"ARGSYN-PWY","GLYCOLYSIS",0.758264580369844,"Positive"
"ARGSYN-PWY","HEME-BIOSYNTHESIS-II",0.697695590327169,"Positive"
"ARGSYN-PWY","HEMESYN2-PWY",0.695732574679943,"Positive"
"ARGSYN-PWY","HISTSYN-PWY",0.946401137980085,"Positive"
"ARGSYN-PWY","HOMOSER-METSYN-PWY",0.64574679943101,"Positive"
"ARGSYN-PWY","HSERMETANA-PWY",0.771209103840683,"Positive"
"ARGSYN-PWY","ILEUSYN-PWY",0.959174964438122,"Positive"
"ARGSYN-PWY","MET-SAM-PWY",0.684011379800853,"Positive"
"ARGSYN-PWY","NAGLIPASYN-PWY",0.681621621621622,"Positive"
"ARGSYN-PWY","NONMEVIPP-PWY",0.775220483641536,"Positive"
"ARGSYN-PWY","NONOXIPENT-PWY",0.935817923186344,"Positive"
"ARGSYN-PWY","OANTIGEN-PWY",0.945917496443812,"Positive"
"ARGSYN-PWY","P122-PWY",0.748990042674253,"Positive"
"ARGSYN-PWY","P124-PWY",0.715675675675676,"Positive"
"ARGSYN-PWY","P161-PWY",0.679146514935989,"Positive"
"ARGSYN-PWY","P4-PWY",0.794509246088194,"Positive"
"ARGSYN-PWY","PANTO-PWY",0.704893314366999,"Positive"
"ARGSYN-PWY","PANTOSYN-PWY",0.729615931721195,"Positive"
"ARGSYN-PWY","PENTOSE-P-PWY",0.879431009957326,"Positive"
"ARGSYN-PWY","PEPTIDOGLYCANSYN-PWY",0.870355618776671,"Positive"
"ARGSYN-PWY","PHOSLIPSYN-PWY",0.87172119487909,"Positive"
"ARGSYN-PWY","POLYAMSYN-PWY",-0.663954480796586,"Negative"
"ARGSYN-PWY","POLYISOPRENSYN-PWY",0.858065433854908,"Positive"
"ARGSYN-PWY","PWY-1269",0.763726884779516,"Positive"
"ARGSYN-PWY","PWY-2941",0.715305832147937,"Positive"
"ARGSYN-PWY","PWY-2942",0.929530583214794,"Positive"
"ARGSYN-PWY","PWY-3001",0.966913229018492,"Positive"
"ARGSYN-PWY","PWY-5097",0.923157894736842,"Positive"
"ARGSYN-PWY","PWY-5100",0.781194879089616,"Positive"
"ARGSYN-PWY","PWY-5101",0.957553342816501,"Positive"
"ARGSYN-PWY","PWY-5103",0.948108108108108,"Positive"
"ARGSYN-PWY","PWY-5121",0.783556187766714,"Positive"
"ARGSYN-PWY","PWY-5189",0.886173541963016,"Positive"
"ARGSYN-PWY","PWY-5345",0.627311522048364,"Positive"
"ARGSYN-PWY","PWY-5347",0.689445234708393,"Positive"
"ARGSYN-PWY","PWY-5484",0.744182076813656,"Positive"
"ARGSYN-PWY","PWY-5509",0.669786628733997,"Positive"
"ARGSYN-PWY","PWY-5659",0.831977240398293,"Positive"
"ARGSYN-PWY","PWY-5667",0.885149359886202,"Positive"
"ARGSYN-PWY","PWY-5686",0.876642958748222,"Positive"
"ARGSYN-PWY","PWY-5845",-0.694765291607397,"Negative"
"ARGSYN-PWY","PWY-5850",-0.694765291607397,"Negative"
"ARGSYN-PWY","PWY-5855",0.696614509246088,"Positive"
"ARGSYN-PWY","PWY-5856",0.696614509246088,"Positive"
"ARGSYN-PWY","PWY-5857",0.696614509246088,"Positive"
"ARGSYN-PWY","PWY-5860",-0.699544807965861,"Negative"
"ARGSYN-PWY","PWY-5862",-0.699544807965861,"Negative"
"ARGSYN-PWY","PWY-5896",-0.694765291607397,"Negative"
"ARGSYN-PWY","PWY-5910",0.65325746799431,"Positive"
"ARGSYN-PWY","PWY-5913",0.817354196301565,"Positive"
"ARGSYN-PWY","PWY-5920",0.633570412517781,"Positive"
"ARGSYN-PWY","PWY-5973",0.936273115220484,"Positive"
"ARGSYN-PWY","PWY-6121",0.927709815078236,"Positive"
"ARGSYN-PWY","PWY-6122",0.926856330014225,"Positive"
"ARGSYN-PWY","PWY-6123",0.923783783783784,"Positive"
"ARGSYN-PWY","PWY-6125",0.924807965860597,"Positive"
"ARGSYN-PWY","PWY-6126",0.864665718349929,"Positive"
"ARGSYN-PWY","PWY-6147",0.891180654338549,"Positive"
"ARGSYN-PWY","PWY-6151",0.759260312944523,"Positive"
"ARGSYN-PWY","PWY-6163",0.930668563300142,"Positive"
"ARGSYN-PWY","PWY-621",0.604324324324324,"Positive"
"ARGSYN-PWY","PWY-6269",0.668193456614509,"Positive"
"ARGSYN-PWY","PWY-6277",0.926856330014225,"Positive"
"ARGSYN-PWY","PWY-6317",0.734651493598862,"Positive"
"ARGSYN-PWY","PWY-6385",0.869871977240398,"Positive"
"ARGSYN-PWY","PWY-6386",0.873342816500711,"Positive"
"ARGSYN-PWY","PWY-6387",0.868193456614509,"Positive"
"ARGSYN-PWY","PWY-6467",0.758748221906117,"Positive"
"ARGSYN-PWY","PWY-6471",0.764580369843528,"Positive"
"ARGSYN-PWY","PWY-6545",0.698520625889047,"Positive"
"ARGSYN-PWY","PWY-6700",0.850213371266003,"Positive"
"ARGSYN-PWY","PWY-6703",0.77149359886202,"Positive"
"ARGSYN-PWY","PWY-6708",0.696614509246088,"Positive"
"ARGSYN-PWY","PWY-6897",0.912916073968706,"Positive"
"ARGSYN-PWY","PWY-7111",0.955504978662873,"Positive"
"ARGSYN-PWY","PWY-7184",0.883357041251778,"Positive"
"ARGSYN-PWY","PWY-7187",0.897866287339972,"Positive"
"ARGSYN-PWY","PWY-7197",0.934736842105263,"Positive"
"ARGSYN-PWY","PWY-7208",0.855988620199147,"Positive"
"ARGSYN-PWY","PWY-7211",0.772091038406828,"Positive"
"ARGSYN-PWY","PWY-7219",0.874679943100996,"Positive"
"ARGSYN-PWY","PWY-7220",0.824864864864865,"Positive"
"ARGSYN-PWY","PWY-7221",0.86796586059744,"Positive"
"ARGSYN-PWY","PWY-7222",0.824864864864865,"Positive"
"ARGSYN-PWY","PWY-7228",0.94099573257468,"Positive"
"ARGSYN-PWY","PWY-7229",0.887396870554765,"Positive"
"ARGSYN-PWY","PWY-7234",0.864295874822191,"Positive"
"ARGSYN-PWY","PWY-7242",-0.638207681365576,"Negative"
"ARGSYN-PWY","PWY-7315",-0.726173541963016,"Negative"
"ARGSYN-PWY","PWY-7328",0.636842105263158,"Positive"
"ARGSYN-PWY","PWY-7392",0.780512091038407,"Positive"
"ARGSYN-PWY","PWY-7400",0.998577524893314,"Positive"
"ARGSYN-PWY","PWY-7539",0.912375533428165,"Positive"
"ARGSYN-PWY","PWY-7560",0.775220483641536,"Positive"
"ARGSYN-PWY","PWY-7663",0.902645803698435,"Positive"
"ARGSYN-PWY","PWY-841",0.947596017069701,"Positive"
"ARGSYN-PWY","PWY-922",0.620881934566145,"Positive"
"ARGSYN-PWY","PWY0-1319",0.885149359886202,"Positive"
"ARGSYN-PWY","PWY0-1338",-0.707482219061166,"Negative"
"ARGSYN-PWY","PWY0-1533",-0.712318634423898,"Negative"
"ARGSYN-PWY","PWY0-1586",0.722475106685633,"Positive"
"ARGSYN-PWY","PWY0-162",0.941934566145092,"Positive"
"ARGSYN-PWY","PWY0-166",0.905945945945946,"Positive"
"ARGSYN-PWY","PWY0-781",0.633769559032717,"Positive"
"ARGSYN-PWY","PWY4FS-7",0.850071123755334,"Positive"
"ARGSYN-PWY","PWY4FS-8",0.850071123755334,"Positive"
"ARGSYN-PWY","PYRIDNUCSAL-PWY",0.842048364153627,"Positive"
"ARGSYN-PWY","PYRIDNUCSYN-PWY",0.625291607396871,"Positive"
"ARGSYN-PWY","RIBOSYN2-PWY",0.919402560455192,"Positive"
"ARGSYN-PWY","SER-GLYSYN-PWY",0.931322901849218,"Positive"
"ARGSYN-PWY","SO4ASSIM-PWY",0.678150782361309,"Positive"
"ARGSYN-PWY","SULFATE-CYS-PWY",0.712517780938834,"Positive"
"ARGSYN-PWY","THRESYN-PWY",0.94950213371266,"Positive"
"ARGSYN-PWY","TRNA-CHARGING-PWY",0.89425320056899,"Positive"
"ARGSYN-PWY","TRPSYN-PWY",0.931977240398293,"Positive"
"ARGSYN-PWY","UDPNAGSYN-PWY",0.875704125177809,"Positive"
"ARGSYN-PWY","VALSYN-PWY",0.959174964438122,"Positive"
"ARGSYNBSUB-PWY","ARO-PWY",0.88950213371266,"Positive"
"ARGSYNBSUB-PWY","ASPASN-PWY",0.779174964438122,"Positive"
"ARGSYNBSUB-PWY","AST-PWY",-0.724807965860597,"Negative"
"ARGSYNBSUB-PWY","BRANCHED-CHAIN-AA-SYN-PWY",0.919260312944523,"Positive"
"ARGSYNBSUB-PWY","CALVIN-PWY",0.880853485064011,"Positive"
"ARGSYNBSUB-PWY","COA-PWY",0.791294452347084,"Positive"
"ARGSYNBSUB-PWY","COMPLETE-ARO-PWY",0.893001422475107,"Positive"
"ARGSYNBSUB-PWY","DAPLYSINESYN-PWY",0.969160739687056,"Positive"
"ARGSYNBSUB-PWY","DENOVOPURINE2-PWY",0.914822190611664,"Positive"
"ARGSYNBSUB-PWY","DTDPRHAMSYN-PWY",0.895163584637269,"Positive"
"ARGSYNBSUB-PWY","ECASYN-PWY",-0.652546230440967,"Negative"
"ARGSYNBSUB-PWY","FAO-PWY",-0.650213371266003,"Negative"
"ARGSYNBSUB-PWY","FASYN-ELONG-PWY",0.785604551920341,"Positive"
"ARGSYNBSUB-PWY","FERMENTATION-PWY",0.713456614509246,"Positive"
"ARGSYNBSUB-PWY","GALACT-GLUCUROCAT-PWY",-0.650099573257468,"Negative"
"ARGSYNBSUB-PWY","GALACTUROCAT-PWY",-0.638435277382646,"Negative"
"ARGSYNBSUB-PWY","GLUTORN-PWY",0.978862019914651,"Positive"
"ARGSYNBSUB-PWY","GLYCOLYSIS",0.671408250355619,"Positive"
"ARGSYNBSUB-PWY","HEME-BIOSYNTHESIS-II",0.765576102418208,"Positive"
"ARGSYNBSUB-PWY","HEMESYN2-PWY",0.765832147937411,"Positive"
"ARGSYNBSUB-PWY","HISTSYN-PWY",0.916870554765292,"Positive"
"ARGSYNBSUB-PWY","HSERMETANA-PWY",0.815220483641536,"Positive"
"ARGSYNBSUB-PWY","ILEUSYN-PWY",0.926002844950213,"Positive"
"ARGSYNBSUB-PWY","NAGLIPASYN-PWY",0.758179231863442,"Positive"
"ARGSYNBSUB-PWY","NONMEVIPP-PWY",0.852631578947368,"Positive"
"ARGSYNBSUB-PWY","NONOXIPENT-PWY",0.866344238975818,"Positive"
"ARGSYNBSUB-PWY","OANTIGEN-PWY",0.896330014224751,"Positive"
"ARGSYNBSUB-PWY","P122-PWY",0.644836415362731,"Positive"
"ARGSYNBSUB-PWY","P124-PWY",0.607852062588905,"Positive"
"ARGSYNBSUB-PWY","P4-PWY",0.819658605974395,"Positive"
"ARGSYNBSUB-PWY","PANTO-PWY",0.774338549075391,"Positive"
"ARGSYNBSUB-PWY","PANTOSYN-PWY",0.793627311522048,"Positive"
"ARGSYNBSUB-PWY","PENTOSE-P-PWY",0.798805120910384,"Positive"
"ARGSYNBSUB-PWY","PEPTIDOGLYCANSYN-PWY",0.779317211948791,"Positive"
"ARGSYNBSUB-PWY","PHOSLIPSYN-PWY",0.779402560455192,"Positive"
"ARGSYNBSUB-PWY","POLYAMSYN-PWY",-0.615647226173542,"Negative"
"ARGSYNBSUB-PWY","POLYISOPRENSYN-PWY",0.762190611664296,"Positive"
"ARGSYNBSUB-PWY","PWY-1269",0.839260312944524,"Positive"
"ARGSYNBSUB-PWY","PWY-2941",0.604068278805121,"Positive"
"ARGSYNBSUB-PWY","PWY-2942",0.835817923186344,"Positive"
"ARGSYNBSUB-PWY","PWY-3001",0.914537695590327,"Positive"
"ARGSYNBSUB-PWY","PWY-5097",0.829928876244666,"Positive"
"ARGSYNBSUB-PWY","PWY-5100",0.675647226173542,"Positive"
"ARGSYNBSUB-PWY","PWY-5101",0.933428165007112,"Positive"
"ARGSYNBSUB-PWY","PWY-5103",0.917183499288762,"Positive"
"ARGSYNBSUB-PWY","PWY-5121",0.856813655761024,"Positive"
"ARGSYNBSUB-PWY","PWY-5189",0.868990042674253,"Positive"
"ARGSYNBSUB-PWY","PWY-5345",0.677211948790896,"Positive"
"ARGSYNBSUB-PWY","PWY-5347",0.688193456614509,"Positive"
"ARGSYNBSUB-PWY","PWY-5484",0.653911806543386,"Positive"
"ARGSYNBSUB-PWY","PWY-5659",0.89049786628734,"Positive"
"ARGSYNBSUB-PWY","PWY-5667",0.798150782361309,"Positive"
"ARGSYNBSUB-PWY","PWY-5686",0.789644381223329,"Positive"
"ARGSYNBSUB-PWY","PWY-5845",-0.642475106685633,"Negative"
"ARGSYNBSUB-PWY","PWY-5850",-0.642475106685633,"Negative"
"ARGSYNBSUB-PWY","PWY-5855",0.765633001422475,"Positive"
"ARGSYNBSUB-PWY","PWY-5856",0.765633001422475,"Positive"
"ARGSYNBSUB-PWY","PWY-5857",0.765633001422475,"Positive"
"ARGSYNBSUB-PWY","PWY-5860",-0.647140825035562,"Negative"
"ARGSYNBSUB-PWY","PWY-5862",-0.647140825035562,"Negative"
"ARGSYNBSUB-PWY","PWY-5896",-0.642475106685633,"Negative"
"ARGSYNBSUB-PWY","PWY-5913",0.879146514935989,"Positive"
"ARGSYNBSUB-PWY","PWY-5920",0.687596017069701,"Positive"
"ARGSYNBSUB-PWY","PWY-5973",0.857610241820768,"Positive"
"ARGSYNBSUB-PWY","PWY-6121",0.833968705547653,"Positive"
"ARGSYNBSUB-PWY","PWY-6122",0.832318634423898,"Positive"
"ARGSYNBSUB-PWY","PWY-6123",0.828136557610242,"Positive"
"ARGSYNBSUB-PWY","PWY-6125",0.91923186344239,"Positive"
"ARGSYNBSUB-PWY","PWY-6126",0.766799431009957,"Positive"
"ARGSYNBSUB-PWY","PWY-6147",0.875988620199146,"Positive"
"ARGSYNBSUB-PWY","PWY-6151",0.656415362731152,"Positive"
"ARGSYNBSUB-PWY","PWY-6163",0.852944523470839,"Positive"
"ARGSYNBSUB-PWY","PWY-6277",0.832318634423898,"Positive"
"ARGSYNBSUB-PWY","PWY-6317",0.623044096728307,"Positive"
"ARGSYNBSUB-PWY","PWY-6385",0.778691322901849,"Positive"
"ARGSYNBSUB-PWY","PWY-6386",0.782304409672831,"Positive"
"ARGSYNBSUB-PWY","PWY-6387",0.776813655761024,"Positive"
"ARGSYNBSUB-PWY","PWY-6467",0.83524893314367,"Positive"
"ARGSYNBSUB-PWY","PWY-6471",0.663499288762447,"Positive"
"ARGSYNBSUB-PWY","PWY-6545",0.753911806543386,"Positive"
"ARGSYNBSUB-PWY","PWY-6700",0.917439544807966,"Positive"
"ARGSYNBSUB-PWY","PWY-6703",0.844324324324324,"Positive"
"ARGSYNBSUB-PWY","PWY-6708",0.765633001422475,"Positive"
"ARGSYNBSUB-PWY","PWY-6897",0.822788051209104,"Positive"
"ARGSYNBSUB-PWY","PWY-7111",0.924238975817923,"Positive"
"ARGSYNBSUB-PWY","PWY-7184",0.88176386913229,"Positive"
"ARGSYNBSUB-PWY","PWY-7187",0.876529160739687,"Positive"
"ARGSYNBSUB-PWY","PWY-7197",0.934423897581792,"Positive"
"ARGSYNBSUB-PWY","PWY-7208",0.765064011379801,"Positive"
"ARGSYNBSUB-PWY","PWY-7211",0.827339971550498,"Positive"
"ARGSYNBSUB-PWY","PWY-7219",0.784238975817923,"Positive"
"ARGSYNBSUB-PWY","PWY-7220",0.720682788051209,"Positive"
"ARGSYNBSUB-PWY","PWY-7221",0.778492176386913,"Positive"
"ARGSYNBSUB-PWY","PWY-7222",0.720682788051209,"Positive"
"ARGSYNBSUB-PWY","PWY-7228",0.938150782361309,"Positive"
"ARGSYNBSUB-PWY","PWY-7229",0.791578947368421,"Positive"
"ARGSYNBSUB-PWY","PWY-7234",0.767823613086771,"Positive"
"ARGSYNBSUB-PWY","PWY-7242",-0.671237553342817,"Negative"
"ARGSYNBSUB-PWY","PWY-7315",-0.669530583214794,"Negative"
"ARGSYNBSUB-PWY","PWY-7328",0.676557610241821,"Positive"
"ARGSYNBSUB-PWY","PWY-7392",0.852688477951636,"Positive"
"ARGSYNBSUB-PWY","PWY-7400",0.981564722617354,"Positive"
"ARGSYNBSUB-PWY","PWY-7539",0.891977240398293,"Positive"
"ARGSYNBSUB-PWY","PWY-7560",0.852631578947368,"Positive"
"ARGSYNBSUB-PWY","PWY-7663",0.801280227596017,"Positive"
"ARGSYNBSUB-PWY","PWY-841",0.928022759601707,"Positive"
"ARGSYNBSUB-PWY","PWY0-1319",0.798150782361309,"Positive"
"ARGSYNBSUB-PWY","PWY0-1338",-0.636899004267425,"Negative"
"ARGSYNBSUB-PWY","PWY0-1533",-0.712859174964438,"Negative"
"ARGSYNBSUB-PWY","PWY0-1586",0.617724039829303,"Positive"
"ARGSYNBSUB-PWY","PWY0-162",0.93302987197724,"Positive"
"ARGSYNBSUB-PWY","PWY0-166",0.888847795163585,"Positive"
"ARGSYNBSUB-PWY","PWY0-781",0.661308677098151,"Positive"
"ARGSYNBSUB-PWY","PWY4FS-7",0.753143669985775,"Positive"
"ARGSYNBSUB-PWY","PWY4FS-8",0.753143669985775,"Positive"
"ARGSYNBSUB-PWY","PYRIDNUCSAL-PWY",0.869018492176387,"Positive"
"ARGSYNBSUB-PWY","PYRIDNUCSYN-PWY",0.666031294452347,"Positive"
"ARGSYNBSUB-PWY","RIBOSYN2-PWY",0.878691322901849,"Positive"
"ARGSYNBSUB-PWY","SER-GLYSYN-PWY",0.885633001422475,"Positive"
"ARGSYNBSUB-PWY","SO4ASSIM-PWY",0.750355618776671,"Positive"
"ARGSYNBSUB-PWY","SULFATE-CYS-PWY",0.779431009957326,"Positive"
"ARGSYNBSUB-PWY","THRESYN-PWY",0.871578947368421,"Positive"
"ARGSYNBSUB-PWY","TRNA-CHARGING-PWY",0.905547652916074,"Positive"
"ARGSYNBSUB-PWY","TRPSYN-PWY",0.912944523470839,"Positive"
"ARGSYNBSUB-PWY","UBISYN-PWY",0.632546230440967,"Positive"
"ARGSYNBSUB-PWY","UDPNAGSYN-PWY",0.786600284495021,"Positive"
"ARGSYNBSUB-PWY","VALSYN-PWY",0.926002844950213,"Positive"
"ARO-PWY","ASPASN-PWY",0.667482219061166,"Positive"
"ARO-PWY","AST-PWY",-0.67402560455192,"Negative"
"ARO-PWY","BRANCHED-CHAIN-AA-SYN-PWY",0.964125177809388,"Positive"
"ARO-PWY","CALVIN-PWY",0.940938833570413,"Positive"
"ARO-PWY","COA-PWY",0.89325746799431,"Positive"
"ARO-PWY","COBALSYN-PWY",0.719146514935989,"Positive"
"ARO-PWY","COMPLETE-ARO-PWY",0.999089615931721,"Positive"
"ARO-PWY","DAPLYSINESYN-PWY",0.871009957325747,"Positive"
"ARO-PWY","DENOVOPURINE2-PWY",0.873172119487909,"Positive"
"ARO-PWY","DTDPRHAMSYN-PWY",0.925917496443812,"Positive"
"ARO-PWY","ECASYN-PWY",-0.714935988620199,"Negative"
"ARO-PWY","FAO-PWY",-0.614850640113798,"Negative"
"ARO-PWY","FASYN-ELONG-PWY",0.848762446657183,"Positive"
"ARO-PWY","GALACT-GLUCUROCAT-PWY",-0.67701280227596,"Negative"
"ARO-PWY","GALACTUROCAT-PWY",-0.674509246088193,"Negative"
"ARO-PWY","GLUCUROCAT-PWY",-0.614736842105263,"Negative"
"ARO-PWY","GLUTORN-PWY",0.860625889046942,"Positive"
"ARO-PWY","GLYCOLYSIS",0.786714082503556,"Positive"
"ARO-PWY","HEME-BIOSYNTHESIS-II",0.616557610241821,"Positive"
"ARO-PWY","HEMESYN2-PWY",0.613399715504979,"Positive"
"ARO-PWY","HISDEG-PWY",-0.628790896159317,"Negative"
"ARO-PWY","HISTSYN-PWY",0.966628733997155,"Positive"
"ARO-PWY","HOMOSER-METSYN-PWY",0.692375533428165,"Positive"
"ARO-PWY","HSERMETANA-PWY",0.701820768136558,"Positive"
"ARO-PWY","ILEUSYN-PWY",0.970241820768137,"Positive"
"ARO-PWY","MET-SAM-PWY",0.728677098150782,"Positive"
"ARO-PWY","NAGLIPASYN-PWY",0.603499288762447,"Positive"
"ARO-PWY","NONMEVIPP-PWY",0.690924608819346,"Positive"
"ARO-PWY","NONOXIPENT-PWY",0.924580369843528,"Positive"
"ARO-PWY","OANTIGEN-PWY",0.94375533428165,"Positive"
"ARO-PWY","P122-PWY",0.776358463726885,"Positive"
"ARO-PWY","P124-PWY",0.751550497866287,"Positive"
"ARO-PWY","P161-PWY",0.711322901849218,"Positive"
"ARO-PWY","P4-PWY",0.733314366998578,"Positive"
"ARO-PWY","PANTO-PWY",0.624011379800854,"Positive"
"ARO-PWY","PANTOSYN-PWY",0.646543385490754,"Positive"
"ARO-PWY","PENTOSE-P-PWY",0.873940256045519,"Positive"
"ARO-PWY","PEPTIDOGLYCANSYN-PWY",0.888022759601707,"Positive"
"ARO-PWY","PHOSLIPSYN-PWY",0.891522048364154,"Positive"
"ARO-PWY","POLYAMSYN-PWY",-0.670981507823613,"Negative"
"ARO-PWY","POLYISOPRENSYN-PWY",0.877667140825036,"Positive"
"ARO-PWY","PWY-1269",0.683613086770982,"Positive"
"ARO-PWY","PWY-2941",0.750355618776671,"Positive"
"ARO-PWY","PWY-2942",0.949615931721195,"Positive"
"ARO-PWY","PWY-3001",0.974566145092461,"Positive"
"ARO-PWY","PWY-5097",0.941479374110953,"Positive"
"ARO-PWY","PWY-5100",0.812944523470839,"Positive"
"ARO-PWY","PWY-5101",0.960398293029872,"Positive"
"ARO-PWY","PWY-5103",0.958975817923186,"Positive"
"ARO-PWY","PWY-5121",0.69877667140825,"Positive"
"ARO-PWY","PWY-5189",0.904836415362731,"Positive"
"ARO-PWY","PWY-5347",0.663926031294452,"Positive"
"ARO-PWY","PWY-5484",0.775647226173542,"Positive"
"ARO-PWY","PWY-5509",0.717980085348506,"Positive"
"ARO-PWY","PWY-5659",0.730298719772404,"Positive"
"ARO-PWY","PWY-5667",0.899687055476529,"Positive"
"ARO-PWY","PWY-5686",0.890327169274538,"Positive"
"ARO-PWY","PWY-5845",-0.718264580369844,"Negative"
"ARO-PWY","PWY-5850",-0.718264580369844,"Negative"
"ARO-PWY","PWY-5855",0.622076813655761,"Positive"
"ARO-PWY","PWY-5856",0.622076813655761,"Positive"
"ARO-PWY","PWY-5857",0.622076813655761,"Positive"
"ARO-PWY","PWY-5860",-0.72221906116643,"Negative"
"ARO-PWY","PWY-5862",-0.72221906116643,"Negative"
"ARO-PWY","PWY-5896",-0.718264580369844,"Negative"
"ARO-PWY","PWY-5910",0.685433854907539,"Positive"
"ARO-PWY","PWY-5913",0.71823613086771,"Positive"
"ARO-PWY","PWY-5973",0.931977240398293,"Positive"
"ARO-PWY","PWY-6121",0.945234708392603,"Positive"
"ARO-PWY","PWY-6122",0.943669985775249,"Positive"
"ARO-PWY","PWY-6123",0.945433854907539,"Positive"
"ARO-PWY","PWY-6125",0.827908961593172,"Positive"
"ARO-PWY","PWY-6126",0.887567567567568,"Positive"
"ARO-PWY","PWY-6147",0.918150782361309,"Positive"
"ARO-PWY","PWY-6151",0.793854907539118,"Positive"
"ARO-PWY","PWY-6163",0.9849786628734,"Positive"
"ARO-PWY","PWY-6269",0.716386913229018,"Positive"
"ARO-PWY","PWY-6277",0.943669985775249,"Positive"
"ARO-PWY","PWY-6317",0.778890469416785,"Positive"
"ARO-PWY","PWY-6385",0.887596017069701,"Positive"
"ARO-PWY","PWY-6386",0.891095305832148,"Positive"
"ARO-PWY","PWY-6387",0.885832147937411,"Positive"
"ARO-PWY","PWY-6467",0.679829302987198,"Positive"
"ARO-PWY","PWY-6471",0.791351351351351,"Positive"
"ARO-PWY","PWY-6507",-0.603243243243243,"Negative"
"ARO-PWY","PWY-6545",0.611152204836415,"Positive"
"ARO-PWY","PWY-6700",0.77271692745377,"Positive"
"ARO-PWY","PWY-6703",0.699374110953058,"Positive"
"ARO-PWY","PWY-6708",0.622076813655761,"Positive"
"ARO-PWY","PWY-6897",0.92275960170697,"Positive"
"ARO-PWY","PWY-7111",0.969217638691323,"Positive"
"ARO-PWY","PWY-7184",0.781621621621622,"Positive"
"ARO-PWY","PWY-7187",0.819800853485064,"Positive"
"ARO-PWY","PWY-7197",0.833428165007112,"Positive"
"ARO-PWY","PWY-7208",0.871948790896159,"Positive"
"ARO-PWY","PWY-7211",0.683413940256046,"Positive"
"ARO-PWY","PWY-7219",0.890440967283073,"Positive"
"ARO-PWY","PWY-7220",0.85724039829303,"Positive"
"ARO-PWY","PWY-7221",0.883584637268848,"Positive"
"ARO-PWY","PWY-7222",0.85724039829303,"Positive"
"ARO-PWY","PWY-7228",0.842389758179232,"Positive"
"ARO-PWY","PWY-7229",0.909871977240398,"Positive"
"ARO-PWY","PWY-7234",0.884495021337127,"Positive"
"ARO-PWY","PWY-7315",-0.737183499288762,"Negative"
"ARO-PWY","PWY-7392",0.694679943100996,"Positive"
"ARO-PWY","PWY-7400",0.942389758179232,"Positive"
"ARO-PWY","PWY-7539",0.932005689900427,"Positive"
"ARO-PWY","PWY-7560",0.690924608819346,"Positive"
"ARO-PWY","PWY-7663",0.924864864864865,"Positive"
"ARO-PWY","PWY-841",0.865120910384068,"Positive"
"ARO-PWY","PWY-922",0.657297297297297,"Positive"
"ARO-PWY","PWY0-1319",0.899687055476529,"Positive"
"ARO-PWY","PWY0-1338",-0.723641536273115,"Negative"
"ARO-PWY","PWY0-1533",-0.680369843527738,"Negative"
"ARO-PWY","PWY0-1586",0.752375533428165,"Positive"
"ARO-PWY","PWY0-162",0.851891891891892,"Positive"
"ARO-PWY","PWY0-166",0.822475106685633,"Positive"
"ARO-PWY","PWY4FS-7",0.87402560455192,"Positive"
"ARO-PWY","PWY4FS-8",0.87402560455192,"Positive"
"ARO-PWY","PYRIDNUCSAL-PWY",0.761166429587482,"Positive"
"ARO-PWY","PYRIDOXSYN-PWY",-0.602930298719772,"Negative"
"ARO-PWY","RIBOSYN2-PWY",0.936216216216216,"Positive"
"ARO-PWY","SER-GLYSYN-PWY",0.964011379800853,"Positive"
"ARO-PWY","SO4ASSIM-PWY",0.600540540540541,"Positive"
"ARO-PWY","SULFATE-CYS-PWY",0.636756756756757,"Positive"
"ARO-PWY","THRESYN-PWY",0.947652916073969,"Positive"
"ARO-PWY","TRNA-CHARGING-PWY",0.806201991465149,"Positive"
"ARO-PWY","TRPSYN-PWY",0.953143669985775,"Positive"
"ARO-PWY","UDPNAGSYN-PWY",0.889786628733997,"Positive"
"ARO-PWY","VALSYN-PWY",0.970241820768137,"Positive"
"ASPASN-PWY","AST-PWY",-0.617866287339972,"Negative"
"ASPASN-PWY","BRANCHED-CHAIN-AA-SYN-PWY",0.74773826458037,"Positive"
"ASPASN-PWY","CALVIN-PWY",0.760113798008535,"Positive"
"ASPASN-PWY","COA-PWY",0.680085348506401,"Positive"
"ASPASN-PWY","COMPLETE-ARO-PWY",0.671436699857752,"Positive"
"ASPASN-PWY","DAPLYSINESYN-PWY",0.766258890469417,"Positive"
"ASPASN-PWY","DENOVOPURINE2-PWY",0.763584637268848,"Positive"
"ASPASN-PWY","DTDPRHAMSYN-PWY",0.738947368421053,"Positive"
"ASPASN-PWY","FASYN-ELONG-PWY",0.631948790896159,"Positive"
"ASPASN-PWY","GLUTORN-PWY",0.803641536273115,"Positive"
"ASPASN-PWY","GLYCOLYSIS",0.665320056899004,"Positive"
"ASPASN-PWY","HEME-BIOSYNTHESIS-II",0.659288762446657,"Positive"
"ASPASN-PWY","HEMESYN2-PWY",0.655391180654339,"Positive"
"ASPASN-PWY","HISTSYN-PWY",0.740113798008535,"Positive"
"ASPASN-PWY","HSERMETANA-PWY",0.792688477951636,"Positive"
"ASPASN-PWY","ILEUSYN-PWY",0.749701280227596,"Positive"
"ASPASN-PWY","NAGLIPASYN-PWY",0.703015647226173,"Positive"
"ASPASN-PWY","NONMEVIPP-PWY",0.807112375533428,"Positive"
"ASPASN-PWY","NONOXIPENT-PWY",0.730469416785206,"Positive"
"ASPASN-PWY","OANTIGEN-PWY",0.736557610241821,"Positive"
"ASPASN-PWY","P122-PWY",0.60697012802276,"Positive"
"ASPASN-PWY","P4-PWY",0.800967283072546,"Positive"
"ASPASN-PWY","PANTO-PWY",0.730128022759602,"Positive"
"ASPASN-PWY","PANTOSYN-PWY",0.743584637268848,"Positive"
"ASPASN-PWY","PENTOSE-P-PWY",0.639658605974395,"Positive"
"ASPASN-PWY","PEPTIDOGLYCANSYN-PWY",0.664580369843528,"Positive"
"ASPASN-PWY","PHOSLIPSYN-PWY",0.642076813655761,"Positive"
"ASPASN-PWY","POLYISOPRENSYN-PWY",0.636045519203414,"Positive"
"ASPASN-PWY","PWY-1269",0.784551920341394,"Positive"
"ASPASN-PWY","PWY-2942",0.674822190611664,"Positive"
"ASPASN-PWY","PWY-3001",0.746884779516358,"Positive"
"ASPASN-PWY","PWY-5097",0.663698435277383,"Positive"
"ASPASN-PWY","PWY-5101",0.762076813655761,"Positive"
"ASPASN-PWY","PWY-5103",0.747766714082504,"Positive"
"ASPASN-PWY","PWY-5121",0.860540540540541,"Positive"
"ASPASN-PWY","PWY-5189",0.707539118065434,"Positive"
"ASPASN-PWY","PWY-5345",0.69877667140825,"Positive"
"ASPASN-PWY","PWY-5347",0.760739687055477,"Positive"
"ASPASN-PWY","PWY-5484",0.65027027027027,"Positive"
"ASPASN-PWY","PWY-5659",0.875192034139403,"Positive"
"ASPASN-PWY","PWY-5667",0.669416785206259,"Positive"
"ASPASN-PWY","PWY-5686",0.678435277382646,"Positive"
"ASPASN-PWY","PWY-5855",0.645576102418208,"Positive"
"ASPASN-PWY","PWY-5856",0.645576102418208,"Positive"
"ASPASN-PWY","PWY-5857",0.645576102418208,"Positive"
"ASPASN-PWY","PWY-5913",0.764238975817923,"Positive"
"ASPASN-PWY","PWY-5920",0.711038406827881,"Positive"
"ASPASN-PWY","PWY-5973",0.697752489331437,"Positive"
"ASPASN-PWY","PWY-6121",0.666486486486486,"Positive"
"ASPASN-PWY","PWY-6122",0.661479374110953,"Positive"
"ASPASN-PWY","PWY-6123",0.662247510668563,"Positive"
"ASPASN-PWY","PWY-6125",0.762503556187767,"Positive"
"ASPASN-PWY","PWY-6126",0.618520625889047,"Positive"
"ASPASN-PWY","PWY-6147",0.722190611664296,"Positive"
"ASPASN-PWY","PWY-6163",0.649103840682788,"Positive"
"ASPASN-PWY","PWY-621",0.643954480796586,"Positive"
"ASPASN-PWY","PWY-6277",0.661479374110953,"Positive"
"ASPASN-PWY","PWY-6385",0.662816500711238,"Positive"
"ASPASN-PWY","PWY-6386",0.663186344238976,"Positive"
"ASPASN-PWY","PWY-6387",0.659658605974395,"Positive"
"ASPASN-PWY","PWY-6467",0.781450924608819,"Positive"
"ASPASN-PWY","PWY-6471",0.631550497866287,"Positive"
"ASPASN-PWY","PWY-6545",0.797439544807966,"Positive"
"ASPASN-PWY","PWY-6700",0.790184921763869,"Positive"
"ASPASN-PWY","PWY-6703",0.792119487908962,"Positive"
"ASPASN-PWY","PWY-6708",0.645576102418208,"Positive"
"ASPASN-PWY","PWY-6897",0.650440967283073,"Positive"
"ASPASN-PWY","PWY-7111",0.745092460881935,"Positive"
"ASPASN-PWY","PWY-7184",0.758719772403983,"Positive"
"ASPASN-PWY","PWY-7187",0.777354196301565,"Positive"
"ASPASN-PWY","PWY-7197",0.784551920341394,"Positive"
"ASPASN-PWY","PWY-7208",0.659687055476529,"Positive"
"ASPASN-PWY","PWY-7211",0.737439544807966,"Positive"
"ASPASN-PWY","PWY-7219",0.668990042674253,"Positive"
"ASPASN-PWY","PWY-7221",0.657041251778094,"Positive"
"ASPASN-PWY","PWY-7228",0.783044096728307,"Positive"
"ASPASN-PWY","PWY-7229",0.651237553342817,"Positive"
"ASPASN-PWY","PWY-7328",0.776415362731152,"Positive"
"ASPASN-PWY","PWY-7392",0.868307254623044,"Positive"
"ASPASN-PWY","PWY-7400",0.768221906116643,"Positive"
"ASPASN-PWY","PWY-7539",0.736728307254623,"Positive"
"ASPASN-PWY","PWY-7560",0.807112375533428,"Positive"
"ASPASN-PWY","PWY-7663",0.653399715504979,"Positive"
"ASPASN-PWY","PWY-841",0.760199146514936,"Positive"
"ASPASN-PWY","PWY0-1319",0.669416785206259,"Positive"
"ASPASN-PWY","PWY0-1533",-0.670156472261735,"Negative"
"ASPASN-PWY","PWY0-162",0.788392603129445,"Positive"
"ASPASN-PWY","PWY0-166",0.772176386913229,"Positive"
"ASPASN-PWY","PWY0-781",0.753570412517781,"Positive"
"ASPASN-PWY","PWY4FS-7",0.622247510668563,"Positive"
"ASPASN-PWY","PWY4FS-8",0.622247510668563,"Positive"
"ASPASN-PWY","PYRIDNUCSAL-PWY",0.855135135135135,"Positive"
"ASPASN-PWY","PYRIDNUCSYN-PWY",0.788847795163585,"Positive"
"ASPASN-PWY","RIBOSYN2-PWY",0.753058321479374,"Positive"
"ASPASN-PWY","SER-GLYSYN-PWY",0.740711237553343,"Positive"
"ASPASN-PWY","SO4ASSIM-PWY",0.635533428165007,"Positive"
"ASPASN-PWY","SULFATE-CYS-PWY",0.686714082503556,"Positive"
"ASPASN-PWY","THRESYN-PWY",0.724324324324324,"Positive"
"ASPASN-PWY","TRNA-CHARGING-PWY",0.848307254623044,"Positive"
"ASPASN-PWY","TRPSYN-PWY",0.737041251778094,"Positive"
"ASPASN-PWY","UDPNAGSYN-PWY",0.656500711237553,"Positive"
"ASPASN-PWY","VALSYN-PWY",0.749701280227596,"Positive"
"AST-PWY","BRANCHED-CHAIN-AA-SYN-PWY",-0.671891891891892,"Negative"
"AST-PWY","CALVIN-PWY",-0.640369843527738,"Negative"
"AST-PWY","COA-PWY",-0.669302987197724,"Negative"
"AST-PWY","COMPLETE-ARO-PWY",-0.668961593172119,"Negative"
"AST-PWY","DAPLYSINESYN-PWY",-0.756984352773826,"Negative"
"AST-PWY","DENOVOPURINE2-PWY",-0.775106685633001,"Negative"
"AST-PWY","DTDPRHAMSYN-PWY",-0.67846372688478,"Negative"
"AST-PWY","ECASYN-PWY",0.882645803698435,"Positive"
"AST-PWY","ENTBACSYN-PWY",0.627567567567568,"Positive"
"AST-PWY","FAO-PWY",0.648051209103841,"Positive"
"AST-PWY","FASYN-ELONG-PWY",-0.658492176386913,"Negative"
"AST-PWY","GLUTORN-PWY",-0.696870554765292,"Negative"
"AST-PWY","HISTSYN-PWY",-0.685291607396871,"Negative"
"AST-PWY","ILEUSYN-PWY",-0.673798008534851,"Negative"
"AST-PWY","KDO-NAGLIPASYN-PWY",0.648961593172119,"Positive"
"AST-PWY","NONOXIPENT-PWY",-0.715391180654339,"Negative"
"AST-PWY","OANTIGEN-PWY",-0.705376955903272,"Negative"
"AST-PWY","P105-PWY",0.604608819345661,"Positive"
"AST-PWY","PENTOSE-P-PWY",-0.656728307254623,"Negative"
"AST-PWY","PEPTIDOGLYCANSYN-PWY",-0.67425320056899,"Negative"
"AST-PWY","PHOSLIPSYN-PWY",-0.648534850640114,"Negative"
"AST-PWY","POLYISOPRENSYN-PWY",-0.652460881934566,"Negative"
"AST-PWY","PWY-2942",-0.67701280227596,"Negative"
"AST-PWY","PWY-3001",-0.707652916073969,"Negative"
"AST-PWY","PWY-5097",-0.663243243243243,"Negative"
"AST-PWY","PWY-5100",-0.607368421052632,"Negative"
"AST-PWY","PWY-5101",-0.675874822190612,"Negative"
"AST-PWY","PWY-5103",-0.673058321479374,"Negative"
"AST-PWY","PWY-5659",-0.618805120910384,"Negative"
"AST-PWY","PWY-5667",-0.665718349928876,"Negative"
"AST-PWY","PWY-5686",-0.674793741109531,"Negative"
"AST-PWY","PWY-5845",0.779516358463727,"Positive"
"AST-PWY","PWY-5850",0.779516358463727,"Positive"
"AST-PWY","PWY-5860",0.779431009957326,"Positive"
"AST-PWY","PWY-5862",0.779431009957326,"Positive"
"AST-PWY","PWY-5896",0.779516358463727,"Positive"
"AST-PWY","PWY-5973",-0.685234708392603,"Negative"
"AST-PWY","PWY-6121",-0.672745376955903,"Negative"
"AST-PWY","PWY-6122",-0.666230440967283,"Negative"
"AST-PWY","PWY-6123",-0.674879089615932,"Negative"
"AST-PWY","PWY-6125",-0.751977240398293,"Negative"
"AST-PWY","PWY-6126",-0.666998577524893,"Negative"
"AST-PWY","PWY-6147",-0.643186344238976,"Negative"
"AST-PWY","PWY-6163",-0.629701280227596,"Negative"
"AST-PWY","PWY-621",-0.610384068278805,"Negative"
"AST-PWY","PWY-6277",-0.666230440967283,"Negative"
"AST-PWY","PWY-6385",-0.672802275960171,"Negative"
"AST-PWY","PWY-6386",-0.676130867709815,"Negative"
"AST-PWY","PWY-6387",-0.671778093883357,"Negative"
"AST-PWY","PWY-6471",-0.612147937411095,"Negative"
"AST-PWY","PWY-6507",0.682731152204836,"Positive"
"AST-PWY","PWY-6897",-0.638918918918919,"Negative"
"AST-PWY","PWY-7111",-0.671550497866287,"Negative"
"AST-PWY","PWY-7184",-0.744125177809388,"Negative"
"AST-PWY","PWY-7187",-0.75647226173542,"Negative"
"AST-PWY","PWY-7197",-0.743413940256046,"Negative"
"AST-PWY","PWY-7208",-0.658805120910384,"Negative"
"AST-PWY","PWY-7219",-0.670412517780939,"Negative"
"AST-PWY","PWY-7220",-0.632745376955903,"Negative"
"AST-PWY","PWY-7221",-0.667795163584637,"Negative"
"AST-PWY","PWY-7222",-0.632745376955903,"Negative"
"AST-PWY","PWY-7228",-0.750640113798009,"Negative"
"AST-PWY","PWY-7229",-0.670611664295875,"Negative"
"AST-PWY","PWY-7234",-0.634964438122333,"Negative"
"AST-PWY","PWY-7242",0.627681365576102,"Positive"
"AST-PWY","PWY-7315",0.880825035561878,"Positive"
"AST-PWY","PWY-7400",-0.736130867709815,"Negative"
"AST-PWY","PWY-7539",-0.658349928876245,"Negative"
"AST-PWY","PWY-7663",-0.645405405405405,"Negative"
"AST-PWY","PWY-841",-0.76122332859175,"Negative"
"AST-PWY","PWY0-1319",-0.665718349928876,"Negative"
"AST-PWY","PWY0-1338",0.8625320056899,"Positive"
"AST-PWY","PWY0-1533",0.782190611664296,"Positive"
"AST-PWY","PWY0-162",-0.75624466571835,"Negative"
"AST-PWY","PWY0-166",-0.760568990042674,"Negative"
"AST-PWY","PWY4FS-7",-0.63624466571835,"Negative"
"AST-PWY","PWY4FS-8",-0.63624466571835,"Negative"
"AST-PWY","PYRIDNUCSAL-PWY",-0.60927453769559,"Negative"
"AST-PWY","RIBOSYN2-PWY",-0.675391180654339,"Negative"
"AST-PWY","SER-GLYSYN-PWY",-0.688762446657183,"Negative"
"AST-PWY","THRESYN-PWY",-0.718264580369844,"Negative"
"AST-PWY","TRNA-CHARGING-PWY",-0.755704125177809,"Negative"
"AST-PWY","TRPSYN-PWY",-0.669559032716927,"Negative"
"AST-PWY","UDPNAGSYN-PWY",-0.658435277382646,"Negative"
"AST-PWY","VALSYN-PWY",-0.673798008534851,"Negative"
"BIOTIN-BIOSYNTHESIS-PWY","FASYN-INITIAL-PWY",0.921337126600284,"Positive"
"BIOTIN-BIOSYNTHESIS-PWY","PWY-5971",0.886088193456614,"Positive"
"BIOTIN-BIOSYNTHESIS-PWY","PWY-5989",0.763499288762447,"Positive"
"BIOTIN-BIOSYNTHESIS-PWY","PWY-6282",0.922475106685633,"Positive"
"BIOTIN-BIOSYNTHESIS-PWY","PWY-6519",0.949900426742532,"Positive"
"BIOTIN-BIOSYNTHESIS-PWY","PWY-7664",0.920085348506401,"Positive"
"BIOTIN-BIOSYNTHESIS-PWY","PWY0-862",0.920028449502134,"Positive"
"BIOTIN-BIOSYNTHESIS-PWY","PWYG-321",0.819687055476529,"Positive"
"BRANCHED-CHAIN-AA-SYN-PWY","CALVIN-PWY",0.955277382645804,"Positive"
"BRANCHED-CHAIN-AA-SYN-PWY","COA-PWY",0.865604551920341,"Positive"
"BRANCHED-CHAIN-AA-SYN-PWY","COBALSYN-PWY",0.747994310099573,"Positive"
"BRANCHED-CHAIN-AA-SYN-PWY","COMPLETE-ARO-PWY",0.967539118065434,"Positive"
"BRANCHED-CHAIN-AA-SYN-PWY","DAPLYSINESYN-PWY",0.890241820768137,"Positive"
"BRANCHED-CHAIN-AA-SYN-PWY","DENOVOPURINE2-PWY",0.880739687055477,"Positive"
"BRANCHED-CHAIN-AA-SYN-PWY","DTDPRHAMSYN-PWY",0.966372688477952,"Positive"
"BRANCHED-CHAIN-AA-SYN-PWY","ECASYN-PWY",-0.680341394025605,"Negative"
"BRANCHED-CHAIN-AA-SYN-PWY","FAO-PWY",-0.625291607396871,"Negative"
"BRANCHED-CHAIN-AA-SYN-PWY","FASYN-ELONG-PWY",0.855448079658606,"Positive"
"BRANCHED-CHAIN-AA-SYN-PWY","FERMENTATION-PWY",0.640512091038407,"Positive"
"BRANCHED-CHAIN-AA-SYN-PWY","GALACT-GLUCUROCAT-PWY",-0.698947368421053,"Negative"
"BRANCHED-CHAIN-AA-SYN-PWY","GALACTUROCAT-PWY",-0.679857752489331,"Negative"
"BRANCHED-CHAIN-AA-SYN-PWY","GLUCUROCAT-PWY",-0.626401137980085,"Negative"
"BRANCHED-CHAIN-AA-SYN-PWY","GLUTORN-PWY",0.912944523470839,"Positive"
"BRANCHED-CHAIN-AA-SYN-PWY","GLYCOLYSIS",0.754338549075391,"Positive"
"BRANCHED-CHAIN-AA-SYN-PWY","HEME-BIOSYNTHESIS-II",0.700938833570413,"Positive"
"BRANCHED-CHAIN-AA-SYN-PWY","HEMESYN2-PWY",0.698549075391181,"Positive"
"BRANCHED-CHAIN-AA-SYN-PWY","HISTSYN-PWY",0.980881934566145,"Positive"
"BRANCHED-CHAIN-AA-SYN-PWY","HOMOSER-METSYN-PWY",0.657297297297297,"Positive"
"BRANCHED-CHAIN-AA-SYN-PWY","HSERMETANA-PWY",0.807311522048364,"Positive"
"BRANCHED-CHAIN-AA-SYN-PWY","ILEUSYN-PWY",0.994850640113798,"Positive"
"BRANCHED-CHAIN-AA-SYN-PWY","MET-SAM-PWY",0.695590327169274,"Positive"
"BRANCHED-CHAIN-AA-SYN-PWY","NAGLIPASYN-PWY",0.705889046941679,"Positive"
"BRANCHED-CHAIN-AA-SYN-PWY","NONMEVIPP-PWY",0.795903271692745,"Positive"
"BRANCHED-CHAIN-AA-SYN-PWY","NONOXIPENT-PWY",0.94674253200569,"Positive"
"BRANCHED-CHAIN-AA-SYN-PWY","OANTIGEN-PWY",0.958492176386913,"Positive"
"BRANCHED-CHAIN-AA-SYN-PWY","P122-PWY",0.721081081081081,"Positive"
"BRANCHED-CHAIN-AA-SYN-PWY","P124-PWY",0.686002844950213,"Positive"
"BRANCHED-CHAIN-AA-SYN-PWY","P161-PWY",0.647055476529161,"Positive"
"BRANCHED-CHAIN-AA-SYN-PWY","P4-PWY",0.791436699857752,"Positive"
"BRANCHED-CHAIN-AA-SYN-PWY","PANTO-PWY",0.713826458036984,"Positive"
"BRANCHED-CHAIN-AA-SYN-PWY","PANTOSYN-PWY",0.728563300142247,"Positive"
"BRANCHED-CHAIN-AA-SYN-PWY","PENTOSE-P-PWY",0.874708392603129,"Positive"
"BRANCHED-CHAIN-AA-SYN-PWY","PEPTIDOGLYCANSYN-PWY",0.852916073968706,"Positive"
"BRANCHED-CHAIN-AA-SYN-PWY","PHOSLIPSYN-PWY",0.853997155049787,"Positive"
"BRANCHED-CHAIN-AA-SYN-PWY","POLYAMSYN-PWY",-0.649530583214794,"Negative"
"BRANCHED-CHAIN-AA-SYN-PWY","POLYISOPRENSYN-PWY",0.840455192034139,"Positive"
"BRANCHED-CHAIN-AA-SYN-PWY","PWY-1269",0.787880512091038,"Positive"
"BRANCHED-CHAIN-AA-SYN-PWY","PWY-2941",0.660625889046942,"Positive"
"BRANCHED-CHAIN-AA-SYN-PWY","PWY-2942",0.908620199146515,"Positive"
"BRANCHED-CHAIN-AA-SYN-PWY","PWY-3001",0.986770981507824,"Positive"
"BRANCHED-CHAIN-AA-SYN-PWY","PWY-5097",0.905348506401138,"Positive"
"BRANCHED-CHAIN-AA-SYN-PWY","PWY-5100",0.755647226173542,"Positive"
"BRANCHED-CHAIN-AA-SYN-PWY","PWY-5101",0.995590327169275,"Positive"
"BRANCHED-CHAIN-AA-SYN-PWY","PWY-5103",0.998378378378378,"Positive"
"BRANCHED-CHAIN-AA-SYN-PWY","PWY-5121",0.793513513513514,"Positive"
"BRANCHED-CHAIN-AA-SYN-PWY","PWY-5189",0.94298719772404,"Positive"
"BRANCHED-CHAIN-AA-SYN-PWY","PWY-5345",0.671351351351351,"Positive"
"BRANCHED-CHAIN-AA-SYN-PWY","PWY-5347",0.706031294452347,"Positive"
"BRANCHED-CHAIN-AA-SYN-PWY","PWY-5484",0.737325746799431,"Positive"
"BRANCHED-CHAIN-AA-SYN-PWY","PWY-5509",0.746344238975818,"Positive"
"BRANCHED-CHAIN-AA-SYN-PWY","PWY-5659",0.834907539118065,"Positive"
"BRANCHED-CHAIN-AA-SYN-PWY","PWY-5667",0.871294452347084,"Positive"
"BRANCHED-CHAIN-AA-SYN-PWY","PWY-5686",0.865803698435277,"Positive"
"BRANCHED-CHAIN-AA-SYN-PWY","PWY-5845",-0.674310099573257,"Negative"
"BRANCHED-CHAIN-AA-SYN-PWY","PWY-5850",-0.674310099573257,"Negative"
"BRANCHED-CHAIN-AA-SYN-PWY","PWY-5855",0.699687055476529,"Positive"
"BRANCHED-CHAIN-AA-SYN-PWY","PWY-5856",0.699687055476529,"Positive"
"BRANCHED-CHAIN-AA-SYN-PWY","PWY-5857",0.699687055476529,"Positive"
"BRANCHED-CHAIN-AA-SYN-PWY","PWY-5860",-0.679288762446657,"Negative"
"BRANCHED-CHAIN-AA-SYN-PWY","PWY-5862",-0.679288762446657,"Negative"
"BRANCHED-CHAIN-AA-SYN-PWY","PWY-5896",-0.674310099573257,"Negative"
"BRANCHED-CHAIN-AA-SYN-PWY","PWY-5910",0.612972972972973,"Positive"
"BRANCHED-CHAIN-AA-SYN-PWY","PWY-5913",0.808136557610242,"Positive"
"BRANCHED-CHAIN-AA-SYN-PWY","PWY-5920",0.67601706970128,"Positive"
"BRANCHED-CHAIN-AA-SYN-PWY","PWY-5973",0.92076813655761,"Positive"
"BRANCHED-CHAIN-AA-SYN-PWY","PWY-6121",0.904295874822191,"Positive"
"BRANCHED-CHAIN-AA-SYN-PWY","PWY-6122",0.901479374110953,"Positive"
"BRANCHED-CHAIN-AA-SYN-PWY","PWY-6123",0.899943100995733,"Positive"
"BRANCHED-CHAIN-AA-SYN-PWY","PWY-6125",0.866230440967283,"Positive"
"BRANCHED-CHAIN-AA-SYN-PWY","PWY-6126",0.848108108108108,"Positive"
"BRANCHED-CHAIN-AA-SYN-PWY","PWY-6147",0.959544807965861,"Positive"
"BRANCHED-CHAIN-AA-SYN-PWY","PWY-6151",0.719374110953058,"Positive"
"BRANCHED-CHAIN-AA-SYN-PWY","PWY-6163",0.937098150782361,"Positive"
"BRANCHED-CHAIN-AA-SYN-PWY","PWY-6269",0.744779516358464,"Positive"
"BRANCHED-CHAIN-AA-SYN-PWY","PWY-6277",0.901479374110953,"Positive"
"BRANCHED-CHAIN-AA-SYN-PWY","PWY-6317",0.71172119487909,"Positive"
"BRANCHED-CHAIN-AA-SYN-PWY","PWY-6385",0.852375533428165,"Positive"
"BRANCHED-CHAIN-AA-SYN-PWY","PWY-6386",0.855448079658606,"Positive"
"BRANCHED-CHAIN-AA-SYN-PWY","PWY-6387",0.850327169274538,"Positive"
"BRANCHED-CHAIN-AA-SYN-PWY","PWY-6467",0.78398293029872,"Positive"
"BRANCHED-CHAIN-AA-SYN-PWY","PWY-6471",0.737211948790896,"Positive"
"BRANCHED-CHAIN-AA-SYN-PWY","PWY-6545",0.736273115220484,"Positive"
"BRANCHED-CHAIN-AA-SYN-PWY","PWY-6700",0.863812233285917,"Positive"
"BRANCHED-CHAIN-AA-SYN-PWY","PWY-6703",0.798662873399716,"Positive"
"BRANCHED-CHAIN-AA-SYN-PWY","PWY-6708",0.699687055476529,"Positive"
"BRANCHED-CHAIN-AA-SYN-PWY","PWY-6897",0.890128022759602,"Positive"
"BRANCHED-CHAIN-AA-SYN-PWY","PWY-7111",0.991891891891892,"Positive"
"BRANCHED-CHAIN-AA-SYN-PWY","PWY-7184",0.818293029871977,"Positive"
"BRANCHED-CHAIN-AA-SYN-PWY","PWY-7187",0.830583214793741,"Positive"
"BRANCHED-CHAIN-AA-SYN-PWY","PWY-7197",0.881479374110953,"Positive"
"BRANCHED-CHAIN-AA-SYN-PWY","PWY-7208",0.837638691322902,"Positive"
"BRANCHED-CHAIN-AA-SYN-PWY","PWY-7211",0.75203413940256,"Positive"
"BRANCHED-CHAIN-AA-SYN-PWY","PWY-7219",0.860056899004267,"Positive"
"BRANCHED-CHAIN-AA-SYN-PWY","PWY-7220",0.807908961593172,"Positive"
"BRANCHED-CHAIN-AA-SYN-PWY","PWY-7221",0.848876244665718,"Positive"
"BRANCHED-CHAIN-AA-SYN-PWY","PWY-7222",0.807908961593172,"Positive"
"BRANCHED-CHAIN-AA-SYN-PWY","PWY-7228",0.882930298719772,"Positive"
"BRANCHED-CHAIN-AA-SYN-PWY","PWY-7229",0.870810810810811,"Positive"
"BRANCHED-CHAIN-AA-SYN-PWY","PWY-7234",0.835078236130868,"Positive"
"BRANCHED-CHAIN-AA-SYN-PWY","PWY-7242",-0.621137980085348,"Negative"
"BRANCHED-CHAIN-AA-SYN-PWY","PWY-7315",-0.700711237553343,"Negative"
"BRANCHED-CHAIN-AA-SYN-PWY","PWY-7328",0.688022759601707,"Positive"
"BRANCHED-CHAIN-AA-SYN-PWY","PWY-7392",0.784551920341394,"Positive"
"BRANCHED-CHAIN-AA-SYN-PWY","PWY-7400",0.948051209103841,"Positive"
"BRANCHED-CHAIN-AA-SYN-PWY","PWY-7539",0.968165007112376,"Positive"
"BRANCHED-CHAIN-AA-SYN-PWY","PWY-7560",0.795903271692745,"Positive"
"BRANCHED-CHAIN-AA-SYN-PWY","PWY-7663",0.888335704125178,"Positive"
"BRANCHED-CHAIN-AA-SYN-PWY","PWY-841",0.892318634423898,"Positive"
"BRANCHED-CHAIN-AA-SYN-PWY","PWY0-1319",0.871294452347084,"Positive"
"BRANCHED-CHAIN-AA-SYN-PWY","PWY0-1338",-0.676586059743954,"Negative"
"BRANCHED-CHAIN-AA-SYN-PWY","PWY0-1533",-0.725263157894737,"Negative"
"BRANCHED-CHAIN-AA-SYN-PWY","PWY0-1586",0.686543385490754,"Positive"
"BRANCHED-CHAIN-AA-SYN-PWY","PWY0-162",0.889985775248933,"Positive"
"BRANCHED-CHAIN-AA-SYN-PWY","PWY0-166",0.83977240398293,"Positive"
"BRANCHED-CHAIN-AA-SYN-PWY","PWY0-781",0.669217638691323,"Positive"
"BRANCHED-CHAIN-AA-SYN-PWY","PWY4FS-7",0.829246088193457,"Positive"
"BRANCHED-CHAIN-AA-SYN-PWY","PWY4FS-8",0.829246088193457,"Positive"
"BRANCHED-CHAIN-AA-SYN-PWY","PYRIDNUCSAL-PWY",0.867652916073969,"Positive"
"BRANCHED-CHAIN-AA-SYN-PWY","PYRIDNUCSYN-PWY",0.680967283072546,"Positive"
"BRANCHED-CHAIN-AA-SYN-PWY","RIBOSYN2-PWY",0.962446657183499,"Positive"
"BRANCHED-CHAIN-AA-SYN-PWY","SER-GLYSYN-PWY",0.963584637268848,"Positive"
"BRANCHED-CHAIN-AA-SYN-PWY","SO4ASSIM-PWY",0.683100995732575,"Positive"
"BRANCHED-CHAIN-AA-SYN-PWY","SULFATE-CYS-PWY",0.718719772403983,"Positive"
"BRANCHED-CHAIN-AA-SYN-PWY","THRESYN-PWY",0.937923186344239,"Positive"
"BRANCHED-CHAIN-AA-SYN-PWY","TRNA-CHARGING-PWY",0.846799431009957,"Positive"
"BRANCHED-CHAIN-AA-SYN-PWY","TRPSYN-PWY",0.969132290184922,"Positive"
"BRANCHED-CHAIN-AA-SYN-PWY","UDPNAGSYN-PWY",0.858349928876245,"Positive"
"BRANCHED-CHAIN-AA-SYN-PWY","VALSYN-PWY",0.994850640113798,"Positive"
"CALVIN-PWY","COA-PWY",0.914879089615932,"Positive"
"CALVIN-PWY","COBALSYN-PWY",0.703186344238976,"Positive"
"CALVIN-PWY","COMPLETE-ARO-PWY",0.943499288762447,"Positive"
"CALVIN-PWY","DAPLYSINESYN-PWY",0.852802275960171,"Positive"
"CALVIN-PWY","DENOVOPURINE2-PWY",0.864950213371266,"Positive"
"CALVIN-PWY","DTDPRHAMSYN-PWY",0.957069701280228,"Positive"
"CALVIN-PWY","ECASYN-PWY",-0.668620199146515,"Negative"
"CALVIN-PWY","FAO-PWY",-0.654224751066856,"Negative"
"CALVIN-PWY","FASYN-ELONG-PWY",0.835590327169275,"Positive"
"CALVIN-PWY","GALACT-GLUCUROCAT-PWY",-0.747027027027027,"Negative"
"CALVIN-PWY","GALACTUROCAT-PWY",-0.728762446657183,"Negative"
"CALVIN-PWY","GLUCUROCAT-PWY",-0.662674253200569,"Negative"
"CALVIN-PWY","GLUTORN-PWY",0.85877667140825,"Positive"
"CALVIN-PWY","GLYCOLYSIS",0.838492176386913,"Positive"
"CALVIN-PWY","HEME-BIOSYNTHESIS-II",0.64597439544808,"Positive"
"CALVIN-PWY","HEMESYN2-PWY",0.646145092460882,"Positive"
"CALVIN-PWY","HISTSYN-PWY",0.934082503556188,"Positive"
"CALVIN-PWY","HOMOSER-METSYN-PWY",0.646315789473684,"Positive"
"CALVIN-PWY","HSERMETANA-PWY",0.741280227596017,"Positive"
"CALVIN-PWY","ILEUSYN-PWY",0.951123755334282,"Positive"
"CALVIN-PWY","MET-SAM-PWY",0.691009957325747,"Positive"
"CALVIN-PWY","NAGLIPASYN-PWY",0.653229018492176,"Positive"
"CALVIN-PWY","NONMEVIPP-PWY",0.745177809388336,"Positive"
"CALVIN-PWY","NONOXIPENT-PWY",0.936273115220484,"Positive"
"CALVIN-PWY","OANTIGEN-PWY",0.973712660028449,"Positive"
"CALVIN-PWY","P122-PWY",0.800483641536273,"Positive"
"CALVIN-PWY","P124-PWY",0.771664295874822,"Positive"
"CALVIN-PWY","P161-PWY",0.738264580369844,"Positive"
"CALVIN-PWY","P4-PWY",0.750839260312945,"Positive"
"CALVIN-PWY","PANTO-PWY",0.687795163584637,"Positive"
"CALVIN-PWY","PANTOSYN-PWY",0.708364153627312,"Positive"
"CALVIN-PWY","PENTOSE-P-PWY",0.874167852062589,"Positive"
"CALVIN-PWY","PEPTIDOGLYCANSYN-PWY",0.903129445234708,"Positive"
"CALVIN-PWY","PHOSLIPSYN-PWY",0.899743954480797,"Positive"
"CALVIN-PWY","POLYAMSYN-PWY",-0.609644381223329,"Negative"
"CALVIN-PWY","POLYISOPRENSYN-PWY",0.891749644381223,"Positive"
"CALVIN-PWY","PWY-1269",0.734054054054054,"Positive"
"CALVIN-PWY","PWY-2941",0.691920341394026,"Positive"
"CALVIN-PWY","PWY-2942",0.930981507823613,"Positive"
"CALVIN-PWY","PWY-3001",0.961678520625889,"Positive"
"CALVIN-PWY","PWY-5097",0.925547652916074,"Positive"
"CALVIN-PWY","PWY-5100",0.828449502133713,"Positive"
"CALVIN-PWY","PWY-5101",0.947652916073969,"Positive"
"CALVIN-PWY","PWY-5103",0.951778093883357,"Positive"
"CALVIN-PWY","PWY-5121",0.763669985775249,"Positive"
"CALVIN-PWY","PWY-5189",0.884893314366999,"Positive"
"CALVIN-PWY","PWY-5345",0.612176386913229,"Positive"
"CALVIN-PWY","PWY-5347",0.680085348506401,"Positive"
"CALVIN-PWY","PWY-5484",0.825718349928876,"Positive"
"CALVIN-PWY","PWY-5505",-0.612972972972973,"Negative"
"CALVIN-PWY","PWY-5509",0.70054054054054,"Positive"
"CALVIN-PWY","PWY-5659",0.80375533428165,"Positive"
"CALVIN-PWY","PWY-5667",0.914338549075391,"Positive"
"CALVIN-PWY","PWY-5686",0.911749644381223,"Positive"
"CALVIN-PWY","PWY-5845",-0.677866287339972,"Negative"
"CALVIN-PWY","PWY-5850",-0.677866287339972,"Negative"
"CALVIN-PWY","PWY-5855",0.644893314366999,"Positive"
"CALVIN-PWY","PWY-5856",0.644893314366999,"Positive"
"CALVIN-PWY","PWY-5857",0.644893314366999,"Positive"
"CALVIN-PWY","PWY-5860",-0.682873399715505,"Negative"
"CALVIN-PWY","PWY-5862",-0.682873399715505,"Negative"
"CALVIN-PWY","PWY-5896",-0.677866287339972,"Negative"
"CALVIN-PWY","PWY-5910",0.709843527738265,"Positive"
"CALVIN-PWY","PWY-5913",0.742816500711238,"Positive"
"CALVIN-PWY","PWY-5920",0.604665718349929,"Positive"
"CALVIN-PWY","PWY-5973",0.911066856330014,"Positive"
"CALVIN-PWY","PWY-6121",0.919431009957326,"Positive"
"CALVIN-PWY","PWY-6122",0.916842105263158,"Positive"
"CALVIN-PWY","PWY-6123",0.919516358463727,"Positive"
"CALVIN-PWY","PWY-6125",0.838918918918919,"Positive"
"CALVIN-PWY","PWY-6126",0.889416785206259,"Positive"
"CALVIN-PWY","PWY-6147",0.90099573257468,"Positive"
"CALVIN-PWY","PWY-6151",0.770213371266003,"Positive"
"CALVIN-PWY","PWY-6163",0.942702702702703,"Positive"
"CALVIN-PWY","PWY-6269",0.699203413940256,"Positive"
"CALVIN-PWY","PWY-6277",0.916842105263158,"Positive"
"CALVIN-PWY","PWY-6317",0.759573257467994,"Positive"
"CALVIN-PWY","PWY-6385",0.901934566145092,"Positive"
"CALVIN-PWY","PWY-6386",0.904068278805121,"Positive"
"CALVIN-PWY","PWY-6387",0.899829302987198,"Positive"
"CALVIN-PWY","PWY-6467",0.732091038406828,"Positive"
"CALVIN-PWY","PWY-6471",0.813399715504979,"Positive"
"CALVIN-PWY","PWY-6545",0.670924608819346,"Positive"
"CALVIN-PWY","PWY-6700",0.807425320056899,"Positive"
"CALVIN-PWY","PWY-6703",0.739715504978663,"Positive"
"CALVIN-PWY","PWY-6708",0.644893314366999,"Positive"
"CALVIN-PWY","PWY-6897",0.908193456614509,"Positive"
"CALVIN-PWY","PWY-7111",0.948051209103841,"Positive"
"CALVIN-PWY","PWY-7184",0.793826458036984,"Positive"
"CALVIN-PWY","PWY-7187",0.834452347083926,"Positive"
"CALVIN-PWY","PWY-7197",0.847652916073969,"Positive"
"CALVIN-PWY","PWY-7208",0.89226173541963,"Positive"
"CALVIN-PWY","PWY-7211",0.720568990042674,"Positive"
"CALVIN-PWY","PWY-7219",0.90728307254623,"Positive"
"CALVIN-PWY","PWY-7220",0.848790896159317,"Positive"
"CALVIN-PWY","PWY-7221",0.899715504978663,"Positive"
"CALVIN-PWY","PWY-7222",0.848790896159317,"Positive"
"CALVIN-PWY","PWY-7228",0.853086770981508,"Positive"
"CALVIN-PWY","PWY-7229",0.913086770981508,"Positive"
"CALVIN-PWY","PWY-7234",0.853513513513514,"Positive"
"CALVIN-PWY","PWY-7242",-0.610839260312945,"Negative"
"CALVIN-PWY","PWY-7315",-0.686913229018492,"Negative"
"CALVIN-PWY","PWY-7328",0.638605974395448,"Positive"
"CALVIN-PWY","PWY-7392",0.76,"Positive"
"CALVIN-PWY","PWY-7400",0.921706970128023,"Positive"
"CALVIN-PWY","PWY-7539",0.910440967283073,"Positive"
"CALVIN-PWY","PWY-7560",0.745177809388336,"Positive"
"CALVIN-PWY","PWY-7663",0.898179231863442,"Positive"
"CALVIN-PWY","PWY-841",0.861422475106686,"Positive"
"CALVIN-PWY","PWY-922",0.680682788051209,"Positive"
"CALVIN-PWY","PWY0-1319",0.914338549075391,"Positive"
"CALVIN-PWY","PWY0-1338",-0.678036984352774,"Negative"
"CALVIN-PWY","PWY0-1533",-0.724694167852063,"Negative"
"CALVIN-PWY","PWY0-1586",0.767482219061166,"Positive"
"CALVIN-PWY","PWY0-162",0.869132290184922,"Positive"
"CALVIN-PWY","PWY0-166",0.835704125177809,"Positive"
"CALVIN-PWY","PWY0-781",0.610981507823613,"Positive"
"CALVIN-PWY","PWY0-845",-0.612802275960171,"Negative"
"CALVIN-PWY","PWY4FS-7",0.882332859174964,"Positive"
"CALVIN-PWY","PWY4FS-8",0.882332859174964,"Positive"
"CALVIN-PWY","PYRIDNUCSAL-PWY",0.80927453769559,"Positive"
"CALVIN-PWY","PYRIDNUCSYN-PWY",0.62927453769559,"Positive"
"CALVIN-PWY","PYRIDOXSYN-PWY",-0.638577524893314,"Negative"
"CALVIN-PWY","RIBOSYN2-PWY",0.925490753911807,"Positive"
"CALVIN-PWY","SER-GLYSYN-PWY",0.925490753911807,"Positive"
"CALVIN-PWY","SO4ASSIM-PWY",0.631920341394026,"Positive"
"CALVIN-PWY","SULFATE-CYS-PWY",0.662247510668563,"Positive"
"CALVIN-PWY","THRESYN-PWY",0.938179231863442,"Positive"
"CALVIN-PWY","TRNA-CHARGING-PWY",0.849758179231863,"Positive"
"CALVIN-PWY","TRPSYN-PWY",0.911322901849218,"Positive"
"CALVIN-PWY","UDPNAGSYN-PWY",0.904267425320057,"Positive"
"CALVIN-PWY","VALSYN-PWY",0.951123755334282,"Positive"
"CATECHOL-ORTHO-CLEAVAGE-PWY","DENITRIFICATION-PWY",0.652176386913229,"Positive"
"CATECHOL-ORTHO-CLEAVAGE-PWY","P281-PWY",0.742560455192034,"Positive"
"CATECHOL-ORTHO-CLEAVAGE-PWY","PWY-5417",0.99877667140825,"Positive"
"CATECHOL-ORTHO-CLEAVAGE-PWY","PWY-5431",0.99877667140825,"Positive"
"CATECHOL-ORTHO-CLEAVAGE-PWY","PWY-6182",0.917382645803698,"Positive"
"CATECHOL-ORTHO-CLEAVAGE-PWY","PWY-6185",0.767311522048364,"Positive"
"CENTFERM-PWY","PWY-5507",0.68352773826458,"Positive"
"CENTFERM-PWY","PWY-6590",0.99977240398293,"Positive"
"COA-PWY","COBALSYN-PWY",0.685064011379801,"Positive"
"COA-PWY","COMPLETE-ARO-PWY",0.887937411095306,"Positive"
"COA-PWY","DAPLYSINESYN-PWY",0.841137980085348,"Positive"
"COA-PWY","DENOVOPURINE2-PWY",0.888364153627311,"Positive"
"COA-PWY","DTDPRHAMSYN-PWY",0.843926031294452,"Positive"
"COA-PWY","ECASYN-PWY",-0.729871977240398,"Negative"
"COA-PWY","FAO-PWY",-0.649758179231863,"Negative"
"COA-PWY","FASYN-ELONG-PWY",0.836529160739687,"Positive"
"COA-PWY","GALACT-GLUCUROCAT-PWY",-0.695704125177809,"Negative"
"COA-PWY","GALACTUROCAT-PWY",-0.688620199146515,"Negative"
"COA-PWY","GLUCONEO-PWY",0.610753911806543,"Positive"
"COA-PWY","GLUCUROCAT-PWY",-0.630953058321479,"Negative"
"COA-PWY","GLUTORN-PWY",0.730611664295875,"Positive"
"COA-PWY","GLYCOLYSIS",0.949302987197724,"Positive"
"COA-PWY","HISTSYN-PWY",0.845320056899004,"Positive"
"COA-PWY","HOMOSER-METSYN-PWY",0.697581792318634,"Positive"
"COA-PWY","ILEUSYN-PWY",0.864438122332859,"Positive"
"COA-PWY","KDO-NAGLIPASYN-PWY",-0.653570412517781,"Negative"
"COA-PWY","MET-SAM-PWY",0.748933143669986,"Positive"
"COA-PWY","NONOXIPENT-PWY",0.918947368421053,"Positive"
"COA-PWY","OANTIGEN-PWY",0.922645803698435,"Positive"
"COA-PWY","P122-PWY",0.944125177809388,"Positive"
"COA-PWY","P124-PWY",0.92574679943101,"Positive"
"COA-PWY","P161-PWY",0.902162162162162,"Positive"
"COA-PWY","P4-PWY",0.627652916073969,"Positive"
"COA-PWY","PENTOSE-P-PWY",0.899687055476529,"Positive"
"COA-PWY","PEPTIDOGLYCANSYN-PWY",0.997980085348506,"Positive"
"COA-PWY","PHOSLIPSYN-PWY",0.994708392603129,"Positive"
"COA-PWY","POLYAMSYN-PWY",-0.642788051209104,"Negative"
"COA-PWY","POLYISOPRENSYN-PWY",0.993001422475107,"Positive"
"COA-PWY","PWY-2941",0.778264580369843,"Positive"
"COA-PWY","PWY-2942",0.948961593172119,"Positive"
"COA-PWY","PWY-3001",0.915362731152205,"Positive"
"COA-PWY","PWY-5097",0.935561877667141,"Positive"
"COA-PWY","PWY-5100",0.958065433854907,"Positive"
"COA-PWY","PWY-5101",0.850611664295875,"Positive"
"COA-PWY","PWY-5103",0.85877667140825,"Positive"
"COA-PWY","PWY-5189",0.783669985775249,"Positive"
"COA-PWY","PWY-5484",0.943926031294452,"Positive"
"COA-PWY","PWY-5505",-0.602076813655761,"Negative"
"COA-PWY","PWY-5509",0.680085348506401,"Positive"
"COA-PWY","PWY-5659",0.647226173541963,"Positive"
"COA-PWY","PWY-5667",0.997126600284495,"Positive"
"COA-PWY","PWY-5686",0.997837837837838,"Positive"
"COA-PWY","PWY-5845",-0.721365576102418,"Negative"
"COA-PWY","PWY-5850",-0.721365576102418,"Negative"
"COA-PWY","PWY-5860",-0.726116642958748,"Negative"
"COA-PWY","PWY-5862",-0.726116642958748,"Negative"
"COA-PWY","PWY-5896",-0.721365576102418,"Negative"
"COA-PWY","PWY-5910",0.892176386913229,"Positive"
"COA-PWY","PWY-5973",0.919288762446657,"Positive"
"COA-PWY","PWY-6121",0.922048364153627,"Positive"
"COA-PWY","PWY-6122",0.921650071123755,"Positive"
"COA-PWY","PWY-6123",0.932802275960171,"Positive"
"COA-PWY","PWY-6125",0.841536273115221,"Positive"
"COA-PWY","PWY-6126",0.965661450924609,"Positive"
"COA-PWY","PWY-6147",0.790867709815078,"Positive"
"COA-PWY","PWY-6151",0.856529160739687,"Positive"
"COA-PWY","PWY-6163",0.889843527738265,"Positive"
"COA-PWY","PWY-621",0.73172119487909,"Positive"
"COA-PWY","PWY-6269",0.679089615931721,"Positive"
"COA-PWY","PWY-6277",0.921650071123755,"Positive"
"COA-PWY","PWY-6317",0.834224751066856,"Positive"
"COA-PWY","PWY-6385",0.997724039829303,"Positive"
"COA-PWY","PWY-6386",0.997866287339972,"Positive"
"COA-PWY","PWY-6387",0.997610241820768,"Positive"
"COA-PWY","PWY-6471",0.954423897581792,"Positive"
"COA-PWY","PWY-6507",-0.653741109530583,"Negative"
"COA-PWY","PWY-6609",0.663641536273115,"Positive"
"COA-PWY","PWY-6700",0.62651493598862,"Positive"
"COA-PWY","PWY-6897",0.913115220483642,"Positive"
"COA-PWY","PWY-7111",0.863954480796586,"Positive"
"COA-PWY","PWY-7184",0.801479374110953,"Positive"
"COA-PWY","PWY-7187",0.896301564722617,"Positive"
"COA-PWY","PWY-7197",0.834793741109531,"Positive"
"COA-PWY","PWY-7208",0.995675675675676,"Positive"
"COA-PWY","PWY-7211",0.611209103840683,"Positive"
"COA-PWY","PWY-7219",0.99823613086771,"Positive"
"COA-PWY","PWY-7220",0.907852062588905,"Positive"
"COA-PWY","PWY-7221",0.996756756756757,"Positive"
"COA-PWY","PWY-7222",0.907852062588905,"Positive"
"COA-PWY","PWY-7228",0.84850640113798,"Positive"
"COA-PWY","PWY-7229",0.992290184921764,"Positive"
"COA-PWY","PWY-7234",0.870298719772404,"Positive"
"COA-PWY","PWY-7315",-0.750668563300142,"Negative"
"COA-PWY","PWY-7400",0.86827880512091,"Positive"
"COA-PWY","PWY-7539",0.805177809388336,"Positive"
"COA-PWY","PWY-7663",0.922645803698435,"Positive"
"COA-PWY","PWY-841",0.859914651493599,"Positive"
"COA-PWY","PWY-922",0.871664295874822,"Positive"
"COA-PWY","PWY0-1296",0.642645803698435,"Positive"
"COA-PWY","PWY0-1297",0.669473684210526,"Positive"
"COA-PWY","PWY0-1298",0.605860597439545,"Positive"
"COA-PWY","PWY0-1319",0.997126600284495,"Positive"
"COA-PWY","PWY0-1338",-0.736586059743955,"Negative"
"COA-PWY","PWY0-1533",-0.647937411095306,"Negative"
"COA-PWY","PWY0-1586",0.922019914651494,"Positive"
"COA-PWY","PWY0-162",0.877183499288762,"Positive"
"COA-PWY","PWY0-166",0.878805120910384,"Positive"
"COA-PWY","PWY0-845",-0.63226173541963,"Negative"
"COA-PWY","PWY4FS-7",0.98796586059744,"Positive"
"COA-PWY","PWY4FS-8",0.98796586059744,"Positive"
"COA-PWY","PYRIDNUCSAL-PWY",0.681365576102418,"Positive"
"COA-PWY","PYRIDOXSYN-PWY",-0.65302987197724,"Negative"
"COA-PWY","RIBOSYN2-PWY",0.860739687055477,"Positive"
"COA-PWY","SER-GLYSYN-PWY",0.877098150782361,"Positive"
"COA-PWY","THRESYN-PWY",0.949331436699858,"Positive"
"COA-PWY","TRNA-CHARGING-PWY",0.854708392603129,"Positive"
"COA-PWY","TRPSYN-PWY",0.818890469416785,"Positive"
"COA-PWY","UDPNAGSYN-PWY",0.996102418207681,"Positive"
"COA-PWY","VALSYN-PWY",0.864438122332859,"Positive"
"COBALSYN-PWY","COMPLETE-ARO-PWY",0.721394025604552,"Positive"
"COBALSYN-PWY","DENOVOPURINE2-PWY",0.60827880512091,"Positive"
"COBALSYN-PWY","DTDPRHAMSYN-PWY",0.716443812233286,"Positive"
"COBALSYN-PWY","ECASYN-PWY",-0.625661450924609,"Negative"
"COBALSYN-PWY","FASYN-ELONG-PWY",0.66972972972973,"Positive"
"COBALSYN-PWY","GLUTORN-PWY",0.614537695590327,"Positive"
"COBALSYN-PWY","HISTSYN-PWY",0.751749644381223,"Positive"
"COBALSYN-PWY","HOMOSER-METSYN-PWY",0.729075391180654,"Positive"
"COBALSYN-PWY","ILEUSYN-PWY",0.733684210526316,"Positive"
"COBALSYN-PWY","MET-SAM-PWY",0.759459459459459,"Positive"
"COBALSYN-PWY","NONOXIPENT-PWY",0.778634423897582,"Positive"
"COBALSYN-PWY","OANTIGEN-PWY",0.718264580369844,"Positive"
"COBALSYN-PWY","P4-PWY",0.651009957325747,"Positive"
"COBALSYN-PWY","PENTOSE-P-PWY",0.69800853485064,"Positive"
"COBALSYN-PWY","PEPTIDOGLYCANSYN-PWY",0.685291607396871,"Positive"
"COBALSYN-PWY","PHOSLIPSYN-PWY",0.681137980085349,"Positive"
"COBALSYN-PWY","POLYISOPRENSYN-PWY",0.684495021337127,"Positive"
"COBALSYN-PWY","PWY-2942",0.694110953058321,"Positive"
"COBALSYN-PWY","PWY-3001",0.75271692745377,"Positive"
"COBALSYN-PWY","PWY-5028",-0.60275960170697,"Negative"
"COBALSYN-PWY","PWY-5097",0.692688477951636,"Positive"
"COBALSYN-PWY","PWY-5100",0.624039829302987,"Positive"
"COBALSYN-PWY","PWY-5101",0.730896159317212,"Positive"
"COBALSYN-PWY","PWY-5103",0.750981507823613,"Positive"
"COBALSYN-PWY","PWY-5189",0.709132290184922,"Positive"
"COBALSYN-PWY","PWY-5347",0.657894736842105,"Positive"
"COBALSYN-PWY","PWY-5509",0.999374110953058,"Positive"
"COBALSYN-PWY","PWY-5667",0.698890469416785,"Positive"
"COBALSYN-PWY","PWY-5686",0.694224751066856,"Positive"
"COBALSYN-PWY","PWY-5973",0.745490753911807,"Positive"
"COBALSYN-PWY","PWY-6121",0.694054054054054,"Positive"
"COBALSYN-PWY","PWY-6122",0.695192034139403,"Positive"
"COBALSYN-PWY","PWY-6123",0.692802275960171,"Positive"
"COBALSYN-PWY","PWY-6125",0.602475106685633,"Positive"
"COBALSYN-PWY","PWY-6126",0.669416785206259,"Positive"
"COBALSYN-PWY","PWY-6147",0.726002844950213,"Positive"
"COBALSYN-PWY","PWY-6163",0.698862019914651,"Positive"
"COBALSYN-PWY","PWY-6269",0.999317211948791,"Positive"
"COBALSYN-PWY","PWY-6277",0.695192034139403,"Positive"
"COBALSYN-PWY","PWY-6385",0.685206258890469,"Positive"
"COBALSYN-PWY","PWY-6386",0.687908961593172,"Positive"
"COBALSYN-PWY","PWY-6387",0.684324324324324,"Positive"
"COBALSYN-PWY","PWY-6897",0.693598862019915,"Positive"
"COBALSYN-PWY","PWY-7111",0.727226173541963,"Positive"
"COBALSYN-PWY","PWY-7197",0.631635846372688,"Positive"
"COBALSYN-PWY","PWY-7208",0.671578947368421,"Positive"
"COBALSYN-PWY","PWY-7219",0.688307254623044,"Positive"
"COBALSYN-PWY","PWY-7220",0.637496443812233,"Positive"
"COBALSYN-PWY","PWY-7221",0.671180654338549,"Positive"
"COBALSYN-PWY","PWY-7222",0.637496443812233,"Positive"
"COBALSYN-PWY","PWY-7228",0.622731152204836,"Positive"
"COBALSYN-PWY","PWY-7229",0.694992887624467,"Positive"
"COBALSYN-PWY","PWY-7234",0.624381223328592,"Positive"
"COBALSYN-PWY","PWY-7315",-0.6425320056899,"Negative"
"COBALSYN-PWY","PWY-7400",0.661877667140825,"Positive"
"COBALSYN-PWY","PWY-7539",0.730184921763869,"Positive"
"COBALSYN-PWY","PWY-7663",0.750440967283073,"Positive"
"COBALSYN-PWY","PWY-841",0.628591749644381,"Positive"
"COBALSYN-PWY","PWY0-1319",0.698890469416785,"Positive"
"COBALSYN-PWY","PWY0-1338",-0.634907539118065,"Negative"
"COBALSYN-PWY","PWY0-162",0.637610241820768,"Positive"
"COBALSYN-PWY","PWY4FS-7",0.653798008534851,"Positive"
"COBALSYN-PWY","PWY4FS-8",0.653798008534851,"Positive"
"COBALSYN-PWY","PYRIDNUCSAL-PWY",0.657411095305832,"Positive"
"COBALSYN-PWY","RIBOSYN2-PWY",0.75149359886202,"Positive"
"COBALSYN-PWY","SER-GLYSYN-PWY",0.769416785206259,"Positive"
"COBALSYN-PWY","THRESYN-PWY",0.731465149359886,"Positive"
"COBALSYN-PWY","TRPSYN-PWY",0.734423897581792,"Positive"
"COBALSYN-PWY","UDPNAGSYN-PWY",0.687311522048364,"Positive"
"COBALSYN-PWY","VALSYN-PWY",0.733684210526316,"Positive"
"COLANSYN-PWY","HISDEG-PWY",0.685376955903272,"Positive"
"COLANSYN-PWY","POLYAMINSYN3-PWY",0.815931721194879,"Positive"
"COLANSYN-PWY","PWY-7323",0.93072546230441,"Positive"
"COMPLETE-ARO-PWY","DAPLYSINESYN-PWY",0.869445234708393,"Positive"
"COMPLETE-ARO-PWY","DENOVOPURINE2-PWY",0.869246088193457,"Positive"
"COMPLETE-ARO-PWY","DTDPRHAMSYN-PWY",0.931664295874822,"Positive"
"COMPLETE-ARO-PWY","ECASYN-PWY",-0.710554765291607,"Negative"
"COMPLETE-ARO-PWY","FAO-PWY",-0.618634423897582,"Negative"
"COMPLETE-ARO-PWY","FASYN-ELONG-PWY",0.846145092460882,"Positive"
"COMPLETE-ARO-PWY","GALACT-GLUCUROCAT-PWY",-0.687140825035562,"Negative"
"COMPLETE-ARO-PWY","GALACTUROCAT-PWY",-0.679032716927454,"Negative"
"COMPLETE-ARO-PWY","GLUCUROCAT-PWY",-0.620284495021337,"Negative"
"COMPLETE-ARO-PWY","GLUTORN-PWY",0.868136557610242,"Positive"
"COMPLETE-ARO-PWY","GLYCOLYSIS",0.780170697012802,"Positive"
"COMPLETE-ARO-PWY","HEME-BIOSYNTHESIS-II",0.622930298719772,"Positive"
"COMPLETE-ARO-PWY","HEMESYN2-PWY",0.620540540540541,"Positive"
"COMPLETE-ARO-PWY","HISDEG-PWY",-0.620881934566145,"Negative"
"COMPLETE-ARO-PWY","HISTSYN-PWY",0.971692745376956,"Positive"
"COMPLETE-ARO-PWY","HOMOSER-METSYN-PWY",0.689246088193457,"Positive"
"COMPLETE-ARO-PWY","HSERMETANA-PWY",0.709843527738265,"Positive"
"COMPLETE-ARO-PWY","ILEUSYN-PWY",0.973598862019915,"Positive"
"COMPLETE-ARO-PWY","MET-SAM-PWY",0.725547652916074,"Positive"
"COMPLETE-ARO-PWY","NAGLIPASYN-PWY",0.614992887624467,"Positive"
"COMPLETE-ARO-PWY","NONMEVIPP-PWY",0.701963015647226,"Positive"
"COMPLETE-ARO-PWY","NONOXIPENT-PWY",0.923613086770982,"Positive"
"COMPLETE-ARO-PWY","OANTIGEN-PWY",0.944665718349929,"Positive"
"COMPLETE-ARO-PWY","P122-PWY",0.767055476529161,"Positive"
"COMPLETE-ARO-PWY","P124-PWY",0.740881934566145,"Positive"
"COMPLETE-ARO-PWY","P161-PWY",0.69977240398293,"Positive"
"COMPLETE-ARO-PWY","P4-PWY",0.740512091038407,"Positive"
"COMPLETE-ARO-PWY","PANTO-PWY",0.637411095305832,"Positive"
"COMPLETE-ARO-PWY","PANTOSYN-PWY",0.65923186344239,"Positive"
"COMPLETE-ARO-PWY","PENTOSE-P-PWY",0.869672830725462,"Positive"
"COMPLETE-ARO-PWY","PEPTIDOGLYCANSYN-PWY",0.882076813655761,"Positive"
"COMPLETE-ARO-PWY","PHOSLIPSYN-PWY",0.88475106685633,"Positive"
"COMPLETE-ARO-PWY","POLYAMSYN-PWY",-0.664039829302987,"Negative"
"COMPLETE-ARO-PWY","POLYISOPRENSYN-PWY",0.870924608819346,"Positive"
"COMPLETE-ARO-PWY","PWY-1269",0.695049786628734,"Positive"
"COMPLETE-ARO-PWY","PWY-2941",0.738605974395448,"Positive"
"COMPLETE-ARO-PWY","PWY-2942",0.943897581792319,"Positive"
"COMPLETE-ARO-PWY","PWY-3001",0.975448079658606,"Positive"
"COMPLETE-ARO-PWY","PWY-5097",0.935362731152205,"Positive"
"COMPLETE-ARO-PWY","PWY-5100",0.806201991465149,"Positive"
"COMPLETE-ARO-PWY","PWY-5101",0.96475106685633,"Positive"
"COMPLETE-ARO-PWY","PWY-5103",0.963300142247511,"Positive"
"COMPLETE-ARO-PWY","PWY-5121",0.708563300142248,"Positive"
"COMPLETE-ARO-PWY","PWY-5189",0.907880512091038,"Positive"
"COMPLETE-ARO-PWY","PWY-5347",0.669786628733997,"Positive"
"COMPLETE-ARO-PWY","PWY-5484",0.768307254623044,"Positive"
"COMPLETE-ARO-PWY","PWY-5509",0.720398293029872,"Positive"
"COMPLETE-ARO-PWY","PWY-5659",0.738549075391181,"Positive"
"COMPLETE-ARO-PWY","PWY-5667",0.894110953058321,"Positive"
"COMPLETE-ARO-PWY","PWY-5686",0.884779516358464,"Positive"
"COMPLETE-ARO-PWY","PWY-5845",-0.712290184921764,"Negative"
"COMPLETE-ARO-PWY","PWY-5850",-0.712290184921764,"Negative"
"COMPLETE-ARO-PWY","PWY-5855",0.629530583214794,"Positive"
"COMPLETE-ARO-PWY","PWY-5856",0.629530583214794,"Positive"
"COMPLETE-ARO-PWY","PWY-5857",0.629530583214794,"Positive"
"COMPLETE-ARO-PWY","PWY-5860",-0.716386913229018,"Negative"
"COMPLETE-ARO-PWY","PWY-5862",-0.716386913229018,"Negative"
"COMPLETE-ARO-PWY","PWY-5896",-0.712290184921764,"Negative"
"COMPLETE-ARO-PWY","PWY-5910",0.673541963015647,"Positive"
"COMPLETE-ARO-PWY","PWY-5913",0.726884779516358,"Positive"
"COMPLETE-ARO-PWY","PWY-5973",0.929132290184922,"Positive"
"COMPLETE-ARO-PWY","PWY-6121",0.940113798008535,"Positive"
"COMPLETE-ARO-PWY","PWY-6122",0.938435277382646,"Positive"
"COMPLETE-ARO-PWY","PWY-6123",0.940056899004267,"Positive"
"COMPLETE-ARO-PWY","PWY-6125",0.826059743954481,"Positive"
"COMPLETE-ARO-PWY","PWY-6126",0.882190611664296,"Positive"
"COMPLETE-ARO-PWY","PWY-6147",0.924039829302987,"Positive"
"COMPLETE-ARO-PWY","PWY-6151",0.784807965860597,"Positive"
"COMPLETE-ARO-PWY","PWY-6163",0.983556187766714,"Positive"
"COMPLETE-ARO-PWY","PWY-6269",0.718833570412518,"Positive"
"COMPLETE-ARO-PWY","PWY-6277",0.938435277382646,"Positive"
"COMPLETE-ARO-PWY","PWY-6317",0.768990042674253,"Positive"
"COMPLETE-ARO-PWY","PWY-6385",0.881650071123755,"Positive"
"COMPLETE-ARO-PWY","PWY-6386",0.885177809388336,"Positive"
"COMPLETE-ARO-PWY","PWY-6387",0.879829302987198,"Positive"
"COMPLETE-ARO-PWY","PWY-6467",0.691465149359886,"Positive"
"COMPLETE-ARO-PWY","PWY-6471",0.781963015647226,"Positive"
"COMPLETE-ARO-PWY","PWY-6545",0.617183499288762,"Positive"
"COMPLETE-ARO-PWY","PWY-6700",0.783812233285918,"Positive"
"COMPLETE-ARO-PWY","PWY-6703",0.710640113798009,"Positive"
"COMPLETE-ARO-PWY","PWY-6708",0.629530583214794,"Positive"
"COMPLETE-ARO-PWY","PWY-6897",0.918264580369843,"Positive"
"COMPLETE-ARO-PWY","PWY-7111",0.972745376955903,"Positive"
"COMPLETE-ARO-PWY","PWY-7184",0.778435277382646,"Positive"
"COMPLETE-ARO-PWY","PWY-7187",0.815049786628734,"Positive"
"COMPLETE-ARO-PWY","PWY-7197",0.832290184921764,"Positive"
"COMPLETE-ARO-PWY","PWY-7208",0.865917496443812,"Positive"
"COMPLETE-ARO-PWY","PWY-7211",0.687709815078236,"Positive"
"COMPLETE-ARO-PWY","PWY-7219",0.884409672830725,"Positive"
"COMPLETE-ARO-PWY","PWY-7220",0.851977240398293,"Positive"
"COMPLETE-ARO-PWY","PWY-7221",0.877297297297297,"Positive"
"COMPLETE-ARO-PWY","PWY-7222",0.851977240398293,"Positive"
"COMPLETE-ARO-PWY","PWY-7228",0.840654338549075,"Positive"
"COMPLETE-ARO-PWY","PWY-7229",0.904039829302987,"Positive"
"COMPLETE-ARO-PWY","PWY-7234",0.878122332859175,"Positive"
"COMPLETE-ARO-PWY","PWY-7315",-0.732916073968706,"Negative"
"COMPLETE-ARO-PWY","PWY-7392",0.704068278805121,"Positive"
"COMPLETE-ARO-PWY","PWY-7400",0.943129445234708,"Positive"
"COMPLETE-ARO-PWY","PWY-7539",0.936927453769559,"Positive"
"COMPLETE-ARO-PWY","PWY-7560",0.701963015647226,"Positive"
"COMPLETE-ARO-PWY","PWY-7663",0.920398293029872,"Positive"
"COMPLETE-ARO-PWY","PWY-841",0.86275960170697,"Positive"
"COMPLETE-ARO-PWY","PWY-922",0.644637268847795,"Positive"
"COMPLETE-ARO-PWY","PWY0-1319",0.894110953058321,"Positive"
"COMPLETE-ARO-PWY","PWY0-1338",-0.719630156472262,"Negative"
"COMPLETE-ARO-PWY","PWY0-1533",-0.687709815078236,"Negative"
"COMPLETE-ARO-PWY","PWY0-1586",0.74176386913229,"Positive"
"COMPLETE-ARO-PWY","PWY0-162",0.849957325746799,"Positive"
"COMPLETE-ARO-PWY","PWY0-166",0.818093883357041,"Positive"
"COMPLETE-ARO-PWY","PWY4FS-7",0.867112375533428,"Positive"
"COMPLETE-ARO-PWY","PWY4FS-8",0.867112375533428,"Positive"
"COMPLETE-ARO-PWY","PYRIDNUCSAL-PWY",0.76728307254623,"Positive"
"COMPLETE-ARO-PWY","PYRIDOXSYN-PWY",-0.604608819345661,"Negative"
"COMPLETE-ARO-PWY","RIBOSYN2-PWY",0.937894736842105,"Positive"
"COMPLETE-ARO-PWY","SER-GLYSYN-PWY",0.965803698435277,"Positive"
"COMPLETE-ARO-PWY","SO4ASSIM-PWY",0.607254623044097,"Positive"
"COMPLETE-ARO-PWY","SULFATE-CYS-PWY",0.643783783783784,"Positive"
"COMPLETE-ARO-PWY","THRESYN-PWY",0.944153627311522,"Positive"
"COMPLETE-ARO-PWY","TRNA-CHARGING-PWY",0.806145092460882,"Positive"
"COMPLETE-ARO-PWY","TRPSYN-PWY",0.959260312944524,"Positive"
"COMPLETE-ARO-PWY","UDPNAGSYN-PWY",0.883300142247511,"Positive"
"COMPLETE-ARO-PWY","VALSYN-PWY",0.973598862019915,"Positive"
"DAPLYSINESYN-PWY","DENOVOPURINE2-PWY",0.960825035561878,"Positive"
"DAPLYSINESYN-PWY","DTDPRHAMSYN-PWY",0.847681365576102,"Positive"
"DAPLYSINESYN-PWY","ECASYN-PWY",-0.692887624466572,"Negative"
"DAPLYSINESYN-PWY","FAO-PWY",-0.651522048364154,"Negative"
"DAPLYSINESYN-PWY","FASYN-ELONG-PWY",0.817951635846373,"Positive"
"DAPLYSINESYN-PWY","FERMENTATION-PWY",0.670469416785206,"Positive"
"DAPLYSINESYN-PWY","GALACT-GLUCUROCAT-PWY",-0.600711237553343,"Negative"
"DAPLYSINESYN-PWY","GLUCONEO-PWY",0.625348506401138,"Positive"
"DAPLYSINESYN-PWY","GLUTORN-PWY",0.924295874822191,"Positive"
"DAPLYSINESYN-PWY","GLYCOLYSIS",0.726315789473684,"Positive"
"DAPLYSINESYN-PWY","HEME-BIOSYNTHESIS-II",0.712688477951636,"Positive"
"DAPLYSINESYN-PWY","HEMESYN2-PWY",0.709046941678521,"Positive"
"DAPLYSINESYN-PWY","HISTSYN-PWY",0.874196301564723,"Positive"
"DAPLYSINESYN-PWY","HSERMETANA-PWY",0.759032716927454,"Positive"
"DAPLYSINESYN-PWY","ILEUSYN-PWY",0.893826458036984,"Positive"
"DAPLYSINESYN-PWY","MET-SAM-PWY",0.613314366998578,"Positive"
"DAPLYSINESYN-PWY","NAGLIPASYN-PWY",0.673342816500711,"Positive"
"DAPLYSINESYN-PWY","NONMEVIPP-PWY",0.774310099573257,"Positive"
"DAPLYSINESYN-PWY","NONOXIPENT-PWY",0.887681365576102,"Positive"
"DAPLYSINESYN-PWY","OANTIGEN-PWY",0.883328591749644,"Positive"
"DAPLYSINESYN-PWY","P122-PWY",0.720170697012802,"Positive"
"DAPLYSINESYN-PWY","P124-PWY",0.686856330014225,"Positive"
"DAPLYSINESYN-PWY","P161-PWY",0.660682788051209,"Positive"
"DAPLYSINESYN-PWY","P4-PWY",0.769786628733997,"Positive"
"DAPLYSINESYN-PWY","PANTO-PWY",0.691863442389758,"Positive"
"DAPLYSINESYN-PWY","PANTOSYN-PWY",0.714879089615932,"Positive"
"DAPLYSINESYN-PWY","PENTOSE-P-PWY",0.843385490753912,"Positive"
"DAPLYSINESYN-PWY","PEPTIDOGLYCANSYN-PWY",0.832972972972973,"Positive"
"DAPLYSINESYN-PWY","PHOSLIPSYN-PWY",0.837069701280228,"Positive"
"DAPLYSINESYN-PWY","POLYAMSYN-PWY",-0.645035561877667,"Negative"
"DAPLYSINESYN-PWY","POLYISOPRENSYN-PWY",0.822731152204836,"Positive"
"DAPLYSINESYN-PWY","PWY-1269",0.754167852062589,"Positive"
"DAPLYSINESYN-PWY","PWY-2941",0.663584637268848,"Positive"
"DAPLYSINESYN-PWY","PWY-2942",0.865633001422475,"Positive"
"DAPLYSINESYN-PWY","PWY-3001",0.907539118065434,"Positive"
"DAPLYSINESYN-PWY","PWY-5097",0.862275960170697,"Positive"
"DAPLYSINESYN-PWY","PWY-5100",0.74873399715505,"Positive"
"DAPLYSINESYN-PWY","PWY-5101",0.897809388335704,"Positive"
"DAPLYSINESYN-PWY","PWY-5103",0.886031294452347,"Positive"
"DAPLYSINESYN-PWY","PWY-5121",0.786941678520626,"Positive"
"DAPLYSINESYN-PWY","PWY-5189",0.833883357041252,"Positive"
"DAPLYSINESYN-PWY","PWY-5345",0.631294452347084,"Positive"
"DAPLYSINESYN-PWY","PWY-5347",0.645092460881935,"Positive"
"DAPLYSINESYN-PWY","PWY-5484",0.712603129445235,"Positive"
"DAPLYSINESYN-PWY","PWY-5659",0.835135135135135,"Positive"
"DAPLYSINESYN-PWY","PWY-5667",0.850298719772404,"Positive"
"DAPLYSINESYN-PWY","PWY-5686",0.840398293029872,"Positive"
"DAPLYSINESYN-PWY","PWY-5845",-0.694196301564723,"Negative"
"DAPLYSINESYN-PWY","PWY-5850",-0.694196301564723,"Negative"
"DAPLYSINESYN-PWY","PWY-5855",0.705035561877667,"Positive"
"DAPLYSINESYN-PWY","PWY-5856",0.705035561877667,"Positive"
"DAPLYSINESYN-PWY","PWY-5857",0.705035561877667,"Positive"
"DAPLYSINESYN-PWY","PWY-5860",-0.698691322901849,"Negative"
"DAPLYSINESYN-PWY","PWY-5862",-0.698691322901849,"Negative"
"DAPLYSINESYN-PWY","PWY-5896",-0.694196301564723,"Negative"
"DAPLYSINESYN-PWY","PWY-5910",0.635391180654339,"Positive"
"DAPLYSINESYN-PWY","PWY-5913",0.82199146514936,"Positive"
"DAPLYSINESYN-PWY","PWY-5920",0.655163584637269,"Positive"
"DAPLYSINESYN-PWY","PWY-5973",0.882788051209104,"Positive"
"DAPLYSINESYN-PWY","PWY-6121",0.857211948790896,"Positive"
"DAPLYSINESYN-PWY","PWY-6122",0.856301564722617,"Positive"
"DAPLYSINESYN-PWY","PWY-6123",0.854566145092461,"Positive"
"DAPLYSINESYN-PWY","PWY-6125",0.962930298719772,"Positive"
"DAPLYSINESYN-PWY","PWY-6126",0.819601706970128,"Positive"
"DAPLYSINESYN-PWY","PWY-6147",0.827396870554765,"Positive"
"DAPLYSINESYN-PWY","PWY-6151",0.709103840682788,"Positive"
"DAPLYSINESYN-PWY","PWY-6163",0.833285917496444,"Positive"
"DAPLYSINESYN-PWY","PWY-621",0.683499288762447,"Positive"
"DAPLYSINESYN-PWY","PWY-6277",0.856301564722617,"Positive"
"DAPLYSINESYN-PWY","PWY-6317",0.676216216216216,"Positive"
"DAPLYSINESYN-PWY","PWY-6385",0.832574679943101,"Positive"
"DAPLYSINESYN-PWY","PWY-6386",0.835561877667141,"Positive"
"DAPLYSINESYN-PWY","PWY-6387",0.831635846372689,"Positive"
"DAPLYSINESYN-PWY","PWY-6467",0.748534850640114,"Positive"
"DAPLYSINESYN-PWY","PWY-6471",0.737268847795164,"Positive"
"DAPLYSINESYN-PWY","PWY-6545",0.714310099573257,"Positive"
"DAPLYSINESYN-PWY","PWY-6700",0.838406827880512,"Positive"
"DAPLYSINESYN-PWY","PWY-6703",0.760625889046942,"Positive"
"DAPLYSINESYN-PWY","PWY-6708",0.705035561877667,"Positive"
"DAPLYSINESYN-PWY","PWY-6897",0.848705547652916,"Positive"
"DAPLYSINESYN-PWY","PWY-7111",0.892916073968706,"Positive"
"DAPLYSINESYN-PWY","PWY-7184",0.927453769559033,"Positive"
"DAPLYSINESYN-PWY","PWY-7187",0.936187766714083,"Positive"
"DAPLYSINESYN-PWY","PWY-7197",0.971066856330014,"Positive"
"DAPLYSINESYN-PWY","PWY-7208",0.821422475106686,"Positive"
"DAPLYSINESYN-PWY","PWY-7211",0.802361308677098,"Positive"
"DAPLYSINESYN-PWY","PWY-7219",0.837894736842105,"Positive"
"DAPLYSINESYN-PWY","PWY-7220",0.771294452347084,"Positive"
"DAPLYSINESYN-PWY","PWY-7221",0.83325746799431,"Positive"
"DAPLYSINESYN-PWY","PWY-7222",0.771294452347084,"Positive"
"DAPLYSINESYN-PWY","PWY-7228",0.977268847795164,"Positive"
"DAPLYSINESYN-PWY","PWY-7229",0.844039829302987,"Positive"
"DAPLYSINESYN-PWY","PWY-7234",0.800028449502134,"Positive"
"DAPLYSINESYN-PWY","PWY-7242",-0.650184921763869,"Negative"
"DAPLYSINESYN-PWY","PWY-7315",-0.707027027027027,"Negative"
"DAPLYSINESYN-PWY","PWY-7328",0.622731152204836,"Positive"
"DAPLYSINESYN-PWY","PWY-7392",0.786628733997155,"Positive"
"DAPLYSINESYN-PWY","PWY-7400",0.973229018492176,"Positive"
"DAPLYSINESYN-PWY","PWY-7539",0.850412517780939,"Positive"
"DAPLYSINESYN-PWY","PWY-7560",0.774310099573257,"Positive"
"DAPLYSINESYN-PWY","PWY-7663",0.833058321479374,"Positive"
"DAPLYSINESYN-PWY","PWY-841",0.965234708392603,"Positive"
"DAPLYSINESYN-PWY","PWY-922",0.604210526315789,"Positive"
"DAPLYSINESYN-PWY","PWY0-1319",0.850298719772404,"Positive"
"DAPLYSINESYN-PWY","PWY0-1338",-0.666913229018492,"Negative"
"DAPLYSINESYN-PWY","PWY0-1533",-0.661422475106686,"Negative"
"DAPLYSINESYN-PWY","PWY0-1586",0.693456614509246,"Positive"
"DAPLYSINESYN-PWY","PWY0-162",0.974594594594595,"Positive"
"DAPLYSINESYN-PWY","PWY0-166",0.942816500711238,"Positive"
"DAPLYSINESYN-PWY","PWY0-781",0.619800853485064,"Positive"
"DAPLYSINESYN-PWY","PWY4FS-7",0.815846372688478,"Positive"
"DAPLYSINESYN-PWY","PWY4FS-8",0.815846372688478,"Positive"
"DAPLYSINESYN-PWY","PYRIDNUCSAL-PWY",0.82972972972973,"Positive"
"DAPLYSINESYN-PWY","PYRIDNUCSYN-PWY",0.619032716927454,"Positive"
"DAPLYSINESYN-PWY","RIBOSYN2-PWY",0.862560455192034,"Positive"
"DAPLYSINESYN-PWY","SER-GLYSYN-PWY",0.861507823613087,"Positive"
"DAPLYSINESYN-PWY","SO4ASSIM-PWY",0.688705547652916,"Positive"
"DAPLYSINESYN-PWY","SULFATE-CYS-PWY",0.720654338549075,"Positive"
"DAPLYSINESYN-PWY","THRESYN-PWY",0.899715504978663,"Positive"
"DAPLYSINESYN-PWY","TRNA-CHARGING-PWY",0.925860597439545,"Positive"
"DAPLYSINESYN-PWY","TRPSYN-PWY",0.862275960170697,"Positive"
"DAPLYSINESYN-PWY","UDPNAGSYN-PWY",0.841906116642959,"Positive"
"DAPLYSINESYN-PWY","VALSYN-PWY",0.893826458036984,"Positive"
"DENITRIFICATION-PWY","PWY-5022",0.643556187766714,"Positive"
"DENITRIFICATION-PWY","PWY-5417",0.64850640113798,"Positive"
"DENITRIFICATION-PWY","PWY-5431",0.64850640113798,"Positive"
"DENITRIFICATION-PWY","PWY-6185",0.67678520625889,"Positive"
"DENOVOPURINE2-PWY","DTDPRHAMSYN-PWY",0.842048364153627,"Positive"
"DENOVOPURINE2-PWY","ECASYN-PWY",-0.747055476529161,"Negative"
"DENOVOPURINE2-PWY","FAO-PWY",-0.626884779516358,"Negative"
"DENOVOPURINE2-PWY","FASYN-ELONG-PWY",0.901906116642959,"Positive"
"DENOVOPURINE2-PWY","FERMENTATION-PWY",0.605633001422475,"Positive"
"DENOVOPURINE2-PWY","GALACT-GLUCUROCAT-PWY",-0.608392603129445,"Negative"
"DENOVOPURINE2-PWY","GALACTUROCAT-PWY",-0.600284495021337,"Negative"
"DENOVOPURINE2-PWY","GLUCONEO-PWY",0.625775248933144,"Positive"
"DENOVOPURINE2-PWY","GLUTORN-PWY",0.853883357041252,"Positive"
"DENOVOPURINE2-PWY","GLYCOLYSIS",0.795391180654339,"Positive"
"DENOVOPURINE2-PWY","GLYCOLYSIS-E-D",0.624324324324324,"Positive"
"DENOVOPURINE2-PWY","HEME-BIOSYNTHESIS-II",0.644864864864865,"Positive"
"DENOVOPURINE2-PWY","HEMESYN2-PWY",0.639061166429587,"Positive"
"DENOVOPURINE2-PWY","HISTSYN-PWY",0.856842105263158,"Positive"
"DENOVOPURINE2-PWY","HOMOSER-METSYN-PWY",0.653769559032717,"Positive"
"DENOVOPURINE2-PWY","HSERMETANA-PWY",0.703783783783784,"Positive"
"DENOVOPURINE2-PWY","ILEUSYN-PWY",0.879374110953058,"Positive"
"DENOVOPURINE2-PWY","MET-SAM-PWY",0.688990042674253,"Positive"
"DENOVOPURINE2-PWY","NAGLIPASYN-PWY",0.612830725462304,"Positive"
"DENOVOPURINE2-PWY","NONMEVIPP-PWY",0.672290184921764,"Positive"
"DENOVOPURINE2-PWY","NONOXIPENT-PWY",0.922617354196302,"Positive"
"DENOVOPURINE2-PWY","OANTIGEN-PWY",0.897581792318634,"Positive"
"DENOVOPURINE2-PWY","ORNARGDEG-PWY",-0.623897581792319,"Negative"
"DENOVOPURINE2-PWY","P122-PWY",0.809416785206259,"Positive"
"DENOVOPURINE2-PWY","P124-PWY",0.782190611664296,"Positive"
"DENOVOPURINE2-PWY","P161-PWY",0.763300142247511,"Positive"
"DENOVOPURINE2-PWY","P4-PWY",0.737496443812233,"Positive"
"DENOVOPURINE2-PWY","PANTOSYN-PWY",0.627339971550498,"Positive"
"DENOVOPURINE2-PWY","PENTOSE-P-PWY",0.916870554765292,"Positive"
"DENOVOPURINE2-PWY","PEPTIDOGLYCANSYN-PWY",0.882190611664296,"Positive"
"DENOVOPURINE2-PWY","PHOSLIPSYN-PWY",0.880455192034139,"Positive"
"DENOVOPURINE2-PWY","POLYAMSYN-PWY",-0.644893314366999,"Negative"
"DENOVOPURINE2-PWY","POLYISOPRENSYN-PWY",0.873769559032717,"Positive"
"DENOVOPURINE2-PWY","PWY-1269",0.647681365576102,"Positive"
"DENOVOPURINE2-PWY","PWY-2941",0.778890469416785,"Positive"
"DENOVOPURINE2-PWY","PWY-2942",0.908591749644381,"Positive"
"DENOVOPURINE2-PWY","PWY-3001",0.9174679943101,"Positive"
"DENOVOPURINE2-PWY","PWY-5097",0.895220483641536,"Positive"
"DENOVOPURINE2-PWY","PWY-5100",0.822674253200569,"Positive"
"DENOVOPURINE2-PWY","PWY-5101",0.879288762446657,"Positive"
"DENOVOPURINE2-PWY","PWY-5103",0.875192034139403,"Positive"
"DENOVOPURINE2-PWY","PWY-5121",0.708250355618777,"Positive"
"DENOVOPURINE2-PWY","PWY-5189",0.794281650071124,"Positive"
"DENOVOPURINE2-PWY","PWY-5347",0.638150782361309,"Positive"
"DENOVOPURINE2-PWY","PWY-5484",0.7849786628734,"Positive"
"DENOVOPURINE2-PWY","PWY-5509",0.602560455192034,"Positive"
"DENOVOPURINE2-PWY","PWY-5659",0.763328591749644,"Positive"
"DENOVOPURINE2-PWY","PWY-5667",0.891465149359886,"Positive"
"DENOVOPURINE2-PWY","PWY-5686",0.885604551920341,"Positive"
"DENOVOPURINE2-PWY","PWY-5845",-0.726657183499289,"Negative"
"DENOVOPURINE2-PWY","PWY-5850",-0.726657183499289,"Negative"
"DENOVOPURINE2-PWY","PWY-5855",0.63203413940256,"Positive"
"DENOVOPURINE2-PWY","PWY-5856",0.63203413940256,"Positive"
"DENOVOPURINE2-PWY","PWY-5857",0.63203413940256,"Positive"
"DENOVOPURINE2-PWY","PWY-5860",-0.73103840682788,"Negative"
"DENOVOPURINE2-PWY","PWY-5862",-0.73103840682788,"Negative"
"DENOVOPURINE2-PWY","PWY-5896",-0.726657183499289,"Negative"
"DENOVOPURINE2-PWY","PWY-5910",0.73977240398293,"Positive"
"DENOVOPURINE2-PWY","PWY-5913",0.762190611664296,"Positive"
"DENOVOPURINE2-PWY","PWY-5920",0.607596017069701,"Positive"
"DENOVOPURINE2-PWY","PWY-5973",0.924210526315789,"Positive"
"DENOVOPURINE2-PWY","PWY-6121",0.896984352773826,"Positive"
"DENOVOPURINE2-PWY","PWY-6122",0.89678520625889,"Positive"
"DENOVOPURINE2-PWY","PWY-6123",0.897041251778094,"Positive"
"DENOVOPURINE2-PWY","PWY-6125",0.980398293029872,"Positive"
"DENOVOPURINE2-PWY","PWY-6126",0.895448079658606,"Positive"
"DENOVOPURINE2-PWY","PWY-6147",0.808165007112375,"Positive"
"DENOVOPURINE2-PWY","PWY-6151",0.830099573257468,"Positive"
"DENOVOPURINE2-PWY","PWY-6163",0.836073968705548,"Positive"
"DENOVOPURINE2-PWY","PWY-621",0.746714082503556,"Positive"
"DENOVOPURINE2-PWY","PWY-6269",0.601109530583215,"Positive"
"DENOVOPURINE2-PWY","PWY-6277",0.89678520625889,"Positive"
"DENOVOPURINE2-PWY","PWY-6317",0.776273115220484,"Positive"
"DENOVOPURINE2-PWY","PWY-6385",0.881479374110953,"Positive"
"DENOVOPURINE2-PWY","PWY-6386",0.883926031294452,"Positive"
"DENOVOPURINE2-PWY","PWY-6387",0.880568990042674,"Positive"
"DENOVOPURINE2-PWY","PWY-6467",0.640369843527738,"Positive"
"DENOVOPURINE2-PWY","PWY-6471",0.817126600284495,"Positive"
"DENOVOPURINE2-PWY","PWY-6507",-0.621194879089616,"Negative"
"DENOVOPURINE2-PWY","PWY-6545",0.652972972972973,"Positive"
"DENOVOPURINE2-PWY","PWY-6700",0.755789473684211,"Positive"
"DENOVOPURINE2-PWY","PWY-6703",0.656699857752489,"Positive"
"DENOVOPURINE2-PWY","PWY-6708",0.63203413940256,"Positive"
"DENOVOPURINE2-PWY","PWY-6897",0.872204836415363,"Positive"
"DENOVOPURINE2-PWY","PWY-7111",0.877638691322902,"Positive"
"DENOVOPURINE2-PWY","PWY-7184",0.970924608819346,"Positive"
"DENOVOPURINE2-PWY","PWY-7187",0.972830725462304,"Positive"
"DENOVOPURINE2-PWY","PWY-7197",0.961194879089616,"Positive"
"DENOVOPURINE2-PWY","PWY-7208",0.873428165007112,"Positive"
"DENOVOPURINE2-PWY","PWY-7211",0.779402560455192,"Positive"
"DENOVOPURINE2-PWY","PWY-7219",0.886088193456614,"Positive"
"DENOVOPURINE2-PWY","PWY-7220",0.866059743954481,"Positive"
"DENOVOPURINE2-PWY","PWY-7221",0.879374110953058,"Positive"
"DENOVOPURINE2-PWY","PWY-7222",0.866059743954481,"Positive"
"DENOVOPURINE2-PWY","PWY-7228",0.971237553342816,"Positive"
"DENOVOPURINE2-PWY","PWY-7229",0.891920341394026,"Positive"
"DENOVOPURINE2-PWY","PWY-7234",0.88199146514936,"Positive"
"DENOVOPURINE2-PWY","PWY-7242",-0.602446657183499,"Negative"
"DENOVOPURINE2-PWY","PWY-7315",-0.764836415362731,"Negative"
"DENOVOPURINE2-PWY","PWY-7328",0.605064011379801,"Positive"
"DENOVOPURINE2-PWY","PWY-7392",0.713655761024182,"Positive"
"DENOVOPURINE2-PWY","PWY-7400",0.9475106685633,"Positive"
"DENOVOPURINE2-PWY","PWY-7539",0.828563300142248,"Positive"
"DENOVOPURINE2-PWY","PWY-7560",0.672290184921764,"Positive"
"DENOVOPURINE2-PWY","PWY-7663",0.885348506401138,"Positive"
"DENOVOPURINE2-PWY","PWY-841",0.989160739687055,"Positive"
"DENOVOPURINE2-PWY","PWY-922",0.712773826458037,"Positive"
"DENOVOPURINE2-PWY","PWY0-1319",0.891465149359886,"Positive"
"DENOVOPURINE2-PWY","PWY0-1338",-0.726201991465149,"Negative"
"DENOVOPURINE2-PWY","PWY0-1533",-0.680426742532006,"Negative"
"DENOVOPURINE2-PWY","PWY0-1586",0.787368421052632,"Positive"
"DENOVOPURINE2-PWY","PWY0-162",0.973655761024182,"Positive"
"DENOVOPURINE2-PWY","PWY0-166",0.984096728307255,"Positive"
"DENOVOPURINE2-PWY","PWY4FS-7",0.871948790896159,"Positive"
"DENOVOPURINE2-PWY","PWY4FS-8",0.871948790896159,"Positive"
"DENOVOPURINE2-PWY","PYRIDNUCSAL-PWY",0.782247510668563,"Positive"
"DENOVOPURINE2-PWY","PYRIDNUCSYN-PWY",0.60972972972973,"Positive"
"DENOVOPURINE2-PWY","RIBOSYN2-PWY",0.856045519203414,"Positive"
"DENOVOPURINE2-PWY","SER-GLYSYN-PWY",0.865064011379801,"Positive"
"DENOVOPURINE2-PWY","SO4ASSIM-PWY",0.614082503556188,"Positive"
"DENOVOPURINE2-PWY","SULFATE-CYS-PWY",0.65701280227596,"Positive"
"DENOVOPURINE2-PWY","THRESYN-PWY",0.937382645803698,"Positive"
"DENOVOPURINE2-PWY","TRNA-CHARGING-PWY",0.913541963015647,"Positive"
"DENOVOPURINE2-PWY","TRPSYN-PWY",0.836273115220484,"Positive"
"DENOVOPURINE2-PWY","UDPNAGSYN-PWY",0.884210526315789,"Positive"
"DENOVOPURINE2-PWY","VALSYN-PWY",0.879374110953058,"Positive"
"DHGLUCONATE-PYR-CAT-PWY","PWY-7391",0.633741109530583,"Positive"
"DTDPRHAMSYN-PWY","ECASYN-PWY",-0.677496443812233,"Negative"
"DTDPRHAMSYN-PWY","FAO-PWY",-0.666714082503556,"Negative"
"DTDPRHAMSYN-PWY","FASYN-ELONG-PWY",0.826401137980085,"Positive"
"DTDPRHAMSYN-PWY","FERMENTATION-PWY",0.601024182076814,"Positive"
"DTDPRHAMSYN-PWY","GALACT-GLUCUROCAT-PWY",-0.742816500711238,"Negative"
"DTDPRHAMSYN-PWY","GALACTUROCAT-PWY",-0.709843527738265,"Negative"
"DTDPRHAMSYN-PWY","GLUCUROCAT-PWY",-0.668221906116643,"Negative"
"DTDPRHAMSYN-PWY","GLUTORN-PWY",0.89103840682788,"Positive"
"DTDPRHAMSYN-PWY","GLYCOLYSIS",0.736216216216216,"Positive"
"DTDPRHAMSYN-PWY","HEME-BIOSYNTHESIS-II",0.677325746799431,"Positive"
"DTDPRHAMSYN-PWY","HEMESYN2-PWY",0.678549075391181,"Positive"
"DTDPRHAMSYN-PWY","HISTSYN-PWY",0.946998577524893,"Positive"
"DTDPRHAMSYN-PWY","HSERMETANA-PWY",0.811436699857752,"Positive"
"DTDPRHAMSYN-PWY","ILEUSYN-PWY",0.959715504978663,"Positive"
"DTDPRHAMSYN-PWY","MET-SAM-PWY",0.633371266002845,"Positive"
"DTDPRHAMSYN-PWY","NAGLIPASYN-PWY",0.705775248933144,"Positive"
"DTDPRHAMSYN-PWY","NONMEVIPP-PWY",0.793513513513514,"Positive"
"DTDPRHAMSYN-PWY","NONOXIPENT-PWY",0.923044096728307,"Positive"
"DTDPRHAMSYN-PWY","OANTIGEN-PWY",0.978093883357041,"Positive"
"DTDPRHAMSYN-PWY","P122-PWY",0.699146514935989,"Positive"
"DTDPRHAMSYN-PWY","P124-PWY",0.66475106685633,"Positive"
"DTDPRHAMSYN-PWY","P161-PWY",0.609018492176387,"Positive"
"DTDPRHAMSYN-PWY","P4-PWY",0.759943100995733,"Positive"
"DTDPRHAMSYN-PWY","PANTO-PWY",0.721706970128023,"Positive"
"DTDPRHAMSYN-PWY","PANTOSYN-PWY",0.730924608819346,"Positive"
"DTDPRHAMSYN-PWY","PENTOSE-P-PWY",0.836443812233286,"Positive"
"DTDPRHAMSYN-PWY","PEPTIDOGLYCANSYN-PWY",0.831863442389758,"Positive"
"DTDPRHAMSYN-PWY","PHOSLIPSYN-PWY",0.82452347083926,"Positive"
"DTDPRHAMSYN-PWY","POLYISOPRENSYN-PWY",0.818492176386913,"Positive"
"DTDPRHAMSYN-PWY","PWY-1269",0.787852062588905,"Positive"
"DTDPRHAMSYN-PWY","PWY-2941",0.630981507823613,"Positive"
"DTDPRHAMSYN-PWY","PWY-2942",0.883726884779516,"Positive"
"DTDPRHAMSYN-PWY","PWY-3001",0.955874822190612,"Positive"
"DTDPRHAMSYN-PWY","PWY-5097",0.88099573257468,"Positive"
"DTDPRHAMSYN-PWY","PWY-5100",0.729957325746799,"Positive"
"DTDPRHAMSYN-PWY","PWY-5101",0.961678520625889,"Positive"
"DTDPRHAMSYN-PWY","PWY-5103",0.965775248933144,"Positive"
"DTDPRHAMSYN-PWY","PWY-5121",0.792830725462304,"Positive"
"DTDPRHAMSYN-PWY","PWY-5189",0.892233285917496,"Positive"
"DTDPRHAMSYN-PWY","PWY-5345",0.653200568990043,"Positive"
"DTDPRHAMSYN-PWY","PWY-5347",0.668022759601707,"Positive"
"DTDPRHAMSYN-PWY","PWY-5484",0.71900426742532,"Positive"
"DTDPRHAMSYN-PWY","PWY-5509",0.713741109530583,"Positive"
"DTDPRHAMSYN-PWY","PWY-5659",0.840568990042674,"Positive"
"DTDPRHAMSYN-PWY","PWY-5667",0.846770981507824,"Positive"
"DTDPRHAMSYN-PWY","PWY-5686",0.845263157894737,"Positive"
"DTDPRHAMSYN-PWY","PWY-5845",-0.676159317211949,"Negative"
"DTDPRHAMSYN-PWY","PWY-5850",-0.676159317211949,"Negative"
"DTDPRHAMSYN-PWY","PWY-5855",0.676443812233286,"Positive"
"DTDPRHAMSYN-PWY","PWY-5856",0.676443812233286,"Positive"
"DTDPRHAMSYN-PWY","PWY-5857",0.676443812233286,"Positive"
"DTDPRHAMSYN-PWY","PWY-5860",-0.68176386913229,"Negative"
"DTDPRHAMSYN-PWY","PWY-5862",-0.68176386913229,"Negative"
"DTDPRHAMSYN-PWY","PWY-5896",-0.676159317211949,"Negative"
"DTDPRHAMSYN-PWY","PWY-5913",0.794594594594595,"Positive"
"DTDPRHAMSYN-PWY","PWY-5920",0.655846372688478,"Positive"
"DTDPRHAMSYN-PWY","PWY-5973",0.891891891891892,"Positive"
"DTDPRHAMSYN-PWY","PWY-6121",0.883726884779516,"Positive"
"DTDPRHAMSYN-PWY","PWY-6122",0.880853485064011,"Positive"
"DTDPRHAMSYN-PWY","PWY-6123",0.878748221906117,"Positive"
"DTDPRHAMSYN-PWY","PWY-6125",0.832375533428165,"Positive"
"DTDPRHAMSYN-PWY","PWY-6126",0.819089615931721,"Positive"
"DTDPRHAMSYN-PWY","PWY-6147",0.924381223328592,"Positive"
"DTDPRHAMSYN-PWY","PWY-6151",0.689416785206259,"Positive"
"DTDPRHAMSYN-PWY","PWY-6163",0.913598862019915,"Positive"
"DTDPRHAMSYN-PWY","PWY-6269",0.712347083926031,"Positive"
"DTDPRHAMSYN-PWY","PWY-6277",0.880853485064011,"Positive"
"DTDPRHAMSYN-PWY","PWY-6317",0.671408250355619,"Positive"
"DTDPRHAMSYN-PWY","PWY-6385",0.830981507823613,"Positive"
"DTDPRHAMSYN-PWY","PWY-6386",0.834537695590327,"Positive"
"DTDPRHAMSYN-PWY","PWY-6387",0.828990042674253,"Positive"
"DTDPRHAMSYN-PWY","PWY-6467",0.784637268847795,"Positive"
"DTDPRHAMSYN-PWY","PWY-6471",0.710526315789474,"Positive"
"DTDPRHAMSYN-PWY","PWY-6545",0.730071123755334,"Positive"
"DTDPRHAMSYN-PWY","PWY-6700",0.854395448079659,"Positive"
"DTDPRHAMSYN-PWY","PWY-6703",0.791408250355619,"Positive"
"DTDPRHAMSYN-PWY","PWY-6708",0.676443812233286,"Positive"
"DTDPRHAMSYN-PWY","PWY-6897",0.871806543385491,"Positive"
"DTDPRHAMSYN-PWY","PWY-7111",0.951977240398293,"Positive"
"DTDPRHAMSYN-PWY","PWY-7184",0.784295874822191,"Positive"
"DTDPRHAMSYN-PWY","PWY-7187",0.791692745376956,"Positive"
"DTDPRHAMSYN-PWY","PWY-7197",0.849928876244666,"Positive"
"DTDPRHAMSYN-PWY","PWY-7208",0.817695590327169,"Positive"
"DTDPRHAMSYN-PWY","PWY-7211",0.728079658605974,"Positive"
"DTDPRHAMSYN-PWY","PWY-7219",0.83624466571835,"Positive"
"DTDPRHAMSYN-PWY","PWY-7220",0.780654338549075,"Positive"
"DTDPRHAMSYN-PWY","PWY-7221",0.828193456614509,"Positive"
"DTDPRHAMSYN-PWY","PWY-7222",0.780654338549075,"Positive"
"DTDPRHAMSYN-PWY","PWY-7228",0.850298719772404,"Positive"
"DTDPRHAMSYN-PWY","PWY-7229",0.843726884779516,"Positive"
"DTDPRHAMSYN-PWY","PWY-7234",0.809018492176387,"Positive"
"DTDPRHAMSYN-PWY","PWY-7242",-0.651607396870555,"Negative"
"DTDPRHAMSYN-PWY","PWY-7315",-0.696955903271693,"Negative"
"DTDPRHAMSYN-PWY","PWY-7328",0.66927453769559,"Positive"
"DTDPRHAMSYN-PWY","PWY-7392",0.784153627311522,"Positive"
"DTDPRHAMSYN-PWY","PWY-7400",0.916415362731152,"Positive"
"DTDPRHAMSYN-PWY","PWY-7539",0.932802275960171,"Positive"
"DTDPRHAMSYN-PWY","PWY-7560",0.793513513513514,"Positive"
"DTDPRHAMSYN-PWY","PWY-7663",0.864238975817923,"Positive"
"DTDPRHAMSYN-PWY","PWY-841",0.856102418207681,"Positive"
"DTDPRHAMSYN-PWY","PWY0-1319",0.846770981507824,"Positive"
"DTDPRHAMSYN-PWY","PWY0-1338",-0.676870554765292,"Negative"
"DTDPRHAMSYN-PWY","PWY0-1533",-0.78321479374111,"Negative"
"DTDPRHAMSYN-PWY","PWY0-1586",0.653086770981508,"Positive"
"DTDPRHAMSYN-PWY","PWY0-162",0.857183499288762,"Positive"
"DTDPRHAMSYN-PWY","PWY0-166",0.805604551920341,"Positive"
"DTDPRHAMSYN-PWY","PWY0-781",0.637126600284495,"Positive"
"DTDPRHAMSYN-PWY","PWY4FS-7",0.797638691322902,"Positive"
"DTDPRHAMSYN-PWY","PWY4FS-8",0.797638691322902,"Positive"
"DTDPRHAMSYN-PWY","PYRIDNUCSAL-PWY",0.83647226173542,"Positive"
"DTDPRHAMSYN-PWY","PYRIDNUCSYN-PWY",0.656899004267425,"Positive"
"DTDPRHAMSYN-PWY","PYRIDOXSYN-PWY",-0.625348506401138,"Negative"
"DTDPRHAMSYN-PWY","RIBOSYN2-PWY",0.924267425320057,"Positive"
"DTDPRHAMSYN-PWY","SER-GLYSYN-PWY",0.922560455192034,"Positive"
"DTDPRHAMSYN-PWY","SO4ASSIM-PWY",0.663214793741109,"Positive"
"DTDPRHAMSYN-PWY","SULFATE-CYS-PWY",0.693143669985775,"Positive"
"DTDPRHAMSYN-PWY","THRESYN-PWY",0.909331436699858,"Positive"
"DTDPRHAMSYN-PWY","TRNA-CHARGING-PWY",0.829530583214794,"Positive"
"DTDPRHAMSYN-PWY","TRPSYN-PWY",0.931778093883357,"Positive"
"DTDPRHAMSYN-PWY","UDPNAGSYN-PWY",0.830924608819346,"Positive"
"DTDPRHAMSYN-PWY","VALSYN-PWY",0.959715504978663,"Positive"
"ECASYN-PWY","FAO-PWY",0.628904694167852,"Positive"
"ECASYN-PWY","FASYN-ELONG-PWY",-0.685007112375533,"Negative"
"ECASYN-PWY","GALACT-GLUCUROCAT-PWY",0.607339971550498,"Positive"
"ECASYN-PWY","GLUTORN-PWY",-0.608534850640114,"Negative"
"ECASYN-PWY","GLYCOLYSIS",-0.655220483641536,"Negative"
"ECASYN-PWY","HISTSYN-PWY",-0.697752489331437,"Negative"
"ECASYN-PWY","ILEUSYN-PWY",-0.685320056899004,"Negative"
"ECASYN-PWY","KDO-NAGLIPASYN-PWY",0.766145092460882,"Positive"
"ECASYN-PWY","NONOXIPENT-PWY",-0.72873399715505,"Negative"
"ECASYN-PWY","OANTIGEN-PWY",-0.723812233285917,"Negative"
"ECASYN-PWY","ORNARGDEG-PWY",0.622503556187767,"Positive"
"ECASYN-PWY","P105-PWY",0.621536273115221,"Positive"
"ECASYN-PWY","P122-PWY",-0.666827880512091,"Negative"
"ECASYN-PWY","P124-PWY",-0.646344238975818,"Negative"
"ECASYN-PWY","P161-PWY",-0.615903271692745,"Negative"
"ECASYN-PWY","PENTOSE-P-PWY",-0.702048364153627,"Negative"
"ECASYN-PWY","PEPTIDOGLYCANSYN-PWY",-0.734167852062589,"Negative"
"ECASYN-PWY","PHOSLIPSYN-PWY",-0.714110953058322,"Negative"
"ECASYN-PWY","POLYISOPRENSYN-PWY",-0.716813655761024,"Negative"
"ECASYN-PWY","PWY-2941",-0.609928876244666,"Negative"
"ECASYN-PWY","PWY-2942",-0.712375533428165,"Negative"
"ECASYN-PWY","PWY-3001",-0.725263157894737,"Negative"
"ECASYN-PWY","PWY-5097",-0.694310099573258,"Negative"
"ECASYN-PWY","PWY-5100",-0.704893314366999,"Negative"
"ECASYN-PWY","PWY-5101",-0.676159317211949,"Negative"
"ECASYN-PWY","PWY-5103",-0.682162162162162,"Negative"
"ECASYN-PWY","PWY-5484",-0.646571834992888,"Negative"
"ECASYN-PWY","PWY-5509",-0.623869132290185,"Negative"
"ECASYN-PWY","PWY-5667",-0.729189189189189,"Negative"
"ECASYN-PWY","PWY-5686",-0.732233285917496,"Negative"
"ECASYN-PWY","PWY-5845",0.87448079658606,"Positive"
"ECASYN-PWY","PWY-5850",0.87448079658606,"Positive"
"ECASYN-PWY","PWY-5860",0.873826458036984,"Positive"
"ECASYN-PWY","PWY-5862",0.873826458036984,"Positive"
"ECASYN-PWY","PWY-5896",0.87448079658606,"Positive"
"ECASYN-PWY","PWY-5910",-0.627339971550498,"Negative"
"ECASYN-PWY","PWY-5973",-0.711436699857752,"Negative"
"ECASYN-PWY","PWY-6121",-0.70054054054054,"Negative"
"ECASYN-PWY","PWY-6122",-0.695675675675676,"Negative"
"ECASYN-PWY","PWY-6123",-0.706002844950213,"Negative"
"ECASYN-PWY","PWY-6125",-0.695874822190612,"Negative"
"ECASYN-PWY","PWY-6126",-0.730213371266003,"Negative"
"ECASYN-PWY","PWY-6147",-0.650213371266003,"Negative"
"ECASYN-PWY","PWY-6151",-0.655846372688478,"Negative"
"ECASYN-PWY","PWY-6163",-0.671920341394026,"Negative"
"ECASYN-PWY","PWY-6269",-0.62352773826458,"Negative"
"ECASYN-PWY","PWY-6277",-0.695675675675676,"Negative"
"ECASYN-PWY","PWY-6317",-0.619544807965861,"Negative"
"ECASYN-PWY","PWY-6385",-0.73271692745377,"Negative"
"ECASYN-PWY","PWY-6386",-0.736927453769559,"Negative"
"ECASYN-PWY","PWY-6387",-0.732546230440967,"Negative"
"ECASYN-PWY","PWY-6471",-0.68927453769559,"Negative"
"ECASYN-PWY","PWY-6507",0.694110953058321,"Positive"
"ECASYN-PWY","PWY-6897",-0.667055476529161,"Negative"
"ECASYN-PWY","PWY-7111",-0.687112375533428,"Negative"
"ECASYN-PWY","PWY-7184",-0.684324324324324,"Negative"
"ECASYN-PWY","PWY-7187",-0.732688477951636,"Negative"
"ECASYN-PWY","PWY-7197",-0.673826458036984,"Negative"
"ECASYN-PWY","PWY-7208",-0.721337126600284,"Negative"
"ECASYN-PWY","PWY-7219",-0.729132290184922,"Negative"
"ECASYN-PWY","PWY-7220",-0.695106685633001,"Negative"
"ECASYN-PWY","PWY-7221",-0.730014224751067,"Negative"
"ECASYN-PWY","PWY-7222",-0.695106685633001,"Negative"
"ECASYN-PWY","PWY-7228",-0.685917496443812,"Negative"
"ECASYN-PWY","PWY-7229",-0.728705547652916,"Negative"
"ECASYN-PWY","PWY-7234",-0.675761024182077,"Negative"
"ECASYN-PWY","PWY-7315",0.994708392603129,"Positive"
"ECASYN-PWY","PWY-7400",-0.700028449502134,"Negative"
"ECASYN-PWY","PWY-7539",-0.658293029871977,"Negative"
"ECASYN-PWY","PWY-7663",-0.685234708392603,"Negative"
"ECASYN-PWY","PWY-841",-0.715135135135135,"Negative"
"ECASYN-PWY","PWY-922",-0.603783783783784,"Negative"
"ECASYN-PWY","PWY0-1319",-0.729189189189189,"Negative"
"ECASYN-PWY","PWY0-1338",0.974082503556188,"Positive"
"ECASYN-PWY","PWY0-1533",0.708307254623044,"Positive"
"ECASYN-PWY","PWY0-1586",-0.640711237553343,"Negative"
"ECASYN-PWY","PWY0-162",-0.70927453769559,"Negative"
"ECASYN-PWY","PWY0-166",-0.727908961593172,"Negative"
"ECASYN-PWY","PWY0-845",0.618463726884779,"Positive"
"ECASYN-PWY","PWY4FS-7",-0.717524893314367,"Negative"
"ECASYN-PWY","PWY4FS-8",-0.717524893314367,"Negative"
"ECASYN-PWY","PYRIDOXSYN-PWY",0.652318634423898,"Positive"
"ECASYN-PWY","RIBOSYN2-PWY",-0.688449502133713,"Negative"
"ECASYN-PWY","SER-GLYSYN-PWY",-0.718378378378378,"Negative"
"ECASYN-PWY","THRESYN-PWY",-0.740938833570413,"Negative"
"ECASYN-PWY","TRNA-CHARGING-PWY",-0.675761024182077,"Negative"
"ECASYN-PWY","TRPSYN-PWY",-0.670099573257468,"Negative"
"ECASYN-PWY","UDPNAGSYN-PWY",-0.71977240398293,"Negative"
"ECASYN-PWY","VALSYN-PWY",-0.685320056899004,"Negative"
"ENTBACSYN-PWY","GALACTARDEG-PWY",0.647596017069701,"Positive"
"ENTBACSYN-PWY","GLUCARDEG-PWY",0.648108108108108,"Positive"
"ENTBACSYN-PWY","GLUCARGALACTSUPER-PWY",0.647596017069701,"Positive"
"ENTBACSYN-PWY","KETOGLUCONMET-PWY",0.679516358463727,"Positive"
"ENTBACSYN-PWY","ORNARGDEG-PWY",0.771948790896159,"Positive"
"ENTBACSYN-PWY","P562-PWY",0.609587482219061,"Positive"
"ENTBACSYN-PWY","TRNA-CHARGING-PWY",-0.615106685633001,"Negative"
"FAO-PWY","GALACTUROCAT-PWY",0.675960170697013,"Positive"
"FAO-PWY","GLUCOSE1PMETAB-PWY",0.697752489331437,"Positive"
"FAO-PWY","GLUTORN-PWY",-0.62176386913229,"Negative"
"FAO-PWY","GLYCOLYSIS-TCA-GLYOX-BYPASS",0.786116642958748,"Positive"
"FAO-PWY","GLYOXYLATE-BYPASS",0.823413940256046,"Positive"
"FAO-PWY","HISTSYN-PWY",-0.629615931721195,"Negative"
"FAO-PWY","ILEUSYN-PWY",-0.630469416785206,"Negative"
"FAO-PWY","NAD-BIOSYNTHESIS-II",0.650128022759602,"Positive"
"FAO-PWY","NONOXIPENT-PWY",-0.633598862019915,"Negative"
"FAO-PWY","OANTIGEN-PWY",-0.674509246088193,"Negative"
"FAO-PWY","P105-PWY",0.607112375533428,"Positive"
"FAO-PWY","PEPTIDOGLYCANSYN-PWY",-0.647937411095306,"Negative"
"FAO-PWY","PHOSLIPSYN-PWY",-0.625035561877667,"Negative"
"FAO-PWY","POLYISOPRENSYN-PWY",-0.634765291607397,"Negative"
"FAO-PWY","PWY-2942",-0.615305832147937,"Negative"
"FAO-PWY","PWY-3001",-0.648364153627311,"Negative"
"FAO-PWY","PWY-5097",-0.600881934566145,"Negative"
"FAO-PWY","PWY-5100",-0.62796586059744,"Negative"
"FAO-PWY","PWY-5101",-0.628421052631579,"Negative"
"FAO-PWY","PWY-5103",-0.629985775248933,"Negative"
"FAO-PWY","PWY-5659",-0.610156472261735,"Negative"
"FAO-PWY","PWY-5667",-0.645490753911807,"Negative"
"FAO-PWY","PWY-5686",-0.646714082503556,"Negative"
"FAO-PWY","PWY-5973",-0.618947368421053,"Negative"
"FAO-PWY","PWY-6121",-0.614110953058322,"Negative"
"FAO-PWY","PWY-6122",-0.613741109530583,"Negative"
"FAO-PWY","PWY-6123",-0.613229018492176,"Negative"
"FAO-PWY","PWY-6125",-0.603840682788051,"Negative"
"FAO-PWY","PWY-6126",-0.605320056899004,"Negative"
"FAO-PWY","PWY-6163",-0.616671408250356,"Negative"
"FAO-PWY","PWY-6277",-0.613741109530583,"Negative"
"FAO-PWY","PWY-6385",-0.64674253200569,"Negative"
"FAO-PWY","PWY-6386",-0.650753911806543,"Negative"
"FAO-PWY","PWY-6387",-0.647539118065434,"Negative"
"FAO-PWY","PWY-6897",-0.63601706970128,"Negative"
"FAO-PWY","PWY-7111",-0.634566145092461,"Negative"
"FAO-PWY","PWY-7187",-0.637325746799431,"Negative"
"FAO-PWY","PWY-7197",-0.610554765291607,"Negative"
"FAO-PWY","PWY-7208",-0.639630156472262,"Negative"
"FAO-PWY","PWY-7219",-0.640910384068279,"Negative"
"FAO-PWY","PWY-7221",-0.642162162162162,"Negative"
"FAO-PWY","PWY-7228",-0.618150782361309,"Negative"
"FAO-PWY","PWY-7229",-0.635675675675676,"Negative"
"FAO-PWY","PWY-7242",0.614167852062589,"Positive"
"FAO-PWY","PWY-7315",0.636813655761024,"Positive"
"FAO-PWY","PWY-7400",-0.662930298719772,"Negative"
"FAO-PWY","PWY-7663",-0.604950213371266,"Negative"
"FAO-PWY","PWY-841",-0.621706970128023,"Negative"
"FAO-PWY","PWY0-1319",-0.645490753911807,"Negative"
"FAO-PWY","PWY0-1338",0.617894736842105,"Positive"
"FAO-PWY","PWY0-1533",0.608022759601707,"Positive"
"FAO-PWY","PWY0-162",-0.6425320056899,"Negative"
"FAO-PWY","PWY0-166",-0.623271692745377,"Negative"
"FAO-PWY","PWY0-845",0.849644381223329,"Positive"
"FAO-PWY","PWY4FS-7",-0.616927453769559,"Negative"
"FAO-PWY","PWY4FS-8",-0.616927453769559,"Negative"
"FAO-PWY","PYRIDNUCSAL-PWY",-0.600028449502134,"Negative"
"FAO-PWY","PYRIDOXSYN-PWY",0.874110953058321,"Positive"
"FAO-PWY","RIBOSYN2-PWY",-0.616870554765292,"Negative"
"FAO-PWY","SER-GLYSYN-PWY",-0.617126600284495,"Negative"
"FAO-PWY","TCA-GLYOX-BYPASS",0.797951635846373,"Positive"
"FAO-PWY","THRESYN-PWY",-0.630810810810811,"Negative"
"FAO-PWY","TRNA-CHARGING-PWY",-0.685405405405405,"Negative"
"FAO-PWY","TRPSYN-PWY",-0.627596017069701,"Negative"
"FAO-PWY","UDPNAGSYN-PWY",-0.633115220483642,"Negative"
"FAO-PWY","VALSYN-PWY",-0.630469416785206,"Negative"
"FASYN-ELONG-PWY","GLUTORN-PWY",0.739658605974395,"Positive"
"FASYN-ELONG-PWY","GLYCOLYSIS",0.722958748221906,"Positive"
"FASYN-ELONG-PWY","HEME-BIOSYNTHESIS-II",0.67072546230441,"Positive"
"FASYN-ELONG-PWY","HEMESYN2-PWY",0.66574679943101,"Positive"
"FASYN-ELONG-PWY","HISTSYN-PWY",0.826201991465149,"Positive"
"FASYN-ELONG-PWY","HOMOSER-METSYN-PWY",0.623072546230441,"Positive"
"FASYN-ELONG-PWY","HSERMETANA-PWY",0.683271692745377,"Positive"
"FASYN-ELONG-PWY","ILEUSYN-PWY",0.847681365576102,"Positive"
"FASYN-ELONG-PWY","MET-SAM-PWY",0.661337126600285,"Positive"
"FASYN-ELONG-PWY","NAGLIPASYN-PWY",0.637325746799431,"Positive"
"FASYN-ELONG-PWY","NONOXIPENT-PWY",0.895504978662873,"Positive"
"FASYN-ELONG-PWY","OANTIGEN-PWY",0.864779516358464,"Positive"
"FASYN-ELONG-PWY","P122-PWY",0.756102418207681,"Positive"
"FASYN-ELONG-PWY","P124-PWY",0.725547652916074,"Positive"
"FASYN-ELONG-PWY","P161-PWY",0.699061166429587,"Positive"
"FASYN-ELONG-PWY","P4-PWY",0.660426742532006,"Positive"
"FASYN-ELONG-PWY","PENTOSE-P-PWY",0.971209103840683,"Positive"
"FASYN-ELONG-PWY","PEPTIDOGLYCANSYN-PWY",0.827994310099573,"Positive"
"FASYN-ELONG-PWY","PHOSLIPSYN-PWY",0.833058321479374,"Positive"
"FASYN-ELONG-PWY","POLYAMSYN-PWY",-0.601109530583215,"Negative"
"FASYN-ELONG-PWY","POLYISOPRENSYN-PWY",0.838065433854908,"Positive"
"FASYN-ELONG-PWY","PWY-2941",0.848847795163585,"Positive"
"FASYN-ELONG-PWY","PWY-2942",0.885291607396871,"Positive"
"FASYN-ELONG-PWY","PWY-3001",0.886230440967283,"Positive"
"FASYN-ELONG-PWY","PWY-5097",0.884779516358464,"Positive"
"FASYN-ELONG-PWY","PWY-5100",0.775732574679943,"Positive"
"FASYN-ELONG-PWY","PWY-5101",0.841877667140825,"Positive"
"FASYN-ELONG-PWY","PWY-5103",0.847226173541963,"Positive"
"FASYN-ELONG-PWY","PWY-5189",0.792517780938834,"Positive"
"FASYN-ELONG-PWY","PWY-5345",0.639857752489331,"Positive"
"FASYN-ELONG-PWY","PWY-5484",0.710184921763869,"Positive"
"FASYN-ELONG-PWY","PWY-5509",0.665604551920341,"Positive"
"FASYN-ELONG-PWY","PWY-5659",0.649957325746799,"Positive"
"FASYN-ELONG-PWY","PWY-5667",0.843129445234708,"Positive"
"FASYN-ELONG-PWY","PWY-5686",0.833371266002845,"Positive"
"FASYN-ELONG-PWY","PWY-5845",-0.665035561877667,"Negative"
"FASYN-ELONG-PWY","PWY-5850",-0.665035561877667,"Negative"
"FASYN-ELONG-PWY","PWY-5855",0.657695590327169,"Positive"
"FASYN-ELONG-PWY","PWY-5856",0.657695590327169,"Positive"
"FASYN-ELONG-PWY","PWY-5857",0.657695590327169,"Positive"
"FASYN-ELONG-PWY","PWY-5860",-0.669957325746799,"Negative"
"FASYN-ELONG-PWY","PWY-5862",-0.669957325746799,"Negative"
"FASYN-ELONG-PWY","PWY-5896",-0.665035561877667,"Negative"
"FASYN-ELONG-PWY","PWY-5910",0.662446657183499,"Positive"
"FASYN-ELONG-PWY","PWY-5913",0.741337126600285,"Positive"
"FASYN-ELONG-PWY","PWY-5920",0.646401137980085,"Positive"
"FASYN-ELONG-PWY","PWY-5973",0.911123755334282,"Positive"
"FASYN-ELONG-PWY","PWY-6121",0.883726884779516,"Positive"
"FASYN-ELONG-PWY","PWY-6122",0.88728307254623,"Positive"
"FASYN-ELONG-PWY","PWY-6123",0.877354196301565,"Positive"
"FASYN-ELONG-PWY","PWY-6125",0.890440967283073,"Positive"
"FASYN-ELONG-PWY","PWY-6126",0.913285917496444,"Positive"
"FASYN-ELONG-PWY","PWY-6147",0.778492176386913,"Positive"
"FASYN-ELONG-PWY","PWY-6151",0.873058321479374,"Positive"
"FASYN-ELONG-PWY","PWY-6163",0.830042674253201,"Positive"
"FASYN-ELONG-PWY","PWY-6269",0.664324324324324,"Positive"
"FASYN-ELONG-PWY","PWY-6277",0.88728307254623,"Positive"
"FASYN-ELONG-PWY","PWY-6317",0.720739687055477,"Positive"
"FASYN-ELONG-PWY","PWY-6385",0.827567567567568,"Positive"
"FASYN-ELONG-PWY","PWY-6386",0.83049786628734,"Positive"
"FASYN-ELONG-PWY","PWY-6387",0.826685633001423,"Positive"
"FASYN-ELONG-PWY","PWY-6471",0.741621621621622,"Positive"
"FASYN-ELONG-PWY","PWY-6545",0.626401137980085,"Positive"
"FASYN-ELONG-PWY","PWY-6700",0.649815078236131,"Positive"
"FASYN-ELONG-PWY","PWY-6708",0.657695590327169,"Positive"
"FASYN-ELONG-PWY","PWY-6897",0.879601706970128,"Positive"
"FASYN-ELONG-PWY","PWY-7111",0.838662873399715,"Positive"
"FASYN-ELONG-PWY","PWY-7184",0.887624466571835,"Positive"
"FASYN-ELONG-PWY","PWY-7187",0.816443812233286,"Positive"
"FASYN-ELONG-PWY","PWY-7197",0.83778093883357,"Positive"
"FASYN-ELONG-PWY","PWY-7208",0.815817923186344,"Positive"
"FASYN-ELONG-PWY","PWY-7211",0.755220483641536,"Positive"
"FASYN-ELONG-PWY","PWY-7219",0.83448079658606,"Positive"
"FASYN-ELONG-PWY","PWY-7220",0.927766714082504,"Positive"
"FASYN-ELONG-PWY","PWY-7221",0.822958748221906,"Positive"
"FASYN-ELONG-PWY","PWY-7222",0.927766714082504,"Positive"
"FASYN-ELONG-PWY","PWY-7228",0.843129445234708,"Positive"
"FASYN-ELONG-PWY","PWY-7229",0.850583214793741,"Positive"
"FASYN-ELONG-PWY","PWY-7234",0.953229018492176,"Positive"
"FASYN-ELONG-PWY","PWY-7237",-0.600341394025605,"Negative"
"FASYN-ELONG-PWY","PWY-7315",-0.706059743954481,"Negative"
"FASYN-ELONG-PWY","PWY-7328",0.657496443812233,"Positive"
"FASYN-ELONG-PWY","PWY-7400",0.84827880512091,"Positive"
"FASYN-ELONG-PWY","PWY-7539",0.808648648648649,"Positive"
"FASYN-ELONG-PWY","PWY-7663",0.895874822190612,"Positive"
"FASYN-ELONG-PWY","PWY-841",0.913911806543385,"Positive"
"FASYN-ELONG-PWY","PWY-922",0.640597439544808,"Positive"
"FASYN-ELONG-PWY","PWY0-1319",0.843129445234708,"Positive"
"FASYN-ELONG-PWY","PWY0-1338",-0.681735419630156,"Negative"
"FASYN-ELONG-PWY","PWY0-1533",-0.635362731152205,"Negative"
"FASYN-ELONG-PWY","PWY0-1586",0.702731152204836,"Positive"
"FASYN-ELONG-PWY","PWY0-162",0.843869132290185,"Positive"
"FASYN-ELONG-PWY","PWY0-166",0.856728307254623,"Positive"
"FASYN-ELONG-PWY","PWY4FS-7",0.831863442389758,"Positive"
"FASYN-ELONG-PWY","PWY4FS-8",0.831863442389758,"Positive"
"FASYN-ELONG-PWY","PYRIDNUCSAL-PWY",0.705775248933144,"Positive"
"FASYN-ELONG-PWY","PYRIDNUCSYN-PWY",0.649928876244666,"Positive"
"FASYN-ELONG-PWY","RIBOSYN2-PWY",0.845633001422475,"Positive"
"FASYN-ELONG-PWY","SER-GLYSYN-PWY",0.838492176386913,"Positive"
"FASYN-ELONG-PWY","SO4ASSIM-PWY",0.64099573257468,"Positive"
"FASYN-ELONG-PWY","SULFATE-CYS-PWY",0.6774679943101,"Positive"
"FASYN-ELONG-PWY","THRESYN-PWY",0.900796586059744,"Positive"
"FASYN-ELONG-PWY","TRNA-CHARGING-PWY",0.752830725462304,"Positive"
"FASYN-ELONG-PWY","TRPSYN-PWY",0.804068278805121,"Positive"
"FASYN-ELONG-PWY","UDPNAGSYN-PWY",0.833598862019915,"Positive"
"FASYN-ELONG-PWY","VALSYN-PWY",0.847681365576102,"Positive"
"FASYN-INITIAL-PWY","PWY-5971",0.965263157894737,"Positive"
"FASYN-INITIAL-PWY","PWY-5989",0.857268847795164,"Positive"
"FASYN-INITIAL-PWY","PWY-6282",0.999573257467994,"Positive"
"FASYN-INITIAL-PWY","PWY-6519",0.975846372688478,"Positive"
"FASYN-INITIAL-PWY","PWY-7664",0.998605974395448,"Positive"
"FASYN-INITIAL-PWY","PWY0-862",0.999487908961593,"Positive"
"FASYN-INITIAL-PWY","PWYG-321",0.878036984352774,"Positive"
"FERMENTATION-PWY","GLUCONEO-PWY",0.686258890469417,"Positive"
"FERMENTATION-PWY","GLUTORN-PWY",0.726799431009957,"Positive"
"FERMENTATION-PWY","HEME-BIOSYNTHESIS-II",0.709815078236131,"Positive"
"FERMENTATION-PWY","HEMESYN2-PWY",0.710611664295875,"Positive"
"FERMENTATION-PWY","HISTSYN-PWY",0.617809388335704,"Positive"
"FERMENTATION-PWY","HSERMETANA-PWY",0.68873399715505,"Positive"
"FERMENTATION-PWY","ILEUSYN-PWY",0.642247510668563,"Positive"
"FERMENTATION-PWY","NAGLIPASYN-PWY",0.706230440967283,"Positive"
"FERMENTATION-PWY","NONMEVIPP-PWY",0.707795163584637,"Positive"
"FERMENTATION-PWY","P4-PWY",0.625092460881935,"Positive"
"FERMENTATION-PWY","PANTO-PWY",0.723641536273115,"Positive"
"FERMENTATION-PWY","PANTOSYN-PWY",0.720170697012802,"Positive"
"FERMENTATION-PWY","PRPP-PWY",0.73049786628734,"Positive"
"FERMENTATION-PWY","PWY-1269",0.70022759601707,"Positive"
"FERMENTATION-PWY","PWY-3781",0.764267425320057,"Positive"
"FERMENTATION-PWY","PWY-5101",0.652233285917496,"Positive"
"FERMENTATION-PWY","PWY-5103",0.639487908961593,"Positive"
"FERMENTATION-PWY","PWY-5121",0.701906116642959,"Positive"
"FERMENTATION-PWY","PWY-5189",0.609758179231863,"Positive"
"FERMENTATION-PWY","PWY-5345",0.617695590327169,"Positive"
"FERMENTATION-PWY","PWY-5659",0.737439544807966,"Positive"
"FERMENTATION-PWY","PWY-5695",0.669587482219061,"Positive"
"FERMENTATION-PWY","PWY-5855",0.709701280227596,"Positive"
"FERMENTATION-PWY","PWY-5856",0.709701280227596,"Positive"
"FERMENTATION-PWY","PWY-5857",0.709701280227596,"Positive"
"FERMENTATION-PWY","PWY-5913",0.779715504978663,"Positive"
"FERMENTATION-PWY","PWY-5918",0.619288762446657,"Positive"
"FERMENTATION-PWY","PWY-5920",0.621906116642959,"Positive"
"FERMENTATION-PWY","PWY-6125",0.637695590327169,"Positive"
"FERMENTATION-PWY","PWY-6147",0.603726884779516,"Positive"
"FERMENTATION-PWY","PWY-6467",0.695533428165007,"Positive"
"FERMENTATION-PWY","PWY-6545",0.609046941678521,"Positive"
"FERMENTATION-PWY","PWY-6700",0.708449502133713,"Positive"
"FERMENTATION-PWY","PWY-6703",0.700881934566145,"Positive"
"FERMENTATION-PWY","PWY-6708",0.709701280227596,"Positive"
"FERMENTATION-PWY","PWY-7111",0.642332859174964,"Positive"
"FERMENTATION-PWY","PWY-7184",0.621052631578947,"Positive"
"FERMENTATION-PWY","PWY-7197",0.624238975817923,"Positive"
"FERMENTATION-PWY","PWY-7211",0.726600284495021,"Positive"
"FERMENTATION-PWY","PWY-7228",0.626059743954481,"Positive"
"FERMENTATION-PWY","PWY-7254",0.713285917496444,"Positive"
"FERMENTATION-PWY","PWY-7328",0.61977240398293,"Positive"
"FERMENTATION-PWY","PWY-7392",0.701678520625889,"Positive"
"FERMENTATION-PWY","PWY-7400",0.670810810810811,"Positive"
"FERMENTATION-PWY","PWY-7539",0.622645803698435,"Positive"
"FERMENTATION-PWY","PWY-7560",0.707795163584637,"Positive"
"FERMENTATION-PWY","PWY-841",0.630924608819346,"Positive"
"FERMENTATION-PWY","PWY0-1261",0.647539118065434,"Positive"
"FERMENTATION-PWY","PWY0-162",0.624665718349929,"Positive"
"FERMENTATION-PWY","PYRIDNUCSAL-PWY",0.683214793741109,"Positive"
"FERMENTATION-PWY","PYRIDNUCSYN-PWY",0.609189189189189,"Positive"
"FERMENTATION-PWY","SO4ASSIM-PWY",0.695647226173542,"Positive"
"FERMENTATION-PWY","SULFATE-CYS-PWY",0.715931721194879,"Positive"
"FERMENTATION-PWY","TCA",0.705320056899004,"Positive"
"FERMENTATION-PWY","TRNA-CHARGING-PWY",0.682446657183499,"Positive"
"FERMENTATION-PWY","TRPSYN-PWY",0.622560455192034,"Positive"
"FERMENTATION-PWY","UBISYN-PWY",0.60896159317212,"Positive"
"FERMENTATION-PWY","VALSYN-PWY",0.642247510668563,"Positive"
"FOLSYN-PWY","PWY-6612",0.995106685633001,"Positive"
"FOLSYN-PWY","PWY0-1061",0.730412517780939,"Positive"
"GALACT-GLUCUROCAT-PWY","GALACTUROCAT-PWY",0.886714082503556,"Positive"
"GALACT-GLUCUROCAT-PWY","GLUCUROCAT-PWY",0.848051209103841,"Positive"
"GALACT-GLUCUROCAT-PWY","GLUTORN-PWY",-0.651038406827881,"Negative"
"GALACT-GLUCUROCAT-PWY","GLYCOLYSIS",-0.653798008534851,"Negative"
"GALACT-GLUCUROCAT-PWY","HISTSYN-PWY",-0.702645803698435,"Negative"
"GALACT-GLUCUROCAT-PWY","HSERMETANA-PWY",-0.632176386913229,"Negative"
"GALACT-GLUCUROCAT-PWY","ILEUSYN-PWY",-0.695504978662873,"Negative"
"GALACT-GLUCUROCAT-PWY","NONMEVIPP-PWY",-0.613826458036984,"Negative"
"GALACT-GLUCUROCAT-PWY","NONOXIPENT-PWY",-0.648250355618777,"Negative"
"GALACT-GLUCUROCAT-PWY","OANTIGEN-PWY",-0.740483641536273,"Negative"
"GALACT-GLUCUROCAT-PWY","P105-PWY",0.633940256045519,"Positive"
"GALACT-GLUCUROCAT-PWY","P122-PWY",-0.604068278805121,"Negative"
"GALACT-GLUCUROCAT-PWY","PANTOSYN-PWY",-0.601735419630156,"Negative"
"GALACT-GLUCUROCAT-PWY","PENTOSE-P-PWY",-0.619089615931721,"Negative"
"GALACT-GLUCUROCAT-PWY","PEPTIDOGLYCANSYN-PWY",-0.688762446657183,"Negative"
"GALACT-GLUCUROCAT-PWY","PHOSLIPSYN-PWY",-0.667311522048364,"Negative"
"GALACT-GLUCUROCAT-PWY","POLYISOPRENSYN-PWY",-0.674992887624467,"Negative"
"GALACT-GLUCUROCAT-PWY","PWY-1269",-0.603413940256046,"Negative"
"GALACT-GLUCUROCAT-PWY","PWY-2942",-0.627880512091038,"Negative"
"GALACT-GLUCUROCAT-PWY","PWY-3001",-0.688221906116643,"Negative"
"GALACT-GLUCUROCAT-PWY","PWY-5097",-0.611237553342816,"Negative"
"GALACT-GLUCUROCAT-PWY","PWY-5100",-0.62796586059744,"Negative"
"GALACT-GLUCUROCAT-PWY","PWY-5101",-0.693826458036984,"Negative"
"GALACT-GLUCUROCAT-PWY","PWY-5103",-0.70950213371266,"Negative"
"GALACT-GLUCUROCAT-PWY","PWY-5121",-0.647852062588905,"Negative"
"GALACT-GLUCUROCAT-PWY","PWY-5189",-0.642332859174964,"Negative"
"GALACT-GLUCUROCAT-PWY","PWY-5484",-0.637837837837838,"Negative"
"GALACT-GLUCUROCAT-PWY","PWY-5659",-0.641934566145092,"Negative"
"GALACT-GLUCUROCAT-PWY","PWY-5667",-0.687994310099573,"Negative"
"GALACT-GLUCUROCAT-PWY","PWY-5686",-0.699374110953058,"Negative"
"GALACT-GLUCUROCAT-PWY","PWY-5973",-0.60398293029872,"Negative"
"GALACT-GLUCUROCAT-PWY","PWY-6121",-0.607852062588905,"Negative"
"GALACT-GLUCUROCAT-PWY","PWY-6122",-0.60651493598862,"Negative"
"GALACT-GLUCUROCAT-PWY","PWY-6123",-0.616500711237553,"Negative"
"GALACT-GLUCUROCAT-PWY","PWY-6126",-0.668250355618777,"Negative"
"GALACT-GLUCUROCAT-PWY","PWY-6147",-0.703413940256046,"Negative"
"GALACT-GLUCUROCAT-PWY","PWY-6163",-0.680028449502134,"Negative"
"GALACT-GLUCUROCAT-PWY","PWY-6277",-0.60651493598862,"Negative"
"GALACT-GLUCUROCAT-PWY","PWY-6385",-0.688051209103841,"Negative"
"GALACT-GLUCUROCAT-PWY","PWY-6386",-0.688250355618777,"Negative"
"GALACT-GLUCUROCAT-PWY","PWY-6387",-0.687482219061166,"Negative"
"GALACT-GLUCUROCAT-PWY","PWY-6467",-0.607083926031294,"Negative"
"GALACT-GLUCUROCAT-PWY","PWY-6471",-0.616130867709815,"Negative"
"GALACT-GLUCUROCAT-PWY","PWY-6700",-0.64972972972973,"Negative"
"GALACT-GLUCUROCAT-PWY","PWY-6703",-0.607112375533428,"Negative"
"GALACT-GLUCUROCAT-PWY","PWY-7111",-0.697610241820768,"Negative"
"GALACT-GLUCUROCAT-PWY","PWY-7208",-0.681735419630156,"Negative"
"GALACT-GLUCUROCAT-PWY","PWY-7211",-0.611692745376956,"Negative"
"GALACT-GLUCUROCAT-PWY","PWY-7219",-0.687652916073969,"Negative"
"GALACT-GLUCUROCAT-PWY","PWY-7220",-0.607226173541963,"Negative"
"GALACT-GLUCUROCAT-PWY","PWY-7221",-0.68827880512091,"Negative"
"GALACT-GLUCUROCAT-PWY","PWY-7222",-0.607226173541963,"Negative"
"GALACT-GLUCUROCAT-PWY","PWY-7229",-0.671692745376956,"Negative"
"GALACT-GLUCUROCAT-PWY","PWY-7242",0.730697012802276,"Positive"
"GALACT-GLUCUROCAT-PWY","PWY-7315",0.619118065433855,"Positive"
"GALACT-GLUCUROCAT-PWY","PWY-7392",-0.652631578947368,"Negative"
"GALACT-GLUCUROCAT-PWY","PWY-7400",-0.661450924608819,"Negative"
"GALACT-GLUCUROCAT-PWY","PWY-7539",-0.69072546230441,"Negative"
"GALACT-GLUCUROCAT-PWY","PWY-7560",-0.613826458036984,"Negative"
"GALACT-GLUCUROCAT-PWY","PWY0-1319",-0.687994310099573,"Negative"
"GALACT-GLUCUROCAT-PWY","PWY0-1338",0.636273115220484,"Positive"
"GALACT-GLUCUROCAT-PWY","PWY0-1533",0.757268847795164,"Positive"
"GALACT-GLUCUROCAT-PWY","PWY0-162",-0.603840682788051,"Negative"
"GALACT-GLUCUROCAT-PWY","PWY4FS-7",-0.658520625889047,"Negative"
"GALACT-GLUCUROCAT-PWY","PWY4FS-8",-0.658520625889047,"Negative"
"GALACT-GLUCUROCAT-PWY","RIBOSYN2-PWY",-0.665291607396871,"Negative"
"GALACT-GLUCUROCAT-PWY","SER-GLYSYN-PWY",-0.677553342816501,"Negative"
"GALACT-GLUCUROCAT-PWY","THRESYN-PWY",-0.637866287339972,"Negative"
"GALACT-GLUCUROCAT-PWY","TRNA-CHARGING-PWY",-0.694423897581792,"Negative"
"GALACT-GLUCUROCAT-PWY","TRPSYN-PWY",-0.703954480796586,"Negative"
"GALACT-GLUCUROCAT-PWY","UDPNAGSYN-PWY",-0.680711237553343,"Negative"
"GALACT-GLUCUROCAT-PWY","VALSYN-PWY",-0.695504978662873,"Negative"
"GALACTARDEG-PWY","GLUCARDEG-PWY",0.999914651493599,"Positive"
"GALACTARDEG-PWY","GLUCARGALACTSUPER-PWY",1,"Positive"
"GALACTARDEG-PWY","KETOGLUCONMET-PWY",0.60475106685633,"Positive"
"GALACTARDEG-PWY","METHGLYUT-PWY",0.613570412517781,"Positive"
"GALACTARDEG-PWY","ORNARGDEG-PWY",0.850014224751067,"Positive"
"GALACTARDEG-PWY","P562-PWY",0.736642958748222,"Positive"
"GALACTARDEG-PWY","PWY-5505",0.611237553342816,"Positive"
"GALACTUROCAT-PWY","GLUCUROCAT-PWY",0.843556187766714,"Positive"
"GALACTUROCAT-PWY","GLUTORN-PWY",-0.620113798008535,"Negative"
"GALACTUROCAT-PWY","GLYCOLYSIS",-0.643669985775249,"Negative"
"GALACTUROCAT-PWY","HISTSYN-PWY",-0.68199146514936,"Negative"
"GALACTUROCAT-PWY","HSERMETANA-PWY",-0.624352773826458,"Negative"
"GALACTUROCAT-PWY","ILEUSYN-PWY",-0.683669985775249,"Negative"
"GALACTUROCAT-PWY","NONOXIPENT-PWY",-0.626657183499289,"Negative"
"GALACTUROCAT-PWY","OANTIGEN-PWY",-0.718634423897582,"Negative"
"GALACTUROCAT-PWY","P105-PWY",0.631635846372688,"Positive"
"GALACTUROCAT-PWY","P122-PWY",-0.631066856330014,"Negative"
"GALACTUROCAT-PWY","P124-PWY",-0.612773826458037,"Negative"
"GALACTUROCAT-PWY","P4-PWY",-0.61302987197724,"Negative"
"GALACTUROCAT-PWY","PENTOSE-P-PWY",-0.609359886201991,"Negative"
"GALACTUROCAT-PWY","PEPTIDOGLYCANSYN-PWY",-0.68551920341394,"Negative"
"GALACTUROCAT-PWY","PHOSLIPSYN-PWY",-0.659203413940256,"Negative"
"GALACTUROCAT-PWY","POLYISOPRENSYN-PWY",-0.672688477951636,"Negative"
"GALACTUROCAT-PWY","PWY-2942",-0.641280227596017,"Negative"
"GALACTUROCAT-PWY","PWY-3001",-0.678975817923186,"Negative"
"GALACTUROCAT-PWY","PWY-5097",-0.615846372688478,"Negative"
"GALACTUROCAT-PWY","PWY-5100",-0.620398293029872,"Negative"
"GALACTUROCAT-PWY","PWY-5101",-0.679516358463727,"Negative"
"GALACTUROCAT-PWY","PWY-5103",-0.689815078236131,"Negative"
"GALACTUROCAT-PWY","PWY-5121",-0.606258890469417,"Negative"
"GALACTUROCAT-PWY","PWY-5484",-0.633798008534851,"Negative"
"GALACTUROCAT-PWY","PWY-5659",-0.631436699857753,"Negative"
"GALACTUROCAT-PWY","PWY-5667",-0.677126600284495,"Negative"
"GALACTUROCAT-PWY","PWY-5686",-0.692375533428165,"Negative"
"GALACTUROCAT-PWY","PWY-6121",-0.622247510668563,"Negative"
"GALACTUROCAT-PWY","PWY-6122",-0.62076813655761,"Negative"
"GALACTUROCAT-PWY","PWY-6123",-0.629160739687055,"Negative"
"GALACTUROCAT-PWY","PWY-6126",-0.656500711237553,"Negative"
"GALACTUROCAT-PWY","PWY-6147",-0.649815078236131,"Negative"
"GALACTUROCAT-PWY","PWY-6163",-0.686145092460882,"Negative"
"GALACTUROCAT-PWY","PWY-6277",-0.62076813655761,"Negative"
"GALACTUROCAT-PWY","PWY-6385",-0.683869132290185,"Negative"
"GALACTUROCAT-PWY","PWY-6386",-0.684836415362731,"Negative"
"GALACTUROCAT-PWY","PWY-6387",-0.684267425320057,"Negative"
"GALACTUROCAT-PWY","PWY-6471",-0.634964438122333,"Negative"
"GALACTUROCAT-PWY","PWY-6507",0.668136557610242,"Positive"
"GALACTUROCAT-PWY","PWY-6700",-0.610412517780939,"Negative"
"GALACTUROCAT-PWY","PWY-7111",-0.688108108108108,"Negative"
"GALACTUROCAT-PWY","PWY-7208",-0.676159317211949,"Negative"
"GALACTUROCAT-PWY","PWY-7219",-0.683243243243243,"Negative"
"GALACTUROCAT-PWY","PWY-7221",-0.681365576102418,"Negative"
"GALACTUROCAT-PWY","PWY-7229",-0.667254623044097,"Negative"
"GALACTUROCAT-PWY","PWY-7242",0.758264580369844,"Positive"
"GALACTUROCAT-PWY","PWY-7392",-0.614793741109531,"Negative"
"GALACTUROCAT-PWY","PWY-7400",-0.657155049786629,"Negative"
"GALACTUROCAT-PWY","PWY-7539",-0.640825035561878,"Negative"
"GALACTUROCAT-PWY","PWY0-1319",-0.677126600284495,"Negative"
"GALACTUROCAT-PWY","PWY0-1338",0.606372688477952,"Positive"
"GALACTUROCAT-PWY","PWY0-1533",0.742304409672831,"Positive"
"GALACTUROCAT-PWY","PWY4FS-7",-0.646002844950213,"Negative"
"GALACTUROCAT-PWY","PWY4FS-8",-0.646002844950213,"Negative"
"GALACTUROCAT-PWY","PYRIDNUCSAL-PWY",-0.629331436699858,"Negative"
"GALACTUROCAT-PWY","RIBOSYN2-PWY",-0.627254623044097,"Negative"
"GALACTUROCAT-PWY","SER-GLYSYN-PWY",-0.665291607396871,"Negative"
"GALACTUROCAT-PWY","THRESYN-PWY",-0.634167852062589,"Negative"
"GALACTUROCAT-PWY","TRNA-CHARGING-PWY",-0.686173541963016,"Negative"
"GALACTUROCAT-PWY","TRPSYN-PWY",-0.683613086770982,"Negative"
"GALACTUROCAT-PWY","UDPNAGSYN-PWY",-0.676045519203414,"Negative"
"GALACTUROCAT-PWY","VALSYN-PWY",-0.683669985775249,"Negative"
"GALLATE-DEGRADATION-I-PWY","METHYLGALLATE-DEGRADATION-PWY",0.999203413940256,"Positive"
"GLCMANNANAUT-PWY","P441-PWY",0.993741109530583,"Positive"
"GLCMANNANAUT-PWY","PWY-5304",0.681479374110953,"Positive"
"GLCMANNANAUT-PWY","PWY-7013",0.702446657183499,"Positive"
"GLUCARDEG-PWY","GLUCARGALACTSUPER-PWY",0.999914651493599,"Positive"
"GLUCARDEG-PWY","KETOGLUCONMET-PWY",0.605689900426743,"Positive"
"GLUCARDEG-PWY","METHGLYUT-PWY",0.61226173541963,"Positive"
"GLUCARDEG-PWY","ORNARGDEG-PWY",0.851009957325747,"Positive"
"GLUCARDEG-PWY","P562-PWY",0.737297297297297,"Positive"
"GLUCARDEG-PWY","PWY-5505",0.611891891891892,"Positive"
"GLUCARGALACTSUPER-PWY","KETOGLUCONMET-PWY",0.60475106685633,"Positive"
"GLUCARGALACTSUPER-PWY","METHGLYUT-PWY",0.613570412517781,"Positive"
"GLUCARGALACTSUPER-PWY","ORNARGDEG-PWY",0.850014224751067,"Positive"
"GLUCARGALACTSUPER-PWY","P562-PWY",0.736642958748222,"Positive"
"GLUCARGALACTSUPER-PWY","PWY-5505",0.611237553342816,"Positive"
"GLUCONEO-PWY","GLYCOLYSIS",0.639402560455192,"Positive"
"GLUCONEO-PWY","P461-PWY",0.676984352773826,"Positive"
"GLUCONEO-PWY","PEPTIDOGLYCANSYN-PWY",0.609445234708393,"Positive"
"GLUCONEO-PWY","PHOSLIPSYN-PWY",0.605917496443812,"Positive"
"GLUCONEO-PWY","PWY-5484",0.632745376955903,"Positive"
"GLUCONEO-PWY","PWY-5667",0.610298719772404,"Positive"
"GLUCONEO-PWY","PWY-5686",0.613570412517781,"Positive"
"GLUCONEO-PWY","PWY-621",0.600312944523471,"Positive"
"GLUCONEO-PWY","PWY-6385",0.609359886201991,"Positive"
"GLUCONEO-PWY","PWY-6386",0.609302987197724,"Positive"
"GLUCONEO-PWY","PWY-6387",0.609302987197724,"Positive"
"GLUCONEO-PWY","PWY-6471",0.61448079658606,"Positive"
"GLUCONEO-PWY","PWY-7184",0.611948790896159,"Positive"
"GLUCONEO-PWY","PWY-7187",0.69402560455192,"Positive"
"GLUCONEO-PWY","PWY-7197",0.600881934566145,"Positive"
"GLUCONEO-PWY","PWY-7208",0.611863442389758,"Positive"
"GLUCONEO-PWY","PWY-7219",0.611891891891892,"Positive"
"GLUCONEO-PWY","PWY-7221",0.621365576102418,"Positive"
"GLUCONEO-PWY","PWY-7228",0.612204836415363,"Positive"
"GLUCONEO-PWY","PWY0-1319",0.610298719772404,"Positive"
"GLUCONEO-PWY","PWY0-162",0.635561877667141,"Positive"
"GLUCONEO-PWY","PWY0-166",0.670213371266003,"Positive"
"GLUCONEO-PWY","TRNA-CHARGING-PWY",0.652005689900427,"Positive"
"GLUCONEO-PWY","UDPNAGSYN-PWY",0.606571834992888,"Positive"
"GLUCOSE1PMETAB-PWY","KDO-NAGLIPASYN-PWY",0.71027027027027,"Positive"
"GLUCOSE1PMETAB-PWY","NAD-BIOSYNTHESIS-II",0.895846372688478,"Positive"
"GLUCOSE1PMETAB-PWY","PPGPPMET-PWY",0.670241820768137,"Positive"
"GLUCOSE1PMETAB-PWY","PWY-5384",0.919829302987198,"Positive"
"GLUCOSE1PMETAB-PWY","PWY0-845",0.70275960170697,"Positive"
"GLUCOSE1PMETAB-PWY","PYRIDOXSYN-PWY",0.702133712660028,"Positive"
"GLUCUROCAT-PWY","HISTSYN-PWY",-0.623243243243243,"Negative"
"GLUCUROCAT-PWY","ILEUSYN-PWY",-0.616671408250356,"Negative"
"GLUCUROCAT-PWY","OANTIGEN-PWY",-0.662731152204836,"Negative"
"GLUCUROCAT-PWY","P105-PWY",0.621394025604552,"Positive"
"GLUCUROCAT-PWY","PEPTIDOGLYCANSYN-PWY",-0.630469416785206,"Negative"
"GLUCUROCAT-PWY","PHOSLIPSYN-PWY",-0.615192034139403,"Negative"
"GLUCUROCAT-PWY","POLYISOPRENSYN-PWY",-0.619829302987198,"Negative"
"GLUCUROCAT-PWY","PWY-3001",-0.62321479374111,"Negative"
"GLUCUROCAT-PWY","PWY-5101",-0.616500711237553,"Negative"
"GLUCUROCAT-PWY","PWY-5103",-0.63900426742532,"Negative"
"GLUCUROCAT-PWY","PWY-5667",-0.626600284495021,"Negative"
"GLUCUROCAT-PWY","PWY-5686",-0.638036984352774,"Negative"
"GLUCUROCAT-PWY","PWY-6126",-0.605263157894737,"Negative"
"GLUCUROCAT-PWY","PWY-6147",-0.617297297297297,"Negative"
"GLUCUROCAT-PWY","PWY-6163",-0.621735419630156,"Negative"
"GLUCUROCAT-PWY","PWY-6385",-0.63348506401138,"Negative"
"GLUCUROCAT-PWY","PWY-6386",-0.632091038406828,"Negative"
"GLUCUROCAT-PWY","PWY-6387",-0.630782361308677,"Negative"
"GLUCUROCAT-PWY","PWY-6507",0.688477951635846,"Positive"
"GLUCUROCAT-PWY","PWY-7111",-0.624466571834993,"Negative"
"GLUCUROCAT-PWY","PWY-7208",-0.623243243243243,"Negative"
"GLUCUROCAT-PWY","PWY-7219",-0.632403982930299,"Negative"
"GLUCUROCAT-PWY","PWY-7221",-0.630241820768137,"Negative"
"GLUCUROCAT-PWY","PWY-7229",-0.61900426742532,"Negative"
"GLUCUROCAT-PWY","PWY-7242",0.875561877667141,"Positive"
"GLUCUROCAT-PWY","PWY-7539",-0.600654338549075,"Negative"
"GLUCUROCAT-PWY","PWY0-1319",-0.626600284495021,"Negative"
"GLUCUROCAT-PWY","PWY0-1533",0.637496443812233,"Positive"
"GLUCUROCAT-PWY","PWY4FS-7",-0.603726884779516,"Negative"
"GLUCUROCAT-PWY","PWY4FS-8",-0.603726884779516,"Negative"
"GLUCUROCAT-PWY","TRNA-CHARGING-PWY",-0.618719772403983,"Negative"
"GLUCUROCAT-PWY","TRPSYN-PWY",-0.614423897581792,"Negative"
"GLUCUROCAT-PWY","UDPNAGSYN-PWY",-0.620056899004267,"Negative"
"GLUCUROCAT-PWY","VALSYN-PWY",-0.616671408250356,"Negative"
"GLUTORN-PWY","GLYCOLYSIS",0.609018492176387,"Positive"
"GLUTORN-PWY","HEME-BIOSYNTHESIS-II",0.800199146514936,"Positive"
"GLUTORN-PWY","HEMESYN2-PWY",0.800967283072546,"Positive"
"GLUTORN-PWY","HISTSYN-PWY",0.926002844950213,"Positive"
"GLUTORN-PWY","HSERMETANA-PWY",0.858833570412518,"Positive"
"GLUTORN-PWY","ILEUSYN-PWY",0.918264580369843,"Positive"
"GLUTORN-PWY","NAGLIPASYN-PWY",0.818719772403983,"Positive"
"GLUTORN-PWY","NONMEVIPP-PWY",0.908364153627311,"Positive"
"GLUTORN-PWY","NONOXIPENT-PWY",0.831351351351351,"Positive"
"GLUTORN-PWY","OANTIGEN-PWY",0.864295874822191,"Positive"
"GLUTORN-PWY","P4-PWY",0.838520625889047,"Positive"
"GLUTORN-PWY","PANTO-PWY",0.813911806543385,"Positive"
"GLUTORN-PWY","PANTOSYN-PWY",0.821422475106686,"Positive"
"GLUTORN-PWY","PENTOSE-P-PWY",0.742816500711238,"Positive"
"GLUTORN-PWY","PEPTIDOGLYCANSYN-PWY",0.714310099573257,"Positive"
"GLUTORN-PWY","PHOSLIPSYN-PWY",0.710668563300142,"Positive"
"GLUTORN-PWY","POLYISOPRENSYN-PWY",0.692403982930299,"Positive"
"GLUTORN-PWY","PWY-1269",0.899886201991465,"Positive"
"GLUTORN-PWY","PWY-2942",0.771834992887624,"Positive"
"GLUTORN-PWY","PWY-3001",0.889701280227596,"Positive"
"GLUTORN-PWY","PWY-5097",0.766201991465149,"Positive"
"GLUTORN-PWY","PWY-5101",0.931379800853485,"Positive"
"GLUTORN-PWY","PWY-5103",0.915448079658606,"Positive"
"GLUTORN-PWY","PWY-5121",0.902645803698435,"Positive"
"GLUTORN-PWY","PWY-5189",0.888534850640114,"Positive"
"GLUTORN-PWY","PWY-5345",0.725689900426743,"Positive"
"GLUTORN-PWY","PWY-5347",0.708790896159317,"Positive"
"GLUTORN-PWY","PWY-5509",0.612802275960171,"Positive"
"GLUTORN-PWY","PWY-5659",0.920682788051209,"Positive"
"GLUTORN-PWY","PWY-5667",0.736187766714082,"Positive"
"GLUTORN-PWY","PWY-5686",0.729559032716927,"Positive"
"GLUTORN-PWY","PWY-5855",0.804324324324324,"Positive"
"GLUTORN-PWY","PWY-5856",0.804324324324324,"Positive"
"GLUTORN-PWY","PWY-5857",0.804324324324324,"Positive"
"GLUTORN-PWY","PWY-5913",0.909302987197724,"Positive"
"GLUTORN-PWY","PWY-5920",0.732859174964438,"Positive"
"GLUTORN-PWY","PWY-5973",0.809957325746799,"Positive"
"GLUTORN-PWY","PWY-6121",0.769559032716927,"Positive"
"GLUTORN-PWY","PWY-6122",0.766344238975818,"Positive"
"GLUTORN-PWY","PWY-6123",0.761621621621622,"Positive"
"GLUTORN-PWY","PWY-6125",0.875362731152205,"Positive"
"GLUTORN-PWY","PWY-6126",0.699317211948791,"Positive"
"GLUTORN-PWY","PWY-6147",0.902844950213371,"Positive"
"GLUTORN-PWY","PWY-6163",0.816301564722617,"Positive"
"GLUTORN-PWY","PWY-6269",0.611379800853485,"Positive"
"GLUTORN-PWY","PWY-6277",0.766344238975818,"Positive"
"GLUTORN-PWY","PWY-6385",0.713570412517781,"Positive"
"GLUTORN-PWY","PWY-6386",0.716899004267425,"Positive"
"GLUTORN-PWY","PWY-6387",0.710611664295875,"Positive"
"GLUTORN-PWY","PWY-6467",0.896557610241821,"Positive"
"GLUTORN-PWY","PWY-6545",0.794196301564723,"Positive"
"GLUTORN-PWY","PWY-6630",0.60022759601707,"Positive"
"GLUTORN-PWY","PWY-6700",0.953769559032717,"Positive"
"GLUTORN-PWY","PWY-6703",0.906486486486486,"Positive"
"GLUTORN-PWY","PWY-6708",0.804324324324324,"Positive"
"GLUTORN-PWY","PWY-6897",0.765547652916074,"Positive"
"GLUTORN-PWY","PWY-7111",0.91724039829303,"Positive"
"GLUTORN-PWY","PWY-7184",0.832745376955903,"Positive"
"GLUTORN-PWY","PWY-7187",0.813342816500711,"Positive"
"GLUTORN-PWY","PWY-7197",0.898662873399716,"Positive"
"GLUTORN-PWY","PWY-7208",0.699089615931721,"Positive"
"GLUTORN-PWY","PWY-7211",0.830611664295875,"Positive"
"GLUTORN-PWY","PWY-7219",0.720426742532006,"Positive"
"GLUTORN-PWY","PWY-7220",0.650071123755334,"Positive"
"GLUTORN-PWY","PWY-7221",0.710753911806543,"Positive"
"GLUTORN-PWY","PWY-7222",0.650071123755334,"Positive"
"GLUTORN-PWY","PWY-7228",0.896557610241821,"Positive"
"GLUTORN-PWY","PWY-7229",0.724836415362731,"Positive"
"GLUTORN-PWY","PWY-7234",0.69601706970128,"Positive"
"GLUTORN-PWY","PWY-7242",-0.661820768136558,"Negative"
"GLUTORN-PWY","PWY-7315",-0.62896159317212,"Negative"
"GLUTORN-PWY","PWY-7328",0.731351351351351,"Positive"
"GLUTORN-PWY","PWY-7392",0.894822190611664,"Positive"
"GLUTORN-PWY","PWY-7400",0.946714082503556,"Positive"
"GLUTORN-PWY","PWY-7539",0.911152204836415,"Positive"
"GLUTORN-PWY","PWY-7560",0.908364153627311,"Positive"
"GLUTORN-PWY","PWY-7663",0.744153627311522,"Positive"
"GLUTORN-PWY","PWY-841",0.880142247510669,"Positive"
"GLUTORN-PWY","PWY0-1319",0.736187766714082,"Positive"
"GLUTORN-PWY","PWY0-1533",-0.72221906116643,"Negative"
"GLUTORN-PWY","PWY0-162",0.891095305832148,"Positive"
"GLUTORN-PWY","PWY0-166",0.829843527738265,"Positive"
"GLUTORN-PWY","PWY0-781",0.702702702702703,"Positive"
"GLUTORN-PWY","PWY4FS-7",0.680284495021337,"Positive"
"GLUTORN-PWY","PWY4FS-8",0.680284495021337,"Positive"
"GLUTORN-PWY","PYRIDNUCSAL-PWY",0.887823613086771,"Positive"
"GLUTORN-PWY","PYRIDNUCSYN-PWY",0.719914651493599,"Positive"
"GLUTORN-PWY","RIBOSYN2-PWY",0.884694167852063,"Positive"
"GLUTORN-PWY","SER-GLYSYN-PWY",0.88697012802276,"Positive"
"GLUTORN-PWY","SO4ASSIM-PWY",0.788961593172119,"Positive"
"GLUTORN-PWY","SULFATE-CYS-PWY",0.818862019914651,"Positive"
"GLUTORN-PWY","THRESYN-PWY",0.823044096728307,"Positive"
"GLUTORN-PWY","TRNA-CHARGING-PWY",0.874082503556188,"Positive"
"GLUTORN-PWY","TRPSYN-PWY",0.93027027027027,"Positive"
"GLUTORN-PWY","UBISYN-PWY",0.680654338549075,"Positive"
"GLUTORN-PWY","UDPNAGSYN-PWY",0.720085348506401,"Positive"
"GLUTORN-PWY","VALSYN-PWY",0.918264580369843,"Positive"
"GLYCOCAT-PWY","GLYCOGENSYNTH-PWY",0.787596017069701,"Positive"
"GLYCOCAT-PWY","PWY-6737",0.997894736842105,"Positive"
"GLYCOCAT-PWY","PWY-6892",0.64076813655761,"Positive"
"GLYCOGENSYNTH-PWY","HEXITOLDEGSUPER-PWY",0.612091038406828,"Positive"
"GLYCOGENSYNTH-PWY","P42-PWY",0.644324324324324,"Positive"
"GLYCOGENSYNTH-PWY","P461-PWY",0.637894736842105,"Positive"
"GLYCOGENSYNTH-PWY","PWY-6737",0.774452347083926,"Positive"
"GLYCOGENSYNTH-PWY","PWY-6892",0.6750213371266,"Positive"
"GLYCOLYSIS","HISTSYN-PWY",0.736415362731152,"Positive"
"GLYCOLYSIS","HOMOSER-METSYN-PWY",0.672944523470839,"Positive"
"GLYCOLYSIS","ILEUSYN-PWY",0.752318634423898,"Positive"
"GLYCOLYSIS","KDO-NAGLIPASYN-PWY",-0.61977240398293,"Negative"
"GLYCOLYSIS","MET-SAM-PWY",0.72321479374111,"Positive"
"GLYCOLYSIS","NONOXIPENT-PWY",0.812603129445235,"Positive"
"GLYCOLYSIS","OANTIGEN-PWY",0.82421052631579,"Positive"
"GLYCOLYSIS","P122-PWY",0.964295874822191,"Positive"
"GLYCOLYSIS","P124-PWY",0.96153627311522,"Positive"
"GLYCOLYSIS","P161-PWY",0.954054054054054,"Positive"
"GLYCOLYSIS","PENTOSE-P-PWY",0.798293029871977,"Positive"
"GLYCOLYSIS","PEPTIDOGLYCANSYN-PWY",0.953371266002845,"Positive"
"GLYCOLYSIS","PHOSLIPSYN-PWY",0.94398293029872,"Positive"
"GLYCOLYSIS","POLYISOPRENSYN-PWY",0.944438122332859,"Positive"
"GLYCOLYSIS","PWY-2941",0.724722617354196,"Positive"
"GLYCOLYSIS","PWY-2942",0.858036984352774,"Positive"
"GLYCOLYSIS","PWY-3001",0.808136557610242,"Positive"
"GLYCOLYSIS","PWY-5097",0.840597439544808,"Positive"
"GLYCOLYSIS","PWY-5100",0.943556187766714,"Positive"
"GLYCOLYSIS","PWY-5101",0.7374679943101,"Positive"
"GLYCOLYSIS","PWY-5103",0.748136557610242,"Positive"
"GLYCOLYSIS","PWY-5189",0.668165007112376,"Positive"
"GLYCOLYSIS","PWY-5484",0.998349928876245,"Positive"
"GLYCOLYSIS","PWY-5667",0.940597439544808,"Positive"
"GLYCOLYSIS","PWY-5686",0.948335704125178,"Positive"
"GLYCOLYSIS","PWY-5845",-0.659061166429587,"Negative"
"GLYCOLYSIS","PWY-5850",-0.659061166429587,"Negative"
"GLYCOLYSIS","PWY-5860",-0.663186344238976,"Negative"
"GLYCOLYSIS","PWY-5862",-0.663186344238976,"Negative"
"GLYCOLYSIS","PWY-5896",-0.659061166429587,"Negative"
"GLYCOLYSIS","PWY-5910",0.941934566145092,"Positive"
"GLYCOLYSIS","PWY-5973",0.806315789473684,"Positive"
"GLYCOLYSIS","PWY-6121",0.820483641536273,"Positive"
"GLYCOLYSIS","PWY-6122",0.818975817923186,"Positive"
"GLYCOLYSIS","PWY-6123",0.838890469416785,"Positive"
"GLYCOLYSIS","PWY-6125",0.727596017069701,"Positive"
"GLYCOLYSIS","PWY-6126",0.903243243243243,"Positive"
"GLYCOLYSIS","PWY-6147",0.689587482219061,"Positive"
"GLYCOLYSIS","PWY-6151",0.846059743954481,"Positive"
"GLYCOLYSIS","PWY-6163",0.794196301564723,"Positive"
"GLYCOLYSIS","PWY-621",0.765945945945946,"Positive"
"GLYCOLYSIS","PWY-6277",0.818975817923186,"Positive"
"GLYCOLYSIS","PWY-6317",0.836529160739687,"Positive"
"GLYCOLYSIS","PWY-6385",0.953342816500711,"Positive"
"GLYCOLYSIS","PWY-6386",0.951578947368421,"Positive"
"GLYCOLYSIS","PWY-6387",0.95302987197724,"Positive"
"GLYCOLYSIS","PWY-6471",0.978321479374111,"Positive"
"GLYCOLYSIS","PWY-6609",0.702304409672831,"Positive"
"GLYCOLYSIS","PWY-6897",0.805775248933144,"Positive"
"GLYCOLYSIS","PWY-7111",0.755561877667141,"Positive"
"GLYCOLYSIS","PWY-7184",0.72099573257468,"Positive"
"GLYCOLYSIS","PWY-7187",0.849985775248933,"Positive"
"GLYCOLYSIS","PWY-7197",0.71724039829303,"Positive"
"GLYCOLYSIS","PWY-7208",0.955789473684211,"Positive"
"GLYCOLYSIS","PWY-7219",0.951635846372688,"Positive"
"GLYCOLYSIS","PWY-7220",0.838492176386913,"Positive"
"GLYCOLYSIS","PWY-7221",0.953684210526316,"Positive"
"GLYCOLYSIS","PWY-7222",0.838492176386913,"Positive"
"GLYCOLYSIS","PWY-7228",0.734082503556188,"Positive"
"GLYCOLYSIS","PWY-7229",0.933911806543385,"Positive"
"GLYCOLYSIS","PWY-7234",0.774224751066856,"Positive"
"GLYCOLYSIS","PWY-7315",-0.674594594594595,"Negative"
"GLYCOLYSIS","PWY-7400",0.747795163584637,"Positive"
"GLYCOLYSIS","PWY-7539",0.694452347083926,"Positive"
"GLYCOLYSIS","PWY-7663",0.820967283072546,"Positive"
"GLYCOLYSIS","PWY-841",0.738691322901849,"Positive"
"GLYCOLYSIS","PWY-922",0.928847795163585,"Positive"
"GLYCOLYSIS","PWY0-1296",0.658179231863442,"Positive"
"GLYCOLYSIS","PWY0-1297",0.711522048364154,"Positive"
"GLYCOLYSIS","PWY0-1298",0.635504978662873,"Positive"
"GLYCOLYSIS","PWY0-1319",0.940597439544808,"Positive"
"GLYCOLYSIS","PWY0-1338",-0.660825035561878,"Negative"
"GLYCOLYSIS","PWY0-1586",0.962133712660028,"Positive"
"GLYCOLYSIS","PWY0-162",0.770611664295875,"Positive"
"GLYCOLYSIS","PWY0-166",0.819345661450925,"Positive"
"GLYCOLYSIS","PWY4FS-7",0.944495021337127,"Positive"
"GLYCOLYSIS","PWY4FS-8",0.944495021337127,"Positive"
"GLYCOLYSIS","PYRIDOXSYN-PWY",-0.607937411095306,"Negative"
"GLYCOLYSIS","RIBOSYN2-PWY",0.760056899004267,"Positive"
"GLYCOLYSIS","SER-GLYSYN-PWY",0.778264580369843,"Positive"
"GLYCOLYSIS","THRESYN-PWY",0.84827880512091,"Positive"
"GLYCOLYSIS","TRNA-CHARGING-PWY",0.797098150782361,"Positive"
"GLYCOLYSIS","TRPSYN-PWY",0.707197724039829,"Positive"
"GLYCOLYSIS","UDPNAGSYN-PWY",0.944580369843528,"Positive"
"GLYCOLYSIS","VALSYN-PWY",0.752318634423898,"Positive"
"GLYCOLYSIS-E-D","PWY-5154",0.651920341394026,"Positive"
"GLYCOLYSIS-E-D","PWY-6125",0.604665718349929,"Positive"
"GLYCOLYSIS-E-D","PWY-6151",0.600369843527738,"Positive"
"GLYCOLYSIS-E-D","PWY-7184",0.663470839260313,"Positive"
"GLYCOLYSIS-E-D","PWY-7187",0.662275960170697,"Positive"
"GLYCOLYSIS-E-D","PWY-7196",0.643470839260313,"Positive"
"GLYCOLYSIS-E-D","PWY-7200",0.643556187766714,"Positive"
"GLYCOLYSIS-E-D","PWY0-166",0.672318634423898,"Positive"
"GLYCOLYSIS-E-D","TRNA-CHARGING-PWY",0.614054054054054,"Positive"
"GLYCOLYSIS-TCA-GLYOX-BYPASS","GLYOXYLATE-BYPASS",0.98551920341394,"Positive"
"GLYCOLYSIS-TCA-GLYOX-BYPASS","P105-PWY",0.799374110953058,"Positive"
"GLYCOLYSIS-TCA-GLYOX-BYPASS","PWY0-845",0.732432432432432,"Positive"
"GLYCOLYSIS-TCA-GLYOX-BYPASS","PYRIDOXSYN-PWY",0.738065433854908,"Positive"
"GLYCOLYSIS-TCA-GLYOX-BYPASS","TCA-GLYOX-BYPASS",0.997951635846373,"Positive"
"GLYOXYLATE-BYPASS","P105-PWY",0.800711237553343,"Positive"
"GLYOXYLATE-BYPASS","PWY0-845",0.736756756756757,"Positive"
"GLYOXYLATE-BYPASS","PYRIDOXSYN-PWY",0.752460881934566,"Positive"
"GLYOXYLATE-BYPASS","TCA-GLYOX-BYPASS",0.989416785206259,"Positive"
"HEME-BIOSYNTHESIS-II","HEMESYN2-PWY",0.998264580369844,"Positive"
"HEME-BIOSYNTHESIS-II","HISTSYN-PWY",0.688051209103841,"Positive"
"HEME-BIOSYNTHESIS-II","HSERMETANA-PWY",0.861394025604552,"Positive"
"HEME-BIOSYNTHESIS-II","ILEUSYN-PWY",0.703726884779516,"Positive"
"HEME-BIOSYNTHESIS-II","NAGLIPASYN-PWY",0.956842105263158,"Positive"
"HEME-BIOSYNTHESIS-II","NONMEVIPP-PWY",0.871294452347084,"Positive"
"HEME-BIOSYNTHESIS-II","OANTIGEN-PWY",0.635761024182077,"Positive"
"HEME-BIOSYNTHESIS-II","P4-PWY",0.723669985775249,"Positive"
"HEME-BIOSYNTHESIS-II","PANTO-PWY",0.776330014224751,"Positive"
"HEME-BIOSYNTHESIS-II","PANTOSYN-PWY",0.770241820768137,"Positive"
"HEME-BIOSYNTHESIS-II","PENTOSE-P-PWY",0.626685633001422,"Positive"
"HEME-BIOSYNTHESIS-II","PRPP-PWY",0.605348506401138,"Positive"
"HEME-BIOSYNTHESIS-II","PWY-1269",0.875761024182077,"Positive"
"HEME-BIOSYNTHESIS-II","PWY-3001",0.650611664295875,"Positive"
"HEME-BIOSYNTHESIS-II","PWY-3781",0.701906116642959,"Positive"
"HEME-BIOSYNTHESIS-II","PWY-5101",0.718947368421053,"Positive"
"HEME-BIOSYNTHESIS-II","PWY-5103",0.701507823613087,"Positive"
"HEME-BIOSYNTHESIS-II","PWY-5121",0.846258890469417,"Positive"
"HEME-BIOSYNTHESIS-II","PWY-5189",0.775419630156472,"Positive"
"HEME-BIOSYNTHESIS-II","PWY-5345",0.907652916073969,"Positive"
"HEME-BIOSYNTHESIS-II","PWY-5659",0.830953058321479,"Positive"
"HEME-BIOSYNTHESIS-II","PWY-5855",0.994736842105263,"Positive"
"HEME-BIOSYNTHESIS-II","PWY-5856",0.994736842105263,"Positive"
"HEME-BIOSYNTHESIS-II","PWY-5857",0.994736842105263,"Positive"
"HEME-BIOSYNTHESIS-II","PWY-5913",0.944153627311522,"Positive"
"HEME-BIOSYNTHESIS-II","PWY-5920",0.891778093883357,"Positive"
"HEME-BIOSYNTHESIS-II","PWY-6125",0.705633001422475,"Positive"
"HEME-BIOSYNTHESIS-II","PWY-6147",0.703385490753912,"Positive"
"HEME-BIOSYNTHESIS-II","PWY-6467",0.875334281650071,"Positive"
"HEME-BIOSYNTHESIS-II","PWY-6545",0.837041251778094,"Positive"
"HEME-BIOSYNTHESIS-II","PWY-6700",0.830469416785206,"Positive"
"HEME-BIOSYNTHESIS-II","PWY-6703",0.875846372688478,"Positive"
"HEME-BIOSYNTHESIS-II","PWY-6708",0.994736842105263,"Positive"
"HEME-BIOSYNTHESIS-II","PWY-7111",0.699687055476529,"Positive"
"HEME-BIOSYNTHESIS-II","PWY-7184",0.702076813655761,"Positive"
"HEME-BIOSYNTHESIS-II","PWY-7197",0.681650071123755,"Positive"
"HEME-BIOSYNTHESIS-II","PWY-7211",0.951322901849218,"Positive"
"HEME-BIOSYNTHESIS-II","PWY-7228",0.673854907539118,"Positive"
"HEME-BIOSYNTHESIS-II","PWY-7328",0.844608819345661,"Positive"
"HEME-BIOSYNTHESIS-II","PWY-7392",0.837211948790896,"Positive"
"HEME-BIOSYNTHESIS-II","PWY-7400",0.707994310099573,"Positive"
"HEME-BIOSYNTHESIS-II","PWY-7539",0.734196301564723,"Positive"
"HEME-BIOSYNTHESIS-II","PWY-7560",0.871294452347084,"Positive"
"HEME-BIOSYNTHESIS-II","PWY-841",0.698122332859175,"Positive"
"HEME-BIOSYNTHESIS-II","PWY0-162",0.657581792318634,"Positive"
"HEME-BIOSYNTHESIS-II","PWY0-166",0.616699857752489,"Positive"
"HEME-BIOSYNTHESIS-II","PYRIDNUCSAL-PWY",0.758179231863442,"Positive"
"HEME-BIOSYNTHESIS-II","PYRIDNUCSYN-PWY",0.830469416785206,"Positive"
"HEME-BIOSYNTHESIS-II","RIBOSYN2-PWY",0.702446657183499,"Positive"
"HEME-BIOSYNTHESIS-II","SER-GLYSYN-PWY",0.637411095305832,"Positive"
"HEME-BIOSYNTHESIS-II","SO4ASSIM-PWY",0.995192034139403,"Positive"
"HEME-BIOSYNTHESIS-II","SULFATE-CYS-PWY",0.99325746799431,"Positive"
"HEME-BIOSYNTHESIS-II","TRNA-CHARGING-PWY",0.690839260312945,"Positive"
"HEME-BIOSYNTHESIS-II","TRPSYN-PWY",0.709758179231863,"Positive"
"HEME-BIOSYNTHESIS-II","UBISYN-PWY",0.875334281650071,"Positive"
"HEME-BIOSYNTHESIS-II","VALSYN-PWY",0.703726884779516,"Positive"
"HEMESYN2-PWY","HISTSYN-PWY",0.686116642958748,"Positive"
"HEMESYN2-PWY","HSERMETANA-PWY",0.855903271692745,"Positive"
"HEMESYN2-PWY","ILEUSYN-PWY",0.700625889046942,"Positive"
"HEMESYN2-PWY","NAGLIPASYN-PWY",0.959089615931721,"Positive"
"HEMESYN2-PWY","NONMEVIPP-PWY",0.873428165007112,"Positive"
"HEMESYN2-PWY","OANTIGEN-PWY",0.634054054054054,"Positive"
"HEMESYN2-PWY","P4-PWY",0.724011379800854,"Positive"
"HEMESYN2-PWY","PANTO-PWY",0.787027027027027,"Positive"
"HEMESYN2-PWY","PANTOSYN-PWY",0.780853485064011,"Positive"
"HEMESYN2-PWY","PENTOSE-P-PWY",0.621308677098151,"Positive"
"HEMESYN2-PWY","PRPP-PWY",0.604238975817923,"Positive"
"HEMESYN2-PWY","PWY-1269",0.878207681365576,"Positive"
"HEMESYN2-PWY","PWY-3001",0.647140825035562,"Positive"
"HEMESYN2-PWY","PWY-3781",0.695448079658606,"Positive"
"HEMESYN2-PWY","PWY-5101",0.716273115220484,"Positive"
"HEMESYN2-PWY","PWY-5103",0.699573257467994,"Positive"
"HEMESYN2-PWY","PWY-5121",0.846657183499289,"Positive"
"HEMESYN2-PWY","PWY-5189",0.773741109530583,"Positive"
"HEMESYN2-PWY","PWY-5345",0.899374110953058,"Positive"
"HEMESYN2-PWY","PWY-5659",0.828847795163585,"Positive"
"HEMESYN2-PWY","PWY-5855",0.995732574679943,"Positive"
"HEMESYN2-PWY","PWY-5856",0.995732574679943,"Positive"
"HEMESYN2-PWY","PWY-5857",0.995732574679943,"Positive"
"HEMESYN2-PWY","PWY-5913",0.942588904694168,"Positive"
"HEMESYN2-PWY","PWY-5920",0.88176386913229,"Positive"
"HEMESYN2-PWY","PWY-6125",0.700739687055477,"Positive"
"HEMESYN2-PWY","PWY-6147",0.701394025604552,"Positive"
"HEMESYN2-PWY","PWY-6467",0.877752489331437,"Positive"
"HEMESYN2-PWY","PWY-6545",0.830668563300142,"Positive"
"HEMESYN2-PWY","PWY-6700",0.833598862019915,"Positive"
"HEMESYN2-PWY","PWY-6703",0.877354196301565,"Positive"
"HEMESYN2-PWY","PWY-6708",0.995732574679943,"Positive"
"HEMESYN2-PWY","PWY-7111",0.69647226173542,"Positive"
"HEMESYN2-PWY","PWY-7184",0.697354196301565,"Positive"
"HEMESYN2-PWY","PWY-7197",0.677809388335704,"Positive"
"HEMESYN2-PWY","PWY-7211",0.948790896159317,"Positive"
"HEMESYN2-PWY","PWY-7228",0.669416785206259,"Positive"
"HEMESYN2-PWY","PWY-7328",0.835903271692745,"Positive"
"HEMESYN2-PWY","PWY-7392",0.83701280227596,"Positive"
"HEMESYN2-PWY","PWY-7400",0.706031294452347,"Positive"
"HEMESYN2-PWY","PWY-7539",0.732660028449502,"Positive"
"HEMESYN2-PWY","PWY-7560",0.873428165007112,"Positive"
"HEMESYN2-PWY","PWY-841",0.693200568990043,"Positive"
"HEMESYN2-PWY","PWY0-162",0.651977240398293,"Positive"
"HEMESYN2-PWY","PWY0-166",0.610953058321479,"Positive"
"HEMESYN2-PWY","PYRIDNUCSAL-PWY",0.756927453769559,"Positive"
"HEMESYN2-PWY","PYRIDNUCSYN-PWY",0.820312944523471,"Positive"
"HEMESYN2-PWY","RIBOSYN2-PWY",0.700085348506401,"Positive"
"HEMESYN2-PWY","SER-GLYSYN-PWY",0.633229018492176,"Positive"
"HEMESYN2-PWY","SO4ASSIM-PWY",0.994537695590327,"Positive"
"HEMESYN2-PWY","SULFATE-CYS-PWY",0.992688477951636,"Positive"
"HEMESYN2-PWY","TRNA-CHARGING-PWY",0.684807965860597,"Positive"
"HEMESYN2-PWY","TRPSYN-PWY",0.708108108108108,"Positive"
"HEMESYN2-PWY","UBISYN-PWY",0.87823613086771,"Positive"
"HEMESYN2-PWY","VALSYN-PWY",0.700625889046942,"Positive"
"HEXITOLDEGSUPER-PWY","P42-PWY",0.629046941678521,"Positive"
"HEXITOLDEGSUPER-PWY","PWY-6470",0.835078236130868,"Positive"
"HISDEG-PWY","POLYAMINSYN3-PWY",0.673314366998577,"Positive"
"HISDEG-PWY","POLYAMSYN-PWY",0.6275106685633,"Positive"
"HISDEG-PWY","PWY-5028",0.945860597439545,"Positive"
"HISDEG-PWY","PWY-5667",-0.601194879089616,"Negative"
"HISDEG-PWY","PWY-6163",-0.602588904694168,"Negative"
"HISDEG-PWY","PWY-6507",0.658719772403983,"Positive"
"HISDEG-PWY","PWY-6969",0.702048364153627,"Positive"
"HISDEG-PWY","PWY-7323",0.745661450924609,"Positive"
"HISDEG-PWY","PWY0-1319",-0.601194879089616,"Negative"
"HISDEG-PWY","SER-GLYSYN-PWY",-0.602418207681366,"Negative"
"HISTSYN-PWY","HOMOSER-METSYN-PWY",0.674452347083926,"Positive"
"HISTSYN-PWY","HSERMETANA-PWY",0.795846372688478,"Positive"
"HISTSYN-PWY","ILEUSYN-PWY",0.984921763869132,"Positive"
"HISTSYN-PWY","MET-SAM-PWY",0.709302987197724,"Positive"
"HISTSYN-PWY","NAGLIPASYN-PWY",0.706628733997155,"Positive"
"HISTSYN-PWY","NONMEVIPP-PWY",0.795960170697013,"Positive"
"HISTSYN-PWY","NONOXIPENT-PWY",0.913883357041252,"Positive"
"HISTSYN-PWY","OANTIGEN-PWY",0.936301564722617,"Positive"
"HISTSYN-PWY","P105-PWY",-0.618179231863442,"Negative"
"HISTSYN-PWY","P122-PWY",0.695789473684211,"Positive"
"HISTSYN-PWY","P124-PWY",0.663442389758179,"Positive"
"HISTSYN-PWY","P161-PWY",0.616699857752489,"Positive"
"HISTSYN-PWY","P4-PWY",0.791692745376956,"Positive"
"HISTSYN-PWY","PANTO-PWY",0.702475106685633,"Positive"
"HISTSYN-PWY","PANTOSYN-PWY",0.713769559032717,"Positive"
"HISTSYN-PWY","PENTOSE-P-PWY",0.839630156472262,"Positive"
"HISTSYN-PWY","PEPTIDOGLYCANSYN-PWY",0.833968705547653,"Positive"
"HISTSYN-PWY","PHOSLIPSYN-PWY",0.831692745376956,"Positive"
"HISTSYN-PWY","POLYAMSYN-PWY",-0.625291607396871,"Negative"
"HISTSYN-PWY","POLYISOPRENSYN-PWY",0.81800853485064,"Positive"
"HISTSYN-PWY","PWY-1269",0.787596017069701,"Positive"
"HISTSYN-PWY","PWY-2941",0.629587482219061,"Positive"
"HISTSYN-PWY","PWY-2942",0.884608819345661,"Positive"
"HISTSYN-PWY","PWY-3001",0.970384068278805,"Positive"
"HISTSYN-PWY","PWY-5097",0.874793741109531,"Positive"
"HISTSYN-PWY","PWY-5100",0.731607396870555,"Positive"
"HISTSYN-PWY","PWY-5101",0.985689900426743,"Positive"
"HISTSYN-PWY","PWY-5103",0.98321479374111,"Positive"
"HISTSYN-PWY","PWY-5121",0.793997155049787,"Positive"
"HISTSYN-PWY","PWY-5189",0.943385490753912,"Positive"
"HISTSYN-PWY","PWY-5345",0.648762446657184,"Positive"
"HISTSYN-PWY","PWY-5347",0.710327169274538,"Positive"
"HISTSYN-PWY","PWY-5484",0.719118065433855,"Positive"
"HISTSYN-PWY","PWY-5509",0.752460881934566,"Positive"
"HISTSYN-PWY","PWY-5659",0.813086770981508,"Positive"
"HISTSYN-PWY","PWY-5667",0.850128022759602,"Positive"
"HISTSYN-PWY","PWY-5686",0.845035561877667,"Positive"
"HISTSYN-PWY","PWY-5845",-0.67547652916074,"Negative"
"HISTSYN-PWY","PWY-5850",-0.67547652916074,"Negative"
"HISTSYN-PWY","PWY-5855",0.694196301564723,"Positive"
"HISTSYN-PWY","PWY-5856",0.694196301564723,"Positive"
"HISTSYN-PWY","PWY-5857",0.694196301564723,"Positive"
"HISTSYN-PWY","PWY-5860",-0.679886201991465,"Negative"
"HISTSYN-PWY","PWY-5862",-0.679886201991465,"Negative"
"HISTSYN-PWY","PWY-5896",-0.67547652916074,"Negative"
"HISTSYN-PWY","PWY-5913",0.796130867709815,"Positive"
"HISTSYN-PWY","PWY-5920",0.656073968705548,"Positive"
"HISTSYN-PWY","PWY-5973",0.90153627311522,"Positive"
"HISTSYN-PWY","PWY-6121",0.878577524893314,"Positive"
"HISTSYN-PWY","PWY-6122",0.875732574679943,"Positive"
"HISTSYN-PWY","PWY-6123",0.875590327169275,"Positive"
"HISTSYN-PWY","PWY-6125",0.837610241820768,"Positive"
"HISTSYN-PWY","PWY-6126",0.826827880512091,"Positive"
"HISTSYN-PWY","PWY-6147",0.970526315789474,"Positive"
"HISTSYN-PWY","PWY-6151",0.70176386913229,"Positive"
"HISTSYN-PWY","PWY-6163",0.933513513513514,"Positive"
"HISTSYN-PWY","PWY-6269",0.750981507823613,"Positive"
"HISTSYN-PWY","PWY-6277",0.875732574679943,"Positive"
"HISTSYN-PWY","PWY-6317",0.676102418207681,"Positive"
"HISTSYN-PWY","PWY-6385",0.833627311522048,"Positive"
"HISTSYN-PWY","PWY-6386",0.836614509246088,"Positive"
"HISTSYN-PWY","PWY-6387",0.831180654338549,"Positive"
"HISTSYN-PWY","PWY-6467",0.784352773826458,"Positive"
"HISTSYN-PWY","PWY-6471",0.7150213371266,"Positive"
"HISTSYN-PWY","PWY-6545",0.712233285917496,"Positive"
"HISTSYN-PWY","PWY-6700",0.862873399715505,"Positive"
"HISTSYN-PWY","PWY-6703",0.802731152204836,"Positive"
"HISTSYN-PWY","PWY-6708",0.694196301564723,"Positive"
"HISTSYN-PWY","PWY-6897",0.866258890469417,"Positive"
"HISTSYN-PWY","PWY-7111",0.985775248933144,"Positive"
"HISTSYN-PWY","PWY-7184",0.786770981507824,"Positive"
"HISTSYN-PWY","PWY-7187",0.808364153627312,"Positive"
"HISTSYN-PWY","PWY-7197",0.85172119487909,"Positive"
"HISTSYN-PWY","PWY-7208",0.817923186344239,"Positive"
"HISTSYN-PWY","PWY-7211",0.731749644381223,"Positive"
"HISTSYN-PWY","PWY-7219",0.839317211948791,"Positive"
"HISTSYN-PWY","PWY-7220",0.785775248933144,"Positive"
"HISTSYN-PWY","PWY-7221",0.827908961593172,"Positive"
"HISTSYN-PWY","PWY-7222",0.785775248933144,"Positive"
"HISTSYN-PWY","PWY-7228",0.854139402560455,"Positive"
"HISTSYN-PWY","PWY-7229",0.849672830725462,"Positive"
"HISTSYN-PWY","PWY-7234",0.808876244665718,"Positive"
"HISTSYN-PWY","PWY-7242",-0.614139402560455,"Negative"
"HISTSYN-PWY","PWY-7315",-0.720682788051209,"Negative"
"HISTSYN-PWY","PWY-7328",0.671578947368421,"Positive"
"HISTSYN-PWY","PWY-7392",0.785803698435277,"Positive"
"HISTSYN-PWY","PWY-7400",0.941081081081081,"Positive"
"HISTSYN-PWY","PWY-7539",0.974964438122333,"Positive"
"HISTSYN-PWY","PWY-7560",0.795960170697013,"Positive"
"HISTSYN-PWY","PWY-7663",0.866799431009957,"Positive"
"HISTSYN-PWY","PWY-841",0.865917496443812,"Positive"
"HISTSYN-PWY","PWY0-1319",0.850128022759602,"Positive"
"HISTSYN-PWY","PWY0-1338",-0.696529160739687,"Negative"
"HISTSYN-PWY","PWY0-1533",-0.740540540540541,"Negative"
"HISTSYN-PWY","PWY0-1586",0.667994310099573,"Positive"
"HISTSYN-PWY","PWY0-162",0.864068278805121,"Positive"
"HISTSYN-PWY","PWY0-166",0.816216216216216,"Positive"
"HISTSYN-PWY","PWY0-781",0.668307254623044,"Positive"
"HISTSYN-PWY","PWY4FS-7",0.807453769559033,"Positive"
"HISTSYN-PWY","PWY4FS-8",0.807453769559033,"Positive"
"HISTSYN-PWY","PYRIDNUCSAL-PWY",0.835078236130868,"Positive"
"HISTSYN-PWY","PYRIDNUCSYN-PWY",0.659943100995733,"Positive"
"HISTSYN-PWY","RIBOSYN2-PWY",0.963926031294452,"Positive"
"HISTSYN-PWY","SER-GLYSYN-PWY",0.985007112375533,"Positive"
"HISTSYN-PWY","SO4ASSIM-PWY",0.67172119487909,"Positive"
"HISTSYN-PWY","SULFATE-CYS-PWY",0.711578947368421,"Positive"
"HISTSYN-PWY","THRESYN-PWY",0.914537695590327,"Positive"
"HISTSYN-PWY","TRNA-CHARGING-PWY",0.82475106685633,"Positive"
"HISTSYN-PWY","TRPSYN-PWY",0.99302987197724,"Positive"
"HISTSYN-PWY","UDPNAGSYN-PWY",0.835846372688478,"Positive"
"HISTSYN-PWY","VALSYN-PWY",0.984921763869132,"Positive"
"HOMOSER-METSYN-PWY","ILEUSYN-PWY",0.657183499288762,"Positive"
"HOMOSER-METSYN-PWY","MET-SAM-PWY",0.992147937411095,"Positive"
"HOMOSER-METSYN-PWY","NONOXIPENT-PWY",0.725348506401138,"Positive"
"HOMOSER-METSYN-PWY","OANTIGEN-PWY",0.629985775248933,"Positive"
"HOMOSER-METSYN-PWY","P122-PWY",0.708477951635846,"Positive"
"HOMOSER-METSYN-PWY","P124-PWY",0.705320056899004,"Positive"
"HOMOSER-METSYN-PWY","P161-PWY",0.687425320056899,"Positive"
"HOMOSER-METSYN-PWY","P4-PWY",0.692688477951636,"Positive"
"HOMOSER-METSYN-PWY","PENTOSE-P-PWY",0.663556187766714,"Positive"
"HOMOSER-METSYN-PWY","PEPTIDOGLYCANSYN-PWY",0.70375533428165,"Positive"
"HOMOSER-METSYN-PWY","PHOSLIPSYN-PWY",0.690298719772404,"Positive"
"HOMOSER-METSYN-PWY","POLYISOPRENSYN-PWY",0.692631578947368,"Positive"
"HOMOSER-METSYN-PWY","PWY-2941",0.634992887624467,"Positive"
"HOMOSER-METSYN-PWY","PWY-2942",0.722446657183499,"Positive"
"HOMOSER-METSYN-PWY","PWY-3001",0.70275960170697,"Positive"
"HOMOSER-METSYN-PWY","PWY-5097",0.682901849217639,"Positive"
"HOMOSER-METSYN-PWY","PWY-5100",0.684722617354196,"Positive"
"HOMOSER-METSYN-PWY","PWY-5101",0.647055476529161,"Positive"
"HOMOSER-METSYN-PWY","PWY-5103",0.653598862019915,"Positive"
"HOMOSER-METSYN-PWY","PWY-5347",0.788392603129445,"Positive"
"HOMOSER-METSYN-PWY","PWY-5484",0.666173541963016,"Positive"
"HOMOSER-METSYN-PWY","PWY-5509",0.731379800853485,"Positive"
"HOMOSER-METSYN-PWY","PWY-5667",0.690953058321479,"Positive"
"HOMOSER-METSYN-PWY","PWY-5686",0.697041251778094,"Positive"
"HOMOSER-METSYN-PWY","PWY-5910",0.664295874822191,"Positive"
"HOMOSER-METSYN-PWY","PWY-5973",0.733399715504979,"Positive"
"HOMOSER-METSYN-PWY","PWY-6121",0.709046941678521,"Positive"
"HOMOSER-METSYN-PWY","PWY-6122",0.705945945945946,"Positive"
"HOMOSER-METSYN-PWY","PWY-6123",0.712119487908962,"Positive"
"HOMOSER-METSYN-PWY","PWY-6126",0.690526315789474,"Positive"
"HOMOSER-METSYN-PWY","PWY-6147",0.612290184921764,"Positive"
"HOMOSER-METSYN-PWY","PWY-6151",0.661820768136558,"Positive"
"HOMOSER-METSYN-PWY","PWY-6163",0.67049786628734,"Positive"
"HOMOSER-METSYN-PWY","PWY-621",0.652830725462304,"Positive"
"HOMOSER-METSYN-PWY","PWY-6269",0.731436699857753,"Positive"
"HOMOSER-METSYN-PWY","PWY-6277",0.705945945945946,"Positive"
"HOMOSER-METSYN-PWY","PWY-6317",0.761479374110953,"Positive"
"HOMOSER-METSYN-PWY","PWY-6385",0.703499288762447,"Positive"
"HOMOSER-METSYN-PWY","PWY-6386",0.704694167852063,"Positive"
"HOMOSER-METSYN-PWY","PWY-6387",0.70176386913229,"Positive"
"HOMOSER-METSYN-PWY","PWY-6471",0.709302987197724,"Positive"
"HOMOSER-METSYN-PWY","PWY-6897",0.6425320056899,"Positive"
"HOMOSER-METSYN-PWY","PWY-7111",0.65624466571835,"Positive"
"HOMOSER-METSYN-PWY","PWY-7187",0.647453769559033,"Positive"
"HOMOSER-METSYN-PWY","PWY-7208",0.695106685633001,"Positive"
"HOMOSER-METSYN-PWY","PWY-7219",0.70321479374111,"Positive"
"HOMOSER-METSYN-PWY","PWY-7220",0.677866287339972,"Positive"
"HOMOSER-METSYN-PWY","PWY-7221",0.682617354196302,"Positive"
"HOMOSER-METSYN-PWY","PWY-7222",0.677866287339972,"Positive"
"HOMOSER-METSYN-PWY","PWY-7229",0.714935988620199,"Positive"
"HOMOSER-METSYN-PWY","PWY-7234",0.642076813655761,"Positive"
"HOMOSER-METSYN-PWY","PWY-7400",0.636386913229019,"Positive"
"HOMOSER-METSYN-PWY","PWY-7539",0.609018492176387,"Positive"
"HOMOSER-METSYN-PWY","PWY-7663",0.756642958748222,"Positive"
"HOMOSER-METSYN-PWY","PWY-841",0.617752489331437,"Positive"
"HOMOSER-METSYN-PWY","PWY-922",0.656756756756757,"Positive"
"HOMOSER-METSYN-PWY","PWY0-1319",0.690953058321479,"Positive"
"HOMOSER-METSYN-PWY","PWY0-1586",0.731578947368421,"Positive"
"HOMOSER-METSYN-PWY","PWY0-162",0.615305832147937,"Positive"
"HOMOSER-METSYN-PWY","PWY0-166",0.630128022759602,"Positive"
"HOMOSER-METSYN-PWY","PWY4FS-7",0.68574679943101,"Positive"
"HOMOSER-METSYN-PWY","PWY4FS-8",0.68574679943101,"Positive"
"HOMOSER-METSYN-PWY","RIBOSYN2-PWY",0.631465149359886,"Positive"
"HOMOSER-METSYN-PWY","SER-GLYSYN-PWY",0.719544807965861,"Positive"
"HOMOSER-METSYN-PWY","THRESYN-PWY",0.730526315789474,"Positive"
"HOMOSER-METSYN-PWY","TRPSYN-PWY",0.659146514935989,"Positive"
"HOMOSER-METSYN-PWY","UDPNAGSYN-PWY",0.690753911806543,"Positive"
"HOMOSER-METSYN-PWY","VALSYN-PWY",0.657183499288762,"Positive"
"HSERMETANA-PWY","ILEUSYN-PWY",0.815305832147937,"Positive"
"HSERMETANA-PWY","NAGLIPASYN-PWY",0.885007112375533,"Positive"
"HSERMETANA-PWY","NONMEVIPP-PWY",0.893371266002845,"Positive"
"HSERMETANA-PWY","NONOXIPENT-PWY",0.702389758179232,"Positive"
"HSERMETANA-PWY","OANTIGEN-PWY",0.754509246088193,"Positive"
"HSERMETANA-PWY","P4-PWY",0.812432432432432,"Positive"
"HSERMETANA-PWY","PANTO-PWY",0.777155049786629,"Positive"
"HSERMETANA-PWY","PANTOSYN-PWY",0.782731152204836,"Positive"
"HSERMETANA-PWY","PENTOSE-P-PWY",0.667112375533428,"Positive"
"HSERMETANA-PWY","PWY-1269",0.884551920341394,"Positive"
"HSERMETANA-PWY","PWY-2942",0.616529160739687,"Positive"
"HSERMETANA-PWY","PWY-3001",0.763726884779516,"Positive"
"HSERMETANA-PWY","PWY-3781",0.745064011379801,"Positive"
"HSERMETANA-PWY","PWY-5097",0.618435277382646,"Positive"
"HSERMETANA-PWY","PWY-5101",0.829615931721195,"Positive"
"HSERMETANA-PWY","PWY-5103",0.811834992887625,"Positive"
"HSERMETANA-PWY","PWY-5121",0.88022759601707,"Positive"
"HSERMETANA-PWY","PWY-5189",0.795618776671408,"Positive"
"HSERMETANA-PWY","PWY-5345",0.909103840682788,"Positive"
"HSERMETANA-PWY","PWY-5347",0.696045519203414,"Positive"
"HSERMETANA-PWY","PWY-5659",0.913428165007112,"Positive"
"HSERMETANA-PWY","PWY-5855",0.848221906116643,"Positive"
"HSERMETANA-PWY","PWY-5856",0.848221906116643,"Positive"
"HSERMETANA-PWY","PWY-5857",0.848221906116643,"Positive"
"HSERMETANA-PWY","PWY-5913",0.918549075391181,"Positive"
"HSERMETANA-PWY","PWY-5920",0.916443812233286,"Positive"
"HSERMETANA-PWY","PWY-5973",0.665376955903272,"Positive"
"HSERMETANA-PWY","PWY-6121",0.619829302987198,"Positive"
"HSERMETANA-PWY","PWY-6122",0.620426742532006,"Positive"
"HSERMETANA-PWY","PWY-6123",0.606543385490754,"Positive"
"HSERMETANA-PWY","PWY-6125",0.74551920341394,"Positive"
"HSERMETANA-PWY","PWY-6147",0.792403982930299,"Positive"
"HSERMETANA-PWY","PWY-6163",0.677325746799431,"Positive"
"HSERMETANA-PWY","PWY-6277",0.620426742532006,"Positive"
"HSERMETANA-PWY","PWY-6467",0.88275960170697,"Positive"
"HSERMETANA-PWY","PWY-6545",0.943840682788051,"Positive"
"HSERMETANA-PWY","PWY-6700",0.8774679943101,"Positive"
"HSERMETANA-PWY","PWY-6703",0.89371266002845,"Positive"
"HSERMETANA-PWY","PWY-6708",0.848221906116643,"Positive"
"HSERMETANA-PWY","PWY-6897",0.618321479374111,"Positive"
"HSERMETANA-PWY","PWY-7111",0.808790896159317,"Positive"
"HSERMETANA-PWY","PWY-7184",0.714196301564723,"Positive"
"HSERMETANA-PWY","PWY-7187",0.636443812233286,"Positive"
"HSERMETANA-PWY","PWY-7197",0.745007112375533,"Positive"
"HSERMETANA-PWY","PWY-7211",0.851664295874822,"Positive"
"HSERMETANA-PWY","PWY-7228",0.736500711237553,"Positive"
"HSERMETANA-PWY","PWY-7234",0.609018492176387,"Positive"
"HSERMETANA-PWY","PWY-7242",-0.633200568990043,"Negative"
"HSERMETANA-PWY","PWY-7328",0.912204836415363,"Positive"
"HSERMETANA-PWY","PWY-7392",0.867339971550498,"Positive"
"HSERMETANA-PWY","PWY-7400",0.778577524893314,"Positive"
"HSERMETANA-PWY","PWY-7539",0.803129445234708,"Positive"
"HSERMETANA-PWY","PWY-7560",0.893371266002845,"Positive"
"HSERMETANA-PWY","PWY-7663",0.607624466571835,"Positive"
"HSERMETANA-PWY","PWY-841",0.746002844950213,"Positive"
"HSERMETANA-PWY","PWY0-1533",-0.689786628733997,"Negative"
"HSERMETANA-PWY","PWY0-162",0.736045519203414,"Positive"
"HSERMETANA-PWY","PWY0-166",0.674736842105263,"Positive"
"HSERMETANA-PWY","PWY0-781",0.765206258890469,"Positive"
"HSERMETANA-PWY","PYRIDNUCSAL-PWY",0.893342816500711,"Positive"
"HSERMETANA-PWY","PYRIDNUCSYN-PWY",0.905291607396871,"Positive"
"HSERMETANA-PWY","RIBOSYN2-PWY",0.769559032716927,"Positive"
"HSERMETANA-PWY","SER-GLYSYN-PWY",0.757041251778094,"Positive"
"HSERMETANA-PWY","SO4ASSIM-PWY",0.844125177809388,"Positive"
"HSERMETANA-PWY","SULFATE-CYS-PWY",0.87678520625889,"Positive"
"HSERMETANA-PWY","THRESYN-PWY",0.676813655761024,"Positive"
"HSERMETANA-PWY","TRNA-CHARGING-PWY",0.774793741109531,"Positive"
"HSERMETANA-PWY","TRPSYN-PWY",0.800796586059744,"Positive"
"HSERMETANA-PWY","UBISYN-PWY",0.699800853485064,"Positive"
"HSERMETANA-PWY","VALSYN-PWY",0.815305832147937,"Positive"
"ILEUSYN-PWY","MET-SAM-PWY",0.694139402560455,"Positive"
"ILEUSYN-PWY","NAGLIPASYN-PWY",0.705433854907539,"Positive"
"ILEUSYN-PWY","NONMEVIPP-PWY",0.794765291607397,"Positive"
"ILEUSYN-PWY","NONOXIPENT-PWY",0.931123755334282,"Positive"
"ILEUSYN-PWY","OANTIGEN-PWY",0.954452347083926,"Positive"
"ILEUSYN-PWY","P122-PWY",0.721706970128023,"Positive"
"ILEUSYN-PWY","P124-PWY",0.689103840682788,"Positive"
"ILEUSYN-PWY","P161-PWY",0.641906116642959,"Positive"
"ILEUSYN-PWY","P4-PWY",0.793655761024182,"Positive"
"ILEUSYN-PWY","PANTO-PWY",0.709957325746799,"Positive"
"ILEUSYN-PWY","PANTOSYN-PWY",0.725064011379801,"Positive"
"ILEUSYN-PWY","PENTOSE-P-PWY",0.862674253200569,"Positive"
"ILEUSYN-PWY","PEPTIDOGLYCANSYN-PWY",0.852574679943101,"Positive"
"ILEUSYN-PWY","PHOSLIPSYN-PWY",0.851778093883357,"Positive"
"ILEUSYN-PWY","POLYAMSYN-PWY",-0.654423897581792,"Negative"
"ILEUSYN-PWY","POLYISOPRENSYN-PWY",0.838975817923186,"Positive"
"ILEUSYN-PWY","PWY-1269",0.786458036984353,"Positive"
"ILEUSYN-PWY","PWY-2941",0.667112375533428,"Positive"
"ILEUSYN-PWY","PWY-2942",0.909388335704125,"Positive"
"ILEUSYN-PWY","PWY-3001",0.985490753911807,"Positive"
"ILEUSYN-PWY","PWY-5097",0.903328591749644,"Positive"
"ILEUSYN-PWY","PWY-5100",0.753314366998578,"Positive"
"ILEUSYN-PWY","PWY-5101",0.998093883357041,"Positive"
"ILEUSYN-PWY","PWY-5103",0.992773826458037,"Positive"
"ILEUSYN-PWY","PWY-5121",0.794509246088194,"Positive"
"ILEUSYN-PWY","PWY-5189",0.936159317211949,"Positive"
"ILEUSYN-PWY","PWY-5345",0.679630156472262,"Positive"
"ILEUSYN-PWY","PWY-5347",0.710753911806543,"Positive"
"ILEUSYN-PWY","PWY-5484",0.736159317211949,"Positive"
"ILEUSYN-PWY","PWY-5509",0.732176386913229,"Positive"
"ILEUSYN-PWY","PWY-5659",0.83547652916074,"Positive"
"ILEUSYN-PWY","PWY-5667",0.869359886201991,"Positive"
"ILEUSYN-PWY","PWY-5686",0.864409672830725,"Positive"
"ILEUSYN-PWY","PWY-5845",-0.674793741109531,"Negative"
"ILEUSYN-PWY","PWY-5850",-0.674793741109531,"Negative"
"ILEUSYN-PWY","PWY-5855",0.702503556187767,"Positive"
"ILEUSYN-PWY","PWY-5856",0.702503556187767,"Positive"
"ILEUSYN-PWY","PWY-5857",0.702503556187767,"Positive"
"ILEUSYN-PWY","PWY-5860",-0.679260312944523,"Negative"
"ILEUSYN-PWY","PWY-5862",-0.679260312944523,"Negative"
"ILEUSYN-PWY","PWY-5896",-0.674793741109531,"Negative"
"ILEUSYN-PWY","PWY-5910",0.612773826458037,"Positive"
"ILEUSYN-PWY","PWY-5913",0.812290184921764,"Positive"
"ILEUSYN-PWY","PWY-5920",0.681678520625889,"Positive"
"ILEUSYN-PWY","PWY-5973",0.918634423897582,"Positive"
"ILEUSYN-PWY","PWY-6121",0.904893314366999,"Positive"
"ILEUSYN-PWY","PWY-6122",0.902702702702703,"Positive"
"ILEUSYN-PWY","PWY-6123",0.900967283072546,"Positive"
"ILEUSYN-PWY","PWY-6125",0.857411095305832,"Positive"
"ILEUSYN-PWY","PWY-6126",0.846344238975818,"Positive"
"ILEUSYN-PWY","PWY-6147",0.951009957325747,"Positive"
"ILEUSYN-PWY","PWY-6151",0.721251778093883,"Positive"
"ILEUSYN-PWY","PWY-6163",0.945405405405405,"Positive"
"ILEUSYN-PWY","PWY-6269",0.73049786628734,"Positive"
"ILEUSYN-PWY","PWY-6277",0.902702702702703,"Positive"
"ILEUSYN-PWY","PWY-6317",0.710782361308677,"Positive"
"ILEUSYN-PWY","PWY-6385",0.85203413940256,"Positive"
"ILEUSYN-PWY","PWY-6386",0.855192034139403,"Positive"
"ILEUSYN-PWY","PWY-6387",0.850042674253201,"Positive"
"ILEUSYN-PWY","PWY-6467",0.782873399715505,"Positive"
"ILEUSYN-PWY","PWY-6471",0.738122332859175,"Positive"
"ILEUSYN-PWY","PWY-6545",0.739914651493599,"Positive"
"ILEUSYN-PWY","PWY-6700",0.861820768136558,"Positive"
"ILEUSYN-PWY","PWY-6703",0.797695590327169,"Positive"
"ILEUSYN-PWY","PWY-6708",0.702503556187767,"Positive"
"ILEUSYN-PWY","PWY-6897",0.890640113798009,"Positive"
"ILEUSYN-PWY","PWY-7111",0.997297297297297,"Positive"
"ILEUSYN-PWY","PWY-7184",0.809075391180654,"Positive"
"ILEUSYN-PWY","PWY-7187",0.827852062588905,"Positive"
"ILEUSYN-PWY","PWY-7197",0.870896159317212,"Positive"
"ILEUSYN-PWY","PWY-7208",0.837098150782361,"Positive"
"ILEUSYN-PWY","PWY-7211",0.754594594594595,"Positive"
"ILEUSYN-PWY","PWY-7219",0.858065433854908,"Positive"
"ILEUSYN-PWY","PWY-7220",0.805092460881935,"Positive"
"ILEUSYN-PWY","PWY-7221",0.847795163584637,"Positive"
"ILEUSYN-PWY","PWY-7222",0.805092460881935,"Positive"
"ILEUSYN-PWY","PWY-7228",0.873598862019915,"Positive"
"ILEUSYN-PWY","PWY-7229",0.869359886201991,"Positive"
"ILEUSYN-PWY","PWY-7234",0.836130867709815,"Positive"
"ILEUSYN-PWY","PWY-7242",-0.613371266002845,"Negative"
"ILEUSYN-PWY","PWY-7315",-0.704836415362731,"Negative"
"ILEUSYN-PWY","PWY-7328",0.691522048364154,"Positive"
"ILEUSYN-PWY","PWY-7392",0.785661450924609,"Positive"
"ILEUSYN-PWY","PWY-7400",0.95325746799431,"Positive"
"ILEUSYN-PWY","PWY-7539",0.960967283072546,"Positive"
"ILEUSYN-PWY","PWY-7560",0.794765291607397,"Positive"
"ILEUSYN-PWY","PWY-7663",0.885462304409673,"Positive"
"ILEUSYN-PWY","PWY-841",0.886714082503556,"Positive"
"ILEUSYN-PWY","PWY0-1319",0.869359886201991,"Positive"
"ILEUSYN-PWY","PWY0-1338",-0.67778093883357,"Negative"
"ILEUSYN-PWY","PWY0-1533",-0.727368421052632,"Negative"
"ILEUSYN-PWY","PWY0-1586",0.688307254623044,"Positive"
"ILEUSYN-PWY","PWY0-162",0.882788051209104,"Positive"
"ILEUSYN-PWY","PWY0-166",0.83547652916074,"Positive"
"ILEUSYN-PWY","PWY0-781",0.675277382645804,"Positive"
"ILEUSYN-PWY","PWY4FS-7",0.827681365576102,"Positive"
"ILEUSYN-PWY","PWY4FS-8",0.827681365576102,"Positive"
"ILEUSYN-PWY","PYRIDNUCSAL-PWY",0.864921763869132,"Positive"
"ILEUSYN-PWY","PYRIDNUCSYN-PWY",0.683413940256046,"Positive"
"ILEUSYN-PWY","RIBOSYN2-PWY",0.953541963015647,"Positive"
"ILEUSYN-PWY","SER-GLYSYN-PWY",0.968221906116643,"Positive"
"ILEUSYN-PWY","SO4ASSIM-PWY",0.687339971550498,"Positive"
"ILEUSYN-PWY","SULFATE-CYS-PWY",0.722560455192034,"Positive"
"ILEUSYN-PWY","THRESYN-PWY",0.934679943100996,"Positive"
"ILEUSYN-PWY","TRNA-CHARGING-PWY",0.851607396870555,"Positive"
"ILEUSYN-PWY","TRPSYN-PWY",0.974054054054054,"Positive"
"ILEUSYN-PWY","UDPNAGSYN-PWY",0.856728307254623,"Positive"
"ILEUSYN-PWY","VALSYN-PWY",1,"Positive"
"KDO-NAGLIPASYN-PWY","NAD-BIOSYNTHESIS-II",0.823072546230441,"Positive"
"KDO-NAGLIPASYN-PWY","P122-PWY",-0.673911806543385,"Negative"
"KDO-NAGLIPASYN-PWY","P124-PWY",-0.665803698435277,"Negative"
"KDO-NAGLIPASYN-PWY","P161-PWY",-0.610469416785206,"Negative"
"KDO-NAGLIPASYN-PWY","PEPTIDOGLYCANSYN-PWY",-0.664011379800853,"Negative"
"KDO-NAGLIPASYN-PWY","PHOSLIPSYN-PWY",-0.635618776671408,"Negative"
"KDO-NAGLIPASYN-PWY","POLYISOPRENSYN-PWY",-0.651294452347084,"Negative"
"KDO-NAGLIPASYN-PWY","PPGPPMET-PWY",0.601081081081081,"Positive"
"KDO-NAGLIPASYN-PWY","PWY-5100",-0.673086770981508,"Negative"
"KDO-NAGLIPASYN-PWY","PWY-5384",0.661137980085349,"Positive"
"KDO-NAGLIPASYN-PWY","PWY-5484",-0.612660028449502,"Negative"
"KDO-NAGLIPASYN-PWY","PWY-5667",-0.645547652916074,"Negative"
"KDO-NAGLIPASYN-PWY","PWY-5686",-0.665832147937411,"Negative"
"KDO-NAGLIPASYN-PWY","PWY-5845",0.654110953058321,"Positive"
"KDO-NAGLIPASYN-PWY","PWY-5850",0.654110953058321,"Positive"
"KDO-NAGLIPASYN-PWY","PWY-5860",0.652375533428165,"Positive"
"KDO-NAGLIPASYN-PWY","PWY-5862",0.652375533428165,"Positive"
"KDO-NAGLIPASYN-PWY","PWY-5896",0.654110953058321,"Positive"
"KDO-NAGLIPASYN-PWY","PWY-5910",-0.671066856330014,"Negative"
"KDO-NAGLIPASYN-PWY","PWY-6126",-0.642674253200569,"Negative"
"KDO-NAGLIPASYN-PWY","PWY-6385",-0.662901849217639,"Negative"
"KDO-NAGLIPASYN-PWY","PWY-6386",-0.66298719772404,"Negative"
"KDO-NAGLIPASYN-PWY","PWY-6387",-0.663100995732575,"Negative"
"KDO-NAGLIPASYN-PWY","PWY-6471",-0.664608819345661,"Negative"
"KDO-NAGLIPASYN-PWY","PWY-7187",-0.603669985775249,"Negative"
"KDO-NAGLIPASYN-PWY","PWY-7208",-0.674224751066856,"Negative"
"KDO-NAGLIPASYN-PWY","PWY-7219",-0.651778093883357,"Negative"
"KDO-NAGLIPASYN-PWY","PWY-7220",-0.607396870554765,"Negative"
"KDO-NAGLIPASYN-PWY","PWY-7221",-0.65226173541963,"Negative"
"KDO-NAGLIPASYN-PWY","PWY-7222",-0.607396870554765,"Negative"
"KDO-NAGLIPASYN-PWY","PWY-7229",-0.649758179231863,"Negative"
"KDO-NAGLIPASYN-PWY","PWY-7315",0.76153627311522,"Positive"
"KDO-NAGLIPASYN-PWY","PWY-922",-0.658179231863442,"Negative"
"KDO-NAGLIPASYN-PWY","PWY0-1319",-0.645547652916074,"Negative"
"KDO-NAGLIPASYN-PWY","PWY0-1338",0.738805120910384,"Positive"
"KDO-NAGLIPASYN-PWY","PWY0-1415",0.727880512091038,"Positive"
"KDO-NAGLIPASYN-PWY","PWY0-1586",-0.636415362731152,"Negative"
"KDO-NAGLIPASYN-PWY","PWY4FS-7",-0.642162162162162,"Negative"
"KDO-NAGLIPASYN-PWY","PWY4FS-8",-0.642162162162162,"Negative"
"KDO-NAGLIPASYN-PWY","THRESYN-PWY",-0.619971550497866,"Negative"
"KDO-NAGLIPASYN-PWY","UDPNAGSYN-PWY",-0.641877667140825,"Negative"
"KETOGLUCONMET-PWY","ORNARGDEG-PWY",0.694338549075391,"Positive"
"KETOGLUCONMET-PWY","P562-PWY",0.621365576102418,"Positive"
"LEU-DEG2-PWY","PWY-7094",0.703613086770982,"Positive"
"LEU-DEG2-PWY","TYRFUMCAT-PWY",0.759886201991465,"Positive"
"MET-SAM-PWY","NONOXIPENT-PWY",0.766998577524893,"Positive"
"MET-SAM-PWY","OANTIGEN-PWY",0.677069701280228,"Positive"
"MET-SAM-PWY","P122-PWY",0.752432432432432,"Positive"
"MET-SAM-PWY","P124-PWY",0.746856330014225,"Positive"
"MET-SAM-PWY","P161-PWY",0.72728307254623,"Positive"
"MET-SAM-PWY","P4-PWY",0.702475106685633,"Positive"
"MET-SAM-PWY","PENTOSE-P-PWY",0.707226173541963,"Positive"
"MET-SAM-PWY","PEPTIDOGLYCANSYN-PWY",0.754196301564723,"Positive"
"MET-SAM-PWY","PHOSLIPSYN-PWY",0.741194879089616,"Positive"
"MET-SAM-PWY","POLYISOPRENSYN-PWY",0.744068278805121,"Positive"
"MET-SAM-PWY","PWY-2941",0.656671408250356,"Positive"
"MET-SAM-PWY","PWY-2942",0.76352773826458,"Positive"
"MET-SAM-PWY","PWY-3001",0.741621621621622,"Positive"
"MET-SAM-PWY","PWY-5097",0.726088193456614,"Positive"
"MET-SAM-PWY","PWY-5100",0.733570412517781,"Positive"
"MET-SAM-PWY","PWY-5101",0.68352773826458,"Positive"
"MET-SAM-PWY","PWY-5103",0.69126600284495,"Positive"
"MET-SAM-PWY","PWY-5347",0.787908961593172,"Positive"
"MET-SAM-PWY","PWY-5484",0.715817923186344,"Positive"
"MET-SAM-PWY","PWY-5509",0.760597439544808,"Positive"
"MET-SAM-PWY","PWY-5667",0.742389758179232,"Positive"
"MET-SAM-PWY","PWY-5686",0.748449502133713,"Positive"
"MET-SAM-PWY","PWY-5910",0.704779516358464,"Positive"
"MET-SAM-PWY","PWY-5973",0.770469416785206,"Positive"
"MET-SAM-PWY","PWY-6121",0.748193456614509,"Positive"
"MET-SAM-PWY","PWY-6122",0.745633001422475,"Positive"
"MET-SAM-PWY","PWY-6123",0.752773826458037,"Positive"
"MET-SAM-PWY","PWY-6125",0.62,"Positive"
"MET-SAM-PWY","PWY-6126",0.738975817923186,"Positive"
"MET-SAM-PWY","PWY-6147",0.645832147937411,"Positive"
"MET-SAM-PWY","PWY-6151",0.699203413940256,"Positive"
"MET-SAM-PWY","PWY-6163",0.71072546230441,"Positive"
"MET-SAM-PWY","PWY-621",0.679288762446657,"Positive"
"MET-SAM-PWY","PWY-6269",0.760682788051209,"Positive"
"MET-SAM-PWY","PWY-6277",0.745633001422475,"Positive"
"MET-SAM-PWY","PWY-6317",0.777354196301565,"Positive"
"MET-SAM-PWY","PWY-6385",0.753997155049787,"Positive"
"MET-SAM-PWY","PWY-6386",0.755277382645804,"Positive"
"MET-SAM-PWY","PWY-6387",0.752517780938834,"Positive"
"MET-SAM-PWY","PWY-6471",0.753684210526316,"Positive"
"MET-SAM-PWY","PWY-6897",0.691550497866287,"Positive"
"MET-SAM-PWY","PWY-7111",0.693684210526316,"Positive"
"MET-SAM-PWY","PWY-7187",0.684722617354196,"Positive"
"MET-SAM-PWY","PWY-7197",0.626002844950213,"Positive"
"MET-SAM-PWY","PWY-7208",0.746458036984353,"Positive"
"MET-SAM-PWY","PWY-7219",0.753826458036984,"Positive"
"MET-SAM-PWY","PWY-7220",0.722247510668563,"Positive"
"MET-SAM-PWY","PWY-7221",0.7350213371266,"Positive"
"MET-SAM-PWY","PWY-7222",0.722247510668563,"Positive"
"MET-SAM-PWY","PWY-7228",0.635334281650071,"Positive"
"MET-SAM-PWY","PWY-7229",0.763499288762447,"Positive"
"MET-SAM-PWY","PWY-7234",0.682873399715505,"Positive"
"MET-SAM-PWY","PWY-7315",-0.610327169274538,"Negative"
"MET-SAM-PWY","PWY-7400",0.674110953058321,"Positive"
"MET-SAM-PWY","PWY-7539",0.645120910384068,"Positive"
"MET-SAM-PWY","PWY-7663",0.794366998577525,"Positive"
"MET-SAM-PWY","PWY-841",0.654964438122333,"Positive"
"MET-SAM-PWY","PWY-922",0.695846372688478,"Positive"
"MET-SAM-PWY","PWY0-1319",0.742389758179232,"Positive"
"MET-SAM-PWY","PWY0-1586",0.769246088193457,"Positive"
"MET-SAM-PWY","PWY0-162",0.654708392603129,"Positive"
"MET-SAM-PWY","PWY0-166",0.666941678520626,"Positive"
"MET-SAM-PWY","PWY0-781",0.600739687055477,"Positive"
"MET-SAM-PWY","PWY4FS-7",0.735078236130868,"Positive"
"MET-SAM-PWY","PWY4FS-8",0.735078236130868,"Positive"
"MET-SAM-PWY","RIBOSYN2-PWY",0.674110953058321,"Positive"
"MET-SAM-PWY","SER-GLYSYN-PWY",0.753798008534851,"Positive"
"MET-SAM-PWY","THRESYN-PWY",0.772290184921764,"Positive"
"MET-SAM-PWY","TRNA-CHARGING-PWY",0.60076813655761,"Positive"
"MET-SAM-PWY","TRPSYN-PWY",0.691180654338549,"Positive"
"MET-SAM-PWY","UDPNAGSYN-PWY",0.741877667140825,"Positive"
"MET-SAM-PWY","VALSYN-PWY",0.694139402560455,"Positive"
"METHGLYUT-PWY","PWY0-321",0.676330014224751,"Positive"
"NAD-BIOSYNTHESIS-II","PPGPPMET-PWY",0.743613086770981,"Positive"
"NAD-BIOSYNTHESIS-II","PWY-5100",-0.616955903271693,"Negative"
"NAD-BIOSYNTHESIS-II","PWY-5384",0.821450924608819,"Positive"
"NAD-BIOSYNTHESIS-II","PWY-7208",-0.602076813655761,"Negative"
"NAD-BIOSYNTHESIS-II","PWY0-1415",0.631550497866287,"Positive"
"NAD-BIOSYNTHESIS-II","PWY0-845",0.708620199146515,"Positive"
"NAD-BIOSYNTHESIS-II","PYRIDOXSYN-PWY",0.707425320056899,"Positive"
"NADSYN-PWY","PWY-5651",0.995391180654339,"Positive"
"NAGLIPASYN-PWY","NONMEVIPP-PWY",0.918179231863442,"Positive"
"NAGLIPASYN-PWY","OANTIGEN-PWY",0.633940256045519,"Positive"
"NAGLIPASYN-PWY","P4-PWY",0.73271692745377,"Positive"
"NAGLIPASYN-PWY","PANTO-PWY",0.828449502133713,"Positive"
"NAGLIPASYN-PWY","PANTOSYN-PWY",0.819146514935989,"Positive"
"NAGLIPASYN-PWY","PWY-1269",0.922361308677098,"Positive"
"NAGLIPASYN-PWY","PWY-3001",0.644125177809388,"Positive"
"NAGLIPASYN-PWY","PWY-3781",0.681906116642959,"Positive"
"NAGLIPASYN-PWY","PWY-5101",0.726571834992888,"Positive"
"NAGLIPASYN-PWY","PWY-5103",0.710554765291607,"Positive"
"NAGLIPASYN-PWY","PWY-5121",0.89448079658606,"Positive"
"NAGLIPASYN-PWY","PWY-5189",0.758691322901849,"Positive"
"NAGLIPASYN-PWY","PWY-5345",0.869217638691323,"Positive"
"NAGLIPASYN-PWY","PWY-5659",0.866173541963016,"Positive"
"NAGLIPASYN-PWY","PWY-5855",0.964381223328592,"Positive"
"NAGLIPASYN-PWY","PWY-5856",0.964381223328592,"Positive"
"NAGLIPASYN-PWY","PWY-5857",0.964381223328592,"Positive"
"NAGLIPASYN-PWY","PWY-5913",0.946685633001422,"Positive"
"NAGLIPASYN-PWY","PWY-5920",0.855789473684211,"Positive"
"NAGLIPASYN-PWY","PWY-6125",0.671635846372688,"Positive"
"NAGLIPASYN-PWY","PWY-6147",0.734992887624467,"Positive"
"NAGLIPASYN-PWY","PWY-6467",0.922702702702703,"Positive"
"NAGLIPASYN-PWY","PWY-6545",0.824409672830725,"Positive"
"NAGLIPASYN-PWY","PWY-6700",0.874651493598862,"Positive"
"NAGLIPASYN-PWY","PWY-6703",0.919402560455192,"Positive"
"NAGLIPASYN-PWY","PWY-6708",0.964381223328592,"Positive"
"NAGLIPASYN-PWY","PWY-7111",0.701650071123755,"Positive"
"NAGLIPASYN-PWY","PWY-7184",0.66574679943101,"Positive"
"NAGLIPASYN-PWY","PWY-7197",0.650554765291607,"Positive"
"NAGLIPASYN-PWY","PWY-7211",0.902304409672831,"Positive"
"NAGLIPASYN-PWY","PWY-7228",0.64153627311522,"Positive"
"NAGLIPASYN-PWY","PWY-7328",0.858520625889047,"Positive"
"NAGLIPASYN-PWY","PWY-7392",0.883584637268848,"Positive"
"NAGLIPASYN-PWY","PWY-7400",0.691863442389758,"Positive"
"NAGLIPASYN-PWY","PWY-7539",0.754736842105263,"Positive"
"NAGLIPASYN-PWY","PWY-7560",0.918179231863442,"Positive"
"NAGLIPASYN-PWY","PWY-841",0.669644381223329,"Positive"
"NAGLIPASYN-PWY","PWY0-1533",-0.604352773826458,"Negative"
"NAGLIPASYN-PWY","PWY0-162",0.626002844950213,"Positive"
"NAGLIPASYN-PWY","PWY0-781",0.611294452347084,"Positive"
"NAGLIPASYN-PWY","PYRIDNUCSAL-PWY",0.779260312944523,"Positive"
"NAGLIPASYN-PWY","PYRIDNUCSYN-PWY",0.847823613086771,"Positive"
"NAGLIPASYN-PWY","RIBOSYN2-PWY",0.709900426742532,"Positive"
"NAGLIPASYN-PWY","SER-GLYSYN-PWY",0.647681365576102,"Positive"
"NAGLIPASYN-PWY","SO4ASSIM-PWY",0.95601706970128,"Positive"
"NAGLIPASYN-PWY","SULFATE-CYS-PWY",0.961081081081081,"Positive"
"NAGLIPASYN-PWY","TRNA-CHARGING-PWY",0.673371266002845,"Positive"
"NAGLIPASYN-PWY","TRPSYN-PWY",0.726657183499289,"Positive"
"NAGLIPASYN-PWY","UBISYN-PWY",0.847937411095306,"Positive"
"NAGLIPASYN-PWY","VALSYN-PWY",0.705433854907539,"Positive"
"NONMEVIPP-PWY","NONOXIPENT-PWY",0.668904694167852,"Positive"
"NONMEVIPP-PWY","OANTIGEN-PWY",0.728534850640114,"Positive"
"NONMEVIPP-PWY","P4-PWY",0.816330014224751,"Positive"
"NONMEVIPP-PWY","PANTO-PWY",0.904637268847795,"Positive"
"NONMEVIPP-PWY","PANTOSYN-PWY",0.898890469416785,"Positive"
"NONMEVIPP-PWY","PROTOCATECHUATE-ORTHO-CLEAVAGE-PWY",-0.614281650071124,"Negative"
"NONMEVIPP-PWY","PWY-1269",0.995675675675676,"Positive"
"NONMEVIPP-PWY","PWY-3001",0.739459459459459,"Positive"
"NONMEVIPP-PWY","PWY-3781",0.609359886201991,"Positive"
"NONMEVIPP-PWY","PWY-5101",0.816955903271693,"Positive"
"NONMEVIPP-PWY","PWY-5103",0.801564722617354,"Positive"
"NONMEVIPP-PWY","PWY-5121",0.98298719772404,"Positive"
"NONMEVIPP-PWY","PWY-5189",0.837610241820768,"Positive"
"NONMEVIPP-PWY","PWY-5345",0.793940256045519,"Positive"
"NONMEVIPP-PWY","PWY-5347",0.682076813655761,"Positive"
"NONMEVIPP-PWY","PWY-5659",0.957411095305832,"Positive"
"NONMEVIPP-PWY","PWY-5855",0.876927453769559,"Positive"
"NONMEVIPP-PWY","PWY-5856",0.876927453769559,"Positive"
"NONMEVIPP-PWY","PWY-5857",0.876927453769559,"Positive"
"NONMEVIPP-PWY","PWY-5913",0.917496443812233,"Positive"
"NONMEVIPP-PWY","PWY-5920",0.793172119487909,"Positive"
"NONMEVIPP-PWY","PWY-5973",0.627994310099573,"Positive"
"NONMEVIPP-PWY","PWY-6125",0.718179231863442,"Positive"
"NONMEVIPP-PWY","PWY-6147",0.819715504978663,"Positive"
"NONMEVIPP-PWY","PWY-6163",0.664779516358464,"Positive"
"NONMEVIPP-PWY","PWY-6467",0.995561877667141,"Positive"
"NONMEVIPP-PWY","PWY-6545",0.853598862019915,"Positive"
"NONMEVIPP-PWY","PWY-6700",0.959743954480797,"Positive"
"NONMEVIPP-PWY","PWY-6703",0.994651493598862,"Positive"
"NONMEVIPP-PWY","PWY-6708",0.876927453769559,"Positive"
"NONMEVIPP-PWY","PWY-6897",0.616842105263158,"Positive"
"NONMEVIPP-PWY","PWY-7111",0.792204836415363,"Positive"
"NONMEVIPP-PWY","PWY-7184",0.676216216216216,"Positive"
"NONMEVIPP-PWY","PWY-7187",0.632318634423898,"Positive"
"NONMEVIPP-PWY","PWY-7197",0.756899004267425,"Positive"
"NONMEVIPP-PWY","PWY-7211",0.835078236130868,"Positive"
"NONMEVIPP-PWY","PWY-7228",0.74697012802276,"Positive"
"NONMEVIPP-PWY","PWY-7242",-0.65049786628734,"Negative"
"NONMEVIPP-PWY","PWY-7328",0.792887624466572,"Positive"
"NONMEVIPP-PWY","PWY-7392",0.972603129445235,"Positive"
"NONMEVIPP-PWY","PWY-7400",0.786998577524893,"Positive"
"NONMEVIPP-PWY","PWY-7539",0.839317211948791,"Positive"
"NONMEVIPP-PWY","PWY-7560",1,"Positive"
"NONMEVIPP-PWY","PWY-841",0.716899004267425,"Positive"
"NONMEVIPP-PWY","PWY0-1533",-0.662901849217639,"Negative"
"NONMEVIPP-PWY","PWY0-162",0.735817923186344,"Positive"
"NONMEVIPP-PWY","PWY0-166",0.653200568990043,"Positive"
"NONMEVIPP-PWY","PWY0-781",0.69724039829303,"Positive"
"NONMEVIPP-PWY","PYRIDNUCSAL-PWY",0.878065433854908,"Positive"
"NONMEVIPP-PWY","PYRIDNUCSYN-PWY",0.78321479374111,"Positive"
"NONMEVIPP-PWY","RIBOSYN2-PWY",0.79800853485064,"Positive"
"NONMEVIPP-PWY","SER-GLYSYN-PWY",0.740682788051209,"Positive"
"NONMEVIPP-PWY","SO4ASSIM-PWY",0.866571834992888,"Positive"
"NONMEVIPP-PWY","SULFATE-CYS-PWY",0.878293029871977,"Positive"
"NONMEVIPP-PWY","THRESYN-PWY",0.636614509246088,"Positive"
"NONMEVIPP-PWY","TRNA-CHARGING-PWY",0.784039829302987,"Positive"
"NONMEVIPP-PWY","TRPSYN-PWY",0.812119487908962,"Positive"
"NONMEVIPP-PWY","UBISYN-PWY",0.753285917496444,"Positive"
"NONMEVIPP-PWY","VALSYN-PWY",0.794765291607397,"Positive"
"NONOXIPENT-PWY","OANTIGEN-PWY",0.952688477951636,"Positive"
"NONOXIPENT-PWY","P122-PWY",0.811465149359886,"Positive"
"NONOXIPENT-PWY","P124-PWY",0.776899004267425,"Positive"
"NONOXIPENT-PWY","P161-PWY",0.753997155049787,"Positive"
"NONOXIPENT-PWY","P4-PWY",0.741792318634424,"Positive"
"NONOXIPENT-PWY","PANTOSYN-PWY",0.620455192034139,"Positive"
"NONOXIPENT-PWY","PENTOSE-P-PWY",0.927254623044097,"Positive"
"NONOXIPENT-PWY","PEPTIDOGLYCANSYN-PWY",0.911209103840683,"Positive"
"NONOXIPENT-PWY","PHOSLIPSYN-PWY",0.911351351351351,"Positive"
"NONOXIPENT-PWY","POLYAMSYN-PWY",-0.619260312944523,"Negative"
"NONOXIPENT-PWY","POLYISOPRENSYN-PWY",0.905689900426743,"Positive"
"NONOXIPENT-PWY","PWY-1269",0.652916073968706,"Positive"
"NONOXIPENT-PWY","PWY-2941",0.736443812233286,"Positive"
"NONOXIPENT-PWY","PWY-2942",0.951294452347084,"Positive"
"NONOXIPENT-PWY","PWY-3001",0.97027027027027,"Positive"
"NONOXIPENT-PWY","PWY-5097",0.947169274537696,"Positive"
"NONOXIPENT-PWY","PWY-5100",0.844068278805121,"Positive"
"NONOXIPENT-PWY","PWY-5101",0.928819345661451,"Positive"
"NONOXIPENT-PWY","PWY-5103",0.941137980085349,"Positive"
"NONOXIPENT-PWY","PWY-5121",0.679971550497866,"Positive"
"NONOXIPENT-PWY","PWY-5189",0.863641536273115,"Positive"
"NONOXIPENT-PWY","PWY-5347",0.682190611664296,"Positive"
"NONOXIPENT-PWY","PWY-5484",0.798036984352774,"Positive"
"NONOXIPENT-PWY","PWY-5509",0.775732574679943,"Positive"
"NONOXIPENT-PWY","PWY-5659",0.744352773826458,"Positive"
"NONOXIPENT-PWY","PWY-5667",0.922702702702703,"Positive"
"NONOXIPENT-PWY","PWY-5686",0.918947368421053,"Positive"
"NONOXIPENT-PWY","PWY-5845",-0.711408250355619,"Negative"
"NONOXIPENT-PWY","PWY-5850",-0.711408250355619,"Negative"
"NONOXIPENT-PWY","PWY-5860",-0.716045519203414,"Negative"
"NONOXIPENT-PWY","PWY-5862",-0.716045519203414,"Negative"
"NONOXIPENT-PWY","PWY-5896",-0.711408250355619,"Negative"
"NONOXIPENT-PWY","PWY-5910",0.726884779516358,"Positive"
"NONOXIPENT-PWY","PWY-5913",0.701593172119488,"Positive"
"NONOXIPENT-PWY","PWY-5973",0.971180654338549,"Positive"
"NONOXIPENT-PWY","PWY-6121",0.946059743954481,"Positive"
"NONOXIPENT-PWY","PWY-6122",0.943641536273115,"Positive"
"NONOXIPENT-PWY","PWY-6123",0.944409672830725,"Positive"
"NONOXIPENT-PWY","PWY-6125",0.905405405405405,"Positive"
"NONOXIPENT-PWY","PWY-6126",0.907908961593172,"Positive"
"NONOXIPENT-PWY","PWY-6147",0.877837837837838,"Positive"
"NONOXIPENT-PWY","PWY-6151",0.791550497866287,"Positive"
"NONOXIPENT-PWY","PWY-6163",0.904039829302987,"Positive"
"NONOXIPENT-PWY","PWY-621",0.659146514935989,"Positive"
"NONOXIPENT-PWY","PWY-6269",0.774594594594595,"Positive"
"NONOXIPENT-PWY","PWY-6277",0.943641536273115,"Positive"
"NONOXIPENT-PWY","PWY-6317",0.796358463726885,"Positive"
"NONOXIPENT-PWY","PWY-6385",0.910640113798009,"Positive"
"NONOXIPENT-PWY","PWY-6386",0.912972972972973,"Positive"
"NONOXIPENT-PWY","PWY-6387",0.90927453769559,"Positive"
"NONOXIPENT-PWY","PWY-6467",0.645945945945946,"Positive"
"NONOXIPENT-PWY","PWY-6471",0.821678520625889,"Positive"
"NONOXIPENT-PWY","PWY-6507",-0.645689900426743,"Negative"
"NONOXIPENT-PWY","PWY-6545",0.656045519203414,"Positive"
"NONOXIPENT-PWY","PWY-6700",0.743897581792319,"Positive"
"NONOXIPENT-PWY","PWY-6703",0.661906116642959,"Positive"
"NONOXIPENT-PWY","PWY-6897",0.929132290184922,"Positive"
"NONOXIPENT-PWY","PWY-7111",0.924153627311522,"Positive"
"NONOXIPENT-PWY","PWY-7184",0.862133712660028,"Positive"
"NONOXIPENT-PWY","PWY-7187",0.884608819345661,"Positive"
"NONOXIPENT-PWY","PWY-7197",0.91846372688478,"Positive"
"NONOXIPENT-PWY","PWY-7208",0.899743954480797,"Positive"
"NONOXIPENT-PWY","PWY-7211",0.670014224751067,"Positive"
"NONOXIPENT-PWY","PWY-7219",0.917553342816501,"Positive"
"NONOXIPENT-PWY","PWY-7220",0.875561877667141,"Positive"
"NONOXIPENT-PWY","PWY-7221",0.905945945945946,"Positive"
"NONOXIPENT-PWY","PWY-7222",0.875561877667141,"Positive"
"NONOXIPENT-PWY","PWY-7228",0.918918918918919,"Positive"
"NONOXIPENT-PWY","PWY-7229",0.929075391180654,"Positive"
"NONOXIPENT-PWY","PWY-7234",0.879431009957326,"Positive"
"NONOXIPENT-PWY","PWY-7315",-0.750924608819346,"Negative"
"NONOXIPENT-PWY","PWY-7328",0.600625889046942,"Positive"
"NONOXIPENT-PWY","PWY-7392",0.674366998577525,"Positive"
"NONOXIPENT-PWY","PWY-7400",0.927937411095306,"Positive"
"NONOXIPENT-PWY","PWY-7539",0.895277382645804,"Positive"
"NONOXIPENT-PWY","PWY-7560",0.668904694167852,"Positive"
"NONOXIPENT-PWY","PWY-7663",0.952176386913229,"Positive"
"NONOXIPENT-PWY","PWY-841",0.926856330014225,"Positive"
"NONOXIPENT-PWY","PWY-922",0.700881934566145,"Positive"
"NONOXIPENT-PWY","PWY0-1319",0.922702702702703,"Positive"
"NONOXIPENT-PWY","PWY0-1338",-0.737496443812233,"Negative"
"NONOXIPENT-PWY","PWY0-1533",-0.690697012802276,"Negative"
"NONOXIPENT-PWY","PWY0-1586",0.783954480796586,"Positive"
"NONOXIPENT-PWY","PWY0-162",0.925120910384068,"Positive"
"NONOXIPENT-PWY","PWY0-166",0.888534850640114,"Positive"
"NONOXIPENT-PWY","PWY0-781",0.624210526315789,"Positive"
"NONOXIPENT-PWY","PWY4FS-7",0.894509246088193,"Positive"
"NONOXIPENT-PWY","PWY4FS-8",0.894509246088193,"Positive"
"NONOXIPENT-PWY","PYRIDNUCSAL-PWY",0.808677098150782,"Positive"
"NONOXIPENT-PWY","PYRIDOXSYN-PWY",-0.619260312944523,"Negative"
"NONOXIPENT-PWY","RIBOSYN2-PWY",0.924125177809388,"Positive"
"NONOXIPENT-PWY","SER-GLYSYN-PWY",0.922617354196302,"Positive"
"NONOXIPENT-PWY","THRESYN-PWY",0.981934566145092,"Positive"
"NONOXIPENT-PWY","TRNA-CHARGING-PWY",0.838890469416785,"Positive"
"NONOXIPENT-PWY","TRPSYN-PWY",0.88551920341394,"Positive"
"NONOXIPENT-PWY","UDPNAGSYN-PWY",0.914338549075391,"Positive"
"NONOXIPENT-PWY","VALSYN-PWY",0.931123755334282,"Positive"
"OANTIGEN-PWY","P122-PWY",0.803442389758179,"Positive"
"OANTIGEN-PWY","P124-PWY",0.773541963015647,"Positive"
"OANTIGEN-PWY","P161-PWY",0.726230440967283,"Positive"
"OANTIGEN-PWY","P4-PWY",0.729359886201991,"Positive"
"OANTIGEN-PWY","PANTO-PWY",0.655192034139403,"Positive"
"OANTIGEN-PWY","PANTOSYN-PWY",0.67072546230441,"Positive"
"OANTIGEN-PWY","PENTOSE-P-PWY",0.892660028449502,"Positive"
"OANTIGEN-PWY","PEPTIDOGLYCANSYN-PWY",0.91402560455192,"Positive"
"OANTIGEN-PWY","PHOSLIPSYN-PWY",0.909132290184922,"Positive"
"OANTIGEN-PWY","POLYISOPRENSYN-PWY",0.904466571834993,"Positive"
"OANTIGEN-PWY","PWY-1269",0.716415362731152,"Positive"
"OANTIGEN-PWY","PWY-2941",0.715817923186344,"Positive"
"OANTIGEN-PWY","PWY-2942",0.941365576102418,"Positive"
"OANTIGEN-PWY","PWY-3001",0.970981507823613,"Positive"
"OANTIGEN-PWY","PWY-5097",0.937496443812233,"Positive"
"OANTIGEN-PWY","PWY-5100",0.827709815078236,"Positive"
"OANTIGEN-PWY","PWY-5101",0.951237553342816,"Positive"
"OANTIGEN-PWY","PWY-5103",0.954793741109531,"Positive"
"OANTIGEN-PWY","PWY-5121",0.742617354196302,"Positive"
"OANTIGEN-PWY","PWY-5189",0.880483641536273,"Positive"
"OANTIGEN-PWY","PWY-5345",0.60827880512091,"Positive"
"OANTIGEN-PWY","PWY-5347",0.638378378378378,"Positive"
"OANTIGEN-PWY","PWY-5484",0.811152204836415,"Positive"
"OANTIGEN-PWY","PWY-5509",0.714196301564723,"Positive"
"OANTIGEN-PWY","PWY-5659",0.79977240398293,"Positive"
"OANTIGEN-PWY","PWY-5667",0.926173541963016,"Positive"
"OANTIGEN-PWY","PWY-5686",0.923413940256046,"Positive"
"OANTIGEN-PWY","PWY-5845",-0.72298719772404,"Negative"
"OANTIGEN-PWY","PWY-5850",-0.72298719772404,"Negative"
"OANTIGEN-PWY","PWY-5855",0.629985775248933,"Positive"
"OANTIGEN-PWY","PWY-5856",0.629985775248933,"Positive"
"OANTIGEN-PWY","PWY-5857",0.629985775248933,"Positive"
"OANTIGEN-PWY","PWY-5860",-0.728307254623044,"Negative"
"OANTIGEN-PWY","PWY-5862",-0.728307254623044,"Negative"
"OANTIGEN-PWY","PWY-5896",-0.72298719772404,"Negative"
"OANTIGEN-PWY","PWY-5910",0.717069701280228,"Positive"
"OANTIGEN-PWY","PWY-5913",0.747652916073969,"Positive"
"OANTIGEN-PWY","PWY-5920",0.615362731152205,"Positive"
"OANTIGEN-PWY","PWY-5973",0.934879089615932,"Positive"
"OANTIGEN-PWY","PWY-6121",0.93348506401138,"Positive"
"OANTIGEN-PWY","PWY-6122",0.932062588904694,"Positive"
"OANTIGEN-PWY","PWY-6123",0.933143669985775,"Positive"
"OANTIGEN-PWY","PWY-6125",0.875732574679943,"Positive"
"OANTIGEN-PWY","PWY-6126",0.897439544807966,"Positive"
"OANTIGEN-PWY","PWY-6147",0.897866287339972,"Positive"
"OANTIGEN-PWY","PWY-6151",0.773826458036984,"Positive"
"OANTIGEN-PWY","PWY-6163",0.934679943100996,"Positive"
"OANTIGEN-PWY","PWY-621",0.611009957325747,"Positive"
"OANTIGEN-PWY","PWY-6269",0.712773826458037,"Positive"
"OANTIGEN-PWY","PWY-6277",0.932062588904694,"Positive"
"OANTIGEN-PWY","PWY-6317",0.748648648648649,"Positive"
"OANTIGEN-PWY","PWY-6385",0.913200568990043,"Positive"
"OANTIGEN-PWY","PWY-6386",0.916073968705548,"Positive"
"OANTIGEN-PWY","PWY-6387",0.911749644381223,"Positive"
"OANTIGEN-PWY","PWY-6467",0.712688477951636,"Positive"
"OANTIGEN-PWY","PWY-6471",0.81348506401138,"Positive"
"OANTIGEN-PWY","PWY-6507",-0.626543385490754,"Negative"
"OANTIGEN-PWY","PWY-6545",0.687596017069701,"Positive"
"OANTIGEN-PWY","PWY-6700",0.795931721194879,"Positive"
"OANTIGEN-PWY","PWY-6703",0.72099573257468,"Positive"
"OANTIGEN-PWY","PWY-6708",0.629985775248933,"Positive"
"OANTIGEN-PWY","PWY-6897",0.921394025604552,"Positive"
"OANTIGEN-PWY","PWY-7111",0.948705547652916,"Positive"
"OANTIGEN-PWY","PWY-7184",0.829701280227596,"Positive"
"OANTIGEN-PWY","PWY-7187",0.85977240398293,"Positive"
"OANTIGEN-PWY","PWY-7197",0.884011379800854,"Positive"
"OANTIGEN-PWY","PWY-7208",0.903072546230441,"Positive"
"OANTIGEN-PWY","PWY-7211",0.718975817923186,"Positive"
"OANTIGEN-PWY","PWY-7219",0.917354196301565,"Positive"
"OANTIGEN-PWY","PWY-7220",0.853143669985775,"Positive"
"OANTIGEN-PWY","PWY-7221",0.912233285917496,"Positive"
"OANTIGEN-PWY","PWY-7222",0.853143669985775,"Positive"
"OANTIGEN-PWY","PWY-7228",0.889701280227596,"Positive"
"OANTIGEN-PWY","PWY-7229",0.922162162162162,"Positive"
"OANTIGEN-PWY","PWY-7234",0.868477951635846,"Positive"
"OANTIGEN-PWY","PWY-7242",-0.63624466571835,"Negative"
"OANTIGEN-PWY","PWY-7315",-0.742702702702703,"Negative"
"OANTIGEN-PWY","PWY-7328",0.620483641536273,"Positive"
"OANTIGEN-PWY","PWY-7392",0.738719772403983,"Positive"
"OANTIGEN-PWY","PWY-7400",0.936728307254623,"Positive"
"OANTIGEN-PWY","PWY-7539",0.911095305832148,"Positive"
"OANTIGEN-PWY","PWY-7560",0.728534850640114,"Positive"
"OANTIGEN-PWY","PWY-7663",0.915704125177809,"Positive"
"OANTIGEN-PWY","PWY-841",0.898093883357041,"Positive"
"OANTIGEN-PWY","PWY-922",0.686059743954481,"Positive"
"OANTIGEN-PWY","PWY0-1319",0.926173541963016,"Positive"
"OANTIGEN-PWY","PWY0-1338",-0.721706970128023,"Negative"
"OANTIGEN-PWY","PWY0-1533",-0.764153627311522,"Negative"
"OANTIGEN-PWY","PWY0-1586",0.76221906116643,"Positive"
"OANTIGEN-PWY","PWY0-162",0.902503556187767,"Positive"
"OANTIGEN-PWY","PWY0-166",0.86728307254623,"Positive"
"OANTIGEN-PWY","PWY0-845",-0.62827880512091,"Negative"
"OANTIGEN-PWY","PWY4FS-7",0.886770981507824,"Positive"
"OANTIGEN-PWY","PWY4FS-8",0.886770981507824,"Positive"
"OANTIGEN-PWY","PYRIDNUCSAL-PWY",0.805064011379801,"Positive"
"OANTIGEN-PWY","PYRIDNUCSYN-PWY",0.609672830725462,"Positive"
"OANTIGEN-PWY","PYRIDOXSYN-PWY",-0.656386913229019,"Negative"
"OANTIGEN-PWY","RIBOSYN2-PWY",0.92697012802276,"Positive"
"OANTIGEN-PWY","SER-GLYSYN-PWY",0.930128022759602,"Positive"
"OANTIGEN-PWY","SO4ASSIM-PWY",0.618691322901849,"Positive"
"OANTIGEN-PWY","SULFATE-CYS-PWY",0.649644381223329,"Positive"
"OANTIGEN-PWY","THRESYN-PWY",0.955988620199147,"Positive"
"OANTIGEN-PWY","TRNA-CHARGING-PWY",0.865803698435277,"Positive"
"OANTIGEN-PWY","TRPSYN-PWY",0.913285917496444,"Positive"
"OANTIGEN-PWY","UDPNAGSYN-PWY",0.915305832147937,"Positive"
"OANTIGEN-PWY","VALSYN-PWY",0.954452347083926,"Positive"
"ORNARGDEG-PWY","ORNDEG-PWY",0.64321479374111,"Positive"
"ORNARGDEG-PWY","P562-PWY",0.767254623044097,"Positive"
"ORNARGDEG-PWY","PWY-7184",-0.602019914651494,"Negative"
"ORNARGDEG-PWY","PWY-7187",-0.630697012802276,"Negative"
"ORNARGDEG-PWY","PWY-7237",0.603954480796586,"Positive"
"ORNARGDEG-PWY","PWY-7315",0.628563300142247,"Positive"
"ORNARGDEG-PWY","PWY-841",-0.603641536273115,"Negative"
"ORNARGDEG-PWY","PWY0-162",-0.607055476529161,"Negative"
"ORNARGDEG-PWY","PWY0-166",-0.627795163584637,"Negative"
"ORNDEG-PWY","PWY-6071",0.831692745376956,"Positive"
"ORNDEG-PWY","PWY0-321",0.744580369843528,"Positive"
"P101-PWY","PWY-7376",0.717638691322902,"Positive"
"P105-PWY","PWY-6147",-0.643072546230441,"Negative"
"P105-PWY","PWY-6969",0.641251778093883,"Positive"
"P105-PWY","PWY-7315",0.630014224751067,"Positive"
"P105-PWY","PWY-7539",-0.617183499288762,"Negative"
"P105-PWY","PWY0-1338",0.63203413940256,"Positive"
"P105-PWY","PWY0-1533",0.629615931721195,"Positive"
"P105-PWY","SER-GLYSYN-PWY",-0.614594594594595,"Negative"
"P105-PWY","TCA-GLYOX-BYPASS",0.799260312944523,"Positive"
"P105-PWY","TRPSYN-PWY",-0.625177809388336,"Negative"
"P108-PWY","P23-PWY",0.713229018492176,"Positive"
"P108-PWY","PWY-5005",0.721507823613087,"Positive"
"P108-PWY","PWY-5507",0.698122332859175,"Positive"
"P108-PWY","PWY-6263",0.664295874822191,"Positive"
"P108-PWY","PWY-7371",0.661422475106686,"Positive"
"P122-PWY","P124-PWY",0.994196301564723,"Positive"
"P122-PWY","P161-PWY",0.977581792318634,"Positive"
"P122-PWY","PENTOSE-P-PWY",0.83448079658606,"Positive"
"P122-PWY","PEPTIDOGLYCANSYN-PWY",0.954423897581792,"Positive"
"P122-PWY","PHOSLIPSYN-PWY",0.945945945945946,"Positive"
"P122-PWY","POLYAMSYN-PWY",-0.620256045519203,"Negative"
"P122-PWY","POLYISOPRENSYN-PWY",0.95402560455192,"Positive"
"P122-PWY","PWY-2941",0.819317211948791,"Positive"
"P122-PWY","PWY-2942",0.872432432432432,"Positive"
"P122-PWY","PWY-3001",0.789644381223329,"Positive"
"P122-PWY","PWY-5097",0.853570412517781,"Positive"
"P122-PWY","PWY-5100",0.966116642958748,"Positive"
"P122-PWY","PWY-5101",0.701564722617354,"Positive"
"P122-PWY","PWY-5103",0.712375533428165,"Positive"
"P122-PWY","PWY-5189",0.61877667140825,"Positive"
"P122-PWY","PWY-5484",0.965889046941679,"Positive"
"P122-PWY","PWY-5667",0.940711237553343,"Positive"
"P122-PWY","PWY-5686",0.946315789473684,"Positive"
"P122-PWY","PWY-5845",-0.664608819345661,"Negative"
"P122-PWY","PWY-5850",-0.664608819345661,"Negative"
"P122-PWY","PWY-5860",-0.668449502133713,"Negative"
"P122-PWY","PWY-5862",-0.668449502133713,"Negative"
"P122-PWY","PWY-5896",-0.664608819345661,"Negative"
"P122-PWY","PWY-5910",0.981024182076814,"Positive"
"P122-PWY","PWY-5973",0.819829302987198,"Positive"
"P122-PWY","PWY-6121",0.839459459459459,"Positive"
"P122-PWY","PWY-6122",0.841365576102418,"Positive"
"P122-PWY","PWY-6123",0.857837837837838,"Positive"
"P122-PWY","PWY-6125",0.734537695590327,"Positive"
"P122-PWY","PWY-6126",0.92398293029872,"Positive"
"P122-PWY","PWY-6147",0.634708392603129,"Positive"
"P122-PWY","PWY-6151",0.890583214793741,"Positive"
"P122-PWY","PWY-6163",0.787567567567568,"Positive"
"P122-PWY","PWY-621",0.774054054054054,"Positive"
"P122-PWY","PWY-6277",0.841365576102418,"Positive"
"P122-PWY","PWY-6317",0.870810810810811,"Positive"
"P122-PWY","PWY-6385",0.95448079658606,"Positive"
"P122-PWY","PWY-6386",0.953200568990043,"Positive"
"P122-PWY","PWY-6387",0.955049786628734,"Positive"
"P122-PWY","PWY-6471",0.990753911806543,"Positive"
"P122-PWY","PWY-6507",-0.621706970128023,"Negative"
"P122-PWY","PWY-6609",0.722844950213371,"Positive"
"P122-PWY","PWY-6897",0.811891891891892,"Positive"
"P122-PWY","PWY-7111",0.722304409672831,"Positive"
"P122-PWY","PWY-7184",0.730611664295875,"Positive"
"P122-PWY","PWY-7187",0.847795163584637,"Positive"
"P122-PWY","PWY-7197",0.709246088193457,"Positive"
"P122-PWY","PWY-7208",0.960711237553343,"Positive"
"P122-PWY","PWY-7219",0.950156472261735,"Positive"
"P122-PWY","PWY-7220",0.880796586059744,"Positive"
"P122-PWY","PWY-7221",0.952432432432432,"Positive"
"P122-PWY","PWY-7222",0.880796586059744,"Positive"
"P122-PWY","PWY-7228",0.729445234708393,"Positive"
"P122-PWY","PWY-7229",0.939260312944524,"Positive"
"P122-PWY","PWY-7234",0.821280227596017,"Positive"
"P122-PWY","PWY-7315",-0.686799431009957,"Negative"
"P122-PWY","PWY-7400",0.737411095305832,"Positive"
"P122-PWY","PWY-7539",0.645689900426743,"Positive"
"P122-PWY","PWY-7663",0.852147937411095,"Positive"
"P122-PWY","PWY-841",0.750042674253201,"Positive"
"P122-PWY","PWY-922",0.972887624466572,"Positive"
"P122-PWY","PWY0-1296",0.693741109530583,"Positive"
"P122-PWY","PWY0-1297",0.73448079658606,"Positive"
"P122-PWY","PWY0-1298",0.668364153627311,"Positive"
"P122-PWY","PWY0-1319",0.940711237553343,"Positive"
"P122-PWY","PWY0-1338",-0.671465149359886,"Negative"
"P122-PWY","PWY0-1586",0.980739687055477,"Positive"
"P122-PWY","PWY0-162",0.764950213371266,"Positive"
"P122-PWY","PWY0-166",0.823954480796586,"Positive"
"P122-PWY","PWY4FS-7",0.951379800853485,"Positive"
"P122-PWY","PWY4FS-8",0.951379800853485,"Positive"
"P122-PWY","PYRIDOXSYN-PWY",-0.609160739687056,"Negative"
"P122-PWY","RIBOSYN2-PWY",0.714765291607397,"Positive"
"P122-PWY","SER-GLYSYN-PWY",0.750554765291607,"Positive"
"P122-PWY","THRESYN-PWY",0.851778093883357,"Positive"
"P122-PWY","TRNA-CHARGING-PWY",0.77448079658606,"Positive"
"P122-PWY","TRPSYN-PWY",0.667197724039829,"Positive"
"P122-PWY","UDPNAGSYN-PWY",0.947567567567568,"Positive"
"P122-PWY","VALSYN-PWY",0.721706970128023,"Positive"
"P124-PWY","P161-PWY",0.979374110953058,"Positive"
"P124-PWY","PENTOSE-P-PWY",0.800483641536273,"Positive"
"P124-PWY","PEPTIDOGLYCANSYN-PWY",0.937581792318634,"Positive"
"P124-PWY","PHOSLIPSYN-PWY",0.927339971550498,"Positive"
"P124-PWY","POLYISOPRENSYN-PWY",0.935903271692745,"Positive"
"P124-PWY","PWY-2941",0.815504978662873,"Positive"
"P124-PWY","PWY-2942",0.855163584637269,"Positive"
"P124-PWY","PWY-3001",0.759544807965861,"Positive"
"P124-PWY","PWY-5097",0.834423897581792,"Positive"
"P124-PWY","PWY-5100",0.952290184921764,"Positive"
"P124-PWY","PWY-5101",0.667112375533428,"Positive"
"P124-PWY","PWY-5103",0.676671408250356,"Positive"
"P124-PWY","PWY-5484",0.966145092460882,"Positive"
"P124-PWY","PWY-5667",0.91923186344239,"Positive"
"P124-PWY","PWY-5686",0.926401137980085,"Positive"
"P124-PWY","PWY-5845",-0.645035561877667,"Negative"
"P124-PWY","PWY-5850",-0.645035561877667,"Negative"
"P124-PWY","PWY-5860",-0.648449502133713,"Negative"
"P124-PWY","PWY-5862",-0.648449502133713,"Negative"
"P124-PWY","PWY-5896",-0.645035561877667,"Negative"
"P124-PWY","PWY-5910",0.986856330014225,"Positive"
"P124-PWY","PWY-5973",0.79348506401138,"Positive"
"P124-PWY","PWY-6121",0.821735419630157,"Positive"
"P124-PWY","PWY-6122",0.823357041251778,"Positive"
"P124-PWY","PWY-6123",0.841337126600284,"Positive"
"P124-PWY","PWY-6125",0.69701280227596,"Positive"
"P124-PWY","PWY-6126",0.905547652916074,"Positive"
"P124-PWY","PWY-6151",0.888591749644381,"Positive"
"P124-PWY","PWY-6163",0.7675106685633,"Positive"
"P124-PWY","PWY-621",0.765120910384068,"Positive"
"P124-PWY","PWY-6277",0.823357041251778,"Positive"
"P124-PWY","PWY-6317",0.881507823613087,"Positive"
"P124-PWY","PWY-6385",0.9374679943101,"Positive"
"P124-PWY","PWY-6386",0.936073968705548,"Positive"
"P124-PWY","PWY-6387",0.938264580369844,"Positive"
"P124-PWY","PWY-6471",0.986173541963016,"Positive"
"P124-PWY","PWY-6609",0.747140825035562,"Positive"
"P124-PWY","PWY-6897",0.792062588904694,"Positive"
"P124-PWY","PWY-7111",0.690469416785206,"Positive"
"P124-PWY","PWY-7184",0.698492176386913,"Positive"
"P124-PWY","PWY-7187",0.827311522048364,"Positive"
"P124-PWY","PWY-7197",0.670640113798009,"Positive"
"P124-PWY","PWY-7208",0.94452347083926,"Positive"
"P124-PWY","PWY-7219",0.932147937411095,"Positive"
"P124-PWY","PWY-7220",0.864295874822191,"Positive"
"P124-PWY","PWY-7221",0.934736842105263,"Positive"
"P124-PWY","PWY-7222",0.864295874822191,"Positive"
"P124-PWY","PWY-7228",0.693115220483641,"Positive"
"P124-PWY","PWY-7229",0.92275960170697,"Positive"
"P124-PWY","PWY-7234",0.801621621621622,"Positive"
"P124-PWY","PWY-7315",-0.665177809388336,"Negative"
"P124-PWY","PWY-7400",0.703584637268848,"Positive"
"P124-PWY","PWY-7539",0.610384068278805,"Positive"
"P124-PWY","PWY-7663",0.829758179231863,"Positive"
"P124-PWY","PWY-841",0.715732574679943,"Positive"
"P124-PWY","PWY-922",0.980881934566145,"Positive"
"P124-PWY","PWY0-1296",0.713172119487909,"Positive"
"P124-PWY","PWY0-1297",0.757752489331437,"Positive"
"P124-PWY","PWY0-1298",0.691749644381223,"Positive"
"P124-PWY","PWY0-1319",0.91923186344239,"Positive"
"P124-PWY","PWY0-1338",-0.648904694167852,"Negative"
"P124-PWY","PWY0-1586",0.983442389758179,"Positive"
"P124-PWY","PWY0-162",0.730042674253201,"Positive"
"P124-PWY","PWY0-166",0.79977240398293,"Positive"
"P124-PWY","PWY4FS-7",0.933371266002845,"Positive"
"P124-PWY","PWY4FS-8",0.933371266002845,"Positive"
"P124-PWY","PYRIDOXSYN-PWY",-0.606799431009957,"Negative"
"P124-PWY","RIBOSYN2-PWY",0.682674253200569,"Positive"
"P124-PWY","SER-GLYSYN-PWY",0.721706970128023,"Positive"
"P124-PWY","THRESYN-PWY",0.826543385490754,"Positive"
"P124-PWY","TRNA-CHARGING-PWY",0.746657183499289,"Positive"
"P124-PWY","TRPSYN-PWY",0.633854907539118,"Positive"
"P124-PWY","UDPNAGSYN-PWY",0.927596017069701,"Positive"
"P124-PWY","VALSYN-PWY",0.689103840682788,"Positive"
"P125-PWY","PWY-5304",0.789160739687055,"Positive"
"P125-PWY","PWY-6396",0.99425320056899,"Positive"
"P125-PWY","PWY-6891",0.639118065433855,"Positive"
"P125-PWY","PWY-6901",0.735590327169275,"Positive"
"P125-PWY","PWY-7013",0.795846372688478,"Positive"
"P125-PWY","PWY-7377",0.622162162162162,"Positive"
"P125-PWY","TEICHOICACID-PWY",0.655817923186344,"Positive"
"P161-PWY","PENTOSE-P-PWY",0.786201991465149,"Positive"
"P161-PWY","PEPTIDOGLYCANSYN-PWY",0.914879089615932,"Positive"
"P161-PWY","PHOSLIPSYN-PWY",0.911123755334282,"Positive"
"P161-PWY","POLYAMSYN-PWY",-0.607880512091038,"Negative"
"P161-PWY","POLYISOPRENSYN-PWY",0.914907539118065,"Positive"
"P161-PWY","PWY-2941",0.792460881934566,"Positive"
"P161-PWY","PWY-2942",0.82221906116643,"Positive"
"P161-PWY","PWY-3001",0.720512091038407,"Positive"
"P161-PWY","PWY-5097",0.803812233285917,"Positive"
"P161-PWY","PWY-5100",0.953854907539118,"Positive"
"P161-PWY","PWY-5101",0.621422475106686,"Positive"
"P161-PWY","PWY-5103",0.637951635846373,"Positive"
"P161-PWY","PWY-5484",0.95900426742532,"Positive"
"P161-PWY","PWY-5667",0.898065433854908,"Positive"
"P161-PWY","PWY-5686",0.901251778093883,"Positive"
"P161-PWY","PWY-5845",-0.615590327169275,"Negative"
"P161-PWY","PWY-5850",-0.615590327169275,"Negative"
"P161-PWY","PWY-5860",-0.618577524893314,"Negative"
"P161-PWY","PWY-5862",-0.618577524893314,"Negative"
"P161-PWY","PWY-5896",-0.615590327169275,"Negative"
"P161-PWY","PWY-5910",0.983328591749644,"Positive"
"P161-PWY","PWY-5973",0.759118065433855,"Positive"
"P161-PWY","PWY-6121",0.78551920341394,"Positive"
"P161-PWY","PWY-6122",0.786884779516358,"Positive"
"P161-PWY","PWY-6123",0.807425320056899,"Positive"
"P161-PWY","PWY-6125",0.681564722617354,"Positive"
"P161-PWY","PWY-6126",0.886059743954481,"Positive"
"P161-PWY","PWY-6151",0.882133712660028,"Positive"
"P161-PWY","PWY-6163",0.724267425320057,"Positive"
"P161-PWY","PWY-621",0.773513513513513,"Positive"
"P161-PWY","PWY-6277",0.786884779516358,"Positive"
"P161-PWY","PWY-6317",0.87027027027027,"Positive"
"P161-PWY","PWY-6385",0.914992887624467,"Positive"
"P161-PWY","PWY-6386",0.91348506401138,"Positive"
"P161-PWY","PWY-6387",0.915675675675676,"Positive"
"P161-PWY","PWY-6471",0.975732574679943,"Positive"
"P161-PWY","PWY-6609",0.744409672830725,"Positive"
"P161-PWY","PWY-6897",0.757069701280228,"Positive"
"P161-PWY","PWY-7111",0.646486486486486,"Positive"
"P161-PWY","PWY-7184",0.690184921763869,"Positive"
"P161-PWY","PWY-7187",0.818662873399716,"Positive"
"P161-PWY","PWY-7197",0.653200568990043,"Positive"
"P161-PWY","PWY-7208",0.92022759601707,"Positive"
"P161-PWY","PWY-7219",0.910810810810811,"Positive"
"P161-PWY","PWY-7220",0.848961593172119,"Positive"
"P161-PWY","PWY-7221",0.91402560455192,"Positive"
"P161-PWY","PWY-7222",0.848961593172119,"Positive"
"P161-PWY","PWY-7228",0.674566145092461,"Positive"
"P161-PWY","PWY-7229",0.899658605974395,"Positive"
"P161-PWY","PWY-7234",0.776159317211949,"Positive"
"P161-PWY","PWY-7315",-0.633541963015647,"Negative"
"P161-PWY","PWY-7400",0.667425320056899,"Positive"
"P161-PWY","PWY-7663",0.7974679943101,"Positive"
"P161-PWY","PWY-841",0.693570412517781,"Positive"
"P161-PWY","PWY-922",0.982019914651494,"Positive"
"P161-PWY","PWY0-1296",0.715305832147937,"Positive"
"P161-PWY","PWY0-1297",0.755533428165007,"Positive"
"P161-PWY","PWY0-1298",0.695305832147937,"Positive"
"P161-PWY","PWY0-1319",0.898065433854908,"Positive"
"P161-PWY","PWY0-1338",-0.621536273115221,"Negative"
"P161-PWY","PWY0-1586",0.98275960170697,"Positive"
"P161-PWY","PWY0-162",0.709786628733997,"Positive"
"P161-PWY","PWY0-166",0.787425320056899,"Positive"
"P161-PWY","PWY4FS-7",0.926002844950213,"Positive"
"P161-PWY","PWY4FS-8",0.926002844950213,"Positive"
"P161-PWY","RIBOSYN2-PWY",0.648819345661451,"Positive"
"P161-PWY","SER-GLYSYN-PWY",0.676301564722617,"Positive"
"P161-PWY","TEICHOICACID-PWY",0.603869132290185,"Positive"
"P161-PWY","THRESYN-PWY",0.794310099573257,"Positive"
"P161-PWY","TRNA-CHARGING-PWY",0.720825035561878,"Positive"
"P161-PWY","UDPNAGSYN-PWY",0.908108108108108,"Positive"
"P161-PWY","VALSYN-PWY",0.641906116642959,"Positive"
"P23-PWY","PWY-5005",0.664921763869132,"Positive"
"P23-PWY","PWY-5507",0.750554765291607,"Positive"
"P23-PWY","PWY-6263",0.609445234708393,"Positive"
"P281-PWY","PWY-5417",0.738435277382646,"Positive"
"P281-PWY","PWY-5431",0.738435277382646,"Positive"
"P281-PWY","PWY-6182",0.797695590327169,"Positive"
"P281-PWY","PWY-6185",0.677069701280228,"Positive"
"P4-PWY","PANTO-PWY",0.70221906116643,"Positive"
"P4-PWY","PANTOSYN-PWY",0.738890469416785,"Positive"
"P4-PWY","PENTOSE-P-PWY",0.665462304409673,"Positive"
"P4-PWY","PEPTIDOGLYCANSYN-PWY",0.616557610241821,"Positive"
"P4-PWY","PHOSLIPSYN-PWY",0.604864864864865,"Positive"
"P4-PWY","POLYISOPRENSYN-PWY",0.601820768136558,"Positive"
"P4-PWY","PWY-1269",0.792176386913229,"Positive"
"P4-PWY","PWY-2942",0.681706970128023,"Positive"
"P4-PWY","PWY-3001",0.774395448079659,"Positive"
"P4-PWY","PWY-5097",0.668762446657184,"Positive"
"P4-PWY","PWY-5101",0.804950213371266,"Positive"
"P4-PWY","PWY-5103",0.793399715504979,"Positive"
"P4-PWY","PWY-5121",0.8374679943101,"Positive"
"P4-PWY","PWY-5189",0.751635846372688,"Positive"
"P4-PWY","PWY-5345",0.709075391180654,"Positive"
"P4-PWY","PWY-5347",0.956699857752489,"Positive"
"P4-PWY","PWY-5509",0.649160739687055,"Positive"
"P4-PWY","PWY-5659",0.838975817923186,"Positive"
"P4-PWY","PWY-5667",0.628449502133713,"Positive"
"P4-PWY","PWY-5686",0.628307254623044,"Positive"
"P4-PWY","PWY-5855",0.717695590327169,"Positive"
"P4-PWY","PWY-5856",0.717695590327169,"Positive"
"P4-PWY","PWY-5857",0.717695590327169,"Positive"
"P4-PWY","PWY-5913",0.819573257467994,"Positive"
"P4-PWY","PWY-5920",0.721735419630157,"Positive"
"P4-PWY","PWY-5973",0.726884779516358,"Positive"
"P4-PWY","PWY-6121",0.682560455192034,"Positive"
"P4-PWY","PWY-6122",0.680938833570413,"Positive"
"P4-PWY","PWY-6123",0.672546230440967,"Positive"
"P4-PWY","PWY-6125",0.740625889046942,"Positive"
"P4-PWY","PWY-6126",0.610440967283073,"Positive"
"P4-PWY","PWY-6147",0.763499288762447,"Positive"
"P4-PWY","PWY-6163",0.711209103840683,"Positive"
"P4-PWY","PWY-6269",0.649018492176387,"Positive"
"P4-PWY","PWY-6277",0.680938833570413,"Positive"
"P4-PWY","PWY-6385",0.615277382645804,"Positive"
"P4-PWY","PWY-6386",0.618349928876245,"Positive"
"P4-PWY","PWY-6387",0.612517780938834,"Positive"
"P4-PWY","PWY-6467",0.789359886201991,"Positive"
"P4-PWY","PWY-6545",0.80452347083926,"Positive"
"P4-PWY","PWY-6700",0.836443812233286,"Positive"
"P4-PWY","PWY-6703",0.810554765291607,"Positive"
"P4-PWY","PWY-6708",0.717695590327169,"Positive"
"P4-PWY","PWY-6897",0.660312944523471,"Positive"
"P4-PWY","PWY-7111",0.79126600284495,"Positive"
"P4-PWY","PWY-7184",0.714452347083926,"Positive"
"P4-PWY","PWY-7187",0.695533428165007,"Positive"
"P4-PWY","PWY-7197",0.759971550497866,"Positive"
"P4-PWY","PWY-7208",0.601820768136558,"Positive"
"P4-PWY","PWY-7211",0.773826458036984,"Positive"
"P4-PWY","PWY-7219",0.62176386913229,"Positive"
"P4-PWY","PWY-7221",0.603897581792319,"Positive"
"P4-PWY","PWY-7228",0.757923186344239,"Positive"
"P4-PWY","PWY-7229",0.626884779516358,"Positive"
"P4-PWY","PWY-7234",0.62298719772404,"Positive"
"P4-PWY","PWY-7328",0.76927453769559,"Positive"
"P4-PWY","PWY-7392",0.833798008534851,"Positive"
"P4-PWY","PWY-7400",0.799829302987198,"Positive"
"P4-PWY","PWY-7539",0.781394025604552,"Positive"
"P4-PWY","PWY-7560",0.816330014224751,"Positive"
"P4-PWY","PWY-7663",0.698748221906117,"Positive"
"P4-PWY","PWY-841",0.752403982930299,"Positive"
"P4-PWY","PWY0-1319",0.628449502133713,"Positive"
"P4-PWY","PWY0-1533",-0.626201991465149,"Negative"
"P4-PWY","PWY0-162",0.752375533428165,"Positive"
"P4-PWY","PWY0-166",0.711237553342816,"Positive"
"P4-PWY","PWY0-781",0.876984352773826,"Positive"
"P4-PWY","PYRIDNUCSAL-PWY",0.876586059743954,"Positive"
"P4-PWY","PYRIDNUCSYN-PWY",0.744836415362731,"Positive"
"P4-PWY","RIBOSYN2-PWY",0.74697012802276,"Positive"
"P4-PWY","SER-GLYSYN-PWY",0.76221906116643,"Positive"
"P4-PWY","SO4ASSIM-PWY",0.69348506401138,"Positive"
"P4-PWY","SULFATE-CYS-PWY",0.751237553342816,"Positive"
"P4-PWY","THRESYN-PWY",0.723470839260313,"Positive"
"P4-PWY","TRNA-CHARGING-PWY",0.799317211948791,"Positive"
"P4-PWY","TRPSYN-PWY",0.802332859174964,"Positive"
"P4-PWY","UDPNAGSYN-PWY",0.616984352773826,"Positive"
"P4-PWY","VALSYN-PWY",0.793655761024182,"Positive"
"P42-PWY","PWY-6470",0.612005689900427,"Positive"
"P441-PWY","PWY-5304",0.688819345661451,"Positive"
"P441-PWY","PWY-7013",0.708364153627312,"Positive"
"P562-PWY","PWY-7237",0.781507823613087,"Positive"
"PANTO-PWY","PANTOSYN-PWY",0.988079658605974,"Positive"
"PANTO-PWY","PROTOCATECHUATE-ORTHO-CLEAVAGE-PWY",-0.641621621621622,"Negative"
"PANTO-PWY","PWY-1269",0.904352773826458,"Positive"
"PANTO-PWY","PWY-3001",0.654765291607397,"Positive"
"PANTO-PWY","PWY-5101",0.728705547652916,"Positive"
"PANTO-PWY","PWY-5103",0.714679943100996,"Positive"
"PANTO-PWY","PWY-5121",0.889587482219061,"Positive"
"PANTO-PWY","PWY-5189",0.731891891891892,"Positive"
"PANTO-PWY","PWY-5345",0.681792318634424,"Positive"
"PANTO-PWY","PWY-5659",0.878150782361309,"Positive"
"PANTO-PWY","PWY-5695",0.643044096728307,"Positive"
"PANTO-PWY","PWY-5855",0.785092460881935,"Positive"
"PANTO-PWY","PWY-5856",0.785092460881935,"Positive"
"PANTO-PWY","PWY-5857",0.785092460881935,"Positive"
"PANTO-PWY","PWY-5913",0.818918918918919,"Positive"
"PANTO-PWY","PWY-5920",0.675675675675676,"Positive"
"PANTO-PWY","PWY-6125",0.630128022759602,"Positive"
"PANTO-PWY","PWY-6147",0.729132290184922,"Positive"
"PANTO-PWY","PWY-6163",0.613627311522048,"Positive"
"PANTO-PWY","PWY-6467",0.904438122332859,"Positive"
"PANTO-PWY","PWY-6545",0.729843527738265,"Positive"
"PANTO-PWY","PWY-6700",0.871891891891892,"Positive"
"PANTO-PWY","PWY-6703",0.901849217638691,"Positive"
"PANTO-PWY","PWY-6708",0.785092460881935,"Positive"
"PANTO-PWY","PWY-7111",0.706913229018492,"Positive"
"PANTO-PWY","PWY-7197",0.665376955903272,"Positive"
"PANTO-PWY","PWY-7211",0.748904694167852,"Positive"
"PANTO-PWY","PWY-7228",0.658435277382646,"Positive"
"PANTO-PWY","PWY-7242",-0.620853485064011,"Negative"
"PANTO-PWY","PWY-7328",0.684068278805121,"Positive"
"PANTO-PWY","PWY-7392",0.883613086770981,"Positive"
"PANTO-PWY","PWY-7400",0.713911806543385,"Positive"
"PANTO-PWY","PWY-7539",0.746315789473684,"Positive"
"PANTO-PWY","PWY-7560",0.904637268847795,"Positive"
"PANTO-PWY","PWY-841",0.632091038406828,"Positive"
"PANTO-PWY","PWY0-162",0.646543385490754,"Positive"
"PANTO-PWY","PYRIDNUCSAL-PWY",0.764324324324324,"Positive"
"PANTO-PWY","PYRIDNUCSYN-PWY",0.672830725462304,"Positive"
"PANTO-PWY","RIBOSYN2-PWY",0.7049786628734,"Positive"
"PANTO-PWY","SER-GLYSYN-PWY",0.647112375533428,"Positive"
"PANTO-PWY","SO4ASSIM-PWY",0.775448079658606,"Positive"
"PANTO-PWY","SULFATE-CYS-PWY",0.782190611664296,"Positive"
"PANTO-PWY","TRNA-CHARGING-PWY",0.700568990042674,"Positive"
"PANTO-PWY","TRPSYN-PWY",0.719288762446657,"Positive"
"PANTO-PWY","UBISYN-PWY",0.705206258890469,"Positive"
"PANTO-PWY","VALSYN-PWY",0.709957325746799,"Positive"
"PANTOSYN-PWY","PROTOCATECHUATE-ORTHO-CLEAVAGE-PWY",-0.632887624466572,"Negative"
"PANTOSYN-PWY","PWY-1269",0.8950213371266,"Positive"
"PANTOSYN-PWY","PWY-3001",0.676073968705548,"Positive"
"PANTOSYN-PWY","PWY-5101",0.742162162162162,"Positive"
"PANTOSYN-PWY","PWY-5103",0.728193456614509,"Positive"
"PANTOSYN-PWY","PWY-5121",0.890554765291607,"Positive"
"PANTOSYN-PWY","PWY-5189",0.728221906116643,"Positive"
"PANTOSYN-PWY","PWY-5345",0.679487908961593,"Positive"
"PANTOSYN-PWY","PWY-5347",0.622019914651494,"Positive"
"PANTOSYN-PWY","PWY-5659",0.88551920341394,"Positive"
"PANTOSYN-PWY","PWY-5695",0.637155049786629,"Positive"
"PANTOSYN-PWY","PWY-5855",0.778065433854908,"Positive"
"PANTOSYN-PWY","PWY-5856",0.778065433854908,"Positive"
"PANTOSYN-PWY","PWY-5857",0.778065433854908,"Positive"
"PANTOSYN-PWY","PWY-5913",0.823840682788051,"Positive"
"PANTOSYN-PWY","PWY-5920",0.67624466571835,"Positive"
"PANTOSYN-PWY","PWY-6125",0.653997155049787,"Positive"
"PANTOSYN-PWY","PWY-6147",0.731692745376956,"Positive"
"PANTOSYN-PWY","PWY-6163",0.637183499288763,"Positive"
"PANTOSYN-PWY","PWY-6467",0.89524893314367,"Positive"
"PANTOSYN-PWY","PWY-6545",0.738691322901849,"Positive"
"PANTOSYN-PWY","PWY-6700",0.875789473684211,"Positive"
"PANTOSYN-PWY","PWY-6703",0.895049786628734,"Positive"
"PANTOSYN-PWY","PWY-6708",0.778065433854908,"Positive"
"PANTOSYN-PWY","PWY-7111",0.720369843527738,"Positive"
"PANTOSYN-PWY","PWY-7184",0.613798008534851,"Positive"
"PANTOSYN-PWY","PWY-7197",0.686145092460882,"Positive"
"PANTOSYN-PWY","PWY-7211",0.758549075391181,"Positive"
"PANTOSYN-PWY","PWY-7228",0.681024182076814,"Positive"
"PANTOSYN-PWY","PWY-7242",-0.63103840682788,"Negative"
"PANTOSYN-PWY","PWY-7328",0.694736842105263,"Positive"
"PANTOSYN-PWY","PWY-7392",0.88597439544808,"Positive"
"PANTOSYN-PWY","PWY-7400",0.738036984352774,"Positive"
"PANTOSYN-PWY","PWY-7539",0.746287339971551,"Positive"
"PANTOSYN-PWY","PWY-7560",0.898890469416785,"Positive"
"PANTOSYN-PWY","PWY-841",0.658492176386913,"Positive"
"PANTOSYN-PWY","PWY0-162",0.669388335704125,"Positive"
"PANTOSYN-PWY","PYRIDNUCSAL-PWY",0.794850640113798,"Positive"
"PANTOSYN-PWY","PYRIDNUCSYN-PWY",0.685689900426742,"Positive"
"PANTOSYN-PWY","RIBOSYN2-PWY",0.706458036984353,"Positive"
"PANTOSYN-PWY","SER-GLYSYN-PWY",0.661337126600285,"Positive"
"PANTOSYN-PWY","SO4ASSIM-PWY",0.76574679943101,"Positive"
"PANTOSYN-PWY","SULFATE-CYS-PWY",0.781792318634424,"Positive"
"PANTOSYN-PWY","TRNA-CHARGING-PWY",0.724551920341394,"Positive"
"PANTOSYN-PWY","TRPSYN-PWY",0.72873399715505,"Positive"
"PANTOSYN-PWY","UBISYN-PWY",0.686401137980085,"Positive"
"PANTOSYN-PWY","VALSYN-PWY",0.725064011379801,"Positive"
"PENTOSE-P-PWY","PEPTIDOGLYCANSYN-PWY",0.89524893314367,"Positive"
"PENTOSE-P-PWY","PHOSLIPSYN-PWY",0.901906116642959,"Positive"
"PENTOSE-P-PWY","POLYAMSYN-PWY",-0.671209103840683,"Negative"
"PENTOSE-P-PWY","POLYISOPRENSYN-PWY",0.906998577524893,"Positive"
"PENTOSE-P-PWY","PWY-2941",0.858321479374111,"Positive"
"PENTOSE-P-PWY","PWY-2942",0.916642958748222,"Positive"
"PENTOSE-P-PWY","PWY-3001",0.906600284495021,"Positive"
"PENTOSE-P-PWY","PWY-5097",0.913285917496444,"Positive"
"PENTOSE-P-PWY","PWY-5100",0.854765291607397,"Positive"
"PENTOSE-P-PWY","PWY-5101",0.855391180654339,"Positive"
"PENTOSE-P-PWY","PWY-5103",0.86773826458037,"Positive"
"PENTOSE-P-PWY","PWY-5189",0.798179231863442,"Positive"
"PENTOSE-P-PWY","PWY-5345",0.606856330014225,"Positive"
"PENTOSE-P-PWY","PWY-5484",0.788364153627311,"Positive"
"PENTOSE-P-PWY","PWY-5509",0.69425320056899,"Positive"
"PENTOSE-P-PWY","PWY-5659",0.647083926031294,"Positive"
"PENTOSE-P-PWY","PWY-5667",0.908591749644381,"Positive"
"PENTOSE-P-PWY","PWY-5686",0.901137980085349,"Positive"
"PENTOSE-P-PWY","PWY-5845",-0.694509246088193,"Negative"
"PENTOSE-P-PWY","PWY-5850",-0.694509246088193,"Negative"
"PENTOSE-P-PWY","PWY-5855",0.612005689900427,"Positive"
"PENTOSE-P-PWY","PWY-5856",0.612005689900427,"Positive"
"PENTOSE-P-PWY","PWY-5857",0.612005689900427,"Positive"
"PENTOSE-P-PWY","PWY-5860",-0.699886201991465,"Negative"
"PENTOSE-P-PWY","PWY-5862",-0.699886201991465,"Negative"
"PENTOSE-P-PWY","PWY-5896",-0.694509246088193,"Negative"
"PENTOSE-P-PWY","PWY-5910",0.749445234708393,"Positive"
"PENTOSE-P-PWY","PWY-5913",0.704779516358464,"Positive"
"PENTOSE-P-PWY","PWY-5920",0.622076813655761,"Positive"
"PENTOSE-P-PWY","PWY-5973",0.918122332859175,"Positive"
"PENTOSE-P-PWY","PWY-6121",0.904580369843528,"Positive"
"PENTOSE-P-PWY","PWY-6122",0.908165007112376,"Positive"
"PENTOSE-P-PWY","PWY-6123",0.902304409672831,"Positive"
"PENTOSE-P-PWY","PWY-6125",0.901109530583215,"Positive"
"PENTOSE-P-PWY","PWY-6126",0.954651493598862,"Positive"
"PENTOSE-P-PWY","PWY-6147",0.794167852062589,"Positive"
"PENTOSE-P-PWY","PWY-6151",0.893314366998578,"Positive"
"PENTOSE-P-PWY","PWY-6163",0.85923186344239,"Positive"
"PENTOSE-P-PWY","PWY-621",0.626941678520626,"Positive"
"PENTOSE-P-PWY","PWY-6269",0.693058321479374,"Positive"
"PENTOSE-P-PWY","PWY-6277",0.908165007112376,"Positive"
"PENTOSE-P-PWY","PWY-6317",0.765576102418208,"Positive"
"PENTOSE-P-PWY","PWY-6385",0.895106685633001,"Positive"
"PENTOSE-P-PWY","PWY-6386",0.896955903271693,"Positive"
"PENTOSE-P-PWY","PWY-6387",0.894509246088193,"Positive"
"PENTOSE-P-PWY","PWY-6471",0.820796586059744,"Positive"
"PENTOSE-P-PWY","PWY-6507",-0.639715504978663,"Negative"
"PENTOSE-P-PWY","PWY-6545",0.614196301564723,"Positive"
"PENTOSE-P-PWY","PWY-6700",0.643385490753912,"Positive"
"PENTOSE-P-PWY","PWY-6708",0.612005689900427,"Positive"
"PENTOSE-P-PWY","PWY-6897",0.890668563300142,"Positive"
"PENTOSE-P-PWY","PWY-7111",0.85923186344239,"Positive"
"PENTOSE-P-PWY","PWY-7184",0.887908961593172,"Positive"
"PENTOSE-P-PWY","PWY-7187",0.855903271692745,"Positive"
"PENTOSE-P-PWY","PWY-7197",0.854623044096728,"Positive"
"PENTOSE-P-PWY","PWY-7208",0.885633001422475,"Positive"
"PENTOSE-P-PWY","PWY-7211",0.732517780938834,"Positive"
"PENTOSE-P-PWY","PWY-7219",0.901678520625889,"Positive"
"PENTOSE-P-PWY","PWY-7220",0.951578947368421,"Positive"
"PENTOSE-P-PWY","PWY-7221",0.89271692745377,"Positive"
"PENTOSE-P-PWY","PWY-7222",0.951578947368421,"Positive"
"PENTOSE-P-PWY","PWY-7228",0.863413940256046,"Positive"
"PENTOSE-P-PWY","PWY-7229",0.909473684210526,"Positive"
"PENTOSE-P-PWY","PWY-7234",0.955732574679943,"Positive"
"PENTOSE-P-PWY","PWY-7315",-0.722588904694168,"Negative"
"PENTOSE-P-PWY","PWY-7328",0.631066856330014,"Positive"
"PENTOSE-P-PWY","PWY-7400",0.870896159317212,"Positive"
"PENTOSE-P-PWY","PWY-7539",0.813684210526316,"Positive"
"PENTOSE-P-PWY","PWY-7663",0.916756756756757,"Positive"
"PENTOSE-P-PWY","PWY-841",0.918577524893314,"Positive"
"PENTOSE-P-PWY","PWY-922",0.729359886201991,"Positive"
"PENTOSE-P-PWY","PWY0-1319",0.908591749644381,"Positive"
"PENTOSE-P-PWY","PWY0-1338",-0.704324324324324,"Negative"
"PENTOSE-P-PWY","PWY0-1533",-0.625433854907539,"Negative"
"PENTOSE-P-PWY","PWY0-1586",0.782162162162162,"Positive"
"PENTOSE-P-PWY","PWY0-162",0.874822190611664,"Positive"
"PENTOSE-P-PWY","PWY0-166",0.882361308677098,"Positive"
"PENTOSE-P-PWY","PWY4FS-7",0.902076813655761,"Positive"
"PENTOSE-P-PWY","PWY4FS-8",0.902076813655761,"Positive"
"PENTOSE-P-PWY","PYRIDNUCSAL-PWY",0.719345661450925,"Positive"
"PENTOSE-P-PWY","PYRIDNUCSYN-PWY",0.625007112375533,"Positive"
"PENTOSE-P-PWY","RIBOSYN2-PWY",0.855504978662873,"Positive"
"PENTOSE-P-PWY","SER-GLYSYN-PWY",0.856614509246088,"Positive"
"PENTOSE-P-PWY","SULFATE-CYS-PWY",0.637638691322902,"Positive"
"PENTOSE-P-PWY","THRESYN-PWY",0.930554765291607,"Positive"
"PENTOSE-P-PWY","TRNA-CHARGING-PWY",0.792660028449502,"Positive"
"PENTOSE-P-PWY","TRPSYN-PWY",0.812631578947368,"Positive"
"PENTOSE-P-PWY","UDPNAGSYN-PWY",0.903840682788051,"Positive"
"PENTOSE-P-PWY","VALSYN-PWY",0.862674253200569,"Positive"
"PEPTIDOGLYCANSYN-PWY","PHOSLIPSYN-PWY",0.996073968705548,"Positive"
"PEPTIDOGLYCANSYN-PWY","POLYAMSYN-PWY",-0.644238975817923,"Negative"
"PEPTIDOGLYCANSYN-PWY","POLYISOPRENSYN-PWY",0.995903271692745,"Positive"
"PEPTIDOGLYCANSYN-PWY","PWY-2941",0.788591749644381,"Positive"
"PEPTIDOGLYCANSYN-PWY","PWY-2942",0.946458036984353,"Positive"
"PEPTIDOGLYCANSYN-PWY","PWY-3001",0.906230440967283,"Positive"
"PEPTIDOGLYCANSYN-PWY","PWY-5097",0.93271692745377,"Positive"
"PEPTIDOGLYCANSYN-PWY","PWY-5100",0.965832147937411,"Positive"
"PEPTIDOGLYCANSYN-PWY","PWY-5101",0.8374679943101,"Positive"
"PEPTIDOGLYCANSYN-PWY","PWY-5103",0.845633001422475,"Positive"
"PEPTIDOGLYCANSYN-PWY","PWY-5189",0.765149359886202,"Positive"
"PEPTIDOGLYCANSYN-PWY","PWY-5484",0.948762446657183,"Positive"
"PEPTIDOGLYCANSYN-PWY","PWY-5509",0.680028449502134,"Positive"
"PEPTIDOGLYCANSYN-PWY","PWY-5659",0.625348506401138,"Positive"
"PEPTIDOGLYCANSYN-PWY","PWY-5667",0.996273115220484,"Positive"
"PEPTIDOGLYCANSYN-PWY","PWY-5686",0.997894736842105,"Positive"
"PEPTIDOGLYCANSYN-PWY","PWY-5845",-0.721280227596017,"Negative"
"PEPTIDOGLYCANSYN-PWY","PWY-5850",-0.721280227596017,"Negative"
"PEPTIDOGLYCANSYN-PWY","PWY-5860",-0.72574679943101,"Negative"
"PEPTIDOGLYCANSYN-PWY","PWY-5862",-0.72574679943101,"Negative"
"PEPTIDOGLYCANSYN-PWY","PWY-5896",-0.721280227596017,"Negative"
"PEPTIDOGLYCANSYN-PWY","PWY-5910",0.907396870554765,"Positive"
"PEPTIDOGLYCANSYN-PWY","PWY-5973",0.912631578947368,"Positive"
"PEPTIDOGLYCANSYN-PWY","PWY-6121",0.919203413940256,"Positive"
"PEPTIDOGLYCANSYN-PWY","PWY-6122",0.91923186344239,"Positive"
"PEPTIDOGLYCANSYN-PWY","PWY-6123",0.93149359886202,"Positive"
"PEPTIDOGLYCANSYN-PWY","PWY-6125",0.830697012802276,"Positive"
"PEPTIDOGLYCANSYN-PWY","PWY-6126",0.966799431009957,"Positive"
"PEPTIDOGLYCANSYN-PWY","PWY-6147",0.774054054054054,"Positive"
"PEPTIDOGLYCANSYN-PWY","PWY-6151",0.8649786628734,"Positive"
"PEPTIDOGLYCANSYN-PWY","PWY-6163",0.886543385490754,"Positive"
"PEPTIDOGLYCANSYN-PWY","PWY-621",0.73778093883357,"Positive"
"PEPTIDOGLYCANSYN-PWY","PWY-6269",0.679061166429587,"Positive"
"PEPTIDOGLYCANSYN-PWY","PWY-6277",0.91923186344239,"Positive"
"PEPTIDOGLYCANSYN-PWY","PWY-6317",0.843243243243243,"Positive"
"PEPTIDOGLYCANSYN-PWY","PWY-6385",0.999914651493599,"Positive"
"PEPTIDOGLYCANSYN-PWY","PWY-6386",0.999800853485064,"Positive"
"PEPTIDOGLYCANSYN-PWY","PWY-6387",0.999857752489331,"Positive"
"PEPTIDOGLYCANSYN-PWY","PWY-6471",0.96375533428165,"Positive"
"PEPTIDOGLYCANSYN-PWY","PWY-6507",-0.657411095305832,"Negative"
"PEPTIDOGLYCANSYN-PWY","PWY-6609",0.676102418207681,"Positive"
"PEPTIDOGLYCANSYN-PWY","PWY-6700",0.603783783783784,"Positive"
"PEPTIDOGLYCANSYN-PWY","PWY-6897",0.90674253200569,"Positive"
"PEPTIDOGLYCANSYN-PWY","PWY-7111",0.852147937411095,"Positive"
"PEPTIDOGLYCANSYN-PWY","PWY-7184",0.792660028449502,"Positive"
"PEPTIDOGLYCANSYN-PWY","PWY-7187",0.892830725462304,"Positive"
"PEPTIDOGLYCANSYN-PWY","PWY-7197",0.822503556187767,"Positive"
"PEPTIDOGLYCANSYN-PWY","PWY-7208",0.997809388335704,"Positive"
"PEPTIDOGLYCANSYN-PWY","PWY-7219",0.99900426742532,"Positive"
"PEPTIDOGLYCANSYN-PWY","PWY-7220",0.910440967283073,"Positive"
"PEPTIDOGLYCANSYN-PWY","PWY-7221",0.998492176386913,"Positive"
"PEPTIDOGLYCANSYN-PWY","PWY-7222",0.910440967283073,"Positive"
"PEPTIDOGLYCANSYN-PWY","PWY-7228",0.837325746799431,"Positive"
"PEPTIDOGLYCANSYN-PWY","PWY-7229",0.993342816500711,"Positive"
"PEPTIDOGLYCANSYN-PWY","PWY-7234",0.869445234708393,"Positive"
"PEPTIDOGLYCANSYN-PWY","PWY-7315",-0.754224751066856,"Negative"
"PEPTIDOGLYCANSYN-PWY","PWY-7400",0.859345661450925,"Positive"
"PEPTIDOGLYCANSYN-PWY","PWY-7539",0.788136557610242,"Positive"
"PEPTIDOGLYCANSYN-PWY","PWY-7663",0.921109530583215,"Positive"
"PEPTIDOGLYCANSYN-PWY","PWY-841",0.849530583214794,"Positive"
"PEPTIDOGLYCANSYN-PWY","PWY-922",0.888847795163585,"Positive"
"PEPTIDOGLYCANSYN-PWY","PWY0-1296",0.655704125177809,"Positive"
"PEPTIDOGLYCANSYN-PWY","PWY0-1297",0.682133712660028,"Positive"
"PEPTIDOGLYCANSYN-PWY","PWY0-1298",0.619971550497866,"Positive"
"PEPTIDOGLYCANSYN-PWY","PWY0-1319",0.996273115220484,"Positive"
"PEPTIDOGLYCANSYN-PWY","PWY0-1338",-0.740455192034139,"Negative"
"PEPTIDOGLYCANSYN-PWY","PWY0-1533",-0.646116642958748,"Negative"
"PEPTIDOGLYCANSYN-PWY","PWY0-1586",0.934082503556188,"Positive"
"PEPTIDOGLYCANSYN-PWY","PWY0-162",0.867112375533428,"Positive"
"PEPTIDOGLYCANSYN-PWY","PWY0-166",0.873769559032717,"Positive"
"PEPTIDOGLYCANSYN-PWY","PWY0-845",-0.631863442389758,"Negative"
"PEPTIDOGLYCANSYN-PWY","PWY4FS-7",0.990753911806543,"Positive"
"PEPTIDOGLYCANSYN-PWY","PWY4FS-8",0.990753911806543,"Positive"
"PEPTIDOGLYCANSYN-PWY","PYRIDNUCSAL-PWY",0.663328591749644,"Positive"
"PEPTIDOGLYCANSYN-PWY","PYRIDOXSYN-PWY",-0.653172119487909,"Negative"
"PEPTIDOGLYCANSYN-PWY","RIBOSYN2-PWY",0.845832147937411,"Positive"
"PEPTIDOGLYCANSYN-PWY","SER-GLYSYN-PWY",0.867169274537696,"Positive"
"PEPTIDOGLYCANSYN-PWY","THRESYN-PWY",0.944238975817923,"Positive"
"PEPTIDOGLYCANSYN-PWY","TRNA-CHARGING-PWY",0.84796586059744,"Positive"
"PEPTIDOGLYCANSYN-PWY","TRPSYN-PWY",0.805889046941679,"Positive"
"PEPTIDOGLYCANSYN-PWY","UDPNAGSYN-PWY",0.996728307254623,"Positive"
"PEPTIDOGLYCANSYN-PWY","VALSYN-PWY",0.852574679943101,"Positive"
"PHOSLIPSYN-PWY","POLYAMSYN-PWY",-0.669758179231863,"Negative"
"PHOSLIPSYN-PWY","POLYISOPRENSYN-PWY",0.99647226173542,"Positive"
"PHOSLIPSYN-PWY","PWY-2941",0.790298719772404,"Positive"
"PHOSLIPSYN-PWY","PWY-2942",0.948307254623044,"Positive"
"PHOSLIPSYN-PWY","PWY-3001",0.905376955903272,"Positive"
"PHOSLIPSYN-PWY","PWY-5097",0.939317211948791,"Positive"
"PHOSLIPSYN-PWY","PWY-5100",0.963385490753912,"Positive"
"PHOSLIPSYN-PWY","PWY-5101",0.836785206258891,"Positive"
"PHOSLIPSYN-PWY","PWY-5103",0.846031294452347,"Positive"
"PHOSLIPSYN-PWY","PWY-5189",0.775448079658606,"Positive"
"PHOSLIPSYN-PWY","PWY-5484",0.939516358463727,"Positive"
"PHOSLIPSYN-PWY","PWY-5509",0.676301564722617,"Positive"
"PHOSLIPSYN-PWY","PWY-5659",0.614110953058322,"Positive"
"PHOSLIPSYN-PWY","PWY-5667",0.99678520625889,"Positive"
"PHOSLIPSYN-PWY","PWY-5686",0.994196301564723,"Positive"
"PHOSLIPSYN-PWY","PWY-5845",-0.71547652916074,"Negative"
"PHOSLIPSYN-PWY","PWY-5850",-0.71547652916074,"Negative"
"PHOSLIPSYN-PWY","PWY-5860",-0.719914651493599,"Negative"
"PHOSLIPSYN-PWY","PWY-5862",-0.719914651493599,"Negative"
"PHOSLIPSYN-PWY","PWY-5896",-0.71547652916074,"Negative"
"PHOSLIPSYN-PWY","PWY-5910",0.896557610241821,"Positive"
"PHOSLIPSYN-PWY","PWY-5973",0.914708392603129,"Positive"
"PHOSLIPSYN-PWY","PWY-6121",0.921109530583215,"Positive"
"PHOSLIPSYN-PWY","PWY-6122",0.921735419630156,"Positive"
"PHOSLIPSYN-PWY","PWY-6123",0.933200568990043,"Positive"
"PHOSLIPSYN-PWY","PWY-6125",0.83325746799431,"Positive"
"PHOSLIPSYN-PWY","PWY-6126",0.967453769559033,"Positive"
"PHOSLIPSYN-PWY","PWY-6147",0.774537695590327,"Positive"
"PHOSLIPSYN-PWY","PWY-6151",0.865120910384068,"Positive"
"PHOSLIPSYN-PWY","PWY-6163",0.890810810810811,"Positive"
"PHOSLIPSYN-PWY","PWY-621",0.715220483641536,"Positive"
"PHOSLIPSYN-PWY","PWY-6269",0.675305832147937,"Positive"
"PHOSLIPSYN-PWY","PWY-6277",0.921735419630156,"Positive"
"PHOSLIPSYN-PWY","PWY-6317",0.838207681365576,"Positive"
"PHOSLIPSYN-PWY","PWY-6385",0.996273115220484,"Positive"
"PHOSLIPSYN-PWY","PWY-6386",0.996358463726885,"Positive"
"PHOSLIPSYN-PWY","PWY-6387",0.996443812233286,"Positive"
"PHOSLIPSYN-PWY","PWY-6471",0.956756756756757,"Positive"
"PHOSLIPSYN-PWY","PWY-6507",-0.642446657183499,"Negative"
"PHOSLIPSYN-PWY","PWY-6609",0.674537695590327,"Positive"
"PHOSLIPSYN-PWY","PWY-6700",0.601052631578947,"Positive"
"PHOSLIPSYN-PWY","PWY-6897",0.914082503556188,"Positive"
"PHOSLIPSYN-PWY","PWY-7111",0.852062588904694,"Positive"
"PHOSLIPSYN-PWY","PWY-7184",0.792005689900427,"Positive"
"PHOSLIPSYN-PWY","PWY-7187",0.888079658605974,"Positive"
"PHOSLIPSYN-PWY","PWY-7197",0.826088193456615,"Positive"
"PHOSLIPSYN-PWY","PWY-7208",0.993598862019915,"Positive"
"PHOSLIPSYN-PWY","PWY-7219",0.996842105263158,"Positive"
"PHOSLIPSYN-PWY","PWY-7220",0.913741109530583,"Positive"
"PHOSLIPSYN-PWY","PWY-7221",0.996728307254623,"Positive"
"PHOSLIPSYN-PWY","PWY-7222",0.913741109530583,"Positive"
"PHOSLIPSYN-PWY","PWY-7228",0.84022759601707,"Positive"
"PHOSLIPSYN-PWY","PWY-7229",0.993854907539118,"Positive"
"PHOSLIPSYN-PWY","PWY-7234",0.874196301564723,"Positive"
"PHOSLIPSYN-PWY","PWY-7315",-0.734879089615932,"Negative"
"PHOSLIPSYN-PWY","PWY-7400",0.860540540540541,"Positive"
"PHOSLIPSYN-PWY","PWY-7539",0.79027027027027,"Positive"
"PHOSLIPSYN-PWY","PWY-7663",0.924580369843528,"Positive"
"PHOSLIPSYN-PWY","PWY-841",0.850384068278805,"Positive"
"PHOSLIPSYN-PWY","PWY-922",0.879061166429588,"Positive"
"PHOSLIPSYN-PWY","PWY0-1296",0.660910384068279,"Positive"
"PHOSLIPSYN-PWY","PWY0-1297",0.680967283072546,"Positive"
"PHOSLIPSYN-PWY","PWY0-1298",0.623669985775249,"Positive"
"PHOSLIPSYN-PWY","PWY0-1319",0.99678520625889,"Positive"
"PHOSLIPSYN-PWY","PWY0-1338",-0.720284495021337,"Negative"
"PHOSLIPSYN-PWY","PWY0-1533",-0.616130867709815,"Negative"
"PHOSLIPSYN-PWY","PWY0-1586",0.925206258890469,"Positive"
"PHOSLIPSYN-PWY","PWY0-162",0.867254623044097,"Positive"
"PHOSLIPSYN-PWY","PWY0-166",0.86927453769559,"Positive"
"PHOSLIPSYN-PWY","PWY0-845",-0.618918918918919,"Negative"
"PHOSLIPSYN-PWY","PWY4FS-7",0.994310099573257,"Positive"
"PHOSLIPSYN-PWY","PWY4FS-8",0.994310099573257,"Positive"
"PHOSLIPSYN-PWY","PYRIDNUCSAL-PWY",0.654395448079659,"Positive"
"PHOSLIPSYN-PWY","PYRIDOXSYN-PWY",-0.639431009957326,"Negative"
"PHOSLIPSYN-PWY","RIBOSYN2-PWY",0.848677098150782,"Positive"
"PHOSLIPSYN-PWY","SER-GLYSYN-PWY",0.864153627311522,"Positive"
"PHOSLIPSYN-PWY","THRESYN-PWY",0.944238975817923,"Positive"
"PHOSLIPSYN-PWY","TRNA-CHARGING-PWY",0.835817923186344,"Positive"
"PHOSLIPSYN-PWY","TRPSYN-PWY",0.802958748221906,"Positive"
"PHOSLIPSYN-PWY","UDPNAGSYN-PWY",0.997638691322902,"Positive"
"PHOSLIPSYN-PWY","VALSYN-PWY",0.851778093883357,"Positive"
"POLYAMINSYN3-PWY","PWY-7323",0.726884779516358,"Positive"
"POLYAMSYN-PWY","POLYISOPRENSYN-PWY",-0.650469416785206,"Negative"
"POLYAMSYN-PWY","PWY-2942",-0.646998577524893,"Negative"
"POLYAMSYN-PWY","PWY-3001",-0.656842105263158,"Negative"
"POLYAMSYN-PWY","PWY-5097",-0.642048364153627,"Negative"
"POLYAMSYN-PWY","PWY-5100",-0.632403982930299,"Negative"
"POLYAMSYN-PWY","PWY-5101",-0.642674253200569,"Negative"
"POLYAMSYN-PWY","PWY-5103",-0.64022759601707,"Negative"
"POLYAMSYN-PWY","PWY-5667",-0.664551920341394,"Negative"
"POLYAMSYN-PWY","PWY-5686",-0.646315789473684,"Negative"
"POLYAMSYN-PWY","PWY-5973",-0.640597439544808,"Negative"
"POLYAMSYN-PWY","PWY-6121",-0.631891891891892,"Negative"
"POLYAMSYN-PWY","PWY-6122",-0.635960170697013,"Negative"
"POLYAMSYN-PWY","PWY-6123",-0.628790896159317,"Negative"
"POLYAMSYN-PWY","PWY-6125",-0.607709815078236,"Negative"
"POLYAMSYN-PWY","PWY-6126",-0.638833570412518,"Negative"
"POLYAMSYN-PWY","PWY-6163",-0.649843527738265,"Negative"
"POLYAMSYN-PWY","PWY-6277",-0.635960170697013,"Negative"
"POLYAMSYN-PWY","PWY-6385",-0.646344238975818,"Negative"
"POLYAMSYN-PWY","PWY-6386",-0.646913229018492,"Negative"
"POLYAMSYN-PWY","PWY-6387",-0.645263157894737,"Negative"
"POLYAMSYN-PWY","PWY-6471",-0.633314366998578,"Negative"
"POLYAMSYN-PWY","PWY-6897",-0.615192034139403,"Negative"
"POLYAMSYN-PWY","PWY-7111",-0.660796586059744,"Negative"
"POLYAMSYN-PWY","PWY-7187",-0.641906116642959,"Negative"
"POLYAMSYN-PWY","PWY-7197",-0.600341394025605,"Negative"
"POLYAMSYN-PWY","PWY-7208",-0.634395448079659,"Negative"
"POLYAMSYN-PWY","PWY-7219",-0.652802275960171,"Negative"
"POLYAMSYN-PWY","PWY-7220",-0.613741109530583,"Negative"
"POLYAMSYN-PWY","PWY-7221",-0.64728307254623,"Negative"
"POLYAMSYN-PWY","PWY-7222",-0.613741109530583,"Negative"
"POLYAMSYN-PWY","PWY-7228",-0.611977240398293,"Negative"
"POLYAMSYN-PWY","PWY-7229",-0.652460881934566,"Negative"
"POLYAMSYN-PWY","PWY-7234",-0.611778093883357,"Negative"
"POLYAMSYN-PWY","PWY-7400",-0.658890469416785,"Negative"
"POLYAMSYN-PWY","PWY-7663",-0.644807965860597,"Negative"
"POLYAMSYN-PWY","PWY-841",-0.624438122332859,"Negative"
"POLYAMSYN-PWY","PWY0-1319",-0.664551920341394,"Negative"
"POLYAMSYN-PWY","PWY0-1586",-0.606628733997155,"Negative"
"POLYAMSYN-PWY","PWY0-162",-0.628108108108108,"Negative"
"POLYAMSYN-PWY","PWY0-166",-0.632062588904694,"Negative"
"POLYAMSYN-PWY","PWY4FS-7",-0.669928876244666,"Negative"
"POLYAMSYN-PWY","PWY4FS-8",-0.669928876244666,"Negative"
"POLYAMSYN-PWY","RIBOSYN2-PWY",-0.610953058321479,"Negative"
"POLYAMSYN-PWY","SER-GLYSYN-PWY",-0.632318634423898,"Negative"
"POLYAMSYN-PWY","THRESYN-PWY",-0.652887624466572,"Negative"
"POLYAMSYN-PWY","TRPSYN-PWY",-0.608193456614509,"Negative"
"POLYAMSYN-PWY","UDPNAGSYN-PWY",-0.665604551920341,"Negative"
"POLYAMSYN-PWY","VALSYN-PWY",-0.654423897581792,"Negative"
"POLYISOPRENSYN-PWY","PWY-2941",0.803385490753912,"Positive"
"POLYISOPRENSYN-PWY","PWY-2942",0.942247510668563,"Positive"
"POLYISOPRENSYN-PWY","PWY-3001",0.89601706970128,"Positive"
"POLYISOPRENSYN-PWY","PWY-5097",0.931322901849218,"Positive"
"POLYISOPRENSYN-PWY","PWY-5100",0.966628733997155,"Positive"
"POLYISOPRENSYN-PWY","PWY-5101",0.823499288762447,"Positive"
"POLYISOPRENSYN-PWY","PWY-5103",0.832631578947368,"Positive"
"POLYISOPRENSYN-PWY","PWY-5189",0.752290184921764,"Positive"
"POLYISOPRENSYN-PWY","PWY-5484",0.939943100995733,"Positive"
"POLYISOPRENSYN-PWY","PWY-5509",0.679118065433855,"Positive"
"POLYISOPRENSYN-PWY","PWY-5659",0.602674253200569,"Positive"
"POLYISOPRENSYN-PWY","PWY-5667",0.993769559032717,"Positive"
"POLYISOPRENSYN-PWY","PWY-5686",0.99402560455192,"Positive"
"POLYISOPRENSYN-PWY","PWY-5845",-0.713741109530583,"Negative"
"POLYISOPRENSYN-PWY","PWY-5850",-0.713741109530583,"Negative"
"POLYISOPRENSYN-PWY","PWY-5860",-0.718093883357041,"Negative"
"POLYISOPRENSYN-PWY","PWY-5862",-0.718093883357041,"Negative"
"POLYISOPRENSYN-PWY","PWY-5896",-0.713741109530583,"Negative"
"POLYISOPRENSYN-PWY","PWY-5910",0.905376955903272,"Positive"
"POLYISOPRENSYN-PWY","PWY-5973",0.907823613086771,"Positive"
"POLYISOPRENSYN-PWY","PWY-6121",0.914338549075391,"Positive"
"POLYISOPRENSYN-PWY","PWY-6122",0.915448079658606,"Positive"
"POLYISOPRENSYN-PWY","PWY-6123",0.926714082503556,"Positive"
"POLYISOPRENSYN-PWY","PWY-6125",0.82728307254623,"Positive"
"POLYISOPRENSYN-PWY","PWY-6126",0.973399715504979,"Positive"
"POLYISOPRENSYN-PWY","PWY-6147",0.755874822190612,"Positive"
"POLYISOPRENSYN-PWY","PWY-6151",0.872005689900427,"Positive"
"POLYISOPRENSYN-PWY","PWY-6163",0.879886201991465,"Positive"
"POLYISOPRENSYN-PWY","PWY-621",0.726372688477952,"Positive"
"POLYISOPRENSYN-PWY","PWY-6269",0.678207681365576,"Positive"
"POLYISOPRENSYN-PWY","PWY-6277",0.915448079658606,"Positive"
"POLYISOPRENSYN-PWY","PWY-6317",0.835106685633001,"Positive"
"POLYISOPRENSYN-PWY","PWY-6385",0.995988620199146,"Positive"
"POLYISOPRENSYN-PWY","PWY-6386",0.995761024182077,"Positive"
"POLYISOPRENSYN-PWY","PWY-6387",0.996386913229019,"Positive"
"POLYISOPRENSYN-PWY","PWY-6471",0.960284495021337,"Positive"
"POLYISOPRENSYN-PWY","PWY-6507",-0.653684210526316,"Negative"
"POLYISOPRENSYN-PWY","PWY-6609",0.670981507823613,"Positive"
"POLYISOPRENSYN-PWY","PWY-6897",0.904153627311522,"Positive"
"POLYISOPRENSYN-PWY","PWY-7111",0.838918918918919,"Positive"
"POLYISOPRENSYN-PWY","PWY-7184",0.786230440967283,"Positive"
"POLYISOPRENSYN-PWY","PWY-7187",0.877923186344239,"Positive"
"POLYISOPRENSYN-PWY","PWY-7197",0.812859174964438,"Positive"
"POLYISOPRENSYN-PWY","PWY-7208",0.993968705547653,"Positive"
"POLYISOPRENSYN-PWY","PWY-7219",0.995448079658606,"Positive"
"POLYISOPRENSYN-PWY","PWY-7220",0.923584637268848,"Positive"
"POLYISOPRENSYN-PWY","PWY-7221",0.995163584637269,"Positive"
"POLYISOPRENSYN-PWY","PWY-7222",0.923584637268848,"Positive"
"POLYISOPRENSYN-PWY","PWY-7228",0.827482219061166,"Positive"
"POLYISOPRENSYN-PWY","PWY-7229",0.991607396870555,"Positive"
"POLYISOPRENSYN-PWY","PWY-7234",0.880113798008535,"Positive"
"POLYISOPRENSYN-PWY","PWY-7315",-0.736130867709815,"Negative"
"POLYISOPRENSYN-PWY","PWY-7400",0.84628733997155,"Positive"
"POLYISOPRENSYN-PWY","PWY-7539",0.770184921763869,"Positive"
"POLYISOPRENSYN-PWY","PWY-7663",0.921849217638691,"Positive"
"POLYISOPRENSYN-PWY","PWY-841",0.843698435277383,"Positive"
"POLYISOPRENSYN-PWY","PWY-922",0.889075391180654,"Positive"
"POLYISOPRENSYN-PWY","PWY0-1296",0.656330014224751,"Positive"
"POLYISOPRENSYN-PWY","PWY0-1297",0.677638691322902,"Positive"
"POLYISOPRENSYN-PWY","PWY0-1298",0.616586059743955,"Positive"
"POLYISOPRENSYN-PWY","PWY0-1319",0.993769559032717,"Positive"
"POLYISOPRENSYN-PWY","PWY0-1338",-0.723186344238976,"Negative"
"POLYISOPRENSYN-PWY","PWY0-1533",-0.622076813655761,"Negative"
"POLYISOPRENSYN-PWY","PWY0-1586",0.927339971550498,"Positive"
"POLYISOPRENSYN-PWY","PWY0-162",0.856301564722617,"Positive"
"POLYISOPRENSYN-PWY","PWY0-166",0.861735419630156,"Positive"
"POLYISOPRENSYN-PWY","PWY0-845",-0.62773826458037,"Negative"
"POLYISOPRENSYN-PWY","PWY4FS-7",0.993058321479374,"Positive"
"POLYISOPRENSYN-PWY","PWY4FS-8",0.993058321479374,"Positive"
"POLYISOPRENSYN-PWY","PYRIDNUCSAL-PWY",0.64796586059744,"Positive"
"POLYISOPRENSYN-PWY","PYRIDOXSYN-PWY",-0.64728307254623,"Negative"
"POLYISOPRENSYN-PWY","RIBOSYN2-PWY",0.830640113798009,"Positive"
"POLYISOPRENSYN-PWY","SER-GLYSYN-PWY",0.852660028449502,"Positive"
"POLYISOPRENSYN-PWY","THRESYN-PWY",0.938406827880512,"Positive"
"POLYISOPRENSYN-PWY","TRNA-CHARGING-PWY",0.829075391180654,"Positive"
"POLYISOPRENSYN-PWY","TRPSYN-PWY",0.787226173541963,"Positive"
"POLYISOPRENSYN-PWY","UDPNAGSYN-PWY",0.995419630156472,"Positive"
"POLYISOPRENSYN-PWY","VALSYN-PWY",0.838975817923186,"Positive"
"PPGPPMET-PWY","PWY-5384",0.614054054054054,"Positive"
"PPGPPMET-PWY","PWY0-1415",0.837126600284495,"Positive"
"PPGPPMET-PWY","PWY0-1479",0.780426742532006,"Positive"
"PROTOCATECHUATE-ORTHO-CLEAVAGE-PWY","PWY-1269",-0.614594594594595,"Negative"
"PROTOCATECHUATE-ORTHO-CLEAVAGE-PWY","PWY-5121",-0.629701280227596,"Negative"
"PROTOCATECHUATE-ORTHO-CLEAVAGE-PWY","PWY-5659",-0.616756756756757,"Negative"
"PROTOCATECHUATE-ORTHO-CLEAVAGE-PWY","PWY-5913",-0.607482219061166,"Negative"
"PROTOCATECHUATE-ORTHO-CLEAVAGE-PWY","PWY-6467",-0.613769559032717,"Negative"
"PROTOCATECHUATE-ORTHO-CLEAVAGE-PWY","PWY-6700",-0.606884779516358,"Negative"
"PROTOCATECHUATE-ORTHO-CLEAVAGE-PWY","PWY-6703",-0.615163584637269,"Negative"
"PROTOCATECHUATE-ORTHO-CLEAVAGE-PWY","PWY-7392",-0.626543385490754,"Negative"
"PROTOCATECHUATE-ORTHO-CLEAVAGE-PWY","PWY-7560",-0.614281650071124,"Negative"
"PRPP-PWY","PWY-5913",0.61701280227596,"Positive"
"PRPP-PWY","PWY-7184",0.613541963015647,"Positive"
"PRPP-PWY","PWY-7211",0.696358463726885,"Positive"
"PRPP-PWY","SULFATE-CYS-PWY",0.620597439544808,"Positive"
"PRPP-PWY","TRNA-CHARGING-PWY",0.608762446657183,"Positive"
"PWY-1269","PWY-3001",0.72773826458037,"Positive"
"PWY-1269","PWY-3781",0.606315789473684,"Positive"
"PWY-1269","PWY-5101",0.807937411095306,"Positive"
"PWY-1269","PWY-5103",0.792460881934566,"Positive"
"PWY-1269","PWY-5121",0.971863442389758,"Positive"
"PWY-1269","PWY-5189",0.838691322901849,"Positive"
"PWY-1269","PWY-5345",0.789900426742532,"Positive"
"PWY-1269","PWY-5347",0.651920341394026,"Positive"
"PWY-1269","PWY-5659",0.946884779516358,"Positive"
"PWY-1269","PWY-5855",0.883926031294452,"Positive"
"PWY-1269","PWY-5856",0.883926031294452,"Positive"
"PWY-1269","PWY-5857",0.883926031294452,"Positive"
"PWY-1269","PWY-5913",0.914679943100996,"Positive"
"PWY-1269","PWY-5920",0.783015647226174,"Positive"
"PWY-1269","PWY-5973",0.614338549075391,"Positive"
"PWY-1269","PWY-6125",0.69448079658606,"Positive"
"PWY-1269","PWY-6147",0.815192034139403,"Positive"
"PWY-1269","PWY-6163",0.659174964438122,"Positive"
"PWY-1269","PWY-6467",0.999601706970128,"Positive"
"PWY-1269","PWY-6545",0.837837837837838,"Positive"
"PWY-1269","PWY-6700",0.953172119487909,"Positive"
"PWY-1269","PWY-6703",0.996529160739687,"Positive"
"PWY-1269","PWY-6708",0.883926031294452,"Positive"
"PWY-1269","PWY-6897",0.610583214793741,"Positive"
"PWY-1269","PWY-7111",0.782446657183499,"Positive"
"PWY-1269","PWY-7184",0.652460881934566,"Positive"
"PWY-1269","PWY-7187",0.601081081081081,"Positive"
"PWY-1269","PWY-7197",0.736216216216216,"Positive"
"PWY-1269","PWY-7211",0.824807965860597,"Positive"
"PWY-1269","PWY-7228",0.725007112375533,"Positive"
"PWY-1269","PWY-7242",-0.622930298719772,"Negative"
"PWY-1269","PWY-7254",0.61624466571835,"Positive"
"PWY-1269","PWY-7328",0.780142247510669,"Positive"
"PWY-1269","PWY-7392",0.960654338549075,"Positive"
"PWY-1269","PWY-7400",0.773968705547653,"Positive"
"PWY-1269","PWY-7539",0.835590327169275,"Positive"
"PWY-1269","PWY-7560",0.995675675675676,"Positive"
"PWY-1269","PWY-841",0.696500711237553,"Positive"
"PWY-1269","PWY0-1533",-0.648108108108108,"Negative"
"PWY-1269","PWY0-162",0.711436699857752,"Positive"
"PWY-1269","PWY0-166",0.62452347083926,"Positive"
"PWY-1269","PWY0-781",0.670611664295875,"Positive"
"PWY-1269","PYRIDNUCSAL-PWY",0.862958748221906,"Positive"
"PWY-1269","PYRIDNUCSYN-PWY",0.770042674253201,"Positive"
"PWY-1269","RIBOSYN2-PWY",0.792546230440967,"Positive"
"PWY-1269","SER-GLYSYN-PWY",0.729075391180654,"Positive"
"PWY-1269","SO4ASSIM-PWY",0.873598862019915,"Positive"
"PWY-1269","SULFATE-CYS-PWY",0.881137980085348,"Positive"
"PWY-1269","THRESYN-PWY",0.620938833570412,"Positive"
"PWY-1269","TRNA-CHARGING-PWY",0.756813655761024,"Positive"
"PWY-1269","TRPSYN-PWY",0.806201991465149,"Positive"
"PWY-1269","UBISYN-PWY",0.766884779516358,"Positive"
"PWY-1269","VALSYN-PWY",0.786458036984353,"Positive"
"PWY-1861","RUMP-PWY",0.999573257467994,"Positive"
"PWY-2941","PWY-2942",0.83778093883357,"Positive"
"PWY-2941","PWY-3001",0.724694167852063,"Positive"
"PWY-2941","PWY-5097",0.827169274537696,"Positive"
"PWY-2941","PWY-5100",0.803869132290185,"Positive"
"PWY-2941","PWY-5101",0.641735419630156,"Positive"
"PWY-2941","PWY-5103",0.642275960170697,"Positive"
"PWY-2941","PWY-5484",0.727083926031294,"Positive"
"PWY-2941","PWY-5667",0.781308677098151,"Positive"
"PWY-2941","PWY-5686",0.774935988620199,"Positive"
"PWY-2941","PWY-5910",0.782958748221906,"Positive"
"PWY-2941","PWY-5973",0.790782361308677,"Positive"
"PWY-2941","PWY-6121",0.842105263157895,"Positive"
"PWY-2941","PWY-6122",0.848335704125178,"Positive"
"PWY-2941","PWY-6123",0.842617354196302,"Positive"
"PWY-2941","PWY-6125",0.70199146514936,"Positive"
"PWY-2941","PWY-6126",0.872091038406828,"Positive"
"PWY-2941","PWY-6151",0.927453769559033,"Positive"
"PWY-2941","PWY-6163",0.772119487908962,"Positive"
"PWY-2941","PWY-6277",0.848335704125178,"Positive"
"PWY-2941","PWY-6317",0.85701280227596,"Positive"
"PWY-2941","PWY-6385",0.788620199146515,"Positive"
"PWY-2941","PWY-6386",0.790697012802276,"Positive"
"PWY-2941","PWY-6387",0.788904694167852,"Positive"
"PWY-2941","PWY-6471",0.78972972972973,"Positive"
"PWY-2941","PWY-6609",0.679800853485064,"Positive"
"PWY-2941","PWY-6897",0.790327169274538,"Positive"
"PWY-2941","PWY-7111",0.657411095305832,"Positive"
"PWY-2941","PWY-7184",0.724381223328592,"Positive"
"PWY-2941","PWY-7187",0.711806543385491,"Positive"
"PWY-2941","PWY-7197",0.633399715504979,"Positive"
"PWY-2941","PWY-7208",0.780369843527738,"Positive"
"PWY-2941","PWY-7219",0.785007112375533,"Positive"
"PWY-2941","PWY-7220",0.906827880512091,"Positive"
"PWY-2941","PWY-7221",0.782475106685633,"Positive"
"PWY-2941","PWY-7222",0.906827880512091,"Positive"
"PWY-2941","PWY-7228",0.652972972972973,"Positive"
"PWY-2941","PWY-7229",0.811408250355619,"Positive"
"PWY-2941","PWY-7234",0.927681365576102,"Positive"
"PWY-2941","PWY-7315",-0.624438122332859,"Negative"
"PWY-2941","PWY-7400",0.702389758179232,"Positive"
"PWY-2941","PWY-7663",0.836159317211949,"Positive"
"PWY-2941","PWY-841",0.738890469416785,"Positive"
"PWY-2941","PWY-922",0.779687055476529,"Positive"
"PWY-2941","PWY0-1296",0.692176386913229,"Positive"
"PWY-2941","PWY0-1297",0.696813655761024,"Positive"
"PWY-2941","PWY0-1298",0.665348506401138,"Positive"
"PWY-2941","PWY0-1319",0.781308677098151,"Positive"
"PWY-2941","PWY0-1338",-0.623328591749644,"Negative"
"PWY-2941","PWY0-1586",0.784722617354196,"Positive"
"PWY-2941","PWY0-162",0.659715504978663,"Positive"
"PWY-2941","PWY0-166",0.732887624466572,"Positive"
"PWY-2941","PWY4FS-7",0.80728307254623,"Positive"
"PWY-2941","PWY4FS-8",0.80728307254623,"Positive"
"PWY-2941","RIBOSYN2-PWY",0.631123755334282,"Positive"
"PWY-2941","SER-GLYSYN-PWY",0.673342816500711,"Positive"
"PWY-2941","TEICHOICACID-PWY",0.614935988620199,"Positive"
"PWY-2941","THRESYN-PWY",0.784295874822191,"Positive"
"PWY-2941","TRNA-CHARGING-PWY",0.60827880512091,"Positive"
"PWY-2941","TRPSYN-PWY",0.603328591749644,"Positive"
"PWY-2941","UDPNAGSYN-PWY",0.785889046941678,"Positive"
"PWY-2941","VALSYN-PWY",0.667112375533428,"Positive"
"PWY-2942","PWY-3001",0.952660028449502,"Positive"
"PWY-2942","PWY-5097",0.993769559032717,"Positive"
"PWY-2942","PWY-5100",0.890327169274538,"Positive"
"PWY-2942","PWY-5101",0.894679943100996,"Positive"
"PWY-2942","PWY-5103",0.896301564722617,"Positive"
"PWY-2942","PWY-5121",0.61027027027027,"Positive"
"PWY-2942","PWY-5189",0.819857752489331,"Positive"
"PWY-2942","PWY-5347",0.635049786628734,"Positive"
"PWY-2942","PWY-5484",0.851749644381223,"Positive"
"PWY-2942","PWY-5509",0.689559032716927,"Positive"
"PWY-2942","PWY-5659",0.675277382645804,"Positive"
"PWY-2942","PWY-5667",0.949900426742532,"Positive"
"PWY-2942","PWY-5686",0.944153627311522,"Positive"
"PWY-2942","PWY-5845",-0.717126600284495,"Negative"
"PWY-2942","PWY-5850",-0.717126600284495,"Negative"
"PWY-2942","PWY-5860",-0.721422475106686,"Negative"
"PWY-2942","PWY-5862",-0.721422475106686,"Negative"
"PWY-2942","PWY-5896",-0.717126600284495,"Negative"
"PWY-2942","PWY-5910",0.802133712660028,"Positive"
"PWY-2942","PWY-5913",0.638662873399716,"Positive"
"PWY-2942","PWY-5973",0.970839260312945,"Positive"
"PWY-2942","PWY-6121",0.9950213371266,"Positive"
"PWY-2942","PWY-6122",0.994679943100996,"Positive"
"PWY-2942","PWY-6123",0.996728307254623,"Positive"
"PWY-2942","PWY-6125",0.855675675675676,"Positive"
"PWY-2942","PWY-6126",0.948165007112376,"Positive"
"PWY-2942","PWY-6147",0.816671408250356,"Positive"
"PWY-2942","PWY-6151",0.866685633001422,"Positive"
"PWY-2942","PWY-6163",0.957837837837838,"Positive"
"PWY-2942","PWY-621",0.610128022759602,"Positive"
"PWY-2942","PWY-6269",0.688079658605974,"Positive"
"PWY-2942","PWY-6277",0.994679943100996,"Positive"
"PWY-2942","PWY-6317",0.877524893314367,"Positive"
"PWY-2942","PWY-6385",0.945803698435277,"Positive"
"PWY-2942","PWY-6386",0.948250355618777,"Positive"
"PWY-2942","PWY-6387",0.944637268847795,"Positive"
"PWY-2942","PWY-6471",0.88199146514936,"Positive"
"PWY-2942","PWY-6507",-0.627368421052632,"Negative"
"PWY-2942","PWY-6609",0.68199146514936,"Positive"
"PWY-2942","PWY-6700",0.664864864864865,"Positive"
"PWY-2942","PWY-6897",0.975618776671408,"Positive"
"PWY-2942","PWY-7111",0.902162162162162,"Positive"
"PWY-2942","PWY-7184",0.816073968705548,"Positive"
"PWY-2942","PWY-7187",0.866315789473684,"Positive"
"PWY-2942","PWY-7197",0.855135135135135,"Positive"
"PWY-2942","PWY-7208",0.934623044096728,"Positive"
"PWY-2942","PWY-7211",0.629815078236131,"Positive"
"PWY-2942","PWY-7219",0.948221906116643,"Positive"
"PWY-2942","PWY-7220",0.923869132290185,"Positive"
"PWY-2942","PWY-7221",0.941337126600284,"Positive"
"PWY-2942","PWY-7222",0.923869132290185,"Positive"
"PWY-2942","PWY-7228",0.866714082503556,"Positive"
"PWY-2942","PWY-7229",0.969103840682788,"Positive"
"PWY-2942","PWY-7234",0.937354196301565,"Positive"
"PWY-2942","PWY-7315",-0.731834992887624,"Negative"
"PWY-2942","PWY-7392",0.610896159317212,"Positive"
"PWY-2942","PWY-7400",0.917325746799431,"Positive"
"PWY-2942","PWY-7539",0.845689900426743,"Positive"
"PWY-2942","PWY-7663",0.980113798008535,"Positive"
"PWY-2942","PWY-841",0.890896159317212,"Positive"
"PWY-2942","PWY-922",0.780682788051209,"Positive"
"PWY-2942","PWY0-1296",0.681735419630156,"Positive"
"PWY-2942","PWY0-1297",0.687539118065434,"Positive"
"PWY-2942","PWY0-1298",0.650327169274538,"Positive"
"PWY-2942","PWY0-1319",0.949900426742532,"Positive"
"PWY-2942","PWY0-1338",-0.726714082503556,"Negative"
"PWY-2942","PWY0-1533",-0.646884779516358,"Negative"
"PWY-2942","PWY0-1586",0.851948790896159,"Positive"
"PWY-2942","PWY0-162",0.876842105263158,"Positive"
"PWY-2942","PWY0-166",0.864694167852063,"Positive"
"PWY-2942","PWY4FS-7",0.936130867709815,"Positive"
"PWY-2942","PWY4FS-8",0.936130867709815,"Positive"
"PWY-2942","PYRIDNUCSAL-PWY",0.727567567567568,"Positive"
"PWY-2942","PYRIDOXSYN-PWY",-0.622844950213371,"Negative"
"PWY-2942","RIBOSYN2-PWY",0.88850640113798,"Positive"
"PWY-2942","SER-GLYSYN-PWY",0.90275960170697,"Positive"
"PWY-2942","THRESYN-PWY",0.983300142247511,"Positive"
"PWY-2942","TRNA-CHARGING-PWY",0.818605974395448,"Positive"
"PWY-2942","TRPSYN-PWY",0.854879089615932,"Positive"
"PWY-2942","UDPNAGSYN-PWY",0.946600284495021,"Positive"
"PWY-2942","VALSYN-PWY",0.909388335704125,"Positive"
"PWY-3001","PWY-5097",0.944893314366999,"Positive"
"PWY-3001","PWY-5100",0.818435277382646,"Positive"
"PWY-3001","PWY-5101",0.982105263157895,"Positive"
"PWY-3001","PWY-5103",0.983328591749644,"Positive"
"PWY-3001","PWY-5121",0.74728307254623,"Positive"
"PWY-3001","PWY-5189",0.913854907539118,"Positive"
"PWY-3001","PWY-5345",0.625206258890469,"Positive"
"PWY-3001","PWY-5347",0.701024182076814,"Positive"
"PWY-3001","PWY-5484",0.793655761024182,"Positive"
"PWY-3001","PWY-5509",0.750213371266003,"Positive"
"PWY-3001","PWY-5659",0.800568990042674,"Positive"
"PWY-3001","PWY-5667",0.919146514935989,"Positive"
"PWY-3001","PWY-5686",0.914139402560455,"Positive"
"PWY-3001","PWY-5845",-0.712233285917496,"Negative"
"PWY-3001","PWY-5850",-0.712233285917496,"Negative"
"PWY-3001","PWY-5855",0.646401137980085,"Positive"
"PWY-3001","PWY-5856",0.646401137980085,"Positive"
"PWY-3001","PWY-5857",0.646401137980085,"Positive"
"PWY-3001","PWY-5860",-0.716529160739687,"Negative"
"PWY-3001","PWY-5862",-0.716529160739687,"Negative"
"PWY-3001","PWY-5896",-0.712233285917496,"Negative"
"PWY-3001","PWY-5910",0.692859174964438,"Positive"
"PWY-3001","PWY-5913",0.7675106685633,"Positive"
"PWY-3001","PWY-5920",0.630298719772404,"Positive"
"PWY-3001","PWY-5973",0.960512091038407,"Positive"
"PWY-3001","PWY-6121",0.945889046941679,"Positive"
"PWY-3001","PWY-6122",0.943698435277383,"Positive"
"PWY-3001","PWY-6123",0.944068278805121,"Positive"
"PWY-3001","PWY-6125",0.891550497866287,"Positive"
"PWY-3001","PWY-6126",0.900455192034139,"Positive"
"PWY-3001","PWY-6147",0.927994310099573,"Positive"
"PWY-3001","PWY-6151",0.78199146514936,"Positive"
"PWY-3001","PWY-6163",0.952318634423898,"Positive"
"PWY-3001","PWY-6269",0.748705547652916,"Positive"
"PWY-3001","PWY-6277",0.943698435277383,"Positive"
"PWY-3001","PWY-6317",0.773968705547653,"Positive"
"PWY-3001","PWY-6385",0.905718349928876,"Positive"
"PWY-3001","PWY-6386",0.908705547652916,"Positive"
"PWY-3001","PWY-6387",0.90398293029872,"Positive"
"PWY-3001","PWY-6467",0.72275960170697,"Positive"
"PWY-3001","PWY-6471",0.805007112375533,"Positive"
"PWY-3001","PWY-6507",-0.622588904694168,"Negative"
"PWY-3001","PWY-6545",0.696586059743954,"Positive"
"PWY-3001","PWY-6700",0.814054054054054,"Positive"
"PWY-3001","PWY-6703",0.737496443812233,"Positive"
"PWY-3001","PWY-6708",0.646401137980085,"Positive"
"PWY-3001","PWY-6897",0.92827880512091,"Positive"
"PWY-3001","PWY-7111",0.98176386913229,"Positive"
"PWY-3001","PWY-7184",0.845405405405405,"Positive"
"PWY-3001","PWY-7187",0.8724893314367,"Positive"
"PWY-3001","PWY-7197",0.901137980085349,"Positive"
"PWY-3001","PWY-7208",0.89149359886202,"Positive"
"PWY-3001","PWY-7211",0.728990042674253,"Positive"
"PWY-3001","PWY-7219",0.911578947368421,"Positive"
"PWY-3001","PWY-7220",0.860881934566145,"Positive"
"PWY-3001","PWY-7221",0.901024182076814,"Positive"
"PWY-3001","PWY-7222",0.860881934566145,"Positive"
"PWY-3001","PWY-7228",0.905462304409673,"Positive"
"PWY-3001","PWY-7229",0.922674253200569,"Positive"
"PWY-3001","PWY-7234",0.878748221906117,"Positive"
"PWY-3001","PWY-7242",-0.609701280227596,"Negative"
"PWY-3001","PWY-7315",-0.746344238975818,"Negative"
"PWY-3001","PWY-7328",0.644836415362731,"Positive"
"PWY-3001","PWY-7392",0.741166429587482,"Positive"
"PWY-3001","PWY-7400",0.959288762446657,"Positive"
"PWY-3001","PWY-7539",0.94153627311522,"Positive"
"PWY-3001","PWY-7560",0.739459459459459,"Positive"
"PWY-3001","PWY-7663",0.93601706970128,"Positive"
"PWY-3001","PWY-841",0.919516358463727,"Positive"
"PWY-3001","PWY-922",0.662361308677098,"Positive"
"PWY-3001","PWY0-1319",0.919146514935989,"Positive"
"PWY-3001","PWY0-1338",-0.722162162162162,"Negative"
"PWY-3001","PWY0-1533",-0.729615931721195,"Negative"
"PWY-3001","PWY0-1586",0.762019914651494,"Positive"
"PWY-3001","PWY0-162",0.914310099573257,"Positive"
"PWY-3001","PWY0-166",0.877610241820768,"Positive"
"PWY-3001","PWY0-781",0.652517780938834,"Positive"
"PWY-3001","PWY4FS-7",0.8849786628734,"Positive"
"PWY-3001","PWY4FS-8",0.8849786628734,"Positive"
"PWY-3001","PYRIDNUCSAL-PWY",0.839516358463727,"Positive"
"PWY-3001","PYRIDNUCSYN-PWY",0.635874822190612,"Positive"
"PWY-3001","PYRIDOXSYN-PWY",-0.619487908961593,"Negative"
"PWY-3001","RIBOSYN2-PWY",0.952745376955903,"Positive"
"PWY-3001","SER-GLYSYN-PWY",0.96697012802276,"Positive"
"PWY-3001","SO4ASSIM-PWY",0.62850640113798,"Positive"
"PWY-3001","SULFATE-CYS-PWY",0.668904694167852,"Positive"
"PWY-3001","THRESYN-PWY",0.976529160739687,"Positive"
"PWY-3001","TRNA-CHARGING-PWY",0.863300142247511,"Positive"
"PWY-3001","TRPSYN-PWY",0.952347083926031,"Positive"
"PWY-3001","UDPNAGSYN-PWY",0.90850640113798,"Positive"
"PWY-3001","VALSYN-PWY",0.985490753911807,"Positive"
"PWY-3781","PWY-5345",0.798406827880512,"Positive"
"PWY-3781","PWY-5659",0.638634423897582,"Positive"
"PWY-3781","PWY-5855",0.676842105263158,"Positive"
"PWY-3781","PWY-5856",0.676842105263158,"Positive"
"PWY-3781","PWY-5857",0.676842105263158,"Positive"
"PWY-3781","PWY-5913",0.703954480796586,"Positive"
"PWY-3781","PWY-5920",0.814054054054054,"Positive"
"PWY-3781","PWY-6467",0.603954480796586,"Positive"
"PWY-3781","PWY-6545",0.752631578947368,"Positive"
"PWY-3781","PWY-6608",0.706145092460882,"Positive"
"PWY-3781","PWY-6703",0.602617354196302,"Positive"
"PWY-3781","PWY-6708",0.676842105263158,"Positive"
"PWY-3781","PWY-7211",0.670839260312944,"Positive"
"PWY-3781","PWY-7254",0.645832147937411,"Positive"
"PWY-3781","PWY-7328",0.750298719772404,"Positive"
"PWY-3781","PWY-7560",0.609359886201991,"Positive"
"PWY-3781","PYRIDNUCSAL-PWY",0.615903271692745,"Positive"
"PWY-3781","PYRIDNUCSYN-PWY",0.758947368421053,"Positive"
"PWY-3781","SO4ASSIM-PWY",0.684096728307255,"Positive"
"PWY-3781","SULFATE-CYS-PWY",0.698605974395448,"Positive"
"PWY-4984","PWY0-42",0.623328591749644,"Positive"
"PWY-5005","PWY-6263",0.687311522048364,"Positive"
"PWY-5005","PWY-7371",0.684836415362731,"Positive"
"PWY-5022","PWY-6185",0.613854907539118,"Positive"
"PWY-5028","PWY-5509",-0.604665718349929,"Negative"
"PWY-5028","PWY-6269",-0.604153627311522,"Negative"
"PWY-5028","PWY-6507",0.612546230440967,"Positive"
"PWY-5028","PWY-6969",0.636273115220484,"Positive"
"PWY-5028","PWY-7323",0.665889046941678,"Positive"
"PWY-5097","PWY-5100",0.875163584637269,"Positive"
"PWY-5097","PWY-5101",0.88873399715505,"Positive"
"PWY-5097","PWY-5103",0.891351351351351,"Positive"
"PWY-5097","PWY-5121",0.61547652916074,"Positive"
"PWY-5097","PWY-5189",0.834509246088193,"Positive"
"PWY-5097","PWY-5347",0.61302987197724,"Positive"
"PWY-5097","PWY-5484",0.834054054054054,"Positive"
"PWY-5097","PWY-5509",0.688165007112375,"Positive"
"PWY-5097","PWY-5659",0.67701280227596,"Positive"
"PWY-5097","PWY-5667",0.939857752489331,"Positive"
"PWY-5097","PWY-5686",0.931009957325747,"Positive"
"PWY-5097","PWY-5845",-0.716586059743955,"Negative"
"PWY-5097","PWY-5850",-0.716586059743955,"Negative"
"PWY-5097","PWY-5860",-0.721166429587482,"Negative"
"PWY-5097","PWY-5862",-0.721166429587482,"Negative"
"PWY-5097","PWY-5896",-0.716586059743955,"Negative"
"PWY-5097","PWY-5910",0.77923186344239,"Positive"
"PWY-5097","PWY-5913",0.647937411095306,"Positive"
"PWY-5097","PWY-5973",0.962361308677098,"Positive"
"PWY-5097","PWY-6121",0.992631578947368,"Positive"
"PWY-5097","PWY-6122",0.992517780938834,"Positive"
"PWY-5097","PWY-6123",0.993143669985775,"Positive"
"PWY-5097","PWY-6125",0.847596017069701,"Positive"
"PWY-5097","PWY-6126",0.937667140825036,"Positive"
"PWY-5097","PWY-6147",0.810526315789474,"Positive"
"PWY-5097","PWY-6151",0.855078236130868,"Positive"
"PWY-5097","PWY-6163",0.955334281650071,"Positive"
"PWY-5097","PWY-6269",0.686657183499289,"Positive"
"PWY-5097","PWY-6277",0.992517780938834,"Positive"
"PWY-5097","PWY-6317",0.857581792318634,"Positive"
"PWY-5097","PWY-6385",0.932119487908962,"Positive"
"PWY-5097","PWY-6386",0.934850640113798,"Positive"
"PWY-5097","PWY-6387",0.931237553342817,"Positive"
"PWY-5097","PWY-6471",0.864637268847795,"Positive"
"PWY-5097","PWY-6507",-0.605035561877667,"Negative"
"PWY-5097","PWY-6609",0.65900426742532,"Positive"
"PWY-5097","PWY-6700",0.66199146514936,"Positive"
"PWY-5097","PWY-6897",0.984068278805121,"Positive"
"PWY-5097","PWY-7111",0.894651493598862,"Positive"
"PWY-5097","PWY-7184",0.807823613086771,"Positive"
"PWY-5097","PWY-7187",0.848364153627312,"Positive"
"PWY-5097","PWY-7197",0.851522048364154,"Positive"
"PWY-5097","PWY-7208",0.920540540540541,"Positive"
"PWY-5097","PWY-7211",0.638719772403983,"Positive"
"PWY-5097","PWY-7219",0.935789473684211,"Positive"
"PWY-5097","PWY-7220",0.91425320056899,"Positive"
"PWY-5097","PWY-7221",0.93049786628734,"Positive"
"PWY-5097","PWY-7222",0.91425320056899,"Positive"
"PWY-5097","PWY-7228",0.860881934566145,"Positive"
"PWY-5097","PWY-7229",0.958264580369844,"Positive"
"PWY-5097","PWY-7234",0.935504978662873,"Positive"
"PWY-5097","PWY-7315",-0.711351351351351,"Negative"
"PWY-5097","PWY-7392",0.614850640113798,"Positive"
"PWY-5097","PWY-7400",0.910611664295875,"Positive"
"PWY-5097","PWY-7539",0.847567567567568,"Positive"
"PWY-5097","PWY-7663",0.973143669985775,"Positive"
"PWY-5097","PWY-841",0.8825320056899,"Positive"
"PWY-5097","PWY-922",0.757667140825036,"Positive"
"PWY-5097","PWY0-1296",0.663812233285918,"Positive"
"PWY-5097","PWY0-1297",0.66298719772404,"Positive"
"PWY-5097","PWY0-1298",0.633798008534851,"Positive"
"PWY-5097","PWY0-1319",0.939857752489331,"Positive"
"PWY-5097","PWY0-1338",-0.708250355618777,"Negative"
"PWY-5097","PWY0-1533",-0.639544807965861,"Negative"
"PWY-5097","PWY0-1586",0.828847795163585,"Positive"
"PWY-5097","PWY0-162",0.867368421052632,"Positive"
"PWY-5097","PWY0-166",0.848648648648649,"Positive"
"PWY-5097","PWY4FS-7",0.924608819345661,"Positive"
"PWY-5097","PWY4FS-8",0.924608819345661,"Positive"
"PWY-5097","PYRIDNUCSAL-PWY",0.724950213371266,"Positive"
"PWY-5097","PYRIDOXSYN-PWY",-0.612517780938834,"Negative"
"PWY-5097","RIBOSYN2-PWY",0.893798008534851,"Positive"
"PWY-5097","SER-GLYSYN-PWY",0.888022759601707,"Positive"
"PWY-5097","THRESYN-PWY",0.974907539118065,"Positive"
"PWY-5097","TRNA-CHARGING-PWY",0.808221906116643,"Positive"
"PWY-5097","TRPSYN-PWY",0.843869132290185,"Positive"
"PWY-5097","UDPNAGSYN-PWY",0.937524893314367,"Positive"
"PWY-5097","VALSYN-PWY",0.903328591749644,"Positive"
"PWY-5100","PWY-5101",0.733684210526316,"Positive"
"PWY-5100","PWY-5103",0.746600284495021,"Positive"
"PWY-5100","PWY-5189",0.65348506401138,"Positive"
"PWY-5100","PWY-5484",0.944352773826458,"Positive"
"PWY-5100","PWY-5509",0.61900426742532,"Positive"
"PWY-5100","PWY-5667",0.956273115220484,"Positive"
"PWY-5100","PWY-5686",0.956955903271693,"Positive"
"PWY-5100","PWY-5845",-0.695618776671408,"Negative"
"PWY-5100","PWY-5850",-0.695618776671408,"Negative"
"PWY-5100","PWY-5860",-0.698862019914651,"Negative"
"PWY-5100","PWY-5862",-0.698862019914651,"Negative"
"PWY-5100","PWY-5896",-0.695618776671408,"Negative"
"PWY-5100","PWY-5910",0.946059743954481,"Positive"
"PWY-5100","PWY-5973",0.840512091038407,"Positive"
"PWY-5100","PWY-6121",0.861849217638691,"Positive"
"PWY-5100","PWY-6122",0.862275960170697,"Positive"
"PWY-5100","PWY-6123",0.878605974395448,"Positive"
"PWY-5100","PWY-6125",0.758947368421053,"Positive"
"PWY-5100","PWY-6126",0.944551920341394,"Positive"
"PWY-5100","PWY-6147",0.673314366998577,"Positive"
"PWY-5100","PWY-6151",0.882389758179232,"Positive"
"PWY-5100","PWY-6163",0.82054054054054,"Positive"
"PWY-5100","PWY-621",0.73923186344239,"Positive"
"PWY-5100","PWY-6269",0.618406827880512,"Positive"
"PWY-5100","PWY-6277",0.862275960170697,"Positive"
"PWY-5100","PWY-6317",0.846856330014225,"Positive"
"PWY-5100","PWY-6385",0.966059743954481,"Positive"
"PWY-5100","PWY-6386",0.965120910384068,"Positive"
"PWY-5100","PWY-6387",0.966401137980085,"Positive"
"PWY-5100","PWY-6471",0.968165007112376,"Positive"
"PWY-5100","PWY-6507",-0.621963015647226,"Negative"
"PWY-5100","PWY-6609",0.688847795163585,"Positive"
"PWY-5100","PWY-6897",0.840711237553343,"Positive"
"PWY-5100","PWY-7111",0.75678520625889,"Positive"
"PWY-5100","PWY-7184",0.730327169274538,"Positive"
"PWY-5100","PWY-7187",0.846315789473684,"Positive"
"PWY-5100","PWY-7197",0.734281650071124,"Positive"
"PWY-5100","PWY-7208",0.969871977240398,"Positive"
"PWY-5100","PWY-7219",0.960256045519203,"Positive"
"PWY-5100","PWY-7220",0.904210526315789,"Positive"
"PWY-5100","PWY-7221",0.965263157894737,"Positive"
"PWY-5100","PWY-7222",0.904210526315789,"Positive"
"PWY-5100","PWY-7228",0.753086770981508,"Positive"
"PWY-5100","PWY-7229",0.957695590327169,"Positive"
"PWY-5100","PWY-7234",0.841024182076814,"Positive"
"PWY-5100","PWY-7315",-0.722105263157895,"Negative"
"PWY-5100","PWY-7400",0.768705547652916,"Positive"
"PWY-5100","PWY-7539",0.685376955903272,"Positive"
"PWY-5100","PWY-7663",0.868990042674253,"Positive"
"PWY-5100","PWY-841",0.774082503556188,"Positive"
"PWY-5100","PWY-922",0.937354196301565,"Positive"
"PWY-5100","PWY0-1296",0.669815078236131,"Positive"
"PWY-5100","PWY0-1297",0.697724039829303,"Positive"
"PWY-5100","PWY0-1298",0.631863442389758,"Positive"
"PWY-5100","PWY0-1319",0.956273115220484,"Positive"
"PWY-5100","PWY0-1338",-0.712916073968706,"Negative"
"PWY-5100","PWY0-1586",0.948250355618777,"Positive"
"PWY-5100","PWY0-162",0.788392603129445,"Positive"
"PWY-5100","PWY0-166",0.816899004267425,"Positive"
"PWY-5100","PWY0-845",-0.649302987197724,"Negative"
"PWY-5100","PWY4FS-7",0.977553342816501,"Positive"
"PWY-5100","PWY4FS-8",0.977553342816501,"Positive"
"PWY-5100","PYRIDOXSYN-PWY",-0.66651493598862,"Negative"
"PWY-5100","RIBOSYN2-PWY",0.750753911806543,"Positive"
"PWY-5100","SER-GLYSYN-PWY",0.776813655761024,"Positive"
"PWY-5100","THRESYN-PWY",0.874651493598862,"Positive"
"PWY-5100","TRNA-CHARGING-PWY",0.774992887624467,"Positive"
"PWY-5100","TRPSYN-PWY",0.701422475106686,"Positive"
"PWY-5100","UDPNAGSYN-PWY",0.958862019914651,"Positive"
"PWY-5100","VALSYN-PWY",0.753314366998578,"Positive"
"PWY-5101","PWY-5103",0.995078236130868,"Positive"
"PWY-5101","PWY-5121",0.814594594594595,"Positive"
"PWY-5101","PWY-5189",0.940426742532006,"Positive"
"PWY-5101","PWY-5345",0.692517780938834,"Positive"
"PWY-5101","PWY-5347",0.716813655761024,"Positive"
"PWY-5101","PWY-5484",0.720113798008535,"Positive"
"PWY-5101","PWY-5509",0.729701280227596,"Positive"
"PWY-5101","PWY-5659",0.853428165007112,"Positive"
"PWY-5101","PWY-5667",0.855846372688478,"Positive"
"PWY-5101","PWY-5686",0.85072546230441,"Positive"
"PWY-5101","PWY-5845",-0.666088193456615,"Negative"
"PWY-5101","PWY-5850",-0.666088193456615,"Negative"
"PWY-5101","PWY-5855",0.717752489331437,"Positive"
"PWY-5101","PWY-5856",0.717752489331437,"Positive"
"PWY-5101","PWY-5857",0.717752489331437,"Positive"
"PWY-5101","PWY-5860",-0.670583214793741,"Negative"
"PWY-5101","PWY-5862",-0.670583214793741,"Negative"
"PWY-5101","PWY-5896",-0.666088193456615,"Negative"
"PWY-5101","PWY-5913",0.828620199146515,"Positive"
"PWY-5101","PWY-5920",0.697524893314367,"Positive"
"PWY-5101","PWY-5973",0.909758179231863,"Positive"
"PWY-5101","PWY-6121",0.890128022759602,"Positive"
"PWY-5101","PWY-6122",0.887453769559033,"Positive"
"PWY-5101","PWY-6123",0.885263157894737,"Positive"
"PWY-5101","PWY-6125",0.864921763869132,"Positive"
"PWY-5101","PWY-6126",0.830753911806543,"Positive"
"PWY-5101","PWY-6147",0.958321479374111,"Positive"
"PWY-5101","PWY-6151",0.701422475106686,"Positive"
"PWY-5101","PWY-6163",0.93172119487909,"Positive"
"PWY-5101","PWY-6269",0.728051209103841,"Positive"
"PWY-5101","PWY-6277",0.887453769559033,"Positive"
"PWY-5101","PWY-6317",0.689644381223329,"Positive"
"PWY-5101","PWY-6385",0.836899004267425,"Positive"
"PWY-5101","PWY-6386",0.840085348506401,"Positive"
"PWY-5101","PWY-6387",0.834793741109531,"Positive"
"PWY-5101","PWY-6467",0.804352773826458,"Positive"
"PWY-5101","PWY-6471",0.719146514935989,"Positive"
"PWY-5101","PWY-6545",0.756728307254623,"Positive"
"PWY-5101","PWY-6700",0.882645803698435,"Positive"
"PWY-5101","PWY-6703",0.819118065433855,"Positive"
"PWY-5101","PWY-6708",0.717752489331437,"Positive"
"PWY-5101","PWY-6897",0.876045519203414,"Positive"
"PWY-5101","PWY-7111",0.996386913229019,"Positive"
"PWY-5101","PWY-7184",0.816756756756757,"Positive"
"PWY-5101","PWY-7187",0.828677098150782,"Positive"
"PWY-5101","PWY-7197",0.880028449502134,"Positive"
"PWY-5101","PWY-7208",0.82176386913229,"Positive"
"PWY-5101","PWY-7211",0.767766714082504,"Positive"
"PWY-5101","PWY-7219",0.843897581792319,"Positive"
"PWY-5101","PWY-7220",0.788449502133713,"Positive"
"PWY-5101","PWY-7221",0.832802275960171,"Positive"
"PWY-5101","PWY-7222",0.788449502133713,"Positive"
"PWY-5101","PWY-7228",0.881479374110953,"Positive"
"PWY-5101","PWY-7229",0.85402560455192,"Positive"
"PWY-5101","PWY-7234",0.819658605974395,"Positive"
"PWY-5101","PWY-7242",-0.625832147937411,"Negative"
"PWY-5101","PWY-7315",-0.695704125177809,"Negative"
"PWY-5101","PWY-7328",0.706571834992888,"Positive"
"PWY-5101","PWY-7392",0.805291607396871,"Positive"
"PWY-5101","PWY-7400",0.953314366998578,"Positive"
"PWY-5101","PWY-7539",0.966145092460882,"Positive"
"PWY-5101","PWY-7560",0.816955903271693,"Positive"
"PWY-5101","PWY-7663",0.871692745376956,"Positive"
"PWY-5101","PWY-841",0.890298719772404,"Positive"
"PWY-5101","PWY0-1319",0.855846372688478,"Positive"
"PWY-5101","PWY0-1338",-0.665775248933144,"Negative"
"PWY-5101","PWY0-1533",-0.733200568990043,"Negative"
"PWY-5101","PWY0-1586",0.66827880512091,"Positive"
"PWY-5101","PWY0-162",0.888819345661451,"Positive"
"PWY-5101","PWY0-166",0.838207681365576,"Positive"
"PWY-5101","PWY0-781",0.687880512091038,"Positive"
"PWY-5101","PWY4FS-7",0.810953058321479,"Positive"
"PWY-5101","PWY4FS-8",0.810953058321479,"Positive"
"PWY-5101","PYRIDNUCSAL-PWY",0.879260312944523,"Positive"
"PWY-5101","PYRIDNUCSYN-PWY",0.699174964438122,"Positive"
"PWY-5101","RIBOSYN2-PWY",0.954850640113798,"Positive"
"PWY-5101","SER-GLYSYN-PWY",0.96628733997155,"Positive"
"PWY-5101","SO4ASSIM-PWY",0.702560455192034,"Positive"
"PWY-5101","SULFATE-CYS-PWY",0.738150782361309,"Positive"
"PWY-5101","THRESYN-PWY",0.92597439544808,"Positive"
"PWY-5101","TRNA-CHARGING-PWY",0.856102418207681,"Positive"
"PWY-5101","TRPSYN-PWY",0.975846372688478,"Positive"
"PWY-5101","UDPNAGSYN-PWY",0.842133712660028,"Positive"
"PWY-5101","VALSYN-PWY",0.998093883357041,"Positive"
"PWY-5103","PWY-5121",0.798862019914651,"Positive"
"PWY-5103","PWY-5189",0.944039829302987,"Positive"
"PWY-5103","PWY-5345",0.672119487908962,"Positive"
"PWY-5103","PWY-5347",0.706998577524893,"Positive"
"PWY-5103","PWY-5484",0.730440967283073,"Positive"
"PWY-5103","PWY-5509",0.750014224751067,"Positive"
"PWY-5103","PWY-5659",0.837211948790896,"Positive"
"PWY-5103","PWY-5667",0.865007112375533,"Positive"
"PWY-5103","PWY-5686",0.859260312944523,"Positive"
"PWY-5103","PWY-5845",-0.676045519203414,"Negative"
"PWY-5103","PWY-5850",-0.676045519203414,"Negative"
"PWY-5103","PWY-5855",0.700426742532006,"Positive"
"PWY-5103","PWY-5856",0.700426742532006,"Positive"
"PWY-5103","PWY-5857",0.700426742532006,"Positive"
"PWY-5103","PWY-5860",-0.680938833570413,"Negative"
"PWY-5103","PWY-5862",-0.680938833570413,"Negative"
"PWY-5103","PWY-5896",-0.676045519203414,"Negative"
"PWY-5103","PWY-5910",0.604551920341394,"Positive"
"PWY-5103","PWY-5913",0.809359886201992,"Positive"
"PWY-5103","PWY-5920",0.679431009957326,"Positive"
"PWY-5103","PWY-5973",0.91172119487909,"Positive"
"PWY-5103","PWY-6121",0.889985775248933,"Positive"
"PWY-5103","PWY-6122",0.887027027027027,"Positive"
"PWY-5103","PWY-6123",0.886088193456614,"Positive"
"PWY-5103","PWY-6125",0.863271692745377,"Positive"
"PWY-5103","PWY-6126",0.840085348506401,"Positive"
"PWY-5103","PWY-6147",0.966230440967283,"Positive"
"PWY-5103","PWY-6151",0.707652916073969,"Positive"
"PWY-5103","PWY-6163",0.928193456614509,"Positive"
"PWY-5103","PWY-6269",0.748477951635846,"Positive"
"PWY-5103","PWY-6277",0.887027027027027,"Positive"
"PWY-5103","PWY-6317",0.697581792318634,"Positive"
"PWY-5103","PWY-6385",0.845092460881935,"Positive"
"PWY-5103","PWY-6386",0.848250355618777,"Positive"
"PWY-5103","PWY-6387",0.843072546230441,"Positive"
"PWY-5103","PWY-6467",0.788705547652916,"Positive"
"PWY-5103","PWY-6471",0.728364153627312,"Positive"
"PWY-5103","PWY-6545",0.74022759601707,"Positive"
"PWY-5103","PWY-6700",0.871379800853485,"Positive"
"PWY-5103","PWY-6703",0.804153627311522,"Positive"
"PWY-5103","PWY-6708",0.700426742532006,"Positive"
"PWY-5103","PWY-6897",0.875988620199146,"Positive"
"PWY-5103","PWY-7111",0.991891891891892,"Positive"
"PWY-5103","PWY-7184",0.814822190611664,"Positive"
"PWY-5103","PWY-7187",0.827880512091038,"Positive"
"PWY-5103","PWY-7197",0.878492176386913,"Positive"
"PWY-5103","PWY-7208",0.830384068278805,"Positive"
"PWY-5103","PWY-7211",0.753570412517781,"Positive"
"PWY-5103","PWY-7219",0.853143669985775,"Positive"
"PWY-5103","PWY-7220",0.79900426742532,"Positive"
"PWY-5103","PWY-7221",0.841280227596017,"Positive"
"PWY-5103","PWY-7222",0.79900426742532,"Positive"
"PWY-5103","PWY-7228",0.879630156472262,"Positive"
"PWY-5103","PWY-7229",0.862816500711237,"Positive"
"PWY-5103","PWY-7234",0.820711237553343,"Positive"
"PWY-5103","PWY-7242",-0.63402560455192,"Negative"
"PWY-5103","PWY-7315",-0.702958748221906,"Negative"
"PWY-5103","PWY-7328",0.69072546230441,"Positive"
"PWY-5103","PWY-7392",0.789815078236131,"Positive"
"PWY-5103","PWY-7400",0.942446657183499,"Positive"
"PWY-5103","PWY-7539",0.971351351351351,"Positive"
"PWY-5103","PWY-7560",0.801564722617354,"Positive"
"PWY-5103","PWY-7663",0.87678520625889,"Positive"
"PWY-5103","PWY-841",0.887254623044097,"Positive"
"PWY-5103","PWY0-1319",0.865007112375533,"Positive"
"PWY-5103","PWY0-1338",-0.6750213371266,"Negative"
"PWY-5103","PWY0-1533",-0.732745376955903,"Negative"
"PWY-5103","PWY0-1586",0.676870554765292,"Positive"
"PWY-5103","PWY0-162",0.887709815078236,"Positive"
"PWY-5103","PWY0-166",0.837354196301565,"Positive"
"PWY-5103","PWY0-781",0.673598862019915,"Positive"
"PWY-5103","PWY4FS-7",0.820568990042674,"Positive"
"PWY-5103","PWY4FS-8",0.820568990042674,"Positive"
"PWY-5103","PYRIDNUCSAL-PWY",0.869103840682788,"Positive"
"PWY-5103","PYRIDNUCSYN-PWY",0.683385490753912,"Positive"
"PWY-5103","RIBOSYN2-PWY",0.96054054054054,"Positive"
"PWY-5103","SER-GLYSYN-PWY",0.964495021337127,"Positive"
"PWY-5103","SO4ASSIM-PWY",0.683413940256046,"Positive"
"PWY-5103","SULFATE-CYS-PWY",0.719687055476529,"Positive"
"PWY-5103","THRESYN-PWY",0.929445234708393,"Positive"
"PWY-5103","TRNA-CHARGING-PWY",0.84651493598862,"Positive"
"PWY-5103","TRPSYN-PWY",0.973001422475107,"Positive"
"PWY-5103","UDPNAGSYN-PWY",0.851066856330014,"Positive"
"PWY-5103","VALSYN-PWY",0.992773826458037,"Positive"
"PWY-5121","PWY-5189",0.817126600284495,"Positive"
"PWY-5121","PWY-5345",0.772204836415363,"Positive"
"PWY-5121","PWY-5347",0.720483641536273,"Positive"
"PWY-5121","PWY-5659",0.960170697012802,"Positive"
"PWY-5121","PWY-5855",0.849644381223329,"Positive"
"PWY-5121","PWY-5856",0.849644381223329,"Positive"
"PWY-5121","PWY-5857",0.849644381223329,"Positive"
"PWY-5121","PWY-5913",0.900654338549075,"Positive"
"PWY-5121","PWY-5920",0.770924608819346,"Positive"
"PWY-5121","PWY-5973",0.63823613086771,"Positive"
"PWY-5121","PWY-6121",0.610839260312945,"Positive"
"PWY-5121","PWY-6122",0.605177809388336,"Positive"
"PWY-5121","PWY-6123",0.601137980085348,"Positive"
"PWY-5121","PWY-6125",0.735647226173542,"Positive"
"PWY-5121","PWY-6147",0.812859174964438,"Positive"
"PWY-5121","PWY-6163",0.673399715504979,"Positive"
"PWY-5121","PWY-6277",0.605177809388336,"Positive"
"PWY-5121","PWY-6467",0.971692745376956,"Positive"
"PWY-5121","PWY-6545",0.842788051209104,"Positive"
"PWY-5121","PWY-6700",0.948819345661451,"Positive"
"PWY-5121","PWY-6703",0.973655761024182,"Positive"
"PWY-5121","PWY-6708",0.849644381223329,"Positive"
"PWY-5121","PWY-6897",0.619601706970128,"Positive"
"PWY-5121","PWY-7111",0.792972972972973,"Positive"
"PWY-5121","PWY-7184",0.710839260312945,"Positive"
"PWY-5121","PWY-7187",0.687908961593172,"Positive"
"PWY-5121","PWY-7197",0.7675106685633,"Positive"
"PWY-5121","PWY-7211",0.850526315789474,"Positive"
"PWY-5121","PWY-7228",0.762048364153627,"Positive"
"PWY-5121","PWY-7242",-0.677496443812233,"Negative"
"PWY-5121","PWY-7328",0.786827880512091,"Positive"
"PWY-5121","PWY-7392",0.997155049786629,"Positive"
"PWY-5121","PWY-7400",0.795277382645804,"Positive"
"PWY-5121","PWY-7539",0.83049786628734,"Positive"
"PWY-5121","PWY-7560",0.98298719772404,"Positive"
"PWY-5121","PWY-841",0.733826458036984,"Positive"
"PWY-5121","PWY0-1533",-0.690014224751067,"Negative"
"PWY-5121","PWY0-162",0.757126600284495,"Positive"
"PWY-5121","PWY0-166",0.701963015647226,"Positive"
"PWY-5121","PWY0-781",0.71425320056899,"Positive"
"PWY-5121","PYRIDNUCSAL-PWY",0.873570412517781,"Positive"
"PWY-5121","PYRIDNUCSYN-PWY",0.787311522048364,"Positive"
"PWY-5121","RIBOSYN2-PWY",0.794623044096728,"Positive"
"PWY-5121","SER-GLYSYN-PWY",0.747766714082504,"Positive"
"PWY-5121","SO4ASSIM-PWY",0.839374110953058,"Positive"
"PWY-5121","SULFATE-CYS-PWY",0.859203413940256,"Positive"
"PWY-5121","THRESYN-PWY",0.655960170697013,"Positive"
"PWY-5121","TRNA-CHARGING-PWY",0.834765291607397,"Positive"
"PWY-5121","TRPSYN-PWY",0.809359886201992,"Positive"
"PWY-5121","UBISYN-PWY",0.727652916073969,"Positive"
"PWY-5121","VALSYN-PWY",0.794509246088194,"Positive"
"PWY-5154","PWY-6628",0.616159317211949,"Positive"
"PWY-5154","PWY-6630",0.614793741109531,"Positive"
"PWY-5154","PWY-7199",0.623840682788051,"Positive"
"PWY-5154","PWY-7200",0.640625889046942,"Positive"
"PWY-5181","PWY-6071",0.651095305832148,"Positive"
"PWY-5181","PWY-6182",0.646230440967283,"Positive"
"PWY-5181","PWY-6185",0.810184921763869,"Positive"
"PWY-5181","PWY0-321",0.764068278805121,"Positive"
"PWY-5188","PWY-5918",0.699800853485064,"Positive"
"PWY-5188","TCA",0.648904694167852,"Positive"
"PWY-5189","PWY-5345",0.703157894736842,"Positive"
"PWY-5189","PWY-5347",0.638093883357041,"Positive"
"PWY-5189","PWY-5484",0.64972972972973,"Positive"
"PWY-5189","PWY-5509",0.710554765291607,"Positive"
"PWY-5189","PWY-5659",0.810241820768137,"Positive"
"PWY-5189","PWY-5667",0.795846372688478,"Positive"
"PWY-5189","PWY-5686",0.781678520625889,"Positive"
"PWY-5189","PWY-5845",-0.611863442389758,"Negative"
"PWY-5189","PWY-5850",-0.611863442389758,"Negative"
"PWY-5189","PWY-5855",0.780597439544808,"Positive"
"PWY-5189","PWY-5856",0.780597439544808,"Positive"
"PWY-5189","PWY-5857",0.780597439544808,"Positive"
"PWY-5189","PWY-5860",-0.617496443812233,"Negative"
"PWY-5189","PWY-5862",-0.617496443812233,"Negative"
"PWY-5189","PWY-5896",-0.611863442389758,"Negative"
"PWY-5189","PWY-5913",0.808477951635846,"Positive"
"PWY-5189","PWY-5920",0.705064011379801,"Positive"
"PWY-5189","PWY-5973",0.84398293029872,"Positive"
"PWY-5189","PWY-6121",0.816358463726885,"Positive"
"PWY-5189","PWY-6122",0.814110953058321,"Positive"
"PWY-5189","PWY-6123",0.810071123755334,"Positive"
"PWY-5189","PWY-6125",0.798065433854908,"Positive"
"PWY-5189","PWY-6126",0.756842105263158,"Positive"
"PWY-5189","PWY-6147",0.957496443812233,"Positive"
"PWY-5189","PWY-6151",0.624551920341394,"Positive"
"PWY-5189","PWY-6163",0.874054054054054,"Positive"
"PWY-5189","PWY-6269",0.709160739687056,"Positive"
"PWY-5189","PWY-6277",0.814110953058321,"Positive"
"PWY-5189","PWY-6385",0.764779516358464,"Positive"
"PWY-5189","PWY-6386",0.768335704125178,"Positive"
"PWY-5189","PWY-6387",0.76321479374111,"Positive"
"PWY-5189","PWY-6467",0.835362731152205,"Positive"
"PWY-5189","PWY-6471",0.637524893314367,"Positive"
"PWY-5189","PWY-6545",0.740199146514936,"Positive"
"PWY-5189","PWY-6700",0.859431009957326,"Positive"
"PWY-5189","PWY-6703",0.851778093883357,"Positive"
"PWY-5189","PWY-6708",0.780597439544808,"Positive"
"PWY-5189","PWY-6897",0.839630156472262,"Positive"
"PWY-5189","PWY-7111",0.935960170697013,"Positive"
"PWY-5189","PWY-7184",0.751834992887624,"Positive"
"PWY-5189","PWY-7187",0.743556187766714,"Positive"
"PWY-5189","PWY-7197",0.824722617354196,"Positive"
"PWY-5189","PWY-7208",0.750924608819346,"Positive"
"PWY-5189","PWY-7211",0.766799431009957,"Positive"
"PWY-5189","PWY-7219",0.776842105263158,"Positive"
"PWY-5189","PWY-7220",0.711607396870555,"Positive"
"PWY-5189","PWY-7221",0.76728307254623,"Positive"
"PWY-5189","PWY-7222",0.711607396870555,"Positive"
"PWY-5189","PWY-7228",0.820170697012802,"Positive"
"PWY-5189","PWY-7229",0.783015647226174,"Positive"
"PWY-5189","PWY-7234",0.749644381223329,"Positive"
"PWY-5189","PWY-7315",-0.610184921763869,"Negative"
"PWY-5189","PWY-7328",0.6825320056899,"Positive"
"PWY-5189","PWY-7392",0.806429587482219,"Positive"
"PWY-5189","PWY-7400",0.882844950213371,"Positive"
"PWY-5189","PWY-7539",0.976159317211949,"Positive"
"PWY-5189","PWY-7560",0.837610241820768,"Positive"
"PWY-5189","PWY-7663",0.806201991465149,"Positive"
"PWY-5189","PWY-841",0.819402560455192,"Positive"
"PWY-5189","PWY0-1319",0.795846372688478,"Positive"
"PWY-5189","PWY0-1533",-0.652944523470839,"Negative"
"PWY-5189","PWY0-162",0.821621621621622,"Positive"
"PWY-5189","PWY0-166",0.759431009957326,"Positive"
"PWY-5189","PWY0-781",0.61724039829303,"Positive"
"PWY-5189","PWY4FS-7",0.743385490753912,"Positive"
"PWY-5189","PWY4FS-8",0.743385490753912,"Positive"
"PWY-5189","PYRIDNUCSAL-PWY",0.821024182076814,"Positive"
"PWY-5189","PYRIDNUCSYN-PWY",0.672233285917496,"Positive"
"PWY-5189","RIBOSYN2-PWY",0.973883357041252,"Positive"
"PWY-5189","SER-GLYSYN-PWY",0.932062588904694,"Positive"
"PWY-5189","SO4ASSIM-PWY",0.761963015647226,"Positive"
"PWY-5189","SULFATE-CYS-PWY",0.782901849217639,"Positive"
"PWY-5189","THRESYN-PWY",0.848762446657183,"Positive"
"PWY-5189","TRNA-CHARGING-PWY",0.777581792318634,"Positive"
"PWY-5189","TRPSYN-PWY",0.949957325746799,"Positive"
"PWY-5189","UBISYN-PWY",0.651351351351351,"Positive"
"PWY-5189","UDPNAGSYN-PWY",0.782162162162162,"Positive"
"PWY-5189","VALSYN-PWY",0.936159317211949,"Positive"
"PWY-5304","PWY-6396",0.774879089615932,"Positive"
"PWY-5304","PWY-6891",0.817183499288762,"Positive"
"PWY-5304","PWY-6892",0.667624466571835,"Positive"
"PWY-5304","PWY-6901",0.748392603129445,"Positive"
"PWY-5304","PWY-7013",0.969018492176387,"Positive"
"PWY-5304","PWY-7377",0.827027027027027,"Positive"
"PWY-5304","TEICHOICACID-PWY",0.645064011379801,"Positive"
"PWY-5345","PWY-5659",0.807112375533428,"Positive"
"PWY-5345","PWY-5855",0.88275960170697,"Positive"
"PWY-5345","PWY-5856",0.88275960170697,"Positive"
"PWY-5345","PWY-5857",0.88275960170697,"Positive"
"PWY-5345","PWY-5913",0.879146514935989,"Positive"
"PWY-5345","PWY-5920",0.981820768136558,"Positive"
"PWY-5345","PWY-6125",0.648762446657184,"Positive"
"PWY-5345","PWY-6147",0.652916073968706,"Positive"
"PWY-5345","PWY-6467",0.78950213371266,"Positive"
"PWY-5345","PWY-6545",0.940825035561878,"Positive"
"PWY-5345","PWY-6700",0.753314366998578,"Positive"
"PWY-5345","PWY-6703",0.794594594594595,"Positive"
"PWY-5345","PWY-6708",0.88275960170697,"Positive"
"PWY-5345","PWY-7111",0.669530583214794,"Positive"
"PWY-5345","PWY-7184",0.637411095305832,"Positive"
"PWY-5345","PWY-7197",0.626856330014225,"Positive"
"PWY-5345","PWY-7211",0.870440967283073,"Positive"
"PWY-5345","PWY-7228",0.614196301564723,"Positive"
"PWY-5345","PWY-7328",0.956500711237553,"Positive"
"PWY-5345","PWY-7392",0.757980085348506,"Positive"
"PWY-5345","PWY-7400",0.636330014224751,"Positive"
"PWY-5345","PWY-7539",0.668904694167852,"Positive"
"PWY-5345","PWY-7560",0.793940256045519,"Positive"
"PWY-5345","PWY-841",0.639174964438122,"Positive"
"PWY-5345","PWY0-162",0.608421052631579,"Positive"
"PWY-5345","PWY0-781",0.721081081081081,"Positive"
"PWY-5345","PYRIDNUCSAL-PWY",0.791607396870555,"Positive"
"PWY-5345","PYRIDNUCSYN-PWY",0.948051209103841,"Positive"
"PWY-5345","RIBOSYN2-PWY",0.642247510668563,"Positive"
"PWY-5345","SER-GLYSYN-PWY",0.61877667140825,"Positive"
"PWY-5345","SO4ASSIM-PWY",0.896102418207681,"Positive"
"PWY-5345","SULFATE-CYS-PWY",0.912745376955903,"Positive"
"PWY-5345","TRNA-CHARGING-PWY",0.641706970128023,"Positive"
"PWY-5345","TRPSYN-PWY",0.658634423897582,"Positive"
"PWY-5345","UBISYN-PWY",0.741052631578947,"Positive"
"PWY-5345","VALSYN-PWY",0.679630156472262,"Positive"
"PWY-5347","PWY-5509",0.657894736842105,"Positive"
"PWY-5347","PWY-5659",0.71823613086771,"Positive"
"PWY-5347","PWY-5913",0.663300142247511,"Positive"
"PWY-5347","PWY-5973",0.66697012802276,"Positive"
"PWY-5347","PWY-6121",0.634651493598862,"Positive"
"PWY-5347","PWY-6122",0.631322901849218,"Positive"
"PWY-5347","PWY-6123",0.628022759601707,"Positive"
"PWY-5347","PWY-6125",0.615305832147937,"Positive"
"PWY-5347","PWY-6147",0.673314366998577,"Positive"
"PWY-5347","PWY-6163",0.654907539118065,"Positive"
"PWY-5347","PWY-6269",0.657837837837838,"Positive"
"PWY-5347","PWY-6277",0.631322901849218,"Positive"
"PWY-5347","PWY-6467",0.648477951635846,"Positive"
"PWY-5347","PWY-6545",0.699288762446657,"Positive"
"PWY-5347","PWY-6700",0.705234708392603,"Positive"
"PWY-5347","PWY-6703",0.675305832147937,"Positive"
"PWY-5347","PWY-7111",0.707083926031294,"Positive"
"PWY-5347","PWY-7187",0.612688477951636,"Positive"
"PWY-5347","PWY-7197",0.639402560455192,"Positive"
"PWY-5347","PWY-7211",0.612403982930299,"Positive"
"PWY-5347","PWY-7228",0.639317211948791,"Positive"
"PWY-5347","PWY-7328",0.684125177809388,"Positive"
"PWY-5347","PWY-7392",0.719374110953058,"Positive"
"PWY-5347","PWY-7400",0.690981507823613,"Positive"
"PWY-5347","PWY-7539",0.687197724039829,"Positive"
"PWY-5347","PWY-7560",0.682076813655761,"Positive"
"PWY-5347","PWY-7663",0.660938833570412,"Positive"
"PWY-5347","PWY-841",0.6350213371266,"Positive"
"PWY-5347","PWY0-162",0.640540540540541,"Positive"
"PWY-5347","PWY0-166",0.612859174964438,"Positive"
"PWY-5347","PWY0-781",0.868819345661451,"Positive"
"PWY-5347","PYRIDNUCSAL-PWY",0.800910384068279,"Positive"
"PWY-5347","PYRIDNUCSYN-PWY",0.663783783783784,"Positive"
"PWY-5347","RIBOSYN2-PWY",0.658975817923186,"Positive"
"PWY-5347","SER-GLYSYN-PWY",0.697439544807966,"Positive"
"PWY-5347","THRESYN-PWY",0.666088193456615,"Positive"
"PWY-5347","TRNA-CHARGING-PWY",0.702332859174964,"Positive"
"PWY-5347","TRPSYN-PWY",0.715761024182077,"Positive"
"PWY-5347","VALSYN-PWY",0.710753911806543,"Positive"
"PWY-5384","PWY-5838",0.604950213371266,"Positive"
"PWY-5384","PWY-5861",0.612290184921764,"Positive"
"PWY-5384","PWY0-845",0.622361308677098,"Positive"
"PWY-5384","PYRIDOXSYN-PWY",0.618833570412518,"Positive"
"PWY-5417","PWY-5431",1,"Positive"
"PWY-5417","PWY-6182",0.916899004267425,"Positive"
"PWY-5417","PWY-6185",0.769928876244666,"Positive"
"PWY-5431","PWY-6182",0.916899004267425,"Positive"
"PWY-5431","PWY-6185",0.769928876244666,"Positive"
"PWY-5484","PWY-5667",0.9350213371266,"Positive"
"PWY-5484","PWY-5686",0.943044096728307,"Positive"
"PWY-5484","PWY-5845",-0.652802275960171,"Negative"
"PWY-5484","PWY-5850",-0.652802275960171,"Negative"
"PWY-5484","PWY-5860",-0.656870554765292,"Negative"
"PWY-5484","PWY-5862",-0.656870554765292,"Negative"
"PWY-5484","PWY-5896",-0.652802275960171,"Negative"
"PWY-5484","PWY-5910",0.949075391180654,"Positive"
"PWY-5484","PWY-5973",0.79402560455192,"Positive"
"PWY-5484","PWY-6121",0.813541963015647,"Positive"
"PWY-5484","PWY-6122",0.812005689900427,"Positive"
"PWY-5484","PWY-6123",0.832318634423898,"Positive"
"PWY-5484","PWY-6125",0.712631578947368,"Positive"
"PWY-5484","PWY-6126",0.897610241820768,"Positive"
"PWY-5484","PWY-6147",0.671180654338549,"Positive"
"PWY-5484","PWY-6151",0.847795163584637,"Positive"
"PWY-5484","PWY-6163",0.785775248933144,"Positive"
"PWY-5484","PWY-621",0.762105263157895,"Positive"
"PWY-5484","PWY-6277",0.812005689900427,"Positive"
"PWY-5484","PWY-6317",0.839658605974395,"Positive"
"PWY-5484","PWY-6385",0.948762446657183,"Positive"
"PWY-5484","PWY-6386",0.946827880512091,"Positive"
"PWY-5484","PWY-6387",0.948534850640114,"Positive"
"PWY-5484","PWY-6471",0.980113798008535,"Positive"
"PWY-5484","PWY-6609",0.711180654338549,"Positive"
"PWY-5484","PWY-6897",0.797752489331437,"Positive"
"PWY-5484","PWY-7111",0.740085348506401,"Positive"
"PWY-5484","PWY-7184",0.708193456614509,"Positive"
"PWY-5484","PWY-7187",0.842475106685633,"Positive"
"PWY-5484","PWY-7197",0.700853485064011,"Positive"
"PWY-5484","PWY-7208",0.951977240398293,"Positive"
"PWY-5484","PWY-7219",0.946714082503556,"Positive"
"PWY-5484","PWY-7220",0.833769559032717,"Positive"
"PWY-5484","PWY-7221",0.94950213371266,"Positive"
"PWY-5484","PWY-7222",0.833769559032717,"Positive"
"PWY-5484","PWY-7228",0.719118065433855,"Positive"
"PWY-5484","PWY-7229",0.928904694167852,"Positive"
"PWY-5484","PWY-7234",0.768165007112376,"Positive"
"PWY-5484","PWY-7315",-0.665661450924609,"Negative"
"PWY-5484","PWY-7400",0.733342816500711,"Positive"
"PWY-5484","PWY-7539",0.676529160739687,"Positive"
"PWY-5484","PWY-7663",0.812688477951636,"Positive"
"PWY-5484","PWY-841",0.72475106685633,"Positive"
"PWY-5484","PWY-922",0.937183499288762,"Positive"
"PWY-5484","PWY0-1296",0.665917496443812,"Positive"
"PWY-5484","PWY0-1297",0.72176386913229,"Positive"
"PWY-5484","PWY0-1298",0.644722617354196,"Positive"
"PWY-5484","PWY0-1319",0.9350213371266,"Positive"
"PWY-5484","PWY0-1338",-0.652119487908962,"Negative"
"PWY-5484","PWY0-1586",0.967197724039829,"Positive"
"PWY-5484","PWY0-162",0.756984352773826,"Positive"
"PWY-5484","PWY0-166",0.810241820768137,"Positive"
"PWY-5484","PWY4FS-7",0.941820768136558,"Positive"
"PWY-5484","PWY4FS-8",0.941820768136558,"Positive"
"PWY-5484","RIBOSYN2-PWY",0.743840682788051,"Positive"
"PWY-5484","SER-GLYSYN-PWY",0.763243243243243,"Positive"
"PWY-5484","THRESYN-PWY",0.837809388335704,"Positive"
"PWY-5484","TRNA-CHARGING-PWY",0.78697012802276,"Positive"
"PWY-5484","TRPSYN-PWY",0.68972972972973,"Positive"
"PWY-5484","UDPNAGSYN-PWY",0.939800853485064,"Positive"
"PWY-5484","VALSYN-PWY",0.736159317211949,"Positive"
"PWY-5505","PWY-5705",0.773826458036984,"Positive"
"PWY-5505","PWY-5973",-0.609103840682788,"Negative"
"PWY-5507","PWY-6263",0.670213371266003,"Positive"
"PWY-5507","PWY-6590",0.683243243243243,"Positive"
"PWY-5507","PWY-7371",0.678492176386913,"Positive"
"PWY-5509","PWY-5667",0.694167852062589,"Positive"
"PWY-5509","PWY-5686",0.689046941678521,"Positive"
"PWY-5509","PWY-5973",0.741081081081081,"Positive"
"PWY-5509","PWY-6121",0.689331436699858,"Positive"
"PWY-5509","PWY-6122",0.690440967283073,"Positive"
"PWY-5509","PWY-6123",0.68796586059744,"Positive"
"PWY-5509","PWY-6126",0.664438122332859,"Positive"
"PWY-5509","PWY-6147",0.729815078236131,"Positive"
"PWY-5509","PWY-6163",0.697126600284495,"Positive"
"PWY-5509","PWY-6269",0.999971550497866,"Positive"
"PWY-5509","PWY-6277",0.690440967283073,"Positive"
"PWY-5509","PWY-6385",0.679943100995733,"Positive"
"PWY-5509","PWY-6386",0.68275960170697,"Positive"
"PWY-5509","PWY-6387",0.67900426742532,"Positive"
"PWY-5509","PWY-6897",0.688591749644381,"Positive"
"PWY-5509","PWY-7111",0.726258890469417,"Positive"
"PWY-5509","PWY-7197",0.626998577524893,"Positive"
"PWY-5509","PWY-7208",0.666230440967283,"Positive"
"PWY-5509","PWY-7219",0.683300142247511,"Positive"
"PWY-5509","PWY-7220",0.632916073968706,"Positive"
"PWY-5509","PWY-7221",0.665860597439545,"Positive"
"PWY-5509","PWY-7222",0.632916073968706,"Positive"
"PWY-5509","PWY-7228",0.617325746799431,"Positive"
"PWY-5509","PWY-7229",0.689871977240398,"Positive"
"PWY-5509","PWY-7234",0.619317211948791,"Positive"
"PWY-5509","PWY-7315",-0.641906116642959,"Negative"
"PWY-5509","PWY-7400",0.657752489331437,"Positive"
"PWY-5509","PWY-7539",0.732830725462304,"Positive"
"PWY-5509","PWY-7663",0.746429587482219,"Positive"
"PWY-5509","PWY-841",0.622873399715505,"Positive"
"PWY-5509","PWY0-1319",0.694167852062589,"Positive"
"PWY-5509","PWY0-1338",-0.632375533428165,"Negative"
"PWY-5509","PWY0-162",0.632147937411095,"Positive"
"PWY-5509","PWY4FS-7",0.649246088193457,"Positive"
"PWY-5509","PWY4FS-8",0.649246088193457,"Positive"
"PWY-5509","PYRIDNUCSAL-PWY",0.65425320056899,"Positive"
"PWY-5509","RIBOSYN2-PWY",0.751920341394026,"Positive"
"PWY-5509","SER-GLYSYN-PWY",0.771095305832148,"Positive"
"PWY-5509","THRESYN-PWY",0.727425320056899,"Positive"
"PWY-5509","TRPSYN-PWY",0.735618776671408,"Positive"
"PWY-5509","UDPNAGSYN-PWY",0.682304409672831,"Positive"
"PWY-5509","VALSYN-PWY",0.732176386913229,"Positive"
"PWY-5659","PWY-5667",0.645149359886202,"Positive"
"PWY-5659","PWY-5686",0.648392603129445,"Positive"
"PWY-5659","PWY-5855",0.824864864864865,"Positive"
"PWY-5659","PWY-5856",0.824864864864865,"Positive"
"PWY-5659","PWY-5857",0.824864864864865,"Positive"
"PWY-5659","PWY-5913",0.924722617354196,"Positive"
"PWY-5659","PWY-5920",0.808933143669986,"Positive"
"PWY-5659","PWY-5973",0.705604551920341,"Positive"
"PWY-5659","PWY-6121",0.674679943100996,"Positive"
"PWY-5659","PWY-6122",0.67027027027027,"Positive"
"PWY-5659","PWY-6123",0.663783783783784,"Positive"
"PWY-5659","PWY-6125",0.80022759601707,"Positive"
"PWY-5659","PWY-6147",0.811123755334282,"Positive"
"PWY-5659","PWY-6163",0.708335704125178,"Positive"
"PWY-5659","PWY-6277",0.67027027027027,"Positive"
"PWY-5659","PWY-6385",0.623726884779516,"Positive"
"PWY-5659","PWY-6386",0.625945945945946,"Positive"
"PWY-5659","PWY-6387",0.620682788051209,"Positive"
"PWY-5659","PWY-6467",0.94421052631579,"Positive"
"PWY-5659","PWY-6545",0.885092460881935,"Positive"
"PWY-5659","PWY-6700",0.94176386913229,"Positive"
"PWY-5659","PWY-6703",0.945035561877667,"Positive"
"PWY-5659","PWY-6708",0.824864864864865,"Positive"
"PWY-5659","PWY-6897",0.678748221906117,"Positive"
"PWY-5659","PWY-7111",0.829701280227596,"Positive"
"PWY-5659","PWY-7184",0.757695590327169,"Positive"
"PWY-5659","PWY-7187",0.732773826458037,"Positive"
"PWY-5659","PWY-7197",0.827994310099573,"Positive"
"PWY-5659","PWY-7208",0.613968705547653,"Positive"
"PWY-5659","PWY-7211",0.85072546230441,"Positive"
"PWY-5659","PWY-7219",0.634110953058321,"Positive"
"PWY-5659","PWY-7221",0.623271692745377,"Positive"
"PWY-5659","PWY-7228",0.823271692745377,"Positive"
"PWY-5659","PWY-7229",0.626429587482219,"Positive"
"PWY-5659","PWY-7242",-0.681849217638691,"Negative"
"PWY-5659","PWY-7328",0.828165007112376,"Positive"
"PWY-5659","PWY-7392",0.953570412517781,"Positive"
"PWY-5659","PWY-7400",0.842844950213371,"Positive"
"PWY-5659","PWY-7539",0.826543385490754,"Positive"
"PWY-5659","PWY-7560",0.957411095305832,"Positive"
"PWY-5659","PWY-7663",0.639203413940256,"Positive"
"PWY-5659","PWY-841",0.797667140825036,"Positive"
"PWY-5659","PWY0-1319",0.645149359886202,"Positive"
"PWY-5659","PWY0-1533",-0.720398293029872,"Negative"
"PWY-5659","PWY0-162",0.818662873399716,"Positive"
"PWY-5659","PWY0-166",0.74896159317212,"Positive"
"PWY-5659","PWY0-781",0.746486486486487,"Positive"
"PWY-5659","PYRIDNUCSAL-PWY",0.934623044096728,"Positive"
"PWY-5659","PYRIDNUCSYN-PWY",0.821621621621622,"Positive"
"PWY-5659","RIBOSYN2-PWY",0.798264580369843,"Positive"
"PWY-5659","SER-GLYSYN-PWY",0.765149359886202,"Positive"
"PWY-5659","SO4ASSIM-PWY",0.818321479374111,"Positive"
"PWY-5659","SULFATE-CYS-PWY",0.845576102418208,"Positive"
"PWY-5659","THRESYN-PWY",0.728364153627312,"Positive"
"PWY-5659","TRNA-CHARGING-PWY",0.877382645803698,"Positive"
"PWY-5659","TRPSYN-PWY",0.817126600284495,"Positive"
"PWY-5659","UBISYN-PWY",0.700597439544808,"Positive"
"PWY-5659","UDPNAGSYN-PWY",0.628933143669986,"Positive"
"PWY-5659","VALSYN-PWY",0.83547652916074,"Positive"
"PWY-5667","PWY-5686",0.997211948790896,"Positive"
"PWY-5667","PWY-5845",-0.723243243243243,"Negative"
"PWY-5667","PWY-5850",-0.723243243243243,"Negative"
"PWY-5667","PWY-5860",-0.727908961593172,"Negative"
"PWY-5667","PWY-5862",-0.727908961593172,"Negative"
"PWY-5667","PWY-5896",-0.723243243243243,"Negative"
"PWY-5667","PWY-5910",0.886401137980085,"Positive"
"PWY-5667","PWY-5973",0.922560455192034,"Positive"
"PWY-5667","PWY-6121",0.923243243243243,"Positive"
"PWY-5667","PWY-6122",0.923669985775249,"Positive"
"PWY-5667","PWY-6123",0.933741109530583,"Positive"
"PWY-5667","PWY-6125",0.848421052631579,"Positive"
"PWY-5667","PWY-6126",0.965718349928876,"Positive"
"PWY-5667","PWY-6147",0.796273115220484,"Positive"
"PWY-5667","PWY-6151",0.855334281650071,"Positive"
"PWY-5667","PWY-6163",0.894679943100996,"Positive"
"PWY-5667","PWY-621",0.723869132290185,"Positive"
"PWY-5667","PWY-6269",0.693143669985775,"Positive"
"PWY-5667","PWY-6277",0.923669985775249,"Positive"
"PWY-5667","PWY-6317",0.824153627311522,"Positive"
"PWY-5667","PWY-6385",0.996273115220484,"Positive"
"PWY-5667","PWY-6386",0.996842105263158,"Positive"
"PWY-5667","PWY-6387",0.996159317211949,"Positive"
"PWY-5667","PWY-6471",0.950071123755334,"Positive"
"PWY-5667","PWY-6507",-0.649871977240398,"Negative"
"PWY-5667","PWY-6609",0.651778093883357,"Positive"
"PWY-5667","PWY-6700",0.629672830725462,"Positive"
"PWY-5667","PWY-6897",0.91678520625889,"Positive"
"PWY-5667","PWY-7111",0.86950213371266,"Positive"
"PWY-5667","PWY-7184",0.807339971550498,"Positive"
"PWY-5667","PWY-7187",0.896330014224751,"Positive"
"PWY-5667","PWY-7197",0.842844950213371,"Positive"
"PWY-5667","PWY-7208",0.993342816500711,"Positive"
"PWY-5667","PWY-7211",0.618691322901849,"Positive"
"PWY-5667","PWY-7219",0.9974679943101,"Positive"
"PWY-5667","PWY-7220",0.909900426742532,"Positive"
"PWY-5667","PWY-7221",0.996102418207681,"Positive"
"PWY-5667","PWY-7222",0.909900426742532,"Positive"
"PWY-5667","PWY-7228",0.855732574679943,"Positive"
"PWY-5667","PWY-7229",0.992517780938834,"Positive"
"PWY-5667","PWY-7234",0.874196301564723,"Positive"
"PWY-5667","PWY-7315",-0.750014224751067,"Negative"
"PWY-5667","PWY-7400",0.874623044096728,"Positive"
"PWY-5667","PWY-7539",0.811009957325747,"Positive"
"PWY-5667","PWY-7663",0.927112375533428,"Positive"
"PWY-5667","PWY-841",0.865120910384068,"Positive"
"PWY-5667","PWY-922",0.866088193456614,"Positive"
"PWY-5667","PWY0-1296",0.634907539118065,"Positive"
"PWY-5667","PWY0-1297",0.659260312944523,"Positive"
"PWY-5667","PWY0-1319",1,"Positive"
"PWY-5667","PWY0-1338",-0.732460881934566,"Negative"
"PWY-5667","PWY0-1533",-0.640967283072546,"Negative"
"PWY-5667","PWY0-1586",0.915561877667141,"Positive"
"PWY-5667","PWY0-162",0.883413940256045,"Positive"
"PWY-5667","PWY0-166",0.881706970128023,"Positive"
"PWY-5667","PWY0-845",-0.629985775248933,"Negative"
"PWY-5667","PWY4FS-7",0.988193456614509,"Positive"
"PWY-5667","PWY4FS-8",0.988193456614509,"Positive"
"PWY-5667","PYRIDNUCSAL-PWY",0.682105263157895,"Positive"
"PWY-5667","PYRIDOXSYN-PWY",-0.651237553342817,"Negative"
"PWY-5667","RIBOSYN2-PWY",0.865775248933144,"Positive"
"PWY-5667","SER-GLYSYN-PWY",0.879943100995733,"Positive"
"PWY-5667","THRESYN-PWY",0.951379800853485,"Positive"
"PWY-5667","TRNA-CHARGING-PWY",0.853229018492176,"Positive"
"PWY-5667","TRPSYN-PWY",0.823869132290185,"Positive"
"PWY-5667","UDPNAGSYN-PWY",0.998179231863442,"Positive"
"PWY-5667","VALSYN-PWY",0.869359886201991,"Positive"
"PWY-5686","PWY-5845",-0.718293029871977,"Negative"
"PWY-5686","PWY-5850",-0.718293029871977,"Negative"
"PWY-5686","PWY-5860",-0.722958748221906,"Negative"
"PWY-5686","PWY-5862",-0.722958748221906,"Negative"
"PWY-5686","PWY-5896",-0.718293029871977,"Negative"
"PWY-5686","PWY-5910",0.894281650071124,"Positive"
"PWY-5686","PWY-5973",0.915448079658606,"Positive"
"PWY-5686","PWY-6121",0.91624466571835,"Positive"
"PWY-5686","PWY-6122",0.916130867709815,"Positive"
"PWY-5686","PWY-6123",0.927254623044097,"Positive"
"PWY-5686","PWY-6125",0.840142247510669,"Positive"
"PWY-5686","PWY-6126",0.963897581792319,"Positive"
"PWY-5686","PWY-6147",0.790099573257468,"Positive"
"PWY-5686","PWY-6151",0.851322901849218,"Positive"
"PWY-5686","PWY-6163",0.885889046941678,"Positive"
"PWY-5686","PWY-621",0.738634423897582,"Positive"
"PWY-5686","PWY-6269",0.688022759601707,"Positive"
"PWY-5686","PWY-6277",0.916130867709815,"Positive"
"PWY-5686","PWY-6317",0.827709815078236,"Positive"
"PWY-5686","PWY-6385",0.997866287339972,"Positive"
"PWY-5686","PWY-6386",0.997667140825036,"Positive"
"PWY-5686","PWY-6387",0.997667140825036,"Positive"
"PWY-5686","PWY-6471",0.955305832147937,"Positive"
"PWY-5686","PWY-6507",-0.661735419630156,"Negative"
"PWY-5686","PWY-6609",0.656728307254623,"Positive"
"PWY-5686","PWY-6700",0.623641536273115,"Positive"
"PWY-5686","PWY-6897",0.905234708392603,"Positive"
"PWY-5686","PWY-7111",0.863726884779516,"Positive"
"PWY-5686","PWY-7184",0.799032716927454,"Positive"
"PWY-5686","PWY-7187",0.89371266002845,"Positive"
"PWY-5686","PWY-7197",0.832887624466572,"Positive"
"PWY-5686","PWY-7208",0.996102418207681,"Positive"
"PWY-5686","PWY-7211",0.611066856330014,"Positive"
"PWY-5686","PWY-7219",0.998406827880512,"Positive"
"PWY-5686","PWY-7220",0.904665718349929,"Positive"
"PWY-5686","PWY-7221",0.996699857752489,"Positive"
"PWY-5686","PWY-7222",0.904665718349929,"Positive"
"PWY-5686","PWY-7228",0.846770981507824,"Positive"
"PWY-5686","PWY-7229",0.990782361308677,"Positive"
"PWY-5686","PWY-7234",0.864921763869132,"Positive"
"PWY-5686","PWY-7315",-0.751778093883357,"Negative"
"PWY-5686","PWY-7400",0.866116642958748,"Positive"
"PWY-5686","PWY-7539",0.802617354196302,"Positive"
"PWY-5686","PWY-7663",0.919174964438122,"Positive"
"PWY-5686","PWY-841",0.857411095305832,"Positive"
"PWY-5686","PWY-922",0.874054054054054,"Positive"
"PWY-5686","PWY0-1296",0.636130867709815,"Positive"
"PWY-5686","PWY0-1297",0.663584637268848,"Positive"
"PWY-5686","PWY0-1319",0.997211948790896,"Positive"
"PWY-5686","PWY0-1338",-0.7374679943101,"Negative"
"PWY-5686","PWY0-1533",-0.653371266002845,"Negative"
"PWY-5686","PWY0-1586",0.922389758179232,"Positive"
"PWY-5686","PWY0-162",0.877155049786629,"Positive"
"PWY-5686","PWY0-166",0.877041251778094,"Positive"
"PWY-5686","PWY0-845",-0.623186344238976,"Negative"
"PWY-5686","PWY4FS-7",0.986600284495021,"Positive"
"PWY-5686","PWY4FS-8",0.986600284495021,"Positive"
"PWY-5686","PYRIDNUCSAL-PWY",0.68551920341394,"Positive"
"PWY-5686","PYRIDOXSYN-PWY",-0.644011379800853,"Negative"
"PWY-5686","RIBOSYN2-PWY",0.857951635846373,"Positive"
"PWY-5686","SER-GLYSYN-PWY",0.875988620199146,"Positive"
"PWY-5686","THRESYN-PWY",0.947709815078236,"Positive"
"PWY-5686","TRNA-CHARGING-PWY",0.856273115220484,"Positive"
"PWY-5686","TRPSYN-PWY",0.817496443812233,"Positive"
"PWY-5686","UDPNAGSYN-PWY",0.99647226173542,"Positive"
"PWY-5686","VALSYN-PWY",0.864409672830725,"Positive"
"PWY-5695","PWY-7254",0.739658605974395,"Positive"
"PWY-5695","PWY0-1261",0.650583214793741,"Positive"
"PWY-5695","TCA",0.756927453769559,"Positive"
"PWY-5747","PWY-6353",0.600597439544808,"Positive"
"PWY-5747","PWY0-42",0.827766714082504,"Positive"
"PWY-5837","PWY-5838",0.993086770981508,"Positive"
"PWY-5837","PWY-5840",0.995049786628734,"Positive"
"PWY-5837","PWY-5861",0.9950213371266,"Positive"
"PWY-5837","PWY-5863",0.999857752489331,"Positive"
"PWY-5837","PWY-5897",0.995846372688478,"Positive"
"PWY-5837","PWY-5898",0.995846372688478,"Positive"
"PWY-5837","PWY-5899",0.995846372688478,"Positive"
"PWY-5838","PWY-5840",0.996671408250356,"Positive"
"PWY-5838","PWY-5861",0.998406827880512,"Positive"
"PWY-5838","PWY-5863",0.993598862019915,"Positive"
"PWY-5838","PWY-5897",0.996728307254623,"Positive"
"PWY-5838","PWY-5898",0.996728307254623,"Positive"
"PWY-5838","PWY-5899",0.996728307254623,"Positive"
"PWY-5840","PWY-5861",0.99448079658606,"Positive"
"PWY-5840","PWY-5863",0.995732574679943,"Positive"
"PWY-5840","PWY-5897",0.99977240398293,"Positive"
"PWY-5840","PWY-5898",0.99977240398293,"Positive"
"PWY-5840","PWY-5899",0.99977240398293,"Positive"
"PWY-5845","PWY-5850",1,"Positive"
"PWY-5845","PWY-5860",0.99977240398293,"Positive"
"PWY-5845","PWY-5862",0.99977240398293,"Positive"
"PWY-5845","PWY-5896",1,"Positive"
"PWY-5845","PWY-5910",-0.615675675675676,"Negative"
"PWY-5845","PWY-5973",-0.670355618776671,"Negative"
"PWY-5845","PWY-6121",-0.69977240398293,"Negative"
"PWY-5845","PWY-6122",-0.690753911806543,"Negative"
"PWY-5845","PWY-6123",-0.703413940256046,"Negative"
"PWY-5845","PWY-6125",-0.683243243243243,"Negative"
"PWY-5845","PWY-6126",-0.721166429587482,"Negative"
"PWY-5845","PWY-6147",-0.642844950213371,"Negative"
"PWY-5845","PWY-6151",-0.661365576102418,"Negative"
"PWY-5845","PWY-6163",-0.689018492176387,"Negative"
"PWY-5845","PWY-6277",-0.690753911806543,"Negative"
"PWY-5845","PWY-6317",-0.617752489331437,"Negative"
"PWY-5845","PWY-6385",-0.719089615931721,"Negative"
"PWY-5845","PWY-6386",-0.72352773826458,"Negative"
"PWY-5845","PWY-6387",-0.720284495021337,"Negative"
"PWY-5845","PWY-6471",-0.680170697012802,"Negative"
"PWY-5845","PWY-6507",0.686088193456615,"Positive"
"PWY-5845","PWY-6897",-0.677667140825036,"Negative"
"PWY-5845","PWY-7111",-0.678179231863442,"Negative"
"PWY-5845","PWY-7184",-0.669758179231863,"Negative"
"PWY-5845","PWY-7187",-0.709388335704125,"Negative"
"PWY-5845","PWY-7197",-0.66452347083926,"Negative"
"PWY-5845","PWY-7208",-0.711635846372689,"Negative"
"PWY-5845","PWY-7219",-0.719487908961593,"Negative"
"PWY-5845","PWY-7220",-0.681137980085349,"Negative"
"PWY-5845","PWY-7221",-0.726714082503556,"Negative"
"PWY-5845","PWY-7222",-0.681137980085349,"Negative"
"PWY-5845","PWY-7228",-0.67624466571835,"Negative"
"PWY-5845","PWY-7229",-0.722361308677098,"Negative"
"PWY-5845","PWY-7234",-0.67701280227596,"Negative"
"PWY-5845","PWY-7315",0.874395448079659,"Positive"
"PWY-5845","PWY-7400",-0.688847795163585,"Negative"
"PWY-5845","PWY-7539",-0.656671408250356,"Negative"
"PWY-5845","PWY-7663",-0.657923186344239,"Negative"
"PWY-5845","PWY-841",-0.695163584637269,"Negative"
"PWY-5845","PWY0-1319",-0.723243243243243,"Negative"
"PWY-5845","PWY0-1338",0.837211948790896,"Positive"
"PWY-5845","PWY0-1533",0.616529160739687,"Positive"
"PWY-5845","PWY0-1586",-0.61900426742532,"Negative"
"PWY-5845","PWY0-162",-0.690867709815078,"Negative"
"PWY-5845","PWY0-166",-0.704551920341394,"Negative"
"PWY-5845","PWY4FS-7",-0.717752489331437,"Negative"
"PWY-5845","PWY4FS-8",-0.717752489331437,"Negative"
"PWY-5845","RIBOSYN2-PWY",-0.685889046941679,"Negative"
"PWY-5845","SER-GLYSYN-PWY",-0.689132290184922,"Negative"
"PWY-5845","THRESYN-PWY",-0.72651493598862,"Negative"
"PWY-5845","TRNA-CHARGING-PWY",-0.647539118065434,"Negative"
"PWY-5845","TRPSYN-PWY",-0.644950213371266,"Negative"
"PWY-5845","UDPNAGSYN-PWY",-0.714310099573257,"Negative"
"PWY-5845","VALSYN-PWY",-0.674793741109531,"Negative"
"PWY-5850","PWY-5860",0.99977240398293,"Positive"
"PWY-5850","PWY-5862",0.99977240398293,"Positive"
"PWY-5850","PWY-5896",1,"Positive"
"PWY-5850","PWY-5910",-0.615675675675676,"Negative"
"PWY-5850","PWY-5973",-0.670355618776671,"Negative"
"PWY-5850","PWY-6121",-0.69977240398293,"Negative"
"PWY-5850","PWY-6122",-0.690753911806543,"Negative"
"PWY-5850","PWY-6123",-0.703413940256046,"Negative"
"PWY-5850","PWY-6125",-0.683243243243243,"Negative"
"PWY-5850","PWY-6126",-0.721166429587482,"Negative"
"PWY-5850","PWY-6147",-0.642844950213371,"Negative"
"PWY-5850","PWY-6151",-0.661365576102418,"Negative"
"PWY-5850","PWY-6163",-0.689018492176387,"Negative"
"PWY-5850","PWY-6277",-0.690753911806543,"Negative"
"PWY-5850","PWY-6317",-0.617752489331437,"Negative"
"PWY-5850","PWY-6385",-0.719089615931721,"Negative"
"PWY-5850","PWY-6386",-0.72352773826458,"Negative"
"PWY-5850","PWY-6387",-0.720284495021337,"Negative"
"PWY-5850","PWY-6471",-0.680170697012802,"Negative"
"PWY-5850","PWY-6507",0.686088193456615,"Positive"
"PWY-5850","PWY-6897",-0.677667140825036,"Negative"
"PWY-5850","PWY-7111",-0.678179231863442,"Negative"
"PWY-5850","PWY-7184",-0.669758179231863,"Negative"
"PWY-5850","PWY-7187",-0.709388335704125,"Negative"
"PWY-5850","PWY-7197",-0.66452347083926,"Negative"
"PWY-5850","PWY-7208",-0.711635846372689,"Negative"
"PWY-5850","PWY-7219",-0.719487908961593,"Negative"
"PWY-5850","PWY-7220",-0.681137980085349,"Negative"
"PWY-5850","PWY-7221",-0.726714082503556,"Negative"
"PWY-5850","PWY-7222",-0.681137980085349,"Negative"
"PWY-5850","PWY-7228",-0.67624466571835,"Negative"
"PWY-5850","PWY-7229",-0.722361308677098,"Negative"
"PWY-5850","PWY-7234",-0.67701280227596,"Negative"
"PWY-5850","PWY-7315",0.874395448079659,"Positive"
"PWY-5850","PWY-7400",-0.688847795163585,"Negative"
"PWY-5850","PWY-7539",-0.656671408250356,"Negative"
"PWY-5850","PWY-7663",-0.657923186344239,"Negative"
"PWY-5850","PWY-841",-0.695163584637269,"Negative"
"PWY-5850","PWY0-1319",-0.723243243243243,"Negative"
"PWY-5850","PWY0-1338",0.837211948790896,"Positive"
"PWY-5850","PWY0-1533",0.616529160739687,"Positive"
"PWY-5850","PWY0-1586",-0.61900426742532,"Negative"
"PWY-5850","PWY0-162",-0.690867709815078,"Negative"
"PWY-5850","PWY0-166",-0.704551920341394,"Negative"
"PWY-5850","PWY4FS-7",-0.717752489331437,"Negative"
"PWY-5850","PWY4FS-8",-0.717752489331437,"Negative"
"PWY-5850","RIBOSYN2-PWY",-0.685889046941679,"Negative"
"PWY-5850","SER-GLYSYN-PWY",-0.689132290184922,"Negative"
"PWY-5850","THRESYN-PWY",-0.72651493598862,"Negative"
"PWY-5850","TRNA-CHARGING-PWY",-0.647539118065434,"Negative"
"PWY-5850","TRPSYN-PWY",-0.644950213371266,"Negative"
"PWY-5850","UDPNAGSYN-PWY",-0.714310099573257,"Negative"
"PWY-5850","VALSYN-PWY",-0.674793741109531,"Negative"
"PWY-5855","PWY-5856",1,"Positive"
"PWY-5855","PWY-5857",1,"Positive"
"PWY-5855","PWY-5913",0.939943100995733,"Positive"
"PWY-5855","PWY-5920",0.863243243243243,"Positive"
"PWY-5855","PWY-6125",0.689559032716927,"Positive"
"PWY-5855","PWY-6147",0.710184921763869,"Positive"
"PWY-5855","PWY-6163",0.60221906116643,"Positive"
"PWY-5855","PWY-6467",0.883613086770981,"Positive"
"PWY-5855","PWY-6545",0.810440967283073,"Positive"
"PWY-5855","PWY-6700",0.833854907539118,"Positive"
"PWY-5855","PWY-6703",0.883357041251778,"Positive"
"PWY-5855","PWY-6708",1,"Positive"
"PWY-5855","PWY-7111",0.699630156472262,"Positive"
"PWY-5855","PWY-7184",0.685206258890469,"Positive"
"PWY-5855","PWY-7197",0.665263157894737,"Positive"
"PWY-5855","PWY-7211",0.94176386913229,"Positive"
"PWY-5855","PWY-7228",0.658520625889047,"Positive"
"PWY-5855","PWY-7254",0.60375533428165,"Positive"
"PWY-5855","PWY-7328",0.820910384068279,"Positive"
"PWY-5855","PWY-7392",0.840625889046942,"Positive"
"PWY-5855","PWY-7400",0.706543385490754,"Positive"
"PWY-5855","PWY-7539",0.74176386913229,"Positive"
"PWY-5855","PWY-7560",0.876927453769559,"Positive"
"PWY-5855","PWY-841",0.68475106685633,"Positive"
"PWY-5855","PWY0-162",0.640739687055477,"Positive"
"PWY-5855","PWY0-166",0.600597439544808,"Positive"
"PWY-5855","PYRIDNUCSAL-PWY",0.747169274537696,"Positive"
"PWY-5855","PYRIDNUCSYN-PWY",0.805263157894737,"Positive"
"PWY-5855","RIBOSYN2-PWY",0.707766714082504,"Positive"
"PWY-5855","SER-GLYSYN-PWY",0.638520625889047,"Positive"
"PWY-5855","SO4ASSIM-PWY",0.992091038406828,"Positive"
"PWY-5855","SULFATE-CYS-PWY",0.991948790896159,"Positive"
"PWY-5855","TRNA-CHARGING-PWY",0.678492176386913,"Positive"
"PWY-5855","TRPSYN-PWY",0.716159317211949,"Positive"
"PWY-5855","UBISYN-PWY",0.890810810810811,"Positive"
"PWY-5855","VALSYN-PWY",0.702503556187767,"Positive"
"PWY-5856","PWY-5857",1,"Positive"
"PWY-5856","PWY-5913",0.939943100995733,"Positive"
"PWY-5856","PWY-5920",0.863243243243243,"Positive"
"PWY-5856","PWY-6125",0.689559032716927,"Positive"
"PWY-5856","PWY-6147",0.710184921763869,"Positive"
"PWY-5856","PWY-6163",0.60221906116643,"Positive"
"PWY-5856","PWY-6467",0.883613086770981,"Positive"
"PWY-5856","PWY-6545",0.810440967283073,"Positive"
"PWY-5856","PWY-6700",0.833854907539118,"Positive"
"PWY-5856","PWY-6703",0.883357041251778,"Positive"
"PWY-5856","PWY-6708",1,"Positive"
"PWY-5856","PWY-7111",0.699630156472262,"Positive"
"PWY-5856","PWY-7184",0.685206258890469,"Positive"
"PWY-5856","PWY-7197",0.665263157894737,"Positive"
"PWY-5856","PWY-7211",0.94176386913229,"Positive"
"PWY-5856","PWY-7228",0.658520625889047,"Positive"
"PWY-5856","PWY-7254",0.60375533428165,"Positive"
"PWY-5856","PWY-7328",0.820910384068279,"Positive"
"PWY-5856","PWY-7392",0.840625889046942,"Positive"
"PWY-5856","PWY-7400",0.706543385490754,"Positive"
"PWY-5856","PWY-7539",0.74176386913229,"Positive"
"PWY-5856","PWY-7560",0.876927453769559,"Positive"
"PWY-5856","PWY-841",0.68475106685633,"Positive"
"PWY-5856","PWY0-162",0.640739687055477,"Positive"
"PWY-5856","PWY0-166",0.600597439544808,"Positive"
"PWY-5856","PYRIDNUCSAL-PWY",0.747169274537696,"Positive"
"PWY-5856","PYRIDNUCSYN-PWY",0.805263157894737,"Positive"
"PWY-5856","RIBOSYN2-PWY",0.707766714082504,"Positive"
"PWY-5856","SER-GLYSYN-PWY",0.638520625889047,"Positive"
"PWY-5856","SO4ASSIM-PWY",0.992091038406828,"Positive"
"PWY-5856","SULFATE-CYS-PWY",0.991948790896159,"Positive"
"PWY-5856","TRNA-CHARGING-PWY",0.678492176386913,"Positive"
"PWY-5856","TRPSYN-PWY",0.716159317211949,"Positive"
"PWY-5856","UBISYN-PWY",0.890810810810811,"Positive"
"PWY-5856","VALSYN-PWY",0.702503556187767,"Positive"
"PWY-5857","PWY-5913",0.939943100995733,"Positive"
"PWY-5857","PWY-5920",0.863243243243243,"Positive"
"PWY-5857","PWY-6125",0.689559032716927,"Positive"
"PWY-5857","PWY-6147",0.710184921763869,"Positive"
"PWY-5857","PWY-6163",0.60221906116643,"Positive"
"PWY-5857","PWY-6467",0.883613086770981,"Positive"
"PWY-5857","PWY-6545",0.810440967283073,"Positive"
"PWY-5857","PWY-6700",0.833854907539118,"Positive"
"PWY-5857","PWY-6703",0.883357041251778,"Positive"
"PWY-5857","PWY-6708",1,"Positive"
"PWY-5857","PWY-7111",0.699630156472262,"Positive"
"PWY-5857","PWY-7184",0.685206258890469,"Positive"
"PWY-5857","PWY-7197",0.665263157894737,"Positive"
"PWY-5857","PWY-7211",0.94176386913229,"Positive"
"PWY-5857","PWY-7228",0.658520625889047,"Positive"
"PWY-5857","PWY-7254",0.60375533428165,"Positive"
"PWY-5857","PWY-7328",0.820910384068279,"Positive"
"PWY-5857","PWY-7392",0.840625889046942,"Positive"
"PWY-5857","PWY-7400",0.706543385490754,"Positive"
"PWY-5857","PWY-7539",0.74176386913229,"Positive"
"PWY-5857","PWY-7560",0.876927453769559,"Positive"
"PWY-5857","PWY-841",0.68475106685633,"Positive"
"PWY-5857","PWY0-162",0.640739687055477,"Positive"
"PWY-5857","PWY0-166",0.600597439544808,"Positive"
"PWY-5857","PYRIDNUCSAL-PWY",0.747169274537696,"Positive"
"PWY-5857","PYRIDNUCSYN-PWY",0.805263157894737,"Positive"
"PWY-5857","RIBOSYN2-PWY",0.707766714082504,"Positive"
"PWY-5857","SER-GLYSYN-PWY",0.638520625889047,"Positive"
"PWY-5857","SO4ASSIM-PWY",0.992091038406828,"Positive"
"PWY-5857","SULFATE-CYS-PWY",0.991948790896159,"Positive"
"PWY-5857","TRNA-CHARGING-PWY",0.678492176386913,"Positive"
"PWY-5857","TRPSYN-PWY",0.716159317211949,"Positive"
"PWY-5857","UBISYN-PWY",0.890810810810811,"Positive"
"PWY-5857","VALSYN-PWY",0.702503556187767,"Positive"
"PWY-5860","PWY-5862",1,"Positive"
"PWY-5860","PWY-5896",0.99977240398293,"Positive"
"PWY-5860","PWY-5910",-0.618577524893314,"Negative"
"PWY-5860","PWY-5973",-0.674708392603129,"Negative"
"PWY-5860","PWY-6121",-0.703954480796586,"Negative"
"PWY-5860","PWY-6122",-0.695049786628734,"Negative"
"PWY-5860","PWY-6123",-0.707596017069701,"Negative"
"PWY-5860","PWY-6125",-0.688165007112375,"Negative"
"PWY-5860","PWY-6126",-0.725547652916074,"Negative"
"PWY-5860","PWY-6147",-0.647852062588905,"Negative"
"PWY-5860","PWY-6151",-0.664779516358464,"Negative"
"PWY-5860","PWY-6163",-0.692972972972973,"Negative"
"PWY-5860","PWY-6277",-0.695049786628734,"Negative"
"PWY-5860","PWY-6317",-0.619032716927454,"Negative"
"PWY-5860","PWY-6385",-0.723556187766714,"Negative"
"PWY-5860","PWY-6386",-0.727994310099573,"Negative"
"PWY-5860","PWY-6387",-0.72475106685633,"Negative"
"PWY-5860","PWY-6471",-0.683556187766714,"Negative"
"PWY-5860","PWY-6507",0.689018492176387,"Positive"
"PWY-5860","PWY-6897",-0.682816500711238,"Negative"
"PWY-5860","PWY-7111",-0.682588904694168,"Negative"
"PWY-5860","PWY-7184",-0.674850640113798,"Negative"
"PWY-5860","PWY-7187",-0.713911806543385,"Negative"
"PWY-5860","PWY-7197",-0.669388335704125,"Negative"
"PWY-5860","PWY-7208",-0.716216216216216,"Negative"
"PWY-5860","PWY-7219",-0.724068278805121,"Negative"
"PWY-5860","PWY-7220",-0.685348506401138,"Negative"
"PWY-5860","PWY-7221",-0.731351351351351,"Negative"
"PWY-5860","PWY-7222",-0.685348506401138,"Negative"
"PWY-5860","PWY-7228",-0.68122332859175,"Negative"
"PWY-5860","PWY-7229",-0.726685633001423,"Negative"
"PWY-5860","PWY-7234",-0.681394025604552,"Negative"
"PWY-5860","PWY-7315",0.87425320056899,"Positive"
"PWY-5860","PWY-7400",-0.693655761024182,"Negative"
"PWY-5860","PWY-7539",-0.662076813655761,"Negative"
"PWY-5860","PWY-7663",-0.662133712660028,"Negative"
"PWY-5860","PWY-841",-0.700256045519203,"Negative"
"PWY-5860","PWY0-1319",-0.727908961593172,"Negative"
"PWY-5860","PWY0-1338",0.837837837837838,"Positive"
"PWY-5860","PWY0-1533",0.619118065433855,"Positive"
"PWY-5860","PWY0-1586",-0.621849217638691,"Negative"
"PWY-5860","PWY0-162",-0.695903271692745,"Negative"
"PWY-5860","PWY0-166",-0.709445234708393,"Negative"
"PWY-5860","PWY4FS-7",-0.721820768136558,"Negative"
"PWY-5860","PWY4FS-8",-0.721820768136558,"Negative"
"PWY-5860","RIBOSYN2-PWY",-0.691436699857752,"Negative"
"PWY-5860","SER-GLYSYN-PWY",-0.693086770981508,"Negative"
"PWY-5860","THRESYN-PWY",-0.730924608819346,"Negative"
"PWY-5860","TRNA-CHARGING-PWY",-0.652802275960171,"Negative"
"PWY-5860","TRPSYN-PWY",-0.64972972972973,"Negative"
"PWY-5860","UDPNAGSYN-PWY",-0.718975817923186,"Negative"
"PWY-5860","VALSYN-PWY",-0.679260312944523,"Negative"
"PWY-5861","PWY-5863",0.995305832147937,"Positive"
"PWY-5861","PWY-5897",0.994992887624467,"Positive"
"PWY-5861","PWY-5898",0.994992887624467,"Positive"
"PWY-5861","PWY-5899",0.994992887624467,"Positive"
"PWY-5862","PWY-5896",0.99977240398293,"Positive"
"PWY-5862","PWY-5910",-0.618577524893314,"Negative"
"PWY-5862","PWY-5973",-0.674708392603129,"Negative"
"PWY-5862","PWY-6121",-0.703954480796586,"Negative"
"PWY-5862","PWY-6122",-0.695049786628734,"Negative"
"PWY-5862","PWY-6123",-0.707596017069701,"Negative"
"PWY-5862","PWY-6125",-0.688165007112375,"Negative"
"PWY-5862","PWY-6126",-0.725547652916074,"Negative"
"PWY-5862","PWY-6147",-0.647852062588905,"Negative"
"PWY-5862","PWY-6151",-0.664779516358464,"Negative"
"PWY-5862","PWY-6163",-0.692972972972973,"Negative"
"PWY-5862","PWY-6277",-0.695049786628734,"Negative"
"PWY-5862","PWY-6317",-0.619032716927454,"Negative"
"PWY-5862","PWY-6385",-0.723556187766714,"Negative"
"PWY-5862","PWY-6386",-0.727994310099573,"Negative"
"PWY-5862","PWY-6387",-0.72475106685633,"Negative"
"PWY-5862","PWY-6471",-0.683556187766714,"Negative"
"PWY-5862","PWY-6507",0.689018492176387,"Positive"
"PWY-5862","PWY-6897",-0.682816500711238,"Negative"
"PWY-5862","PWY-7111",-0.682588904694168,"Negative"
"PWY-5862","PWY-7184",-0.674850640113798,"Negative"
"PWY-5862","PWY-7187",-0.713911806543385,"Negative"
"PWY-5862","PWY-7197",-0.669388335704125,"Negative"
"PWY-5862","PWY-7208",-0.716216216216216,"Negative"
"PWY-5862","PWY-7219",-0.724068278805121,"Negative"
"PWY-5862","PWY-7220",-0.685348506401138,"Negative"
"PWY-5862","PWY-7221",-0.731351351351351,"Negative"
"PWY-5862","PWY-7222",-0.685348506401138,"Negative"
"PWY-5862","PWY-7228",-0.68122332859175,"Negative"
"PWY-5862","PWY-7229",-0.726685633001423,"Negative"
"PWY-5862","PWY-7234",-0.681394025604552,"Negative"
"PWY-5862","PWY-7315",0.87425320056899,"Positive"
"PWY-5862","PWY-7400",-0.693655761024182,"Negative"
"PWY-5862","PWY-7539",-0.662076813655761,"Negative"
"PWY-5862","PWY-7663",-0.662133712660028,"Negative"
"PWY-5862","PWY-841",-0.700256045519203,"Negative"
"PWY-5862","PWY0-1319",-0.727908961593172,"Negative"
"PWY-5862","PWY0-1338",0.837837837837838,"Positive"
"PWY-5862","PWY0-1533",0.619118065433855,"Positive"
"PWY-5862","PWY0-1586",-0.621849217638691,"Negative"
"PWY-5862","PWY0-162",-0.695903271692745,"Negative"
"PWY-5862","PWY0-166",-0.709445234708393,"Negative"
"PWY-5862","PWY4FS-7",-0.721820768136558,"Negative"
"PWY-5862","PWY4FS-8",-0.721820768136558,"Negative"
"PWY-5862","RIBOSYN2-PWY",-0.691436699857752,"Negative"
"PWY-5862","SER-GLYSYN-PWY",-0.693086770981508,"Negative"
"PWY-5862","THRESYN-PWY",-0.730924608819346,"Negative"
"PWY-5862","TRNA-CHARGING-PWY",-0.652802275960171,"Negative"
"PWY-5862","TRPSYN-PWY",-0.64972972972973,"Negative"
"PWY-5862","UDPNAGSYN-PWY",-0.718975817923186,"Negative"
"PWY-5862","VALSYN-PWY",-0.679260312944523,"Negative"
"PWY-5863","PWY-5897",0.99647226173542,"Positive"
"PWY-5863","PWY-5898",0.99647226173542,"Positive"
"PWY-5863","PWY-5899",0.99647226173542,"Positive"
"PWY-5896","PWY-5910",-0.615675675675676,"Negative"
"PWY-5896","PWY-5973",-0.670355618776671,"Negative"
"PWY-5896","PWY-6121",-0.69977240398293,"Negative"
"PWY-5896","PWY-6122",-0.690753911806543,"Negative"
"PWY-5896","PWY-6123",-0.703413940256046,"Negative"
"PWY-5896","PWY-6125",-0.683243243243243,"Negative"
"PWY-5896","PWY-6126",-0.721166429587482,"Negative"
"PWY-5896","PWY-6147",-0.642844950213371,"Negative"
"PWY-5896","PWY-6151",-0.661365576102418,"Negative"
"PWY-5896","PWY-6163",-0.689018492176387,"Negative"
"PWY-5896","PWY-6277",-0.690753911806543,"Negative"
"PWY-5896","PWY-6317",-0.617752489331437,"Negative"
"PWY-5896","PWY-6385",-0.719089615931721,"Negative"
"PWY-5896","PWY-6386",-0.72352773826458,"Negative"
"PWY-5896","PWY-6387",-0.720284495021337,"Negative"
"PWY-5896","PWY-6471",-0.680170697012802,"Negative"
"PWY-5896","PWY-6507",0.686088193456615,"Positive"
"PWY-5896","PWY-6897",-0.677667140825036,"Negative"
"PWY-5896","PWY-7111",-0.678179231863442,"Negative"
"PWY-5896","PWY-7184",-0.669758179231863,"Negative"
"PWY-5896","PWY-7187",-0.709388335704125,"Negative"
"PWY-5896","PWY-7197",-0.66452347083926,"Negative"
"PWY-5896","PWY-7208",-0.711635846372689,"Negative"
"PWY-5896","PWY-7219",-0.719487908961593,"Negative"
"PWY-5896","PWY-7220",-0.681137980085349,"Negative"
"PWY-5896","PWY-7221",-0.726714082503556,"Negative"
"PWY-5896","PWY-7222",-0.681137980085349,"Negative"
"PWY-5896","PWY-7228",-0.67624466571835,"Negative"
"PWY-5896","PWY-7229",-0.722361308677098,"Negative"
"PWY-5896","PWY-7234",-0.67701280227596,"Negative"
"PWY-5896","PWY-7315",0.874395448079659,"Positive"
"PWY-5896","PWY-7400",-0.688847795163585,"Negative"
"PWY-5896","PWY-7539",-0.656671408250356,"Negative"
"PWY-5896","PWY-7663",-0.657923186344239,"Negative"
"PWY-5896","PWY-841",-0.695163584637269,"Negative"
"PWY-5896","PWY0-1319",-0.723243243243243,"Negative"
"PWY-5896","PWY0-1338",0.837211948790896,"Positive"
"PWY-5896","PWY0-1533",0.616529160739687,"Positive"
"PWY-5896","PWY0-1586",-0.61900426742532,"Negative"
"PWY-5896","PWY0-162",-0.690867709815078,"Negative"
"PWY-5896","PWY0-166",-0.704551920341394,"Negative"
"PWY-5896","PWY4FS-7",-0.717752489331437,"Negative"
"PWY-5896","PWY4FS-8",-0.717752489331437,"Negative"
"PWY-5896","RIBOSYN2-PWY",-0.685889046941679,"Negative"
"PWY-5896","SER-GLYSYN-PWY",-0.689132290184922,"Negative"
"PWY-5896","THRESYN-PWY",-0.72651493598862,"Negative"
"PWY-5896","TRNA-CHARGING-PWY",-0.647539118065434,"Negative"
"PWY-5896","TRPSYN-PWY",-0.644950213371266,"Negative"
"PWY-5896","UDPNAGSYN-PWY",-0.714310099573257,"Negative"
"PWY-5896","VALSYN-PWY",-0.674793741109531,"Negative"
"PWY-5897","PWY-5898",1,"Positive"
"PWY-5897","PWY-5899",1,"Positive"
"PWY-5898","PWY-5899",1,"Positive"
"PWY-5910","PWY-5973",0.737211948790896,"Positive"
"PWY-5910","PWY-6121",0.765917496443812,"Positive"
"PWY-5910","PWY-6122",0.767880512091038,"Positive"
"PWY-5910","PWY-6123",0.789445234708393,"Positive"
"PWY-5910","PWY-6125",0.651664295874822,"Positive"
"PWY-5910","PWY-6126",0.866315789473684,"Positive"
"PWY-5910","PWY-6151",0.859630156472262,"Positive"
"PWY-5910","PWY-6163",0.70022759601707,"Positive"
"PWY-5910","PWY-621",0.784039829302987,"Positive"
"PWY-5910","PWY-6277",0.767880512091038,"Positive"
"PWY-5910","PWY-6317",0.854452347083926,"Positive"
"PWY-5910","PWY-6385",0.907624466571835,"Positive"
"PWY-5910","PWY-6386",0.905803698435277,"Positive"
"PWY-5910","PWY-6387",0.90873399715505,"Positive"
"PWY-5910","PWY-6471",0.973541963015647,"Positive"
"PWY-5910","PWY-6609",0.7425320056899,"Positive"
"PWY-5910","PWY-6897",0.733826458036984,"Positive"
"PWY-5910","PWY-7111",0.61701280227596,"Positive"
"PWY-5910","PWY-7184",0.657098150782361,"Positive"
"PWY-5910","PWY-7187",0.802133712660028,"Positive"
"PWY-5910","PWY-7197",0.624011379800854,"Positive"
"PWY-5910","PWY-7208",0.917183499288762,"Positive"
"PWY-5910","PWY-7219",0.900085348506401,"Positive"
"PWY-5910","PWY-7220",0.824608819345661,"Positive"
"PWY-5910","PWY-7221",0.90597439544808,"Positive"
"PWY-5910","PWY-7222",0.824608819345661,"Positive"
"PWY-5910","PWY-7228",0.647823613086771,"Positive"
"PWY-5910","PWY-7229",0.887140825035562,"Positive"
"PWY-5910","PWY-7234",0.746770981507824,"Positive"
"PWY-5910","PWY-7315",-0.644039829302987,"Negative"
"PWY-5910","PWY-7400",0.64122332859175,"Positive"
"PWY-5910","PWY-7663",0.777638691322902,"Positive"
"PWY-5910","PWY-841",0.664893314366999,"Positive"
"PWY-5910","PWY-922",0.997894736842105,"Positive"
"PWY-5910","PWY0-1296",0.705177809388336,"Positive"
"PWY-5910","PWY0-1297",0.751123755334282,"Positive"
"PWY-5910","PWY0-1298",0.680796586059744,"Positive"
"PWY-5910","PWY0-1319",0.886401137980085,"Positive"
"PWY-5910","PWY0-1338",-0.629359886201991,"Negative"
"PWY-5910","PWY0-1586",0.979971550497866,"Positive"
"PWY-5910","PWY0-162",0.687624466571835,"Positive"
"PWY-5910","PWY0-166",0.768165007112376,"Positive"
"PWY-5910","PWY4FS-7",0.908165007112376,"Positive"
"PWY-5910","PWY4FS-8",0.908165007112376,"Positive"
"PWY-5910","RIBOSYN2-PWY",0.613058321479374,"Positive"
"PWY-5910","SER-GLYSYN-PWY",0.651948790896159,"Positive"
"PWY-5910","TEICHOICACID-PWY",0.615391180654339,"Positive"
"PWY-5910","THRESYN-PWY",0.773285917496444,"Positive"
"PWY-5910","TRNA-CHARGING-PWY",0.710440967283073,"Positive"
"PWY-5910","UDPNAGSYN-PWY",0.895846372688478,"Positive"
"PWY-5910","VALSYN-PWY",0.612773826458037,"Positive"
"PWY-5913","PWY-5920",0.872802275960171,"Positive"
"PWY-5913","PWY-5973",0.68452347083926,"Positive"
"PWY-5913","PWY-6121",0.645405405405405,"Positive"
"PWY-5913","PWY-6122",0.646201991465149,"Positive"
"PWY-5913","PWY-6123",0.628193456614509,"Positive"
"PWY-5913","PWY-6125",0.811095305832148,"Positive"
"PWY-5913","PWY-6126",0.601735419630156,"Positive"
"PWY-5913","PWY-6147",0.787937411095306,"Positive"
"PWY-5913","PWY-6163",0.689559032716927,"Positive"
"PWY-5913","PWY-6277",0.646201991465149,"Positive"
"PWY-5913","PWY-6467",0.911038406827881,"Positive"
"PWY-5913","PWY-6545",0.865376955903272,"Positive"
"PWY-5913","PWY-6700",0.914537695590327,"Positive"
"PWY-5913","PWY-6703",0.914651493598862,"Positive"
"PWY-5913","PWY-6708",0.939943100995733,"Positive"
"PWY-5913","PWY-6897",0.660170697012802,"Positive"
"PWY-5913","PWY-7111",0.805803698435277,"Positive"
"PWY-5913","PWY-7184",0.796159317211949,"Positive"
"PWY-5913","PWY-7187",0.681337126600284,"Positive"
"PWY-5913","PWY-7197",0.798207681365576,"Positive"
"PWY-5913","PWY-7211",0.937496443812233,"Positive"
"PWY-5913","PWY-7228",0.793143669985775,"Positive"
"PWY-5913","PWY-7234",0.662048364153627,"Positive"
"PWY-5913","PWY-7328",0.869046941678521,"Positive"
"PWY-5913","PWY-7392",0.892887624466572,"Positive"
"PWY-5913","PWY-7400",0.828563300142248,"Positive"
"PWY-5913","PWY-7539",0.811436699857752,"Positive"
"PWY-5913","PWY-7560",0.917496443812233,"Positive"
"PWY-5913","PWY-7663",0.619687055476529,"Positive"
"PWY-5913","PWY-841",0.809672830725462,"Positive"
"PWY-5913","PWY0-1533",-0.669672830725462,"Negative"
"PWY-5913","PWY0-162",0.779914651493599,"Positive"
"PWY-5913","PWY0-166",0.730782361308677,"Positive"
"PWY-5913","PWY0-781",0.699402560455192,"Positive"
"PWY-5913","PYRIDNUCSAL-PWY",0.875874822190612,"Positive"
"PWY-5913","PYRIDNUCSYN-PWY",0.857496443812233,"Positive"
"PWY-5913","RIBOSYN2-PWY",0.774964438122333,"Positive"
"PWY-5913","SER-GLYSYN-PWY",0.741194879089616,"Positive"
"PWY-5913","SO4ASSIM-PWY",0.932375533428165,"Positive"
"PWY-5913","SULFATE-CYS-PWY",0.951436699857752,"Positive"
"PWY-5913","THRESYN-PWY",0.686856330014225,"Positive"
"PWY-5913","TRNA-CHARGING-PWY",0.807709815078236,"Positive"
"PWY-5913","TRPSYN-PWY",0.80850640113798,"Positive"
"PWY-5913","UBISYN-PWY",0.80398293029872,"Positive"
"PWY-5913","VALSYN-PWY",0.812290184921764,"Positive"
"PWY-5918","TCA",0.685661450924609,"Positive"
"PWY-5918","UBISYN-PWY",0.724694167852063,"Positive"
"PWY-5920","PWY-6125",0.675305832147937,"Positive"
"PWY-5920","PWY-6147",0.663840682788051,"Positive"
"PWY-5920","PWY-6467",0.782389758179232,"Positive"
"PWY-5920","PWY-6545",0.956899004267425,"Positive"
"PWY-5920","PWY-6700",0.757553342816501,"Positive"
"PWY-5920","PWY-6703",0.791095305832148,"Positive"
"PWY-5920","PWY-6708",0.863243243243243,"Positive"
"PWY-5920","PWY-7111",0.67448079658606,"Positive"
"PWY-5920","PWY-7184",0.660483641536273,"Positive"
"PWY-5920","PWY-7197",0.652403982930299,"Positive"
"PWY-5920","PWY-7211",0.863954480796586,"Positive"
"PWY-5920","PWY-7228",0.641906116642959,"Positive"
"PWY-5920","PWY-7328",0.955789473684211,"Positive"
"PWY-5920","PWY-7392",0.758634423897582,"Positive"
"PWY-5920","PWY-7400",0.646230440967283,"Positive"
"PWY-5920","PWY-7539",0.674907539118065,"Positive"
"PWY-5920","PWY-7560",0.793172119487909,"Positive"
"PWY-5920","PWY-841",0.661877667140825,"Positive"
"PWY-5920","PWY0-162",0.638492176386913,"Positive"
"PWY-5920","PWY0-781",0.725917496443812,"Positive"
"PWY-5920","PYRIDNUCSAL-PWY",0.803015647226174,"Positive"
"PWY-5920","PYRIDNUCSYN-PWY",0.94827880512091,"Positive"
"PWY-5920","RIBOSYN2-PWY",0.648250355618777,"Positive"
"PWY-5920","SER-GLYSYN-PWY",0.628022759601707,"Positive"
"PWY-5920","SO4ASSIM-PWY",0.872119487908962,"Positive"
"PWY-5920","SULFATE-CYS-PWY",0.895561877667141,"Positive"
"PWY-5920","TRNA-CHARGING-PWY",0.656984352773826,"Positive"
"PWY-5920","TRPSYN-PWY",0.666116642958748,"Positive"
"PWY-5920","UBISYN-PWY",0.716386913229018,"Positive"
"PWY-5920","VALSYN-PWY",0.681678520625889,"Positive"
"PWY-5971","PWY-5989",0.919544807965861,"Positive"
"PWY-5971","PWY-6282",0.96551920341394,"Positive"
"PWY-5971","PWY-6519",0.948165007112376,"Positive"
"PWY-5971","PWY-7664",0.967596017069701,"Positive"
"PWY-5971","PWY0-862",0.966486486486486,"Positive"
"PWY-5971","PWYG-321",0.869871977240398,"Positive"
"PWY-5973","PWY-6121",0.969701280227596,"Positive"
"PWY-5973","PWY-6122",0.969644381223329,"Positive"
"PWY-5973","PWY-6123",0.966657183499289,"Positive"
"PWY-5973","PWY-6125",0.892773826458037,"Positive"
"PWY-5973","PWY-6126",0.916955903271693,"Positive"
"PWY-5973","PWY-6147",0.839032716927454,"Positive"
"PWY-5973","PWY-6151",0.819914651493599,"Positive"
"PWY-5973","PWY-6163",0.917923186344239,"Positive"
"PWY-5973","PWY-621",0.628221906116643,"Positive"
"PWY-5973","PWY-6269",0.739886201991465,"Positive"
"PWY-5973","PWY-6277",0.969644381223329,"Positive"
"PWY-5973","PWY-6317",0.819630156472262,"Positive"
"PWY-5973","PWY-6385",0.912147937411095,"Positive"
"PWY-5973","PWY-6386",0.914907539118065,"Positive"
"PWY-5973","PWY-6387",0.911009957325747,"Positive"
"PWY-5973","PWY-6467",0.606799431009957,"Positive"
"PWY-5973","PWY-6471",0.828477951635846,"Positive"
"PWY-5973","PWY-6545",0.617354196301565,"Positive"
"PWY-5973","PWY-6609",0.617980085348506,"Positive"
"PWY-5973","PWY-6700",0.708677098150782,"Positive"
"PWY-5973","PWY-6703",0.623669985775249,"Positive"
"PWY-5973","PWY-6897",0.95900426742532,"Positive"
"PWY-5973","PWY-7111",0.909473684210526,"Positive"
"PWY-5973","PWY-7184",0.851408250355619,"Positive"
"PWY-5973","PWY-7187",0.877724039829303,"Positive"
"PWY-5973","PWY-7197",0.900284495021337,"Positive"
"PWY-5973","PWY-7208",0.899857752489331,"Positive"
"PWY-5973","PWY-7211",0.653456614509246,"Positive"
"PWY-5973","PWY-7219",0.917382645803698,"Positive"
"PWY-5973","PWY-7220",0.895049786628734,"Positive"
"PWY-5973","PWY-7221",0.904779516358464,"Positive"
"PWY-5973","PWY-7222",0.895049786628734,"Positive"
"PWY-5973","PWY-7228",0.904381223328592,"Positive"
"PWY-5973","PWY-7229",0.937411095305832,"Positive"
"PWY-5973","PWY-7234",0.906770981507824,"Positive"
"PWY-5973","PWY-7237",-0.600142247510669,"Negative"
"PWY-5973","PWY-7315",-0.735846372688478,"Negative"
"PWY-5973","PWY-7392",0.634879089615932,"Positive"
"PWY-5973","PWY-7400",0.927396870554765,"Positive"
"PWY-5973","PWY-7539",0.867368421052632,"Positive"
"PWY-5973","PWY-7560",0.627994310099573,"Positive"
"PWY-5973","PWY-7663",0.983129445234708,"Positive"
"PWY-5973","PWY-841",0.922844950213371,"Positive"
"PWY-5973","PWY-922",0.713086770981508,"Positive"
"PWY-5973","PWY0-1296",0.625177809388336,"Positive"
"PWY-5973","PWY0-1297",0.614054054054054,"Positive"
"PWY-5973","PWY0-1319",0.922560455192034,"Positive"
"PWY-5973","PWY0-1338",-0.72352773826458,"Negative"
"PWY-5973","PWY0-1533",-0.657496443812233,"Negative"
"PWY-5973","PWY0-1586",0.800341394025605,"Positive"
"PWY-5973","PWY0-162",0.908335704125178,"Positive"
"PWY-5973","PWY0-166",0.884352773826458,"Positive"
"PWY-5973","PWY0-781",0.61103840682788,"Positive"
"PWY-5973","PWY0-845",-0.603328591749644,"Negative"
"PWY-5973","PWY4FS-7",0.898577524893314,"Positive"
"PWY-5973","PWY4FS-8",0.898577524893314,"Positive"
"PWY-5973","PYRIDNUCSAL-PWY",0.766941678520626,"Positive"
"PWY-5973","PYRIDOXSYN-PWY",-0.630924608819346,"Negative"
"PWY-5973","RIBOSYN2-PWY",0.903385490753912,"Positive"
"PWY-5973","SER-GLYSYN-PWY",0.919146514935989,"Positive"
"PWY-5973","THRESYN-PWY",0.984608819345661,"Positive"
"PWY-5973","TRNA-CHARGING-PWY",0.820910384068279,"Positive"
"PWY-5973","TRPSYN-PWY",0.877951635846373,"Positive"
"PWY-5973","UDPNAGSYN-PWY",0.914879089615932,"Positive"
"PWY-5973","VALSYN-PWY",0.918634423897582,"Positive"
"PWY-5989","PWY-6282",0.856500711237553,"Positive"
"PWY-5989","PWY-6519",0.829018492176387,"Positive"
"PWY-5989","PWY-7664",0.852944523470839,"Positive"
"PWY-5989","PWY0-862",0.855590327169275,"Positive"
"PWY-5989","PWYG-321",0.809786628733997,"Positive"
"PWY-6071","PWY0-321",0.904096728307255,"Positive"
"PWY-6121","PWY-6122",0.999459459459459,"Positive"
"PWY-6121","PWY-6123",0.997837837837838,"Positive"
"PWY-6121","PWY-6125",0.843385490753912,"Positive"
"PWY-6121","PWY-6126",0.926543385490754,"Positive"
"PWY-6121","PWY-6147",0.807994310099573,"Positive"
"PWY-6121","PWY-6151",0.850583214793741,"Positive"
"PWY-6121","PWY-6163",0.957382645803698,"Positive"
"PWY-6121","PWY-6269",0.687823613086771,"Positive"
"PWY-6121","PWY-6277",0.999459459459459,"Positive"
"PWY-6121","PWY-6317",0.872460881934566,"Positive"
"PWY-6121","PWY-6385",0.918378378378378,"Positive"
"PWY-6121","PWY-6386",0.921394025604552,"Positive"
"PWY-6121","PWY-6387",0.917211948790896,"Positive"
"PWY-6121","PWY-6471",0.848705547652916,"Positive"
"PWY-6121","PWY-6507",-0.605291607396871,"Negative"
"PWY-6121","PWY-6609",0.66927453769559,"Positive"
"PWY-6121","PWY-6700",0.665633001422475,"Positive"
"PWY-6121","PWY-6897",0.97900426742532,"Positive"
"PWY-6121","PWY-7111",0.894822190611664,"Positive"
"PWY-6121","PWY-7184",0.803641536273115,"Positive"
"PWY-6121","PWY-7187",0.842475106685633,"Positive"
"PWY-6121","PWY-7197",0.846571834992888,"Positive"
"PWY-6121","PWY-7208",0.905405405405405,"Positive"
"PWY-6121","PWY-7211",0.622048364153627,"Positive"
"PWY-6121","PWY-7219",0.920597439544808,"Positive"
"PWY-6121","PWY-7220",0.908990042674253,"Positive"
"PWY-6121","PWY-7221",0.913598862019915,"Positive"
"PWY-6121","PWY-7222",0.908990042674253,"Positive"
"PWY-6121","PWY-7228",0.856671408250356,"Positive"
"PWY-6121","PWY-7229",0.946998577524893,"Positive"
"PWY-6121","PWY-7234",0.93823613086771,"Positive"
"PWY-6121","PWY-7315",-0.718862019914651,"Negative"
"PWY-6121","PWY-7392",0.610839260312945,"Positive"
"PWY-6121","PWY-7400",0.915135135135135,"Positive"
"PWY-6121","PWY-7539",0.843271692745377,"Positive"
"PWY-6121","PWY-7663",0.979687055476529,"Positive"
"PWY-6121","PWY-841",0.883726884779516,"Positive"
"PWY-6121","PWY-922",0.744068278805121,"Positive"
"PWY-6121","PWY0-1296",0.675277382645804,"Positive"
"PWY-6121","PWY0-1297",0.673940256045519,"Positive"
"PWY-6121","PWY0-1298",0.644352773826458,"Positive"
"PWY-6121","PWY0-1319",0.923243243243243,"Positive"
"PWY-6121","PWY0-1338",-0.717923186344239,"Negative"
"PWY-6121","PWY0-1533",-0.645462304409673,"Negative"
"PWY-6121","PWY0-1586",0.817837837837838,"Positive"
"PWY-6121","PWY0-162",0.861621621621622,"Positive"
"PWY-6121","PWY0-166",0.843869132290185,"Positive"
"PWY-6121","PWY4FS-7",0.908079658605974,"Positive"
"PWY-6121","PWY4FS-8",0.908079658605974,"Positive"
"PWY-6121","PYRIDNUCSAL-PWY",0.73072546230441,"Positive"
"PWY-6121","PYRIDOXSYN-PWY",-0.623015647226174,"Negative"
"PWY-6121","RIBOSYN2-PWY",0.884039829302987,"Positive"
"PWY-6121","SER-GLYSYN-PWY",0.89325746799431,"Positive"
"PWY-6121","THRESYN-PWY",0.974850640113798,"Positive"
"PWY-6121","TRNA-CHARGING-PWY",0.797354196301565,"Positive"
"PWY-6121","TRPSYN-PWY",0.849359886201991,"Positive"
"PWY-6121","UDPNAGSYN-PWY",0.91900426742532,"Positive"
"PWY-6121","VALSYN-PWY",0.904893314366999,"Positive"
"PWY-6122","PWY-6123",0.997866287339972,"Positive"
"PWY-6122","PWY-6125",0.843726884779516,"Positive"
"PWY-6122","PWY-6126",0.928819345661451,"Positive"
"PWY-6122","PWY-6147",0.804295874822191,"Positive"
"PWY-6122","PWY-6151",0.854566145092461,"Positive"
"PWY-6122","PWY-6163",0.956785206258891,"Positive"
"PWY-6122","PWY-6269",0.688933143669986,"Positive"
"PWY-6122","PWY-6277",1,"Positive"
"PWY-6122","PWY-6317",0.869786628733997,"Positive"
"PWY-6122","PWY-6385",0.918520625889047,"Positive"
"PWY-6122","PWY-6386",0.92153627311522,"Positive"
"PWY-6122","PWY-6387",0.917382645803698,"Positive"
"PWY-6122","PWY-6471",0.848534850640114,"Positive"
"PWY-6122","PWY-6507",-0.601507823613087,"Negative"
"PWY-6122","PWY-6609",0.665633001422475,"Positive"
"PWY-6122","PWY-6700",0.661792318634424,"Positive"
"PWY-6122","PWY-6897",0.979971550497866,"Positive"
"PWY-6122","PWY-7111",0.892546230440967,"Positive"
"PWY-6122","PWY-7184",0.804779516358464,"Positive"
"PWY-6122","PWY-7187",0.841137980085348,"Positive"
"PWY-6122","PWY-7197",0.845234708392603,"Positive"
"PWY-6122","PWY-7208",0.905490753911807,"Positive"
"PWY-6122","PWY-7211",0.624182076813656,"Positive"
"PWY-6122","PWY-7219",0.920540540540541,"Positive"
"PWY-6122","PWY-7220",0.912944523470839,"Positive"
"PWY-6122","PWY-7221",0.913684210526316,"Positive"
"PWY-6122","PWY-7222",0.912944523470839,"Positive"
"PWY-6122","PWY-7228",0.855334281650071,"Positive"
"PWY-6122","PWY-7229",0.946941678520626,"Positive"
"PWY-6122","PWY-7234",0.942702702702703,"Positive"
"PWY-6122","PWY-7315",-0.714338549075391,"Negative"
"PWY-6122","PWY-7392",0.605092460881935,"Positive"
"PWY-6122","PWY-7400",0.914139402560455,"Positive"
"PWY-6122","PWY-7539",0.839857752489331,"Positive"
"PWY-6122","PWY-7663",0.980625889046942,"Positive"
"PWY-6122","PWY-841",0.884011379800854,"Positive"
"PWY-6122","PWY-922",0.746201991465149,"Positive"
"PWY-6122","PWY0-1296",0.671806543385491,"Positive"
"PWY-6122","PWY0-1297",0.670526315789474,"Positive"
"PWY-6122","PWY0-1298",0.640967283072546,"Positive"
"PWY-6122","PWY0-1319",0.923669985775249,"Positive"
"PWY-6122","PWY0-1338",-0.712745376955903,"Negative"
"PWY-6122","PWY0-1533",-0.640938833570412,"Negative"
"PWY-6122","PWY0-1586",0.817667140825036,"Positive"
"PWY-6122","PWY0-162",0.860312944523471,"Positive"
"PWY-6122","PWY0-166",0.843869132290185,"Positive"
"PWY-6122","PWY4FS-7",0.908591749644381,"Positive"
"PWY-6122","PWY4FS-8",0.908591749644381,"Positive"
"PWY-6122","PYRIDNUCSAL-PWY",0.727681365576102,"Positive"
"PWY-6122","PYRIDOXSYN-PWY",-0.622816500711238,"Negative"
"PWY-6122","RIBOSYN2-PWY",0.880938833570412,"Positive"
"PWY-6122","SER-GLYSYN-PWY",0.890782361308677,"Positive"
"PWY-6122","THRESYN-PWY",0.97348506401138,"Positive"
"PWY-6122","TRNA-CHARGING-PWY",0.79524893314367,"Positive"
"PWY-6122","TRPSYN-PWY",0.846685633001423,"Positive"
"PWY-6122","UDPNAGSYN-PWY",0.91977240398293,"Positive"
"PWY-6122","VALSYN-PWY",0.902702702702703,"Positive"
"PWY-6123","PWY-6125",0.840967283072546,"Positive"
"PWY-6123","PWY-6126",0.935732574679943,"Positive"
"PWY-6123","PWY-6147",0.805376955903272,"Positive"
"PWY-6123","PWY-6151",0.861109530583215,"Positive"
"PWY-6123","PWY-6163",0.957553342816501,"Positive"
"PWY-6123","PWY-6269",0.686458036984353,"Positive"
"PWY-6123","PWY-6277",0.997866287339972,"Positive"
"PWY-6123","PWY-6317",0.880512091038407,"Positive"
"PWY-6123","PWY-6385",0.930810810810811,"Positive"
"PWY-6123","PWY-6386",0.933627311522048,"Positive"
"PWY-6123","PWY-6387",0.929672830725462,"Positive"
"PWY-6123","PWY-6471",0.867140825035562,"Positive"
"PWY-6123","PWY-6507",-0.614452347083926,"Negative"
"PWY-6123","PWY-6609",0.681593172119488,"Positive"
"PWY-6123","PWY-6700",0.654452347083926,"Positive"
"PWY-6123","PWY-6897",0.977041251778094,"Positive"
"PWY-6123","PWY-7111",0.891635846372688,"Positive"
"PWY-6123","PWY-7184",0.801251778093883,"Positive"
"PWY-6123","PWY-7187",0.849815078236131,"Positive"
"PWY-6123","PWY-7197",0.843157894736842,"Positive"
"PWY-6123","PWY-7208",0.918975817923186,"Positive"
"PWY-6123","PWY-7211",0.613001422475107,"Positive"
"PWY-6123","PWY-7219",0.932091038406828,"Positive"
"PWY-6123","PWY-7220",0.916614509246088,"Positive"
"PWY-6123","PWY-7221",0.926201991465149,"Positive"
"PWY-6123","PWY-7222",0.916614509246088,"Positive"
"PWY-6123","PWY-7228",0.853854907539118,"Positive"
"PWY-6123","PWY-7229",0.957041251778094,"Positive"
"PWY-6123","PWY-7234",0.937894736842105,"Positive"
"PWY-6123","PWY-7315",-0.724551920341394,"Negative"
"PWY-6123","PWY-7392",0.601365576102418,"Positive"
"PWY-6123","PWY-7400",0.911095305832148,"Positive"
"PWY-6123","PWY-7539",0.838065433854908,"Positive"
"PWY-6123","PWY-7663",0.978435277382646,"Positive"
"PWY-6123","PWY-841",0.879715504978663,"Positive"
"PWY-6123","PWY-922",0.768563300142247,"Positive"
"PWY-6123","PWY0-1296",0.684267425320057,"Positive"
"PWY-6123","PWY0-1297",0.684295874822191,"Positive"
"PWY-6123","PWY0-1298",0.654651493598862,"Positive"
"PWY-6123","PWY0-1319",0.933741109530583,"Positive"
"PWY-6123","PWY0-1338",-0.724466571834993,"Negative"
"PWY-6123","PWY0-1533",-0.643413940256045,"Negative"
"PWY-6123","PWY0-1586",0.837382645803698,"Positive"
"PWY-6123","PWY0-162",0.860597439544808,"Positive"
"PWY-6123","PWY0-166",0.848079658605974,"Positive"
"PWY-6123","PWY4FS-7",0.920967283072546,"Positive"
"PWY-6123","PWY4FS-8",0.920967283072546,"Positive"
"PWY-6123","PYRIDNUCSAL-PWY",0.717439544807966,"Positive"
"PWY-6123","PYRIDOXSYN-PWY",-0.626401137980085,"Negative"
"PWY-6123","RIBOSYN2-PWY",0.879971550497866,"Positive"
"PWY-6123","SER-GLYSYN-PWY",0.892091038406828,"Positive"
"PWY-6123","THRESYN-PWY",0.975192034139403,"Positive"
"PWY-6123","TRNA-CHARGING-PWY",0.801337126600284,"Positive"
"PWY-6123","TRPSYN-PWY",0.845576102418208,"Positive"
"PWY-6123","UDPNAGSYN-PWY",0.930668563300142,"Positive"
"PWY-6123","VALSYN-PWY",0.900967283072546,"Positive"
"PWY-6125","PWY-6126",0.850668563300142,"Positive"
"PWY-6125","PWY-6147",0.804807965860597,"Positive"
"PWY-6125","PWY-6151",0.754594594594595,"Positive"
"PWY-6125","PWY-6163",0.782076813655761,"Positive"
"PWY-6125","PWY-621",0.728449502133713,"Positive"
"PWY-6125","PWY-6277",0.843726884779516,"Positive"
"PWY-6125","PWY-6317",0.675305832147937,"Positive"
"PWY-6125","PWY-6385",0.830014224751067,"Positive"
"PWY-6125","PWY-6386",0.832347083926031,"Positive"
"PWY-6125","PWY-6387",0.828876244665718,"Positive"
"PWY-6125","PWY-6467",0.687169274537696,"Positive"
"PWY-6125","PWY-6471",0.738719772403983,"Positive"
"PWY-6125","PWY-6545",0.708847795163585,"Positive"
"PWY-6125","PWY-6700",0.790071123755334,"Positive"
"PWY-6125","PWY-6703",0.701450924608819,"Positive"
"PWY-6125","PWY-6708",0.689559032716927,"Positive"
"PWY-6125","PWY-6897",0.830583214793741,"Positive"
"PWY-6125","PWY-7111",0.854793741109531,"Positive"
"PWY-6125","PWY-7184",0.978378378378378,"Positive"
"PWY-6125","PWY-7187",0.94651493598862,"Positive"
"PWY-6125","PWY-7197",0.9825320056899,"Positive"
"PWY-6125","PWY-7208",0.821934566145092,"Positive"
"PWY-6125","PWY-7211",0.816130867709815,"Positive"
"PWY-6125","PWY-7219",0.837439544807966,"Positive"
"PWY-6125","PWY-7220",0.822702702702703,"Positive"
"PWY-6125","PWY-7221",0.828705547652916,"Positive"
"PWY-6125","PWY-7222",0.822702702702703,"Positive"
"PWY-6125","PWY-7228",0.986486486486487,"Positive"
"PWY-6125","PWY-7229",0.840711237553343,"Positive"
"PWY-6125","PWY-7234",0.837524893314367,"Positive"
"PWY-6125","PWY-7242",-0.60796586059744,"Negative"
"PWY-6125","PWY-7315",-0.71448079658606,"Negative"
"PWY-6125","PWY-7328",0.65877667140825,"Positive"
"PWY-6125","PWY-7392",0.735391180654339,"Positive"
"PWY-6125","PWY-7400",0.933456614509246,"Positive"
"PWY-6125","PWY-7539",0.821166429587482,"Positive"
"PWY-6125","PWY-7560",0.718179231863442,"Positive"
"PWY-6125","PWY-7663",0.840312944523471,"Positive"
"PWY-6125","PWY-841",0.992375533428165,"Positive"
"PWY-6125","PWY-922",0.623129445234708,"Positive"
"PWY-6125","PWY0-1319",0.848421052631579,"Positive"
"PWY-6125","PWY0-1338",-0.670782361308677,"Negative"
"PWY-6125","PWY0-1533",-0.657069701280228,"Negative"
"PWY-6125","PWY0-1586",0.699146514935989,"Positive"
"PWY-6125","PWY0-162",0.983328591749644,"Positive"
"PWY-6125","PWY0-166",0.968392603129445,"Positive"
"PWY-6125","PWY0-781",0.607140825035562,"Positive"
"PWY-6125","PWY4FS-7",0.820853485064011,"Positive"
"PWY-6125","PWY4FS-8",0.820853485064011,"Positive"
"PWY-6125","PYRIDNUCSAL-PWY",0.80697012802276,"Positive"
"PWY-6125","PYRIDNUCSYN-PWY",0.657724039829303,"Positive"
"PWY-6125","RIBOSYN2-PWY",0.843470839260313,"Positive"
"PWY-6125","SER-GLYSYN-PWY",0.837069701280228,"Positive"
"PWY-6125","SO4ASSIM-PWY",0.677439544807966,"Positive"
"PWY-6125","SULFATE-CYS-PWY",0.714537695590327,"Positive"
"PWY-6125","THRESYN-PWY",0.902930298719772,"Positive"
"PWY-6125","TRNA-CHARGING-PWY",0.902844950213371,"Positive"
"PWY-6125","TRPSYN-PWY",0.81923186344239,"Positive"
"PWY-6125","UDPNAGSYN-PWY",0.838662873399715,"Positive"
"PWY-6125","VALSYN-PWY",0.857411095305832,"Positive"
"PWY-6126","PWY-6147",0.762475106685633,"Positive"
"PWY-6126","PWY-6151",0.933342816500711,"Positive"
"PWY-6126","PWY-6163",0.88972972972973,"Positive"
"PWY-6126","PWY-621",0.676159317211949,"Positive"
"PWY-6126","PWY-6269",0.663442389758179,"Positive"
"PWY-6126","PWY-6277",0.928819345661451,"Positive"
"PWY-6126","PWY-6317",0.842588904694168,"Positive"
"PWY-6126","PWY-6385",0.966685633001423,"Positive"
"PWY-6126","PWY-6386",0.967368421052632,"Positive"
"PWY-6126","PWY-6387",0.966458036984353,"Positive"
"PWY-6126","PWY-6471",0.921422475106686,"Positive"
"PWY-6126","PWY-6507",-0.652546230440967,"Negative"
"PWY-6126","PWY-6609",0.658634423897582,"Positive"
"PWY-6126","PWY-6897",0.912318634423898,"Positive"
"PWY-6126","PWY-7111",0.845633001422475,"Positive"
"PWY-6126","PWY-7184",0.826315789473684,"Positive"
"PWY-6126","PWY-7187",0.867709815078236,"Positive"
"PWY-6126","PWY-7197",0.808534850640114,"Positive"
"PWY-6126","PWY-7208",0.961706970128023,"Positive"
"PWY-6126","PWY-7211",0.648677098150782,"Positive"
"PWY-6126","PWY-7219",0.966827880512091,"Positive"
"PWY-6126","PWY-7220",0.981450924608819,"Positive"
"PWY-6126","PWY-7221",0.963641536273115,"Positive"
"PWY-6126","PWY-7222",0.981450924608819,"Positive"
"PWY-6126","PWY-7228",0.823300142247511,"Positive"
"PWY-6126","PWY-7229",0.975789473684211,"Positive"
"PWY-6126","PWY-7234",0.948250355618777,"Positive"
"PWY-6126","PWY-7237",-0.612204836415363,"Negative"
"PWY-6126","PWY-7315",-0.747852062588905,"Negative"
"PWY-6126","PWY-7400",0.852887624466572,"Positive"
"PWY-6126","PWY-7539",0.781365576102418,"Positive"
"PWY-6126","PWY-7663",0.929985775248933,"Positive"
"PWY-6126","PWY-841",0.870981507823613,"Positive"
"PWY-6126","PWY-922",0.850554765291607,"Positive"
"PWY-6126","PWY0-1296",0.648193456614509,"Positive"
"PWY-6126","PWY0-1297",0.667396870554765,"Positive"
"PWY-6126","PWY0-1298",0.612830725462304,"Positive"
"PWY-6126","PWY0-1319",0.965718349928876,"Positive"
"PWY-6126","PWY0-1338",-0.740910384068279,"Negative"
"PWY-6126","PWY0-1533",-0.633342816500711,"Negative"
"PWY-6126","PWY0-1586",0.89027027027027,"Positive"
"PWY-6126","PWY0-162",0.846714082503556,"Positive"
"PWY-6126","PWY0-166",0.869445234708393,"Positive"
"PWY-6126","PWY0-845",-0.603556187766714,"Negative"
"PWY-6126","PWY4FS-7",0.971692745376956,"Positive"
"PWY-6126","PWY4FS-8",0.971692745376956,"Positive"
"PWY-6126","PYRIDNUCSAL-PWY",0.643129445234708,"Positive"
"PWY-6126","PYRIDOXSYN-PWY",-0.628193456614509,"Negative"
"PWY-6126","RIBOSYN2-PWY",0.835988620199147,"Positive"
"PWY-6126","SER-GLYSYN-PWY",0.855362731152205,"Positive"
"PWY-6126","THRESYN-PWY",0.94,"Positive"
"PWY-6126","TRNA-CHARGING-PWY",0.806714082503556,"Positive"
"PWY-6126","TRPSYN-PWY",0.795817923186344,"Positive"
"PWY-6126","UDPNAGSYN-PWY",0.965348506401138,"Positive"
"PWY-6126","VALSYN-PWY",0.846344238975818,"Positive"
"PWY-6147","PWY-6151",0.630611664295875,"Positive"
"PWY-6147","PWY-6163",0.876728307254623,"Positive"
"PWY-6147","PWY-6269",0.728364153627312,"Positive"
"PWY-6147","PWY-6277",0.804295874822191,"Positive"
"PWY-6147","PWY-6317",0.615761024182077,"Positive"
"PWY-6147","PWY-6385",0.773655761024182,"Positive"
"PWY-6147","PWY-6386",0.77678520625889,"Positive"
"PWY-6147","PWY-6387",0.771379800853485,"Positive"
"PWY-6147","PWY-6467",0.811920341394026,"Positive"
"PWY-6147","PWY-6471",0.651948790896159,"Positive"
"PWY-6147","PWY-6545",0.709900426742532,"Positive"
"PWY-6147","PWY-6700",0.883100995732575,"Positive"
"PWY-6147","PWY-6703",0.834423897581792,"Positive"
"PWY-6147","PWY-6708",0.710184921763869,"Positive"
"PWY-6147","PWY-6897",0.797041251778094,"Positive"
"PWY-6147","PWY-7111",0.953854907539118,"Positive"
"PWY-6147","PWY-7184",0.757553342816501,"Positive"
"PWY-6147","PWY-7187",0.766372688477952,"Positive"
"PWY-6147","PWY-7197",0.824438122332859,"Positive"
"PWY-6147","PWY-7208",0.761024182076814,"Positive"
"PWY-6147","PWY-7211",0.727596017069701,"Positive"
"PWY-6147","PWY-7219",0.782930298719772,"Positive"
"PWY-6147","PWY-7220",0.719374110953058,"Positive"
"PWY-6147","PWY-7221",0.770241820768137,"Positive"
"PWY-6147","PWY-7222",0.719374110953058,"Positive"
"PWY-6147","PWY-7228",0.822930298719772,"Positive"
"PWY-6147","PWY-7229",0.787112375533428,"Positive"
"PWY-6147","PWY-7234",0.738150782361309,"Positive"
"PWY-6147","PWY-7242",-0.605860597439545,"Negative"
"PWY-6147","PWY-7315",-0.674281650071124,"Negative"
"PWY-6147","PWY-7328",0.674850640113798,"Positive"
"PWY-6147","PWY-7392",0.804153627311522,"Positive"
"PWY-6147","PWY-7400",0.888307254623044,"Positive"
"PWY-6147","PWY-7539",0.990128022759602,"Positive"
"PWY-6147","PWY-7560",0.819715504978663,"Positive"
"PWY-6147","PWY-7663",0.799402560455192,"Positive"
"PWY-6147","PWY-841",0.823897581792319,"Positive"
"PWY-6147","PWY0-1319",0.796273115220484,"Positive"
"PWY-6147","PWY0-1338",-0.648051209103841,"Negative"
"PWY-6147","PWY0-1533",-0.707908961593172,"Negative"
"PWY-6147","PWY0-1586",0.602958748221906,"Positive"
"PWY-6147","PWY0-162",0.830156472261735,"Positive"
"PWY-6147","PWY0-166",0.775761024182077,"Positive"
"PWY-6147","PWY0-781",0.640711237553343,"Positive"
"PWY-6147","PWY4FS-7",0.748819345661451,"Positive"
"PWY-6147","PWY4FS-8",0.748819345661451,"Positive"
"PWY-6147","PYRIDNUCSAL-PWY",0.82022759601707,"Positive"
"PWY-6147","PYRIDNUCSYN-PWY",0.671408250355619,"Positive"
"PWY-6147","RIBOSYN2-PWY",0.962475106685633,"Positive"
"PWY-6147","SER-GLYSYN-PWY",0.960398293029872,"Positive"
"PWY-6147","SO4ASSIM-PWY",0.689900426742532,"Positive"
"PWY-6147","SULFATE-CYS-PWY",0.725775248933144,"Positive"
"PWY-6147","THRESYN-PWY",0.854509246088193,"Positive"
"PWY-6147","TRNA-CHARGING-PWY",0.789075391180654,"Positive"
"PWY-6147","TRPSYN-PWY",0.975106685633001,"Positive"
"PWY-6147","UDPNAGSYN-PWY",0.778662873399716,"Positive"
"PWY-6147","VALSYN-PWY",0.951009957325747,"Positive"
"PWY-6151","PWY-6163",0.807425320056899,"Positive"
"PWY-6151","PWY-621",0.616614509246088,"Positive"
"PWY-6151","PWY-6277",0.854566145092461,"Positive"
"PWY-6151","PWY-6317",0.851891891891892,"Positive"
"PWY-6151","PWY-6385",0.865149359886202,"Positive"
"PWY-6151","PWY-6386",0.866458036984353,"Positive"
"PWY-6151","PWY-6387",0.865035561877667,"Positive"
"PWY-6151","PWY-6471",0.875675675675676,"Positive"
"PWY-6151","PWY-6609",0.699288762446657,"Positive"
"PWY-6151","PWY-6897",0.825405405405405,"Positive"
"PWY-6151","PWY-7111",0.721251778093883,"Positive"
"PWY-6151","PWY-7184",0.791038406827881,"Positive"
"PWY-6151","PWY-7187",0.805576102418208,"Positive"
"PWY-6151","PWY-7197",0.685633001422475,"Positive"
"PWY-6151","PWY-7208",0.860967283072546,"Positive"
"PWY-6151","PWY-7219",0.862788051209104,"Positive"
"PWY-6151","PWY-7220",0.949445234708393,"Positive"
"PWY-6151","PWY-7221",0.864125177809388,"Positive"
"PWY-6151","PWY-7222",0.949445234708393,"Positive"
"PWY-6151","PWY-7228",0.705945945945946,"Positive"
"PWY-6151","PWY-7229",0.876813655761024,"Positive"
"PWY-6151","PWY-7234",0.93325746799431,"Positive"
"PWY-6151","PWY-7315",-0.674822190611664,"Negative"
"PWY-6151","PWY-7400",0.747083926031294,"Positive"
"PWY-6151","PWY-7539",0.655078236130868,"Positive"
"PWY-6151","PWY-7663",0.850042674253201,"Positive"
"PWY-6151","PWY-841",0.781081081081081,"Positive"
"PWY-6151","PWY-922",0.853285917496444,"Positive"
"PWY-6151","PWY0-1296",0.683556187766714,"Positive"
"PWY-6151","PWY0-1297",0.71226173541963,"Positive"
"PWY-6151","PWY0-1298",0.67126600284495,"Positive"
"PWY-6151","PWY0-1319",0.855334281650071,"Positive"
"PWY-6151","PWY0-1338",-0.672517780938834,"Negative"
"PWY-6151","PWY0-1586",0.875561877667141,"Positive"
"PWY-6151","PWY0-162",0.723385490753912,"Positive"
"PWY-6151","PWY0-166",0.816415362731152,"Positive"
"PWY-6151","PWY4FS-7",0.883385490753912,"Positive"
"PWY-6151","PWY4FS-8",0.883385490753912,"Positive"
"PWY-6151","RIBOSYN2-PWY",0.709985775248933,"Positive"
"PWY-6151","SER-GLYSYN-PWY",0.737411095305832,"Positive"
"PWY-6151","TEICHOICACID-PWY",0.6124893314367,"Positive"
"PWY-6151","THRESYN-PWY",0.833854907539118,"Positive"
"PWY-6151","TRNA-CHARGING-PWY",0.69800853485064,"Positive"
"PWY-6151","TRPSYN-PWY",0.672802275960171,"Positive"
"PWY-6151","UDPNAGSYN-PWY",0.859174964438122,"Positive"
"PWY-6151","VALSYN-PWY",0.721251778093883,"Positive"
"PWY-6163","PWY-6269",0.695504978662873,"Positive"
"PWY-6163","PWY-6277",0.956785206258891,"Positive"
"PWY-6163","PWY-6317",0.799800853485064,"Positive"
"PWY-6163","PWY-6385",0.886173541963016,"Positive"
"PWY-6163","PWY-6386",0.889644381223329,"Positive"
"PWY-6163","PWY-6387",0.884580369843528,"Positive"
"PWY-6163","PWY-6467",0.656130867709815,"Positive"
"PWY-6163","PWY-6471",0.800284495021337,"Positive"
"PWY-6163","PWY-6700",0.735846372688478,"Positive"
"PWY-6163","PWY-6703",0.672574679943101,"Positive"
"PWY-6163","PWY-6708",0.60221906116643,"Positive"
"PWY-6163","PWY-6897",0.941678520625889,"Positive"
"PWY-6163","PWY-7111",0.941308677098151,"Positive"
"PWY-6163","PWY-7184",0.735960170697013,"Positive"
"PWY-6163","PWY-7187",0.778634423897582,"Positive"
"PWY-6163","PWY-7197",0.788193456614509,"Positive"
"PWY-6163","PWY-7208",0.870412517780939,"Positive"
"PWY-6163","PWY-7211",0.655106685633001,"Positive"
"PWY-6163","PWY-7219",0.888108108108108,"Positive"
"PWY-6163","PWY-7220",0.866685633001422,"Positive"
"PWY-6163","PWY-7221",0.882446657183499,"Positive"
"PWY-6163","PWY-7222",0.866685633001422,"Positive"
"PWY-6163","PWY-7228",0.797752489331437,"Positive"
"PWY-6163","PWY-7229",0.912147937411095,"Positive"
"PWY-6163","PWY-7234",0.896529160739687,"Positive"
"PWY-6163","PWY-7315",-0.691977240398293,"Negative"
"PWY-6163","PWY-7392",0.670241820768137,"Positive"
"PWY-6163","PWY-7400",0.916984352773827,"Positive"
"PWY-6163","PWY-7539",0.898293029871977,"Positive"
"PWY-6163","PWY-7560",0.664779516358464,"Positive"
"PWY-6163","PWY-7663",0.931891891891892,"Positive"
"PWY-6163","PWY-841",0.823470839260313,"Positive"
"PWY-6163","PWY-922",0.675220483641536,"Positive"
"PWY-6163","PWY0-1297",0.616927453769559,"Positive"
"PWY-6163","PWY0-1319",0.894679943100996,"Positive"
"PWY-6163","PWY0-1338",-0.691834992887625,"Negative"
"PWY-6163","PWY0-1533",-0.662019914651494,"Negative"
"PWY-6163","PWY0-1586",0.762332859174964,"Positive"
"PWY-6163","PWY0-162",0.807681365576102,"Positive"
"PWY-6163","PWY0-166",0.780113798008535,"Positive"
"PWY-6163","PWY4FS-7",0.874167852062589,"Positive"
"PWY-6163","PWY4FS-8",0.874167852062589,"Positive"
"PWY-6163","PYRIDNUCSAL-PWY",0.737667140825036,"Positive"
"PWY-6163","PYRIDOXSYN-PWY",-0.612091038406828,"Negative"
"PWY-6163","RIBOSYN2-PWY",0.910042674253201,"Positive"
"PWY-6163","SER-GLYSYN-PWY",0.931550497866287,"Positive"
"PWY-6163","SULFATE-CYS-PWY",0.613229018492176,"Positive"
"PWY-6163","THRESYN-PWY",0.934509246088193,"Positive"
"PWY-6163","TRNA-CHARGING-PWY",0.780369843527738,"Positive"
"PWY-6163","TRPSYN-PWY",0.914964438122333,"Positive"
"PWY-6163","UDPNAGSYN-PWY",0.887339971550498,"Positive"
"PWY-6163","VALSYN-PWY",0.945405405405405,"Positive"
"PWY-6182","PWY-6185",0.869331436699858,"Positive"
"PWY-6185","PWY0-321",0.665661450924609,"Positive"
"PWY-621","PWY-6317",0.612830725462304,"Positive"
"PWY-621","PWY-6385",0.737809388335704,"Positive"
"PWY-621","PWY-6386",0.735078236130868,"Positive"
"PWY-621","PWY-6387",0.737980085348506,"Positive"
"PWY-621","PWY-6471",0.775874822190612,"Positive"
"PWY-621","PWY-7184",0.730469416785206,"Positive"
"PWY-621","PWY-7187",0.833940256045519,"Positive"
"PWY-621","PWY-7197",0.719089615931721,"Positive"
"PWY-621","PWY-7208",0.748933143669986,"Positive"
"PWY-621","PWY-7219",0.735391180654339,"Positive"
"PWY-621","PWY-7220",0.617069701280228,"Positive"
"PWY-621","PWY-7221",0.732773826458037,"Positive"
"PWY-621","PWY-7222",0.617069701280228,"Positive"
"PWY-621","PWY-7228",0.733058321479374,"Positive"
"PWY-621","PWY-7229",0.706002844950213,"Positive"
"PWY-621","PWY-7400",0.614537695590327,"Positive"
"PWY-621","PWY-7663",0.603044096728307,"Positive"
"PWY-621","PWY-841",0.70452347083926,"Positive"
"PWY-621","PWY-922",0.773200568990043,"Positive"
"PWY-621","PWY0-1319",0.723869132290185,"Positive"
"PWY-621","PWY0-1586",0.786315789473684,"Positive"
"PWY-621","PWY0-162",0.760881934566145,"Positive"
"PWY-621","PWY0-166",0.809388335704125,"Positive"
"PWY-621","PWY4FS-7",0.715960170697013,"Positive"
"PWY-621","PWY4FS-8",0.715960170697013,"Positive"
"PWY-621","THRESYN-PWY",0.657610241820768,"Positive"
"PWY-621","TRNA-CHARGING-PWY",0.7724893314367,"Positive"
"PWY-621","UDPNAGSYN-PWY",0.726913229018492,"Positive"
"PWY-6263","PWY-7371",0.991522048364154,"Positive"
"PWY-6269","PWY-6277",0.688933143669986,"Positive"
"PWY-6269","PWY-6385",0.678975817923186,"Positive"
"PWY-6269","PWY-6386",0.681792318634424,"Positive"
"PWY-6269","PWY-6387",0.678036984352774,"Positive"
"PWY-6269","PWY-6897",0.687339971550498,"Positive"
"PWY-6269","PWY-7111",0.72475106685633,"Positive"
"PWY-6269","PWY-7197",0.62574679943101,"Positive"
"PWY-6269","PWY-7208",0.665291607396871,"Positive"
"PWY-6269","PWY-7219",0.682275960170697,"Positive"
"PWY-6269","PWY-7220",0.632147937411095,"Positive"
"PWY-6269","PWY-7221",0.664836415362731,"Positive"
"PWY-6269","PWY-7222",0.632147937411095,"Positive"
"PWY-6269","PWY-7228",0.61601706970128,"Positive"
"PWY-6269","PWY-7229",0.688876244665718,"Positive"
"PWY-6269","PWY-7234",0.617809388335704,"Positive"
"PWY-6269","PWY-7315",-0.641422475106686,"Negative"
"PWY-6269","PWY-7400",0.656130867709815,"Positive"
"PWY-6269","PWY-7539",0.731379800853485,"Positive"
"PWY-6269","PWY-7663",0.745376955903272,"Positive"
"PWY-6269","PWY-841",0.621450924608819,"Positive"
"PWY-6269","PWY0-1319",0.693143669985775,"Positive"
"PWY-6269","PWY0-1338",-0.631834992887624,"Negative"
"PWY-6269","PWY0-162",0.630867709815078,"Positive"
"PWY-6269","PWY4FS-7",0.648335704125178,"Positive"
"PWY-6269","PWY4FS-8",0.648335704125178,"Positive"
"PWY-6269","PYRIDNUCSAL-PWY",0.65271692745377,"Positive"
"PWY-6269","RIBOSYN2-PWY",0.750611664295875,"Positive"
"PWY-6269","SER-GLYSYN-PWY",0.769644381223329,"Positive"
"PWY-6269","THRESYN-PWY",0.726088193456614,"Positive"
"PWY-6269","TRPSYN-PWY",0.734196301564723,"Positive"
"PWY-6269","UDPNAGSYN-PWY",0.681308677098151,"Positive"
"PWY-6269","VALSYN-PWY",0.73049786628734,"Positive"
"PWY-6277","PWY-6317",0.869786628733997,"Positive"
"PWY-6277","PWY-6385",0.918520625889047,"Positive"
"PWY-6277","PWY-6386",0.92153627311522,"Positive"
"PWY-6277","PWY-6387",0.917382645803698,"Positive"
"PWY-6277","PWY-6471",0.848534850640114,"Positive"
"PWY-6277","PWY-6507",-0.601507823613087,"Negative"
"PWY-6277","PWY-6609",0.665633001422475,"Positive"
"PWY-6277","PWY-6700",0.661792318634424,"Positive"
"PWY-6277","PWY-6897",0.979971550497866,"Positive"
"PWY-6277","PWY-7111",0.892546230440967,"Positive"
"PWY-6277","PWY-7184",0.804779516358464,"Positive"
"PWY-6277","PWY-7187",0.841137980085348,"Positive"
"PWY-6277","PWY-7197",0.845234708392603,"Positive"
"PWY-6277","PWY-7208",0.905490753911807,"Positive"
"PWY-6277","PWY-7211",0.624182076813656,"Positive"
"PWY-6277","PWY-7219",0.920540540540541,"Positive"
"PWY-6277","PWY-7220",0.912944523470839,"Positive"
"PWY-6277","PWY-7221",0.913684210526316,"Positive"
"PWY-6277","PWY-7222",0.912944523470839,"Positive"
"PWY-6277","PWY-7228",0.855334281650071,"Positive"
"PWY-6277","PWY-7229",0.946941678520626,"Positive"
"PWY-6277","PWY-7234",0.942702702702703,"Positive"
"PWY-6277","PWY-7315",-0.714338549075391,"Negative"
"PWY-6277","PWY-7392",0.605092460881935,"Positive"
"PWY-6277","PWY-7400",0.914139402560455,"Positive"
"PWY-6277","PWY-7539",0.839857752489331,"Positive"
"PWY-6277","PWY-7663",0.980625889046942,"Positive"
"PWY-6277","PWY-841",0.884011379800854,"Positive"
"PWY-6277","PWY-922",0.746201991465149,"Positive"
"PWY-6277","PWY0-1296",0.671806543385491,"Positive"
"PWY-6277","PWY0-1297",0.670526315789474,"Positive"
"PWY-6277","PWY0-1298",0.640967283072546,"Positive"
"PWY-6277","PWY0-1319",0.923669985775249,"Positive"
"PWY-6277","PWY0-1338",-0.712745376955903,"Negative"
"PWY-6277","PWY0-1533",-0.640938833570412,"Negative"
"PWY-6277","PWY0-1586",0.817667140825036,"Positive"
"PWY-6277","PWY0-162",0.860312944523471,"Positive"
"PWY-6277","PWY0-166",0.843869132290185,"Positive"
"PWY-6277","PWY4FS-7",0.908591749644381,"Positive"
"PWY-6277","PWY4FS-8",0.908591749644381,"Positive"
"PWY-6277","PYRIDNUCSAL-PWY",0.727681365576102,"Positive"
"PWY-6277","PYRIDOXSYN-PWY",-0.622816500711238,"Negative"
"PWY-6277","RIBOSYN2-PWY",0.880938833570412,"Positive"
"PWY-6277","SER-GLYSYN-PWY",0.890782361308677,"Positive"
"PWY-6277","THRESYN-PWY",0.97348506401138,"Positive"
"PWY-6277","TRNA-CHARGING-PWY",0.79524893314367,"Positive"
"PWY-6277","TRPSYN-PWY",0.846685633001423,"Positive"
"PWY-6277","UDPNAGSYN-PWY",0.91977240398293,"Positive"
"PWY-6277","VALSYN-PWY",0.902702702702703,"Positive"
"PWY-6282","PWY-6519",0.977183499288762,"Positive"
"PWY-6282","PWY-7664",0.999089615931721,"Positive"
"PWY-6282","PWY0-862",0.999630156472262,"Positive"
"PWY-6282","PWYG-321",0.87647226173542,"Positive"
"PWY-6317","PWY-6385",0.842901849217639,"Positive"
"PWY-6317","PWY-6386",0.84398293029872,"Positive"
"PWY-6317","PWY-6387",0.842446657183499,"Positive"
"PWY-6317","PWY-6471",0.876187766714082,"Positive"
"PWY-6317","PWY-6609",0.844694167852063,"Positive"
"PWY-6317","PWY-6897",0.805775248933144,"Positive"
"PWY-6317","PWY-7111",0.705376955903272,"Positive"
"PWY-6317","PWY-7184",0.675163584637269,"Positive"
"PWY-6317","PWY-7187",0.777183499288762,"Positive"
"PWY-6317","PWY-7197",0.668221906116643,"Positive"
"PWY-6317","PWY-7208",0.836642958748222,"Positive"
"PWY-6317","PWY-7219",0.841792318634424,"Positive"
"PWY-6317","PWY-7220",0.836728307254623,"Positive"
"PWY-6317","PWY-7221",0.833883357041252,"Positive"
"PWY-6317","PWY-7222",0.836728307254623,"Positive"
"PWY-6317","PWY-7228",0.685775248933144,"Positive"
"PWY-6317","PWY-7229",0.865035561877667,"Positive"
"PWY-6317","PWY-7234",0.81425320056899,"Positive"
"PWY-6317","PWY-7315",-0.63425320056899,"Negative"
"PWY-6317","PWY-7400",0.72275960170697,"Positive"
"PWY-6317","PWY-7539",0.631436699857753,"Positive"
"PWY-6317","PWY-7663",0.856073968705548,"Positive"
"PWY-6317","PWY-841",0.71402560455192,"Positive"
"PWY-6317","PWY-922",0.849331436699858,"Positive"
"PWY-6317","PWY0-1296",0.840113798008535,"Positive"
"PWY-6317","PWY0-1297",0.849103840682788,"Positive"
"PWY-6317","PWY0-1298",0.825661450924609,"Positive"
"PWY-6317","PWY0-1319",0.824153627311522,"Positive"
"PWY-6317","PWY0-1338",-0.63226173541963,"Negative"
"PWY-6317","PWY0-1586",0.885604551920341,"Positive"
"PWY-6317","PWY0-162",0.698662873399716,"Positive"
"PWY-6317","PWY0-166",0.750184921763869,"Positive"
"PWY-6317","PWY4FS-7",0.843869132290185,"Positive"
"PWY-6317","PWY4FS-8",0.843869132290185,"Positive"
"PWY-6317","RIBOSYN2-PWY",0.67900426742532,"Positive"
"PWY-6317","SER-GLYSYN-PWY",0.723499288762447,"Positive"
"PWY-6317","THRESYN-PWY",0.834964438122333,"Positive"
"PWY-6317","TRNA-CHARGING-PWY",0.662731152204836,"Positive"
"PWY-6317","TRPSYN-PWY",0.63977240398293,"Positive"
"PWY-6317","UDPNAGSYN-PWY",0.831209103840683,"Positive"
"PWY-6317","VALSYN-PWY",0.710782361308677,"Positive"
"PWY-6353","SALVADEHYPOX-PWY",0.696984352773826,"Positive"
"PWY-6385","PWY-6386",0.999800853485064,"Positive"
"PWY-6385","PWY-6387",0.999857752489331,"Positive"
"PWY-6385","PWY-6471",0.963783783783784,"Positive"
"PWY-6385","PWY-6507",-0.659288762446657,"Negative"
"PWY-6385","PWY-6609",0.676187766714083,"Positive"
"PWY-6385","PWY-6700",0.60275960170697,"Positive"
"PWY-6385","PWY-6897",0.906145092460882,"Positive"
"PWY-6385","PWY-7111",0.851664295874822,"Positive"
"PWY-6385","PWY-7184",0.791920341394026,"Positive"
"PWY-6385","PWY-7187",0.892347083926031,"Positive"
"PWY-6385","PWY-7197",0.821906116642959,"Positive"
"PWY-6385","PWY-7208",0.997837837837838,"Positive"
"PWY-6385","PWY-7219",0.999089615931721,"Positive"
"PWY-6385","PWY-7220",0.910042674253201,"Positive"
"PWY-6385","PWY-7221",0.998520625889047,"Positive"
"PWY-6385","PWY-7222",0.910042674253201,"Positive"
"PWY-6385","PWY-7228",0.836699857752489,"Positive"
"PWY-6385","PWY-7229",0.993314366998578,"Positive"
"PWY-6385","PWY-7234",0.868762446657183,"Positive"
"PWY-6385","PWY-7315",-0.752830725462304,"Negative"
"PWY-6385","PWY-7400",0.858890469416785,"Positive"
"PWY-6385","PWY-7539",0.787567567567568,"Positive"
"PWY-6385","PWY-7663",0.920910384068279,"Positive"
"PWY-6385","PWY-841",0.848790896159317,"Positive"
"PWY-6385","PWY-922",0.88927453769559,"Positive"
"PWY-6385","PWY0-1296",0.65578947368421,"Positive"
"PWY-6385","PWY0-1297",0.682105263157895,"Positive"
"PWY-6385","PWY0-1298",0.619829302987198,"Positive"
"PWY-6385","PWY0-1319",0.996273115220484,"Positive"
"PWY-6385","PWY0-1338",-0.739032716927454,"Negative"
"PWY-6385","PWY0-1533",-0.643840682788051,"Negative"
"PWY-6385","PWY0-1586",0.934281650071124,"Positive"
"PWY-6385","PWY0-162",0.86651493598862,"Positive"
"PWY-6385","PWY0-166",0.873086770981508,"Positive"
"PWY-6385","PWY0-845",-0.630412517780939,"Negative"
"PWY-6385","PWY4FS-7",0.990953058321479,"Positive"
"PWY-6385","PWY4FS-8",0.990953058321479,"Positive"
"PWY-6385","PYRIDNUCSAL-PWY",0.662275960170697,"Positive"
"PWY-6385","PYRIDOXSYN-PWY",-0.651635846372688,"Negative"
"PWY-6385","RIBOSYN2-PWY",0.845320056899004,"Positive"
"PWY-6385","SER-GLYSYN-PWY",0.866685633001422,"Positive"
"PWY-6385","THRESYN-PWY",0.943698435277383,"Positive"
"PWY-6385","TRNA-CHARGING-PWY",0.847055476529161,"Positive"
"PWY-6385","TRPSYN-PWY",0.805405405405405,"Positive"
"PWY-6385","UDPNAGSYN-PWY",0.996842105263158,"Positive"
"PWY-6385","VALSYN-PWY",0.85203413940256,"Positive"
"PWY-6386","PWY-6387",0.999715504978663,"Positive"
"PWY-6386","PWY-6471",0.962560455192034,"Positive"
"PWY-6386","PWY-6507",-0.659317211948791,"Negative"
"PWY-6386","PWY-6609",0.676671408250356,"Positive"
"PWY-6386","PWY-6700",0.606315789473684,"Positive"
"PWY-6386","PWY-6897",0.909331436699858,"Positive"
"PWY-6386","PWY-7111",0.854736842105263,"Positive"
"PWY-6386","PWY-7184",0.794452347083926,"Positive"
"PWY-6386","PWY-7187",0.893541963015647,"Positive"
"PWY-6386","PWY-7197",0.824551920341394,"Positive"
"PWY-6386","PWY-7208",0.997297297297297,"Positive"
"PWY-6386","PWY-7219",0.999089615931721,"Positive"
"PWY-6386","PWY-7220",0.911692745376956,"Positive"
"PWY-6386","PWY-7221",0.998406827880512,"Positive"
"PWY-6386","PWY-7222",0.911692745376956,"Positive"
"PWY-6386","PWY-7228",0.839118065433855,"Positive"
"PWY-6386","PWY-7229",0.993854907539118,"Positive"
"PWY-6386","PWY-7234",0.87172119487909,"Positive"
"PWY-6386","PWY-7315",-0.757069701280228,"Negative"
"PWY-6386","PWY-7400",0.862361308677098,"Positive"
"PWY-6386","PWY-7539",0.791095305832148,"Positive"
"PWY-6386","PWY-7663",0.923641536273115,"Positive"
"PWY-6386","PWY-841",0.85149359886202,"Positive"
"PWY-6386","PWY-922",0.887169274537696,"Positive"
"PWY-6386","PWY0-1296",0.656642958748222,"Positive"
"PWY-6386","PWY0-1297",0.682617354196302,"Positive"
"PWY-6386","PWY0-1298",0.621194879089616,"Positive"
"PWY-6386","PWY0-1319",0.996842105263158,"Positive"
"PWY-6386","PWY0-1338",-0.743072546230441,"Negative"
"PWY-6386","PWY0-1533",-0.646372688477952,"Negative"
"PWY-6386","PWY0-1586",0.93271692745377,"Positive"
"PWY-6386","PWY0-162",0.868392603129445,"Positive"
"PWY-6386","PWY0-166",0.874907539118065,"Positive"
"PWY-6386","PWY0-845",-0.635106685633001,"Negative"
"PWY-6386","PWY4FS-7",0.990668563300142,"Positive"
"PWY-6386","PWY4FS-8",0.990668563300142,"Positive"
"PWY-6386","PYRIDNUCSAL-PWY",0.664068278805121,"Positive"
"PWY-6386","PYRIDOXSYN-PWY",-0.656728307254623,"Negative"
"PWY-6386","RIBOSYN2-PWY",0.848193456614509,"Positive"
"PWY-6386","SER-GLYSYN-PWY",0.869388335704125,"Positive"
"PWY-6386","THRESYN-PWY",0.946031294452347,"Positive"
"PWY-6386","TRNA-CHARGING-PWY",0.847823613086771,"Positive"
"PWY-6386","TRPSYN-PWY",0.808762446657184,"Positive"
"PWY-6386","UDPNAGSYN-PWY",0.996955903271693,"Positive"
"PWY-6386","VALSYN-PWY",0.855192034139403,"Positive"
"PWY-6387","PWY-6471",0.964182076813656,"Positive"
"PWY-6387","PWY-6507",-0.657411095305832,"Negative"
"PWY-6387","PWY-6609",0.675874822190612,"Positive"
"PWY-6387","PWY-6700",0.600028449502134,"Positive"
"PWY-6387","PWY-6897",0.905718349928876,"Positive"
"PWY-6387","PWY-7111",0.849758179231863,"Positive"
"PWY-6387","PWY-7184",0.790782361308677,"Positive"
"PWY-6387","PWY-7187",0.891806543385491,"Positive"
"PWY-6387","PWY-7197",0.82054054054054,"Positive"
"PWY-6387","PWY-7208",0.997951635846373,"Positive"
"PWY-6387","PWY-7219",0.998918918918919,"Positive"
"PWY-6387","PWY-7220",0.909758179231863,"Positive"
"PWY-6387","PWY-7221",0.998662873399715,"Positive"
"PWY-6387","PWY-7222",0.909758179231863,"Positive"
"PWY-6387","PWY-7228",0.835448079658606,"Positive"
"PWY-6387","PWY-7229",0.99302987197724,"Positive"
"PWY-6387","PWY-7234",0.867880512091038,"Positive"
"PWY-6387","PWY-7315",-0.752432432432432,"Negative"
"PWY-6387","PWY-7400",0.857211948790896,"Positive"
"PWY-6387","PWY-7539",0.785576102418208,"Positive"
"PWY-6387","PWY-7663",0.92,"Positive"
"PWY-6387","PWY-841",0.847567567567568,"Positive"
"PWY-6387","PWY-922",0.890355618776671,"Positive"
"PWY-6387","PWY0-1296",0.655533428165007,"Positive"
"PWY-6387","PWY0-1297",0.681820768136558,"Positive"
"PWY-6387","PWY0-1298",0.619544807965861,"Positive"
"PWY-6387","PWY0-1319",0.996159317211949,"Positive"
"PWY-6387","PWY0-1338",-0.738406827880512,"Negative"
"PWY-6387","PWY0-1533",-0.643613086770982,"Negative"
"PWY-6387","PWY0-1586",0.93448079658606,"Positive"
"PWY-6387","PWY0-162",0.865405405405405,"Positive"
"PWY-6387","PWY0-166",0.872290184921764,"Positive"
"PWY-6387","PWY0-845",-0.632347083926031,"Negative"
"PWY-6387","PWY4FS-7",0.991152204836415,"Positive"
"PWY-6387","PWY4FS-8",0.991152204836415,"Positive"
"PWY-6387","PYRIDNUCSAL-PWY",0.659630156472262,"Positive"
"PWY-6387","PYRIDOXSYN-PWY",-0.653541963015647,"Negative"
"PWY-6387","RIBOSYN2-PWY",0.843613086770981,"Positive"
"PWY-6387","SER-GLYSYN-PWY",0.864836415362731,"Positive"
"PWY-6387","THRESYN-PWY",0.942446657183499,"Positive"
"PWY-6387","TRNA-CHARGING-PWY",0.845889046941679,"Positive"
"PWY-6387","TRPSYN-PWY",0.803243243243243,"Positive"
"PWY-6387","UDPNAGSYN-PWY",0.996870554765292,"Positive"
"PWY-6387","VALSYN-PWY",0.850042674253201,"Positive"
"PWY-6396","PWY-6891",0.629758179231863,"Positive"
"PWY-6396","PWY-6901",0.737098150782361,"Positive"
"PWY-6396","PWY-7013",0.785775248933144,"Positive"
"PWY-6396","PWY-7377",0.603470839260313,"Positive"
"PWY-6396","TEICHOICACID-PWY",0.663328591749644,"Positive"
"PWY-6467","PWY-6545",0.836984352773826,"Positive"
"PWY-6467","PWY-6700",0.951863442389758,"Positive"
"PWY-6467","PWY-6703",0.995988620199146,"Positive"
"PWY-6467","PWY-6708",0.883613086770981,"Positive"
"PWY-6467","PWY-6897",0.604324324324324,"Positive"
"PWY-6467","PWY-7111",0.778947368421053,"Positive"
"PWY-6467","PWY-7184",0.644921763869132,"Positive"
"PWY-6467","PWY-7197",0.729189189189189,"Positive"
"PWY-6467","PWY-7211",0.822617354196302,"Positive"
"PWY-6467","PWY-7228",0.717980085348506,"Positive"
"PWY-6467","PWY-7242",-0.625206258890469,"Negative"
"PWY-6467","PWY-7254",0.61402560455192,"Positive"
"PWY-6467","PWY-7328",0.779032716927454,"Positive"
"PWY-6467","PWY-7392",0.960369843527738,"Positive"
"PWY-6467","PWY-7400",0.768933143669986,"Positive"
"PWY-6467","PWY-7539",0.831522048364154,"Positive"
"PWY-6467","PWY-7560",0.995561877667141,"Positive"
"PWY-6467","PWY-841",0.689160739687055,"Positive"
"PWY-6467","PWY0-1533",-0.643726884779516,"Negative"
"PWY-6467","PWY0-162",0.704608819345661,"Positive"
"PWY-6467","PWY0-166",0.617268847795164,"Positive"
"PWY-6467","PWY0-781",0.667652916073969,"Positive"
"PWY-6467","PYRIDNUCSAL-PWY",0.85823613086771,"Positive"
"PWY-6467","PYRIDNUCSYN-PWY",0.768762446657184,"Positive"
"PWY-6467","RIBOSYN2-PWY",0.787880512091038,"Positive"
"PWY-6467","SER-GLYSYN-PWY",0.725007112375533,"Positive"
"PWY-6467","SO4ASSIM-PWY",0.874196301564723,"Positive"
"PWY-6467","SULFATE-CYS-PWY",0.880483641536273,"Positive"
"PWY-6467","THRESYN-PWY",0.613883357041252,"Positive"
"PWY-6467","TRNA-CHARGING-PWY",0.750896159317212,"Positive"
"PWY-6467","TRPSYN-PWY",0.802958748221906,"Positive"
"PWY-6467","UBISYN-PWY",0.766628733997155,"Positive"
"PWY-6467","VALSYN-PWY",0.782873399715505,"Positive"
"PWY-6471","PWY-6507",-0.629103840682788,"Negative"
"PWY-6471","PWY-6609",0.737268847795164,"Positive"
"PWY-6471","PWY-6897",0.824295874822191,"Positive"
"PWY-6471","PWY-7111",0.740910384068279,"Positive"
"PWY-6471","PWY-7184",0.729900426742532,"Positive"
"PWY-6471","PWY-7187",0.862190611664296,"Positive"
"PWY-6471","PWY-7197",0.723044096728307,"Positive"
"PWY-6471","PWY-7208",0.967596017069701,"Positive"
"PWY-6471","PWY-7219",0.960170697012802,"Positive"
"PWY-6471","PWY-7220",0.86873399715505,"Positive"
"PWY-6471","PWY-7221",0.963072546230441,"Positive"
"PWY-6471","PWY-7222",0.86873399715505,"Positive"
"PWY-6471","PWY-7228",0.743100995732575,"Positive"
"PWY-6471","PWY-7229",0.949644381223329,"Positive"
"PWY-6471","PWY-7234",0.808079658605974,"Positive"
"PWY-6471","PWY-7315",-0.707226173541963,"Negative"
"PWY-6471","PWY-7400",0.753001422475107,"Positive"
"PWY-6471","PWY-7539",0.664665718349929,"Positive"
"PWY-6471","PWY-7663",0.85547652916074,"Positive"
"PWY-6471","PWY-841",0.754395448079659,"Positive"
"PWY-6471","PWY-922",0.964096728307255,"Positive"
"PWY-6471","PWY0-1296",0.70628733997155,"Positive"
"PWY-6471","PWY0-1297",0.745206258890469,"Positive"
"PWY-6471","PWY0-1298",0.683214793741109,"Positive"
"PWY-6471","PWY0-1319",0.950071123755334,"Positive"
"PWY-6471","PWY0-1338",-0.695448079658606,"Negative"
"PWY-6471","PWY0-1586",0.985718349928876,"Positive"
"PWY-6471","PWY0-162",0.777581792318634,"Positive"
"PWY-6471","PWY0-166",0.830355618776671,"Positive"
"PWY-6471","PWY4FS-7",0.960426742532006,"Positive"
"PWY-6471","PWY4FS-8",0.960426742532006,"Positive"
"PWY-6471","PYRIDOXSYN-PWY",-0.616529160739687,"Negative"
"PWY-6471","RIBOSYN2-PWY",0.734935988620199,"Positive"
"PWY-6471","SER-GLYSYN-PWY",0.766145092460882,"Positive"
"PWY-6471","THRESYN-PWY",0.865320056899004,"Positive"
"PWY-6471","TRNA-CHARGING-PWY",0.794935988620199,"Positive"
"PWY-6471","TRPSYN-PWY",0.684580369843528,"Positive"
"PWY-6471","UDPNAGSYN-PWY",0.95647226173542,"Positive"
"PWY-6471","VALSYN-PWY",0.738122332859175,"Positive"
"PWY-6507","PWY-7187",-0.623954480796586,"Negative"
"PWY-6507","PWY-7208",-0.649644381223329,"Negative"
"PWY-6507","PWY-7219",-0.660597439544808,"Negative"
"PWY-6507","PWY-7220",-0.623129445234708,"Negative"
"PWY-6507","PWY-7221",-0.653399715504979,"Negative"
"PWY-6507","PWY-7222",-0.623129445234708,"Negative"
"PWY-6507","PWY-7229",-0.653086770981508,"Negative"
"PWY-6507","PWY-7242",0.65800853485064,"Positive"
"PWY-6507","PWY-7315",0.691948790896159,"Positive"
"PWY-6507","PWY-7663",-0.600910384068279,"Negative"
"PWY-6507","PWY0-1319",-0.649871977240398,"Negative"
"PWY-6507","PWY0-1338",0.702162162162162,"Positive"
"PWY-6507","PWY0-166",-0.613285917496444,"Negative"
"PWY-6507","PWY4FS-7",-0.63724039829303,"Negative"
"PWY-6507","PWY4FS-8",-0.63724039829303,"Negative"
"PWY-6507","THRESYN-PWY",-0.650896159317212,"Negative"
"PWY-6507","UDPNAGSYN-PWY",-0.646002844950213,"Negative"
"PWY-6519","PWY-7664",0.977923186344239,"Positive"
"PWY-6519","PWY0-862",0.976529160739687,"Positive"
"PWY-6519","PWYG-321",0.883812233285918,"Positive"
"PWY-6545","PWY-6700",0.823186344238976,"Positive"
"PWY-6545","PWY-6703",0.844722617354196,"Positive"
"PWY-6545","PWY-6708",0.810440967283073,"Positive"
"PWY-6545","PWY-7111",0.730355618776671,"Positive"
"PWY-6545","PWY-7184",0.676216216216216,"Positive"
"PWY-6545","PWY-7197",0.720796586059744,"Positive"
"PWY-6545","PWY-7211",0.832091038406828,"Positive"
"PWY-6545","PWY-7228",0.708591749644381,"Positive"
"PWY-6545","PWY-7328",0.935504978662873,"Positive"
"PWY-6545","PWY-7392",0.829758179231863,"Positive"
"PWY-6545","PWY-7400",0.71027027027027,"Positive"
"PWY-6545","PWY-7539",0.722475106685633,"Positive"
"PWY-6545","PWY-7560",0.853598862019915,"Positive"
"PWY-6545","PWY-841",0.701479374110953,"Positive"
"PWY-6545","PWY0-162",0.703186344238976,"Positive"
"PWY-6545","PWY0-166",0.632147937411095,"Positive"
"PWY-6545","PWY0-781",0.809445234708393,"Positive"
"PWY-6545","PYRIDNUCSAL-PWY",0.887908961593172,"Positive"
"PWY-6545","PYRIDNUCSYN-PWY",0.923783783783784,"Positive"
"PWY-6545","RIBOSYN2-PWY",0.695789473684211,"Positive"
"PWY-6545","SER-GLYSYN-PWY",0.683698435277383,"Positive"
"PWY-6545","SO4ASSIM-PWY",0.815618776671408,"Positive"
"PWY-6545","SULFATE-CYS-PWY",0.849331436699858,"Positive"
"PWY-6545","THRESYN-PWY",0.620113798008535,"Positive"
"PWY-6545","TRNA-CHARGING-PWY",0.735704125177809,"Positive"
"PWY-6545","TRPSYN-PWY",0.719573257467994,"Positive"
"PWY-6545","UBISYN-PWY",0.647880512091038,"Positive"
"PWY-6545","VALSYN-PWY",0.739914651493599,"Positive"
"PWY-6588","PWY-7003",0.969302987197724,"Positive"
"PWY-6608","PWY-7254",0.757069701280228,"Positive"
"PWY-6608","PWY0-1261",0.746031294452347,"Positive"
"PWY-6608","SALVADEHYPOX-PWY",0.764238975817923,"Positive"
"PWY-6609","PWY-6897",0.60728307254623,"Positive"
"PWY-6609","PWY-7187",0.619601706970128,"Positive"
"PWY-6609","PWY-7208",0.673456614509246,"Positive"
"PWY-6609","PWY-7219",0.675220483641536,"Positive"
"PWY-6609","PWY-7220",0.649103840682788,"Positive"
"PWY-6609","PWY-7221",0.667425320056899,"Positive"
"PWY-6609","PWY-7222",0.649103840682788,"Positive"
"PWY-6609","PWY-7229",0.690526315789474,"Positive"
"PWY-6609","PWY-7234",0.61271692745377,"Positive"
"PWY-6609","PWY-7663",0.652204836415363,"Positive"
"PWY-6609","PWY-922",0.747311522048364,"Positive"
"PWY-6609","PWY0-1296",0.985547652916074,"Positive"
"PWY-6609","PWY0-1297",0.988250355618777,"Positive"
"PWY-6609","PWY0-1298",0.964381223328592,"Positive"
"PWY-6609","PWY0-1319",0.651778093883357,"Positive"
"PWY-6609","PWY0-1586",0.754310099573257,"Positive"
"PWY-6609","PWY4FS-7",0.682588904694168,"Positive"
"PWY-6609","PWY4FS-8",0.682588904694168,"Positive"
"PWY-6609","THRESYN-PWY",0.642617354196302,"Positive"
"PWY-6609","UDPNAGSYN-PWY",0.661024182076814,"Positive"
"PWY-6612","PWY0-1061",0.745661450924609,"Positive"
"PWY-6628","PWY-6630",0.999032716927454,"Positive"
"PWY-6628","PWY-7200",0.61027027027027,"Positive"
"PWY-6628","PWY0-1241",0.69524893314367,"Positive"
"PWY-6628","UBISYN-PWY",0.631522048364154,"Positive"
"PWY-6630","PWY-7200",0.610440967283073,"Positive"
"PWY-6630","PWY0-1241",0.688534850640114,"Positive"
"PWY-6630","UBISYN-PWY",0.627652916073969,"Positive"
"PWY-6700","PWY-6703",0.958150782361309,"Positive"
"PWY-6700","PWY-6708",0.833854907539118,"Positive"
"PWY-6700","PWY-6897",0.664551920341394,"Positive"
"PWY-6700","PWY-7111",0.862816500711237,"Positive"
"PWY-6700","PWY-7184",0.752204836415363,"Positive"
"PWY-6700","PWY-7187",0.71923186344239,"Positive"
"PWY-6700","PWY-7197",0.821251778093883,"Positive"
"PWY-6700","PWY-7211",0.834366998577525,"Positive"
"PWY-6700","PWY-7219",0.613456614509246,"Positive"
"PWY-6700","PWY-7221",0.601621621621622,"Positive"
"PWY-6700","PWY-7228",0.814822190611664,"Positive"
"PWY-6700","PWY-7229",0.61402560455192,"Positive"
"PWY-6700","PWY-7242",-0.67172119487909,"Negative"
"PWY-6700","PWY-7328",0.766429587482219,"Positive"
"PWY-6700","PWY-7392",0.938862019914651,"Positive"
"PWY-6700","PWY-7400",0.860910384068279,"Positive"
"PWY-6700","PWY-7539",0.884153627311522,"Positive"
"PWY-6700","PWY-7560",0.959743954480797,"Positive"
"PWY-6700","PWY-7663",0.637866287339972,"Positive"
"PWY-6700","PWY-841",0.790640113798009,"Positive"
"PWY-6700","PWY0-1319",0.629672830725462,"Positive"
"PWY-6700","PWY0-1533",-0.668591749644381,"Negative"
"PWY-6700","PWY0-162",0.805633001422475,"Positive"
"PWY-6700","PWY0-166",0.737297297297297,"Positive"
"PWY-6700","PWY0-781",0.706031294452347,"Positive"
"PWY-6700","PYRIDNUCSAL-PWY",0.894907539118065,"Positive"
"PWY-6700","PYRIDNUCSYN-PWY",0.76352773826458,"Positive"
"PWY-6700","RIBOSYN2-PWY",0.832375533428165,"Positive"
"PWY-6700","SER-GLYSYN-PWY",0.816386913229018,"Positive"
"PWY-6700","SO4ASSIM-PWY",0.82122332859175,"Positive"
"PWY-6700","SULFATE-CYS-PWY",0.844267425320057,"Positive"
"PWY-6700","THRESYN-PWY",0.715220483641536,"Positive"
"PWY-6700","TRNA-CHARGING-PWY",0.82421052631579,"Positive"
"PWY-6700","TRPSYN-PWY",0.878577524893314,"Positive"
"PWY-6700","UBISYN-PWY",0.707169274537696,"Positive"
"PWY-6700","UDPNAGSYN-PWY",0.610867709815078,"Positive"
"PWY-6700","VALSYN-PWY",0.861820768136558,"Positive"
"PWY-6703","PWY-6708",0.883357041251778,"Positive"
"PWY-6703","PWY-6897",0.612546230440967,"Positive"
"PWY-6703","PWY-7111",0.794879089615932,"Positive"
"PWY-6703","PWY-7184",0.658805120910384,"Positive"
"PWY-6703","PWY-7187",0.610355618776671,"Positive"
"PWY-6703","PWY-7197",0.741536273115221,"Positive"
"PWY-6703","PWY-7211",0.828648648648649,"Positive"
"PWY-6703","PWY-7228",0.730668563300142,"Positive"
"PWY-6703","PWY-7242",-0.631123755334282,"Negative"
"PWY-6703","PWY-7254",0.606770981507824,"Positive"
"PWY-6703","PWY-7328",0.78927453769559,"Positive"
"PWY-6703","PWY-7392",0.962446657183499,"Positive"
"PWY-6703","PWY-7400",0.782019914651494,"Positive"
"PWY-6703","PWY-7539",0.851095305832148,"Positive"
"PWY-6703","PWY-7560",0.994651493598862,"Positive"
"PWY-6703","PWY-841",0.702446657183499,"Positive"
"PWY-6703","PWY0-1533",-0.645092460881935,"Negative"
"PWY-6703","PWY0-162",0.718093883357041,"Positive"
"PWY-6703","PWY0-166",0.633001422475107,"Positive"
"PWY-6703","PWY0-781",0.690981507823613,"Positive"
"PWY-6703","PYRIDNUCSAL-PWY",0.868108108108108,"Positive"
"PWY-6703","PYRIDNUCSYN-PWY",0.780199146514936,"Positive"
"PWY-6703","RIBOSYN2-PWY",0.805177809388336,"Positive"
"PWY-6703","SER-GLYSYN-PWY",0.749046941678521,"Positive"
"PWY-6703","SO4ASSIM-PWY",0.87226173541963,"Positive"
"PWY-6703","SULFATE-CYS-PWY",0.885064011379801,"Positive"
"PWY-6703","THRESYN-PWY",0.630469416785206,"Positive"
"PWY-6703","TRNA-CHARGING-PWY",0.7625320056899,"Positive"
"PWY-6703","TRPSYN-PWY",0.82321479374111,"Positive"
"PWY-6703","UBISYN-PWY",0.768392603129445,"Positive"
"PWY-6703","VALSYN-PWY",0.797695590327169,"Positive"
"PWY-6708","PWY-7111",0.699630156472262,"Positive"
"PWY-6708","PWY-7184",0.685206258890469,"Positive"
"PWY-6708","PWY-7197",0.665263157894737,"Positive"
"PWY-6708","PWY-7211",0.94176386913229,"Positive"
"PWY-6708","PWY-7228",0.658520625889047,"Positive"
"PWY-6708","PWY-7254",0.60375533428165,"Positive"
"PWY-6708","PWY-7328",0.820910384068279,"Positive"
"PWY-6708","PWY-7392",0.840625889046942,"Positive"
"PWY-6708","PWY-7400",0.706543385490754,"Positive"
"PWY-6708","PWY-7539",0.74176386913229,"Positive"
"PWY-6708","PWY-7560",0.876927453769559,"Positive"
"PWY-6708","PWY-841",0.68475106685633,"Positive"
"PWY-6708","PWY0-162",0.640739687055477,"Positive"
"PWY-6708","PWY0-166",0.600597439544808,"Positive"
"PWY-6708","PYRIDNUCSAL-PWY",0.747169274537696,"Positive"
"PWY-6708","PYRIDNUCSYN-PWY",0.805263157894737,"Positive"
"PWY-6708","RIBOSYN2-PWY",0.707766714082504,"Positive"
"PWY-6708","SER-GLYSYN-PWY",0.638520625889047,"Positive"
"PWY-6708","SO4ASSIM-PWY",0.992091038406828,"Positive"
"PWY-6708","SULFATE-CYS-PWY",0.991948790896159,"Positive"
"PWY-6708","TRNA-CHARGING-PWY",0.678492176386913,"Positive"
"PWY-6708","TRPSYN-PWY",0.716159317211949,"Positive"
"PWY-6708","UBISYN-PWY",0.890810810810811,"Positive"
"PWY-6708","VALSYN-PWY",0.702503556187767,"Positive"
"PWY-6737","PWY-6892",0.635049786628734,"Positive"
"PWY-6891","PWY-6892",0.772147937411095,"Positive"
"PWY-6891","PWY-6895",0.768079658605974,"Positive"
"PWY-6891","PWY-7013",0.816358463726885,"Positive"
"PWY-6891","PWY-7377",0.651891891891892,"Positive"
"PWY-6892","PWY-7013",0.665263157894737,"Positive"
"PWY-6892","PWY-7377",0.821479374110953,"Positive"
"PWY-6892","THISYN-PWY",0.673399715504979,"Positive"
"PWY-6895","THISYN-PWY",0.844722617354196,"Positive"
"PWY-6897","PWY-7111",0.880825035561878,"Positive"
"PWY-6897","PWY-7184",0.786685633001422,"Positive"
"PWY-6897","PWY-7187",0.821650071123755,"Positive"
"PWY-6897","PWY-7197",0.839886201991465,"Positive"
"PWY-6897","PWY-7208",0.893940256045519,"Positive"
"PWY-6897","PWY-7211",0.630839260312945,"Positive"
"PWY-6897","PWY-7219",0.909957325746799,"Positive"
"PWY-6897","PWY-7220",0.891379800853485,"Positive"
"PWY-6897","PWY-7221",0.905291607396871,"Positive"
"PWY-6897","PWY-7222",0.891379800853485,"Positive"
"PWY-6897","PWY-7228",0.84674253200569,"Positive"
"PWY-6897","PWY-7229",0.934822190611664,"Positive"
"PWY-6897","PWY-7234",0.916728307254623,"Positive"
"PWY-6897","PWY-7315",-0.685803698435277,"Negative"
"PWY-6897","PWY-7392",0.617041251778094,"Positive"
"PWY-6897","PWY-7400",0.900967283072546,"Positive"
"PWY-6897","PWY-7539",0.844352773826458,"Positive"
"PWY-6897","PWY-7560",0.616842105263158,"Positive"
"PWY-6897","PWY-7663",0.964324324324324,"Positive"
"PWY-6897","PWY-841",0.868421052631579,"Positive"
"PWY-6897","PWY-922",0.710640113798009,"Positive"
"PWY-6897","PWY0-1296",0.607823613086771,"Positive"
"PWY-6897","PWY0-1297",0.610042674253201,"Positive"
"PWY-6897","PWY0-1319",0.91678520625889,"Positive"
"PWY-6897","PWY0-1338",-0.684381223328592,"Negative"
"PWY-6897","PWY0-1533",-0.635561877667141,"Negative"
"PWY-6897","PWY0-1586",0.785633001422475,"Positive"
"PWY-6897","PWY0-162",0.85203413940256,"Positive"
"PWY-6897","PWY0-166",0.825376955903272,"Positive"
"PWY-6897","PWY0-845",-0.611123755334282,"Negative"
"PWY-6897","PWY4FS-7",0.895675675675676,"Positive"
"PWY-6897","PWY4FS-8",0.895675675675676,"Positive"
"PWY-6897","PYRIDNUCSAL-PWY",0.717724039829303,"Positive"
"PWY-6897","PYRIDOXSYN-PWY",-0.643641536273115,"Negative"
"PWY-6897","RIBOSYN2-PWY",0.895049786628734,"Positive"
"PWY-6897","SER-GLYSYN-PWY",0.874708392603129,"Positive"
"PWY-6897","THRESYN-PWY",0.957069701280228,"Positive"
"PWY-6897","TRNA-CHARGING-PWY",0.789018492176387,"Positive"
"PWY-6897","TRPSYN-PWY",0.838975817923186,"Positive"
"PWY-6897","UDPNAGSYN-PWY",0.911977240398293,"Positive"
"PWY-6897","VALSYN-PWY",0.890640113798009,"Positive"
"PWY-6901","PWY-7013",0.723100995732575,"Positive"
"PWY-6901","PWY-7377",0.679061166429587,"Positive"
"PWY-6901","TEICHOICACID-PWY",0.70697012802276,"Positive"
"PWY-6969","PWY-7323",0.607823613086771,"Positive"
"PWY-7013","PWY-7377",0.836159317211949,"Positive"
"PWY-7013","TEICHOICACID-PWY",0.645405405405405,"Positive"
"PWY-7111","PWY-7184",0.806486486486486,"Positive"
"PWY-7111","PWY-7187",0.831635846372689,"Positive"
"PWY-7111","PWY-7197",0.865917496443812,"Positive"
"PWY-7111","PWY-7208",0.836728307254623,"Positive"
"PWY-7111","PWY-7211",0.753285917496444,"Positive"
"PWY-7111","PWY-7219",0.857496443812233,"Positive"
"PWY-7111","PWY-7220",0.804438122332859,"Positive"
"PWY-7111","PWY-7221",0.847937411095306,"Positive"
"PWY-7111","PWY-7222",0.804438122332859,"Positive"
"PWY-7111","PWY-7228",0.870071123755334,"Positive"
"PWY-7111","PWY-7229",0.86873399715505,"Positive"
"PWY-7111","PWY-7234",0.827908961593172,"Positive"
"PWY-7111","PWY-7242",-0.620910384068279,"Negative"
"PWY-7111","PWY-7315",-0.705149359886202,"Negative"
"PWY-7111","PWY-7328",0.684295874822191,"Positive"
"PWY-7111","PWY-7392",0.785206258890469,"Positive"
"PWY-7111","PWY-7400",0.949786628733997,"Positive"
"PWY-7111","PWY-7539",0.961507823613087,"Positive"
"PWY-7111","PWY-7560",0.792204836415363,"Positive"
"PWY-7111","PWY-7663",0.876073968705548,"Positive"
"PWY-7111","PWY-841",0.882162162162162,"Positive"
"PWY-7111","PWY0-1319",0.86950213371266,"Positive"
"PWY-7111","PWY0-1338",-0.6750213371266,"Negative"
"PWY-7111","PWY0-1533",-0.720881934566145,"Negative"
"PWY-7111","PWY0-1586",0.691123755334282,"Positive"
"PWY-7111","PWY0-162",0.881450924608819,"Positive"
"PWY-7111","PWY0-166",0.837041251778094,"Positive"
"PWY-7111","PWY0-781",0.671948790896159,"Positive"
"PWY-7111","PWY4FS-7",0.828677098150782,"Positive"
"PWY-7111","PWY4FS-8",0.828677098150782,"Positive"
"PWY-7111","PYRIDNUCSAL-PWY",0.85701280227596,"Positive"
"PWY-7111","PYRIDNUCSYN-PWY",0.675732574679943,"Positive"
"PWY-7111","RIBOSYN2-PWY",0.951891891891892,"Positive"
"PWY-7111","SER-GLYSYN-PWY",0.969644381223329,"Positive"
"PWY-7111","SO4ASSIM-PWY",0.682788051209104,"Positive"
"PWY-7111","SULFATE-CYS-PWY",0.717894736842105,"Positive"
"PWY-7111","THRESYN-PWY",0.928847795163585,"Positive"
"PWY-7111","TRNA-CHARGING-PWY",0.854566145092461,"Positive"
"PWY-7111","TRPSYN-PWY",0.975846372688478,"Positive"
"PWY-7111","UDPNAGSYN-PWY",0.856728307254623,"Positive"
"PWY-7111","VALSYN-PWY",0.997297297297297,"Positive"
"PWY-7184","PWY-7187",0.945035561877667,"Positive"
"PWY-7184","PWY-7197",0.948933143669986,"Positive"
"PWY-7184","PWY-7208",0.783840682788051,"Positive"
"PWY-7184","PWY-7211",0.83302987197724,"Positive"
"PWY-7184","PWY-7219",0.799544807965861,"Positive"
"PWY-7184","PWY-7220",0.807055476529161,"Positive"
"PWY-7184","PWY-7221",0.792147937411095,"Positive"
"PWY-7184","PWY-7222",0.807055476529161,"Positive"
"PWY-7184","PWY-7228",0.953513513513514,"Positive"
"PWY-7184","PWY-7229",0.798406827880512,"Positive"
"PWY-7184","PWY-7234",0.830327169274538,"Positive"
"PWY-7184","PWY-7315",-0.704466571834993,"Negative"
"PWY-7184","PWY-7328",0.647368421052632,"Positive"
"PWY-7184","PWY-7392",0.718520625889047,"Positive"
"PWY-7184","PWY-7400",0.893086770981508,"Positive"
"PWY-7184","PWY-7539",0.775931721194879,"Positive"
"PWY-7184","PWY-7560",0.676216216216216,"Positive"
"PWY-7184","PWY-7663",0.800512091038407,"Positive"
"PWY-7184","PWY-841",0.971152204836415,"Positive"
"PWY-7184","PWY-922",0.630128022759602,"Positive"
"PWY-7184","PWY0-1319",0.807339971550498,"Positive"
"PWY-7184","PWY0-1338",-0.659630156472262,"Negative"
"PWY-7184","PWY0-1533",-0.647795163584637,"Negative"
"PWY-7184","PWY0-1586",0.70298719772404,"Positive"
"PWY-7184","PWY0-162",0.947709815078236,"Positive"
"PWY-7184","PWY0-166",0.974594594594595,"Positive"
"PWY-7184","PWY4FS-7",0.783470839260313,"Positive"
"PWY-7184","PWY4FS-8",0.783470839260313,"Positive"
"PWY-7184","PYRIDNUCSAL-PWY",0.761365576102418,"Positive"
"PWY-7184","PYRIDNUCSYN-PWY",0.661934566145092,"Positive"
"PWY-7184","RIBOSYN2-PWY",0.798805120910384,"Positive"
"PWY-7184","SER-GLYSYN-PWY",0.789416785206259,"Positive"
"PWY-7184","SO4ASSIM-PWY",0.672432432432432,"Positive"
"PWY-7184","SULFATE-CYS-PWY",0.710099573257468,"Positive"
"PWY-7184","THRESYN-PWY",0.859374110953058,"Positive"
"PWY-7184","TRNA-CHARGING-PWY",0.884495021337127,"Positive"
"PWY-7184","TRPSYN-PWY",0.771123755334282,"Positive"
"PWY-7184","UDPNAGSYN-PWY",0.799089615931721,"Positive"
"PWY-7184","VALSYN-PWY",0.809075391180654,"Positive"
"PWY-7187","PWY-7197",0.939544807965861,"Positive"
"PWY-7187","PWY-7208",0.890099573257468,"Positive"
"PWY-7187","PWY-7211",0.719061166429588,"Positive"
"PWY-7187","PWY-7219",0.895305832147937,"Positive"
"PWY-7187","PWY-7220",0.818150782361309,"Positive"
"PWY-7187","PWY-7221",0.892631578947368,"Positive"
"PWY-7187","PWY-7222",0.818150782361309,"Positive"
"PWY-7187","PWY-7228",0.950668563300142,"Positive"
"PWY-7187","PWY-7229",0.888563300142247,"Positive"
"PWY-7187","PWY-7234",0.799288762446657,"Positive"
"PWY-7187","PWY-7242",-0.614452347083926,"Negative"
"PWY-7187","PWY-7315",-0.75126600284495,"Negative"
"PWY-7187","PWY-7392",0.700142247510669,"Positive"
"PWY-7187","PWY-7400",0.904096728307255,"Positive"
"PWY-7187","PWY-7539",0.779715504978663,"Positive"
"PWY-7187","PWY-7560",0.632318634423898,"Positive"
"PWY-7187","PWY-7663",0.835732574679943,"Positive"
"PWY-7187","PWY-841",0.944238975817923,"Positive"
"PWY-7187","PWY-922",0.77800853485064,"Positive"
"PWY-7187","PWY0-1297",0.60873399715505,"Positive"
"PWY-7187","PWY0-1319",0.896330014224751,"Positive"
"PWY-7187","PWY0-1338",-0.706543385490754,"Negative"
"PWY-7187","PWY0-1533",-0.660142247510669,"Negative"
"PWY-7187","PWY0-1586",0.842275960170697,"Positive"
"PWY-7187","PWY0-162",0.962702702702703,"Positive"
"PWY-7187","PWY0-166",0.991152204836415,"Positive"
"PWY-7187","PWY4FS-7",0.880711237553343,"Positive"
"PWY-7187","PWY4FS-8",0.880711237553343,"Positive"
"PWY-7187","PYRIDNUCSAL-PWY",0.737752489331437,"Positive"
"PWY-7187","RIBOSYN2-PWY",0.814879089615932,"Positive"
"PWY-7187","SER-GLYSYN-PWY",0.824182076813656,"Positive"
"PWY-7187","THRESYN-PWY",0.900654338549075,"Positive"
"PWY-7187","TRNA-CHARGING-PWY",0.932660028449502,"Positive"
"PWY-7187","TRPSYN-PWY",0.788136557610242,"Positive"
"PWY-7187","UDPNAGSYN-PWY",0.892091038406828,"Positive"
"PWY-7187","VALSYN-PWY",0.827852062588905,"Positive"
"PWY-7196","PWY-7199",0.847169274537696,"Positive"
"PWY-7196","PWY-7200",0.958321479374111,"Positive"
"PWY-7197","PWY-7208",0.81226173541963,"Positive"
"PWY-7197","PWY-7211",0.775647226173542,"Positive"
"PWY-7197","PWY-7219",0.830583214793741,"Positive"
"PWY-7197","PWY-7220",0.763897581792319,"Positive"
"PWY-7197","PWY-7221",0.820512091038407,"Positive"
"PWY-7197","PWY-7222",0.763897581792319,"Positive"
"PWY-7197","PWY-7228",0.997667140825036,"Positive"
"PWY-7197","PWY-7229",0.833627311522048,"Positive"
"PWY-7197","PWY-7234",0.783726884779516,"Positive"
"PWY-7197","PWY-7242",-0.612460881934566,"Negative"
"PWY-7197","PWY-7315",-0.694822190611664,"Negative"
"PWY-7197","PWY-7328",0.631578947368421,"Positive"
"PWY-7197","PWY-7392",0.764694167852063,"Positive"
"PWY-7197","PWY-7400",0.944039829302987,"Positive"
"PWY-7197","PWY-7539",0.841706970128023,"Positive"
"PWY-7197","PWY-7560",0.756899004267425,"Positive"
"PWY-7197","PWY-7663",0.844182076813656,"Positive"
"PWY-7197","PWY-841",0.977211948790896,"Positive"
"PWY-7197","PWY0-1319",0.842844950213371,"Positive"
"PWY-7197","PWY0-1338",-0.650668563300142,"Negative"
"PWY-7197","PWY0-1533",-0.658833570412518,"Negative"
"PWY-7197","PWY0-1586",0.683499288762447,"Positive"
"PWY-7197","PWY0-162",0.990583214793741,"Positive"
"PWY-7197","PWY0-166",0.951635846372688,"Positive"
"PWY-7197","PWY0-781",0.630014224751067,"Positive"
"PWY-7197","PWY4FS-7",0.80298719772404,"Positive"
"PWY-7197","PWY4FS-8",0.80298719772404,"Positive"
"PWY-7197","PYRIDNUCSAL-PWY",0.837268847795164,"Positive"
"PWY-7197","PYRIDNUCSYN-PWY",0.628250355618777,"Positive"
"PWY-7197","RIBOSYN2-PWY",0.86122332859175,"Positive"
"PWY-7197","SER-GLYSYN-PWY",0.847994310099573,"Positive"
"PWY-7197","SO4ASSIM-PWY",0.655106685633001,"Positive"
"PWY-7197","SULFATE-CYS-PWY",0.68850640113798,"Positive"
"PWY-7197","THRESYN-PWY",0.906543385490754,"Positive"
"PWY-7197","TRNA-CHARGING-PWY",0.905064011379801,"Positive"
"PWY-7197","TRPSYN-PWY",0.835106685633001,"Positive"
"PWY-7197","UDPNAGSYN-PWY",0.832745376955903,"Positive"
"PWY-7197","VALSYN-PWY",0.870896159317212,"Positive"
"PWY-7199","PWY-7200",0.949615931721195,"Positive"
"PWY-7208","PWY-7219",0.996500711237553,"Positive"
"PWY-7208","PWY-7220",0.902816500711238,"Positive"
"PWY-7208","PWY-7221",0.997069701280228,"Positive"
"PWY-7208","PWY-7222",0.902816500711238,"Positive"
"PWY-7208","PWY-7228",0.828051209103841,"Positive"
"PWY-7208","PWY-7229",0.988904694167852,"Positive"
"PWY-7208","PWY-7234",0.856728307254623,"Positive"
"PWY-7208","PWY-7315",-0.74221906116643,"Negative"
"PWY-7208","PWY-7400",0.845291607396871,"Positive"
"PWY-7208","PWY-7539",0.774139402560455,"Positive"
"PWY-7208","PWY-7663",0.90873399715505,"Positive"
"PWY-7208","PWY-841",0.838975817923186,"Positive"
"PWY-7208","PWY-922",0.899089615931721,"Positive"
"PWY-7208","PWY0-1296",0.650611664295875,"Positive"
"PWY-7208","PWY0-1297",0.678748221906117,"Positive"
"PWY-7208","PWY0-1298",0.614139402560455,"Positive"
"PWY-7208","PWY0-1319",0.993342816500711,"Positive"
"PWY-7208","PWY0-1338",-0.727880512091038,"Negative"
"PWY-7208","PWY0-1533",-0.631209103840683,"Negative"
"PWY-7208","PWY0-1586",0.938264580369844,"Positive"
"PWY-7208","PWY0-162",0.860113798008535,"Positive"
"PWY-7208","PWY0-166",0.868449502133713,"Positive"
"PWY-7208","PWY0-845",-0.627681365576102,"Negative"
"PWY-7208","PWY4FS-7",0.989302987197724,"Positive"
"PWY-7208","PWY4FS-8",0.989302987197724,"Positive"
"PWY-7208","PYRIDNUCSAL-PWY",0.649815078236131,"Positive"
"PWY-7208","PYRIDOXSYN-PWY",-0.647453769559033,"Negative"
"PWY-7208","RIBOSYN2-PWY",0.833428165007112,"Positive"
"PWY-7208","SER-GLYSYN-PWY",0.852859174964438,"Positive"
"PWY-7208","THRESYN-PWY",0.933058321479374,"Positive"
"PWY-7208","TRNA-CHARGING-PWY",0.843357041251778,"Positive"
"PWY-7208","TRPSYN-PWY",0.789900426742532,"Positive"
"PWY-7208","UDPNAGSYN-PWY",0.994509246088193,"Positive"
"PWY-7208","VALSYN-PWY",0.837098150782361,"Positive"
"PWY-7211","PWY-7219",0.601507823613087,"Positive"
"PWY-7211","PWY-7220",0.633058321479374,"Positive"
"PWY-7211","PWY-7222",0.633058321479374,"Positive"
"PWY-7211","PWY-7228",0.776187766714083,"Positive"
"PWY-7211","PWY-7234",0.688790896159317,"Positive"
"PWY-7211","PWY-7242",-0.60796586059744,"Negative"
"PWY-7211","PWY-7328",0.828193456614509,"Positive"
"PWY-7211","PWY-7392",0.852147937411095,"Positive"
"PWY-7211","PWY-7400",0.782930298719772,"Positive"
"PWY-7211","PWY-7539",0.753200568990043,"Positive"
"PWY-7211","PWY-7560",0.835078236130868,"Positive"
"PWY-7211","PWY-841",0.803783783783784,"Positive"
"PWY-7211","PWY0-1319",0.618691322901849,"Positive"
"PWY-7211","PWY0-1533",-0.625376955903272,"Negative"
"PWY-7211","PWY0-162",0.767852062588905,"Positive"
"PWY-7211","PWY0-166",0.769445234708393,"Positive"
"PWY-7211","PWY0-781",0.63800853485064,"Positive"
"PWY-7211","PYRIDNUCSAL-PWY",0.788534850640114,"Positive"
"PWY-7211","PYRIDNUCSYN-PWY",0.827368421052632,"Positive"
"PWY-7211","RIBOSYN2-PWY",0.729445234708393,"Positive"
"PWY-7211","SER-GLYSYN-PWY",0.69348506401138,"Positive"
"PWY-7211","SO4ASSIM-PWY",0.935704125177809,"Positive"
"PWY-7211","SULFATE-CYS-PWY",0.957837837837838,"Positive"
"PWY-7211","THRESYN-PWY",0.667823613086771,"Positive"
"PWY-7211","TRNA-CHARGING-PWY",0.820512091038407,"Positive"
"PWY-7211","TRPSYN-PWY",0.742901849217639,"Positive"
"PWY-7211","UBISYN-PWY",0.819943100995733,"Positive"
"PWY-7211","UDPNAGSYN-PWY",0.60773826458037,"Positive"
"PWY-7211","VALSYN-PWY",0.754594594594595,"Positive"
"PWY-7219","PWY-7220",0.90972972972973,"Positive"
"PWY-7219","PWY-7221",0.998036984352774,"Positive"
"PWY-7219","PWY-7222",0.90972972972973,"Positive"
"PWY-7219","PWY-7228",0.844551920341394,"Positive"
"PWY-7219","PWY-7229",0.993598862019915,"Positive"
"PWY-7219","PWY-7234",0.870184921763869,"Positive"
"PWY-7219","PWY-7315",-0.749900426742532,"Negative"
"PWY-7219","PWY-7400",0.863869132290185,"Positive"
"PWY-7219","PWY-7539",0.796813655761024,"Positive"
"PWY-7219","PWY-7663",0.924267425320057,"Positive"
"PWY-7219","PWY-841",0.855789473684211,"Positive"
"PWY-7219","PWY-922",0.881052631578947,"Positive"
"PWY-7219","PWY0-1296",0.655675675675676,"Positive"
"PWY-7219","PWY0-1297",0.681109530583215,"Positive"
"PWY-7219","PWY0-1298",0.619715504978663,"Positive"
"PWY-7219","PWY0-1319",0.9974679943101,"Positive"
"PWY-7219","PWY0-1338",-0.735931721194879,"Negative"
"PWY-7219","PWY0-1533",-0.643897581792319,"Negative"
"PWY-7219","PWY0-1586",0.930156472261735,"Positive"
"PWY-7219","PWY0-162",0.873172119487909,"Positive"
"PWY-7219","PWY0-166",0.877610241820768,"Positive"
"PWY-7219","PWY0-845",-0.622332859174964,"Negative"
"PWY-7219","PWY4FS-7",0.989985775248933,"Positive"
"PWY-7219","PWY4FS-8",0.989985775248933,"Positive"
"PWY-7219","PYRIDNUCSAL-PWY",0.674566145092461,"Positive"
"PWY-7219","PYRIDOXSYN-PWY",-0.643271692745377,"Negative"
"PWY-7219","RIBOSYN2-PWY",0.853997155049787,"Positive"
"PWY-7219","SER-GLYSYN-PWY",0.87149359886202,"Positive"
"PWY-7219","THRESYN-PWY",0.948335704125178,"Positive"
"PWY-7219","TRNA-CHARGING-PWY",0.849957325746799,"Positive"
"PWY-7219","TRPSYN-PWY",0.810867709815078,"Positive"
"PWY-7219","UDPNAGSYN-PWY",0.99778093883357,"Positive"
"PWY-7219","VALSYN-PWY",0.858065433854908,"Positive"
"PWY-7220","PWY-7221",0.904381223328592,"Positive"
"PWY-7220","PWY-7222",1,"Positive"
"PWY-7220","PWY-7228",0.778406827880512,"Positive"
"PWY-7220","PWY-7229",0.931891891891892,"Positive"
"PWY-7220","PWY-7234",0.967567567567568,"Positive"
"PWY-7220","PWY-7315",-0.709957325746799,"Negative"
"PWY-7220","PWY-7400",0.812204836415363,"Positive"
"PWY-7220","PWY-7539",0.740796586059744,"Positive"
"PWY-7220","PWY-7663",0.917325746799431,"Positive"
"PWY-7220","PWY-841",0.844238975817923,"Positive"
"PWY-7220","PWY-922",0.813826458036984,"Positive"
"PWY-7220","PWY0-1296",0.64697012802276,"Positive"
"PWY-7220","PWY0-1297",0.659857752489331,"Positive"
"PWY-7220","PWY0-1298",0.613883357041252,"Positive"
"PWY-7220","PWY0-1319",0.909900426742532,"Positive"
"PWY-7220","PWY0-1338",-0.708819345661451,"Negative"
"PWY-7220","PWY0-1586",0.843442389758179,"Positive"
"PWY-7220","PWY0-162",0.796415362731152,"Positive"
"PWY-7220","PWY0-166",0.831920341394026,"Positive"
"PWY-7220","PWY4FS-7",0.924324324324324,"Positive"
"PWY-7220","PWY4FS-8",0.924324324324324,"Positive"
"PWY-7220","PYRIDOXSYN-PWY",-0.610184921763869,"Negative"
"PWY-7220","RIBOSYN2-PWY",0.791692745376956,"Positive"
"PWY-7220","SER-GLYSYN-PWY",0.813541963015647,"Positive"
"PWY-7220","THRESYN-PWY",0.905945945945946,"Positive"
"PWY-7220","TRNA-CHARGING-PWY",0.743385490753912,"Positive"
"PWY-7220","TRPSYN-PWY",0.753570412517781,"Positive"
"PWY-7220","UDPNAGSYN-PWY",0.908620199146515,"Positive"
"PWY-7220","VALSYN-PWY",0.805092460881935,"Positive"
"PWY-7221","PWY-7222",0.904381223328592,"Positive"
"PWY-7221","PWY-7228",0.835704125177809,"Positive"
"PWY-7221","PWY-7229",0.990839260312945,"Positive"
"PWY-7221","PWY-7234",0.865035561877667,"Positive"
"PWY-7221","PWY-7315",-0.749815078236131,"Negative"
"PWY-7221","PWY-7400",0.856899004267425,"Positive"
"PWY-7221","PWY-7539",0.786173541963016,"Positive"
"PWY-7221","PWY-7663",0.912204836415363,"Positive"
"PWY-7221","PWY-841",0.846372688477952,"Positive"
"PWY-7221","PWY-922",0.887169274537696,"Positive"
"PWY-7221","PWY0-1296",0.645917496443812,"Positive"
"PWY-7221","PWY0-1297",0.673399715504979,"Positive"
"PWY-7221","PWY0-1298",0.610810810810811,"Positive"
"PWY-7221","PWY0-1319",0.996102418207681,"Positive"
"PWY-7221","PWY0-1338",-0.735732574679943,"Negative"
"PWY-7221","PWY0-1533",-0.639687055476529,"Negative"
"PWY-7221","PWY0-1586",0.931351351351351,"Positive"
"PWY-7221","PWY0-162",0.865433854907539,"Positive"
"PWY-7221","PWY0-166",0.872859174964438,"Positive"
"PWY-7221","PWY0-845",-0.626002844950213,"Negative"
"PWY-7221","PWY4FS-7",0.991294452347084,"Positive"
"PWY-7221","PWY4FS-8",0.991294452347084,"Positive"
"PWY-7221","PYRIDNUCSAL-PWY",0.655419630156472,"Positive"
"PWY-7221","PYRIDOXSYN-PWY",-0.647681365576102,"Negative"
"PWY-7221","RIBOSYN2-PWY",0.8449786628734,"Positive"
"PWY-7221","SER-GLYSYN-PWY",0.85977240398293,"Positive"
"PWY-7221","THRESYN-PWY",0.938918918918919,"Positive"
"PWY-7221","TRNA-CHARGING-PWY",0.848108108108108,"Positive"
"PWY-7221","TRPSYN-PWY",0.79945945945946,"Positive"
"PWY-7221","UDPNAGSYN-PWY",0.997126600284495,"Positive"
"PWY-7221","VALSYN-PWY",0.847795163584637,"Positive"
"PWY-7222","PWY-7228",0.778406827880512,"Positive"
"PWY-7222","PWY-7229",0.931891891891892,"Positive"
"PWY-7222","PWY-7234",0.967567567567568,"Positive"
"PWY-7222","PWY-7315",-0.709957325746799,"Negative"
"PWY-7222","PWY-7400",0.812204836415363,"Positive"
"PWY-7222","PWY-7539",0.740796586059744,"Positive"
"PWY-7222","PWY-7663",0.917325746799431,"Positive"
"PWY-7222","PWY-841",0.844238975817923,"Positive"
"PWY-7222","PWY-922",0.813826458036984,"Positive"
"PWY-7222","PWY0-1296",0.64697012802276,"Positive"
"PWY-7222","PWY0-1297",0.659857752489331,"Positive"
"PWY-7222","PWY0-1298",0.613883357041252,"Positive"
"PWY-7222","PWY0-1319",0.909900426742532,"Positive"
"PWY-7222","PWY0-1338",-0.708819345661451,"Negative"
"PWY-7222","PWY0-1586",0.843442389758179,"Positive"
"PWY-7222","PWY0-162",0.796415362731152,"Positive"
"PWY-7222","PWY0-166",0.831920341394026,"Positive"
"PWY-7222","PWY4FS-7",0.924324324324324,"Positive"
"PWY-7222","PWY4FS-8",0.924324324324324,"Positive"
"PWY-7222","PYRIDOXSYN-PWY",-0.610184921763869,"Negative"
"PWY-7222","RIBOSYN2-PWY",0.791692745376956,"Positive"
"PWY-7222","SER-GLYSYN-PWY",0.813541963015647,"Positive"
"PWY-7222","THRESYN-PWY",0.905945945945946,"Positive"
"PWY-7222","TRNA-CHARGING-PWY",0.743385490753912,"Positive"
"PWY-7222","TRPSYN-PWY",0.753570412517781,"Positive"
"PWY-7222","UDPNAGSYN-PWY",0.908620199146515,"Positive"
"PWY-7222","VALSYN-PWY",0.805092460881935,"Positive"
"PWY-7228","PWY-7229",0.847596017069701,"Positive"
"PWY-7228","PWY-7234",0.797041251778094,"Positive"
"PWY-7228","PWY-7242",-0.616842105263158,"Negative"
"PWY-7228","PWY-7315",-0.706059743954481,"Negative"
"PWY-7228","PWY-7328",0.622389758179232,"Positive"
"PWY-7228","PWY-7392",0.761450924608819,"Positive"
"PWY-7228","PWY-7400",0.949758179231863,"Positive"
"PWY-7228","PWY-7539",0.84076813655761,"Positive"
"PWY-7228","PWY-7560",0.74697012802276,"Positive"
"PWY-7228","PWY-7663",0.850810810810811,"Positive"
"PWY-7228","PWY-841",0.982475106685633,"Positive"
"PWY-7228","PWY-922",0.617496443812233,"Positive"
"PWY-7228","PWY0-1319",0.855732574679943,"Positive"
"PWY-7228","PWY0-1338",-0.662361308677098,"Negative"
"PWY-7228","PWY0-1533",-0.661251778093883,"Negative"
"PWY-7228","PWY0-1586",0.704580369843528,"Positive"
"PWY-7228","PWY0-162",0.995220483641536,"Positive"
"PWY-7228","PWY0-166",0.961251778093883,"Positive"
"PWY-7228","PWY0-781",0.624807965860597,"Positive"
"PWY-7228","PWY4FS-7",0.818719772403983,"Positive"
"PWY-7228","PWY4FS-8",0.818719772403983,"Positive"
"PWY-7228","PYRIDNUCSAL-PWY",0.830298719772404,"Positive"
"PWY-7228","PYRIDNUCSYN-PWY",0.620881934566145,"Positive"
"PWY-7228","RIBOSYN2-PWY",0.861394025604552,"Positive"
"PWY-7228","SER-GLYSYN-PWY",0.851209103840683,"Positive"
"PWY-7228","SO4ASSIM-PWY",0.646287339971551,"Positive"
"PWY-7228","SULFATE-CYS-PWY",0.681564722617354,"Positive"
"PWY-7228","THRESYN-PWY",0.914082503556188,"Positive"
"PWY-7228","TRNA-CHARGING-PWY",0.914139402560455,"Positive"
"PWY-7228","TRPSYN-PWY",0.837211948790896,"Positive"
"PWY-7228","UDPNAGSYN-PWY",0.846059743954481,"Positive"
"PWY-7228","VALSYN-PWY",0.873598862019915,"Positive"
"PWY-7229","PWY-7234",0.895988620199146,"Positive"
"PWY-7229","PWY-7315",-0.74773826458037,"Negative"
"PWY-7229","PWY-7400",0.875874822190612,"Positive"
"PWY-7229","PWY-7539",0.805604551920341,"Positive"
"PWY-7229","PWY-7663",0.948022759601707,"Positive"
"PWY-7229","PWY-841",0.862702702702703,"Positive"
"PWY-7229","PWY-922",0.869530583214794,"Positive"
"PWY-7229","PWY0-1296",0.678065433854908,"Positive"
"PWY-7229","PWY0-1297",0.696728307254623,"Positive"
"PWY-7229","PWY0-1298",0.643072546230441,"Positive"
"PWY-7229","PWY0-1319",0.992517780938834,"Positive"
"PWY-7229","PWY0-1338",-0.738065433854908,"Negative"
"PWY-7229","PWY0-1533",-0.634907539118065,"Negative"
"PWY-7229","PWY0-1586",0.919431009957326,"Positive"
"PWY-7229","PWY0-162",0.872403982930299,"Positive"
"PWY-7229","PWY0-166",0.872887624466572,"Positive"
"PWY-7229","PWY0-845",-0.63072546230441,"Negative"
"PWY-7229","PWY4FS-7",0.987368421052632,"Positive"
"PWY-7229","PWY4FS-8",0.987368421052632,"Positive"
"PWY-7229","PYRIDNUCSAL-PWY",0.671834992887624,"Positive"
"PWY-7229","PYRIDOXSYN-PWY",-0.653684210526316,"Negative"
"PWY-7229","RIBOSYN2-PWY",0.860711237553343,"Positive"
"PWY-7229","SER-GLYSYN-PWY",0.879061166429588,"Positive"
"PWY-7229","THRESYN-PWY",0.961650071123755,"Positive"
"PWY-7229","TRNA-CHARGING-PWY",0.835817923186344,"Positive"
"PWY-7229","TRPSYN-PWY",0.819630156472262,"Positive"
"PWY-7229","UDPNAGSYN-PWY",0.992318634423898,"Positive"
"PWY-7229","VALSYN-PWY",0.869359886201991,"Positive"
"PWY-7234","PWY-7315",-0.692859174964438,"Negative"
"PWY-7234","PWY-7400",0.851522048364154,"Positive"
"PWY-7234","PWY-7539",0.771522048364154,"Positive"
"PWY-7234","PWY-7663",0.924665718349929,"Positive"
"PWY-7234","PWY-841",0.871408250355619,"Positive"
"PWY-7234","PWY-922",0.730213371266003,"Positive"
"PWY-7234","PWY0-1296",0.620512091038407,"Positive"
"PWY-7234","PWY0-1297",0.623812233285918,"Positive"
"PWY-7234","PWY0-1319",0.874196301564723,"Positive"
"PWY-7234","PWY0-1338",-0.692830725462304,"Negative"
"PWY-7234","PWY0-1586",0.77701280227596,"Positive"
"PWY-7234","PWY0-162",0.801337126600284,"Positive"
"PWY-7234","PWY0-166",0.826628733997155,"Positive"
"PWY-7234","PWY4FS-7",0.879203413940256,"Positive"
"PWY-7234","PWY4FS-8",0.879203413940256,"Positive"
"PWY-7234","PYRIDNUCSAL-PWY",0.646458036984353,"Positive"
"PWY-7234","RIBOSYN2-PWY",0.813513513513514,"Positive"
"PWY-7234","SER-GLYSYN-PWY",0.825291607396871,"Positive"
"PWY-7234","SULFATE-CYS-PWY",0.601337126600284,"Positive"
"PWY-7234","THRESYN-PWY",0.911237553342817,"Positive"
"PWY-7234","TRNA-CHARGING-PWY",0.737069701280228,"Positive"
"PWY-7234","TRPSYN-PWY",0.78,"Positive"
"PWY-7234","UDPNAGSYN-PWY",0.871692745376956,"Positive"
"PWY-7234","VALSYN-PWY",0.836130867709815,"Positive"
"PWY-7237","PWY4FS-7",-0.601109530583215,"Negative"
"PWY-7237","PWY4FS-8",-0.601109530583215,"Negative"
"PWY-7242","PWY-7392",-0.676216216216216,"Negative"
"PWY-7242","PWY-7400",-0.643015647226174,"Negative"
"PWY-7242","PWY-7539",-0.600568990042674,"Negative"
"PWY-7242","PWY-7560",-0.65049786628734,"Negative"
"PWY-7242","PWY-841",-0.602560455192034,"Negative"
"PWY-7242","PWY0-1533",0.670071123755334,"Positive"
"PWY-7242","PWY0-162",-0.626486486486487,"Negative"
"PWY-7242","PWY0-166",-0.608648648648649,"Negative"
"PWY-7242","PYRIDNUCSAL-PWY",-0.608790896159317,"Negative"
"PWY-7242","TRNA-CHARGING-PWY",-0.708534850640114,"Negative"
"PWY-7242","TRPSYN-PWY",-0.611635846372689,"Negative"
"PWY-7242","VALSYN-PWY",-0.613371266002845,"Negative"
"PWY-7254","PWY0-1261",0.759260312944523,"Positive"
"PWY-7254","TCA",0.662361308677098,"Positive"
"PWY-7315","PWY-7400",-0.719630156472262,"Negative"
"PWY-7315","PWY-7539",-0.68122332859175,"Negative"
"PWY-7315","PWY-7663",-0.711066856330014,"Negative"
"PWY-7315","PWY-841",-0.734395448079659,"Negative"
"PWY-7315","PWY-922",-0.619658605974395,"Negative"
"PWY-7315","PWY0-1319",-0.750014224751067,"Negative"
"PWY-7315","PWY0-1338",0.976614509246088,"Positive"
"PWY-7315","PWY0-1533",0.716813655761024,"Positive"
"PWY-7315","PWY0-1586",-0.66176386913229,"Negative"
"PWY-7315","PWY0-162",-0.728364153627312,"Negative"
"PWY-7315","PWY0-166",-0.746998577524893,"Negative"
"PWY-7315","PWY0-845",0.624694167852063,"Positive"
"PWY-7315","PWY4FS-7",-0.737752489331437,"Negative"
"PWY-7315","PWY4FS-8",-0.737752489331437,"Negative"
"PWY-7315","PYRIDOXSYN-PWY",0.656842105263158,"Positive"
"PWY-7315","RIBOSYN2-PWY",-0.708534850640114,"Negative"
"PWY-7315","SER-GLYSYN-PWY",-0.74321479374111,"Negative"
"PWY-7315","THRESYN-PWY",-0.7625320056899,"Negative"
"PWY-7315","TRNA-CHARGING-PWY",-0.690384068278805,"Negative"
"PWY-7315","TRPSYN-PWY",-0.695277382645804,"Negative"
"PWY-7315","UDPNAGSYN-PWY",-0.739914651493599,"Negative"
"PWY-7315","VALSYN-PWY",-0.704836415362731,"Negative"
"PWY-7328","PWY-7392",0.777297297297297,"Positive"
"PWY-7328","PWY-7400",0.645718349928876,"Positive"
"PWY-7328","PWY-7539",0.679886201991465,"Positive"
"PWY-7328","PWY-7560",0.792887624466572,"Positive"
"PWY-7328","PWY-841",0.654566145092461,"Positive"
"PWY-7328","PWY0-162",0.621792318634424,"Positive"
"PWY-7328","PWY0-781",0.789331436699858,"Positive"
"PWY-7328","PYRIDNUCSAL-PWY",0.83448079658606,"Positive"
"PWY-7328","PYRIDNUCSYN-PWY",0.986116642958748,"Positive"
"PWY-7328","RIBOSYN2-PWY",0.65371266002845,"Positive"
"PWY-7328","SER-GLYSYN-PWY",0.646657183499289,"Positive"
"PWY-7328","SO4ASSIM-PWY",0.824438122332859,"Positive"
"PWY-7328","SULFATE-CYS-PWY",0.860625889046942,"Positive"
"PWY-7328","TRNA-CHARGING-PWY",0.665889046941678,"Positive"
"PWY-7328","TRPSYN-PWY",0.681507823613087,"Positive"
"PWY-7328","UBISYN-PWY",0.665832147937411,"Positive"
"PWY-7328","VALSYN-PWY",0.691522048364154,"Positive"
"PWY-7392","PWY-7400",0.792517780938834,"Positive"
"PWY-7392","PWY-7539",0.822418207681366,"Positive"
"PWY-7392","PWY-7560",0.972603129445235,"Positive"
"PWY-7392","PWY-841",0.733058321479374,"Positive"
"PWY-7392","PWY0-1533",-0.693428165007112,"Negative"
"PWY-7392","PWY0-162",0.75800853485064,"Positive"
"PWY-7392","PWY0-166",0.712972972972973,"Positive"
"PWY-7392","PWY0-781",0.705320056899004,"Positive"
"PWY-7392","PYRIDNUCSAL-PWY",0.862475106685633,"Positive"
"PWY-7392","PYRIDNUCSYN-PWY",0.780825035561878,"Positive"
"PWY-7392","RIBOSYN2-PWY",0.788079658605974,"Positive"
"PWY-7392","SER-GLYSYN-PWY",0.741906116642959,"Positive"
"PWY-7392","SO4ASSIM-PWY",0.828790896159317,"Positive"
"PWY-7392","SULFATE-CYS-PWY",0.850668563300142,"Positive"
"PWY-7392","THRESYN-PWY",0.653285917496444,"Positive"
"PWY-7392","TRNA-CHARGING-PWY",0.844096728307255,"Positive"
"PWY-7392","TRPSYN-PWY",0.802446657183499,"Positive"
"PWY-7392","UBISYN-PWY",0.723072546230441,"Positive"
"PWY-7392","VALSYN-PWY",0.785661450924609,"Positive"
"PWY-7400","PWY-7539",0.908563300142248,"Positive"
"PWY-7400","PWY-7560",0.786998577524893,"Positive"
"PWY-7400","PWY-7663",0.890355618776671,"Positive"
"PWY-7400","PWY-841",0.952603129445235,"Positive"
"PWY-7400","PWY-922",0.608477951635846,"Positive"
"PWY-7400","PWY0-1319",0.874623044096728,"Positive"
"PWY-7400","PWY0-1338",-0.698293029871977,"Negative"
"PWY-7400","PWY0-1533",-0.708421052631579,"Negative"
"PWY-7400","PWY0-1586",0.711152204836415,"Positive"
"PWY-7400","PWY0-162",0.949416785206259,"Positive"
"PWY-7400","PWY0-166",0.912603129445235,"Positive"
"PWY-7400","PWY0-781",0.640426742532006,"Positive"
"PWY-7400","PWY4FS-7",0.838378378378378,"Positive"
"PWY-7400","PWY4FS-8",0.838378378378378,"Positive"
"PWY-7400","PYRIDNUCSAL-PWY",0.849957325746799,"Positive"
"PWY-7400","PYRIDNUCSYN-PWY",0.634850640113798,"Positive"
"PWY-7400","RIBOSYN2-PWY",0.913940256045519,"Positive"
"PWY-7400","SER-GLYSYN-PWY",0.925263157894737,"Positive"
"PWY-7400","SO4ASSIM-PWY",0.687937411095306,"Positive"
"PWY-7400","SULFATE-CYS-PWY",0.723044096728307,"Positive"
"PWY-7400","THRESYN-PWY",0.940455192034139,"Positive"
"PWY-7400","TRNA-CHARGING-PWY",0.901963015647226,"Positive"
"PWY-7400","TRPSYN-PWY",0.928335704125178,"Positive"
"PWY-7400","UDPNAGSYN-PWY",0.864921763869132,"Positive"
"PWY-7400","VALSYN-PWY",0.95325746799431,"Positive"
"PWY-7539","PWY-7560",0.839317211948791,"Positive"
"PWY-7539","PWY-7663",0.828904694167852,"Positive"
"PWY-7539","PWY-841",0.845462304409673,"Positive"
"PWY-7539","PWY0-1319",0.811009957325747,"Positive"
"PWY-7539","PWY0-1338",-0.657695590327169,"Negative"
"PWY-7539","PWY0-1533",-0.715305832147937,"Negative"
"PWY-7539","PWY0-1586",0.613655761024182,"Positive"
"PWY-7539","PWY0-162",0.844864864864865,"Positive"
"PWY-7539","PWY0-166",0.791095305832148,"Positive"
"PWY-7539","PWY0-781",0.644096728307255,"Positive"
"PWY-7539","PWY4FS-7",0.762645803698435,"Positive"
"PWY-7539","PWY4FS-8",0.762645803698435,"Positive"
"PWY-7539","PYRIDNUCSAL-PWY",0.833399715504979,"Positive"
"PWY-7539","PYRIDNUCSYN-PWY",0.673627311522048,"Positive"
"PWY-7539","RIBOSYN2-PWY",0.982361308677098,"Positive"
"PWY-7539","SER-GLYSYN-PWY",0.9625320056899,"Positive"
"PWY-7539","SO4ASSIM-PWY",0.718890469416785,"Positive"
"PWY-7539","SULFATE-CYS-PWY",0.751123755334282,"Positive"
"PWY-7539","THRESYN-PWY",0.877496443812233,"Positive"
"PWY-7539","TRNA-CHARGING-PWY",0.807226173541963,"Positive"
"PWY-7539","TRPSYN-PWY",0.977496443812233,"Positive"
"PWY-7539","UBISYN-PWY",0.609018492176387,"Positive"
"PWY-7539","UDPNAGSYN-PWY",0.794139402560455,"Positive"
"PWY-7539","VALSYN-PWY",0.960967283072546,"Positive"
"PWY-7560","PWY-841",0.716899004267425,"Positive"
"PWY-7560","PWY0-1533",-0.662901849217639,"Negative"
"PWY-7560","PWY0-162",0.735817923186344,"Positive"
"PWY-7560","PWY0-166",0.653200568990043,"Positive"
"PWY-7560","PWY0-781",0.69724039829303,"Positive"
"PWY-7560","PYRIDNUCSAL-PWY",0.878065433854908,"Positive"
"PWY-7560","PYRIDNUCSYN-PWY",0.78321479374111,"Positive"
"PWY-7560","RIBOSYN2-PWY",0.79800853485064,"Positive"
"PWY-7560","SER-GLYSYN-PWY",0.740682788051209,"Positive"
"PWY-7560","SO4ASSIM-PWY",0.866571834992888,"Positive"
"PWY-7560","SULFATE-CYS-PWY",0.878293029871977,"Positive"
"PWY-7560","THRESYN-PWY",0.636614509246088,"Positive"
"PWY-7560","TRNA-CHARGING-PWY",0.784039829302987,"Positive"
"PWY-7560","TRPSYN-PWY",0.812119487908962,"Positive"
"PWY-7560","UBISYN-PWY",0.753285917496444,"Positive"
"PWY-7560","VALSYN-PWY",0.794765291607397,"Positive"
"PWY-7663","PWY-841",0.874651493598862,"Positive"
"PWY-7663","PWY-922",0.758862019914652,"Positive"
"PWY-7663","PWY0-1296",0.663669985775249,"Positive"
"PWY-7663","PWY0-1297",0.658406827880512,"Positive"
"PWY-7663","PWY0-1298",0.628705547652916,"Positive"
"PWY-7663","PWY0-1319",0.927112375533428,"Positive"
"PWY-7663","PWY0-1338",-0.710668563300142,"Negative"
"PWY-7663","PWY0-1533",-0.620199146514936,"Negative"
"PWY-7663","PWY0-1586",0.8324893314367,"Positive"
"PWY-7663","PWY0-162",0.856728307254623,"Positive"
"PWY-7663","PWY0-166",0.839459459459459,"Positive"
"PWY-7663","PWY0-845",-0.601877667140825,"Negative"
"PWY-7663","PWY4FS-7",0.912688477951636,"Positive"
"PWY-7663","PWY4FS-8",0.912688477951636,"Positive"
"PWY-7663","PYRIDNUCSAL-PWY",0.718634423897582,"Positive"
"PWY-7663","PYRIDOXSYN-PWY",-0.62850640113798,"Negative"
"PWY-7663","RIBOSYN2-PWY",0.871891891891892,"Positive"
"PWY-7663","SER-GLYSYN-PWY",0.893371266002845,"Positive"
"PWY-7663","THRESYN-PWY",0.972091038406828,"Positive"
"PWY-7663","TRNA-CHARGING-PWY",0.777752489331437,"Positive"
"PWY-7663","TRPSYN-PWY",0.841251778093883,"Positive"
"PWY-7663","UDPNAGSYN-PWY",0.921934566145093,"Positive"
"PWY-7663","VALSYN-PWY",0.885462304409673,"Positive"
"PWY-7664","PWY0-862",0.999487908961593,"Positive"
"PWY-7664","PWYG-321",0.878577524893314,"Positive"
"PWY-841","PWY-922",0.635362731152205,"Positive"
"PWY-841","PWY0-1319",0.865120910384068,"Positive"
"PWY-841","PWY0-1338",-0.694623044096728,"Negative"
"PWY-841","PWY0-1533",-0.676386913229018,"Negative"
"PWY-841","PWY0-1586",0.716756756756757,"Positive"
"PWY-841","PWY0-162",0.979431009957326,"Positive"
"PWY-841","PWY0-166",0.965320056899004,"Positive"
"PWY-841","PWY0-781",0.614509246088193,"Positive"
"PWY-841","PWY4FS-7",0.836813655761024,"Positive"
"PWY-841","PWY4FS-8",0.836813655761024,"Positive"
"PWY-841","PYRIDNUCSAL-PWY",0.815960170697013,"Positive"
"PWY-841","PYRIDNUCSYN-PWY",0.65172119487909,"Positive"
"PWY-841","RIBOSYN2-PWY",0.868762446657183,"Positive"
"PWY-841","SER-GLYSYN-PWY",0.865718349928876,"Positive"
"PWY-841","SO4ASSIM-PWY",0.66927453769559,"Positive"
"PWY-841","SULFATE-CYS-PWY",0.7075106685633,"Positive"
"PWY-841","THRESYN-PWY",0.929843527738265,"Positive"
"PWY-841","TRNA-CHARGING-PWY",0.89778093883357,"Positive"
"PWY-841","TRPSYN-PWY",0.847652916073969,"Positive"
"PWY-841","UDPNAGSYN-PWY",0.855903271692745,"Positive"
"PWY-841","VALSYN-PWY",0.886714082503556,"Positive"
"PWY-922","PWY0-1296",0.712432432432432,"Positive"
"PWY-922","PWY0-1297",0.755931721194879,"Positive"
"PWY-922","PWY0-1298",0.687652916073969,"Positive"
"PWY-922","PWY0-1319",0.866088193456614,"Positive"
"PWY-922","PWY0-1338",-0.607937411095306,"Negative"
"PWY-922","PWY0-1586",0.974139402560455,"Positive"
"PWY-922","PWY0-162",0.657354196301565,"Positive"
"PWY-922","PWY0-166",0.742560455192034,"Positive"
"PWY-922","PWY4FS-7",0.893229018492176,"Positive"
"PWY-922","PWY4FS-8",0.893229018492176,"Positive"
"PWY-922","SER-GLYSYN-PWY",0.620085348506401,"Positive"
"PWY-922","TEICHOICACID-PWY",0.629246088193457,"Positive"
"PWY-922","THRESYN-PWY",0.748221906116643,"Positive"
"PWY-922","TRNA-CHARGING-PWY",0.68022759601707,"Positive"
"PWY-922","UDPNAGSYN-PWY",0.876927453769559,"Positive"
"PWY0-1261","SALVADEHYPOX-PWY",0.612887624466572,"Positive"
"PWY0-1261","TCA",0.601877667140825,"Positive"
"PWY0-1296","PWY0-1297",0.977297297297297,"Positive"
"PWY0-1296","PWY0-1298",0.974793741109531,"Positive"
"PWY0-1296","PWY0-1319",0.634907539118065,"Positive"
"PWY0-1296","PWY0-1586",0.72298719772404,"Positive"
"PWY0-1296","PWY4FS-7",0.669445234708393,"Positive"
"PWY0-1296","PWY4FS-8",0.669445234708393,"Positive"
"PWY0-1296","THRESYN-PWY",0.642105263157895,"Positive"
"PWY0-1296","UDPNAGSYN-PWY",0.645348506401138,"Positive"
"PWY0-1297","PWY0-1298",0.963897581792319,"Positive"
"PWY0-1297","PWY0-1319",0.659260312944523,"Positive"
"PWY0-1297","PWY0-1586",0.763726884779516,"Positive"
"PWY0-1297","PWY4FS-7",0.68950213371266,"Positive"
"PWY0-1297","PWY4FS-8",0.68950213371266,"Positive"
"PWY0-1297","THRESYN-PWY",0.643442389758179,"Positive"
"PWY0-1297","UDPNAGSYN-PWY",0.668307254623044,"Positive"
"PWY0-1298","PWY0-1586",0.704153627311522,"Positive"
"PWY0-1298","PWY4FS-7",0.630668563300142,"Positive"
"PWY0-1298","PWY4FS-8",0.630668563300142,"Positive"
"PWY0-1298","UDPNAGSYN-PWY",0.608990042674253,"Positive"
"PWY0-1319","PWY0-1338",-0.732460881934566,"Negative"
"PWY0-1319","PWY0-1533",-0.640967283072546,"Negative"
"PWY0-1319","PWY0-1586",0.915561877667141,"Positive"
"PWY0-1319","PWY0-162",0.883413940256045,"Positive"
"PWY0-1319","PWY0-166",0.881706970128023,"Positive"
"PWY0-1319","PWY0-845",-0.629985775248933,"Negative"
"PWY0-1319","PWY4FS-7",0.988193456614509,"Positive"
"PWY0-1319","PWY4FS-8",0.988193456614509,"Positive"
"PWY0-1319","PYRIDNUCSAL-PWY",0.682105263157895,"Positive"
"PWY0-1319","PYRIDOXSYN-PWY",-0.651237553342817,"Negative"
"PWY0-1319","RIBOSYN2-PWY",0.865775248933144,"Positive"
"PWY0-1319","SER-GLYSYN-PWY",0.879943100995733,"Positive"
"PWY0-1319","THRESYN-PWY",0.951379800853485,"Positive"
"PWY0-1319","TRNA-CHARGING-PWY",0.853229018492176,"Positive"
"PWY0-1319","TRPSYN-PWY",0.823869132290185,"Positive"
"PWY0-1319","UDPNAGSYN-PWY",0.998179231863442,"Positive"
"PWY0-1319","VALSYN-PWY",0.869359886201991,"Positive"
"PWY0-1338","PWY0-1533",0.691948790896159,"Positive"
"PWY0-1338","PWY0-1586",-0.651635846372688,"Negative"
"PWY0-1338","PWY0-162",-0.683499288762447,"Negative"
"PWY0-1338","PWY0-166",-0.700512091038407,"Negative"
"PWY0-1338","PWY0-845",0.601137980085348,"Positive"
"PWY0-1338","PWY4FS-7",-0.725120910384068,"Negative"
"PWY0-1338","PWY4FS-8",-0.725120910384068,"Negative"
"PWY0-1338","PYRIDOXSYN-PWY",0.636728307254623,"Positive"
"PWY0-1338","RIBOSYN2-PWY",-0.689132290184922,"Negative"
"PWY0-1338","SER-GLYSYN-PWY",-0.719174964438122,"Negative"
"PWY0-1338","THRESYN-PWY",-0.747425320056899,"Negative"
"PWY0-1338","TRNA-CHARGING-PWY",-0.654708392603129,"Negative"
"PWY0-1338","TRPSYN-PWY",-0.671038406827881,"Negative"
"PWY0-1338","UDPNAGSYN-PWY",-0.723328591749644,"Negative"
"PWY0-1338","VALSYN-PWY",-0.67778093883357,"Negative"
"PWY0-1415","PWY0-1479",0.865462304409673,"Positive"
"PWY0-1533","PWY0-162",-0.672603129445235,"Negative"
"PWY0-1533","PWY0-166",-0.671465149359886,"Negative"
"PWY0-1533","PYRIDNUCSAL-PWY",-0.664125177809388,"Negative"
"PWY0-1533","RIBOSYN2-PWY",-0.705633001422475,"Negative"
"PWY0-1533","SER-GLYSYN-PWY",-0.705035561877667,"Negative"
"PWY0-1533","THRESYN-PWY",-0.687880512091038,"Negative"
"PWY0-1533","TRNA-CHARGING-PWY",-0.737496443812233,"Negative"
"PWY0-1533","TRPSYN-PWY",-0.730697012802276,"Negative"
"PWY0-1533","UDPNAGSYN-PWY",-0.629587482219061,"Negative"
"PWY0-1533","VALSYN-PWY",-0.727368421052632,"Negative"
"PWY0-1586","PWY0-162",0.739573257467994,"Positive"
"PWY0-1586","PWY0-166",0.809103840682788,"Positive"
"PWY0-1586","PWY4FS-7",0.932773826458037,"Positive"
"PWY0-1586","PWY4FS-8",0.932773826458037,"Positive"
"PWY0-1586","RIBOSYN2-PWY",0.683100995732575,"Positive"
"PWY0-1586","SER-GLYSYN-PWY",0.72574679943101,"Positive"
"PWY0-1586","THRESYN-PWY",0.831664295874822,"Positive"
"PWY0-1586","TRNA-CHARGING-PWY",0.758691322901849,"Positive"
"PWY0-1586","TRPSYN-PWY",0.639516358463727,"Positive"
"PWY0-1586","UDPNAGSYN-PWY",0.923869132290185,"Positive"
"PWY0-1586","VALSYN-PWY",0.688307254623044,"Positive"
"PWY0-162","PWY0-166",0.968762446657183,"Positive"
"PWY0-162","PWY0-781",0.624267425320057,"Positive"
"PWY0-162","PWY4FS-7",0.847624466571835,"Positive"
"PWY0-162","PWY4FS-8",0.847624466571835,"Positive"
"PWY0-162","PYRIDNUCSAL-PWY",0.82674253200569,"Positive"
"PWY0-162","PYRIDNUCSYN-PWY",0.622019914651494,"Positive"
"PWY0-162","RIBOSYN2-PWY",0.86972972972973,"Positive"
"PWY0-162","SER-GLYSYN-PWY",0.864580369843528,"Positive"
"PWY0-162","SO4ASSIM-PWY",0.629189189189189,"Positive"
"PWY0-162","SULFATE-CYS-PWY",0.666088193456615,"Positive"
"PWY0-162","THRESYN-PWY",0.924580369843528,"Positive"
"PWY0-162","TRNA-CHARGING-PWY",0.928904694167852,"Positive"
"PWY0-162","TRPSYN-PWY",0.845433854907539,"Positive"
"PWY0-162","UDPNAGSYN-PWY",0.873826458036984,"Positive"
"PWY0-162","VALSYN-PWY",0.882788051209104,"Positive"
"PWY0-166","PWY4FS-7",0.85923186344239,"Positive"
"PWY0-166","PWY4FS-8",0.85923186344239,"Positive"
"PWY0-166","PYRIDNUCSAL-PWY",0.752944523470839,"Positive"
"PWY0-166","RIBOSYN2-PWY",0.822475106685633,"Positive"
"PWY0-166","SER-GLYSYN-PWY",0.827140825035562,"Positive"
"PWY0-166","SULFATE-CYS-PWY",0.626344238975818,"Positive"
"PWY0-166","THRESYN-PWY",0.900540540540541,"Positive"
"PWY0-166","TRNA-CHARGING-PWY",0.927311522048364,"Positive"
"PWY0-166","TRPSYN-PWY",0.797325746799431,"Positive"
"PWY0-166","UDPNAGSYN-PWY",0.875590327169275,"Positive"
"PWY0-166","VALSYN-PWY",0.83547652916074,"Positive"
"PWY0-781","PYRIDNUCSAL-PWY",0.798691322901849,"Positive"
"PWY0-781","PYRIDNUCSYN-PWY",0.772916073968706,"Positive"
"PWY0-781","RIBOSYN2-PWY",0.611749644381223,"Positive"
"PWY0-781","SER-GLYSYN-PWY",0.652745376955903,"Positive"
"PWY0-781","SULFATE-CYS-PWY",0.625291607396871,"Positive"
"PWY0-781","THRESYN-PWY",0.607169274537696,"Positive"
"PWY0-781","TRNA-CHARGING-PWY",0.66850640113798,"Positive"
"PWY0-781","TRPSYN-PWY",0.673456614509246,"Positive"
"PWY0-781","VALSYN-PWY",0.675277382645804,"Positive"
"PWY0-845","PWY4FS-7",-0.624295874822191,"Negative"
"PWY0-845","PWY4FS-8",-0.624295874822191,"Negative"
"PWY0-845","PYRIDOXSYN-PWY",0.993428165007112,"Positive"
"PWY0-845","TCA-GLYOX-BYPASS",0.738947368421053,"Positive"
"PWY0-845","UDPNAGSYN-PWY",-0.61923186344239,"Negative"
"PWY0-862","PWYG-321",0.878435277382646,"Positive"
"PWY4FS-7","PWY4FS-8",1,"Positive"
"PWY4FS-7","PYRIDNUCSAL-PWY",0.619573257467994,"Positive"
"PWY4FS-7","PYRIDOXSYN-PWY",-0.643897581792319,"Negative"
"PWY4FS-7","RIBOSYN2-PWY",0.823044096728307,"Positive"
"PWY4FS-7","SER-GLYSYN-PWY",0.843271692745377,"Positive"
"PWY4FS-7","THRESYN-PWY",0.929075391180654,"Positive"
"PWY4FS-7","TRNA-CHARGING-PWY",0.818805120910384,"Positive"
"PWY4FS-7","TRPSYN-PWY",0.777354196301565,"Positive"
"PWY4FS-7","UDPNAGSYN-PWY",0.990014224751067,"Positive"
"PWY4FS-7","VALSYN-PWY",0.827681365576102,"Positive"
"PWY4FS-8","PYRIDNUCSAL-PWY",0.619573257467994,"Positive"
"PWY4FS-8","PYRIDOXSYN-PWY",-0.643897581792319,"Negative"
"PWY4FS-8","RIBOSYN2-PWY",0.823044096728307,"Positive"
"PWY4FS-8","SER-GLYSYN-PWY",0.843271692745377,"Positive"
"PWY4FS-8","THRESYN-PWY",0.929075391180654,"Positive"
"PWY4FS-8","TRNA-CHARGING-PWY",0.818805120910384,"Positive"
"PWY4FS-8","TRPSYN-PWY",0.777354196301565,"Positive"
"PWY4FS-8","UDPNAGSYN-PWY",0.990014224751067,"Positive"
"PWY4FS-8","VALSYN-PWY",0.827681365576102,"Positive"
"PYRIDNUCSAL-PWY","PYRIDNUCSYN-PWY",0.825803698435277,"Positive"
"PYRIDNUCSAL-PWY","RIBOSYN2-PWY",0.814054054054054,"Positive"
"PYRIDNUCSAL-PWY","SER-GLYSYN-PWY",0.803328591749644,"Positive"
"PYRIDNUCSAL-PWY","SO4ASSIM-PWY",0.733513513513513,"Positive"
"PYRIDNUCSAL-PWY","SULFATE-CYS-PWY",0.781906116642959,"Positive"
"PYRIDNUCSAL-PWY","THRESYN-PWY",0.779487908961593,"Positive"
"PYRIDNUCSAL-PWY","TRNA-CHARGING-PWY",0.84827880512091,"Positive"
"PYRIDNUCSAL-PWY","TRPSYN-PWY",0.831522048364154,"Positive"
"PYRIDNUCSAL-PWY","UDPNAGSYN-PWY",0.671408250355619,"Positive"
"PYRIDNUCSAL-PWY","VALSYN-PWY",0.864921763869132,"Positive"
"PYRIDNUCSYN-PWY","RIBOSYN2-PWY",0.649388335704125,"Positive"
"PYRIDNUCSYN-PWY","SER-GLYSYN-PWY",0.641507823613087,"Positive"
"PYRIDNUCSYN-PWY","SO4ASSIM-PWY",0.81049786628734,"Positive"
"PYRIDNUCSYN-PWY","SULFATE-CYS-PWY",0.848904694167852,"Positive"
"PYRIDNUCSYN-PWY","TRNA-CHARGING-PWY",0.668449502133713,"Positive"
"PYRIDNUCSYN-PWY","TRPSYN-PWY",0.66850640113798,"Positive"
"PYRIDNUCSYN-PWY","UBISYN-PWY",0.657354196301565,"Positive"
"PYRIDNUCSYN-PWY","VALSYN-PWY",0.683413940256046,"Positive"
"PYRIDOXSYN-PWY","TCA-GLYOX-BYPASS",0.747709815078236,"Positive"
"PYRIDOXSYN-PWY","THRESYN-PWY",-0.619630156472262,"Negative"
"PYRIDOXSYN-PWY","UDPNAGSYN-PWY",-0.640199146514936,"Negative"
"RIBOSYN2-PWY","SER-GLYSYN-PWY",0.966116642958748,"Positive"
"RIBOSYN2-PWY","SO4ASSIM-PWY",0.683698435277383,"Positive"
"RIBOSYN2-PWY","SULFATE-CYS-PWY",0.716187766714082,"Positive"
"RIBOSYN2-PWY","THRESYN-PWY",0.915192034139403,"Positive"
"RIBOSYN2-PWY","TRNA-CHARGING-PWY",0.816330014224751,"Positive"
"RIBOSYN2-PWY","TRPSYN-PWY",0.957951635846373,"Positive"
"RIBOSYN2-PWY","UDPNAGSYN-PWY",0.85172119487909,"Positive"
"RIBOSYN2-PWY","VALSYN-PWY",0.953541963015647,"Positive"
"SER-GLYSYN-PWY","SO4ASSIM-PWY",0.617837837837838,"Positive"
"SER-GLYSYN-PWY","SULFATE-CYS-PWY",0.66352773826458,"Positive"
"SER-GLYSYN-PWY","THRESYN-PWY",0.928364153627312,"Positive"
"SER-GLYSYN-PWY","TRNA-CHARGING-PWY",0.813883357041252,"Positive"
"SER-GLYSYN-PWY","TRPSYN-PWY",0.980256045519203,"Positive"
"SER-GLYSYN-PWY","UDPNAGSYN-PWY",0.866799431009957,"Positive"
"SER-GLYSYN-PWY","VALSYN-PWY",0.968221906116643,"Positive"
"SO4ASSIM-PWY","SULFATE-CYS-PWY",0.988449502133713,"Positive"
"SO4ASSIM-PWY","TRNA-CHARGING-PWY",0.663357041251778,"Positive"
"SO4ASSIM-PWY","TRPSYN-PWY",0.69371266002845,"Positive"
"SO4ASSIM-PWY","UBISYN-PWY",0.878492176386913,"Positive"
"SO4ASSIM-PWY","VALSYN-PWY",0.687339971550498,"Positive"
"SULFATE-CYS-PWY","TRNA-CHARGING-PWY",0.70551920341394,"Positive"
"SULFATE-CYS-PWY","TRPSYN-PWY",0.733172119487909,"Positive"
"SULFATE-CYS-PWY","UBISYN-PWY",0.873513513513513,"Positive"
"SULFATE-CYS-PWY","VALSYN-PWY",0.722560455192034,"Positive"
"THRESYN-PWY","TRNA-CHARGING-PWY",0.854167852062589,"Positive"
"THRESYN-PWY","TRPSYN-PWY",0.885775248933144,"Positive"
"THRESYN-PWY","UDPNAGSYN-PWY",0.945092460881935,"Positive"
"THRESYN-PWY","VALSYN-PWY",0.934679943100996,"Positive"
"TRNA-CHARGING-PWY","TRPSYN-PWY",0.817155049786629,"Positive"
"TRNA-CHARGING-PWY","UDPNAGSYN-PWY",0.846941678520626,"Positive"
"TRNA-CHARGING-PWY","VALSYN-PWY",0.851607396870555,"Positive"
"TRPSYN-PWY","UDPNAGSYN-PWY",0.808136557610242,"Positive"
"TRPSYN-PWY","VALSYN-PWY",0.974054054054054,"Positive"
"UDPNAGSYN-PWY","VALSYN-PWY",0.856728307254623,"Positive"
