"Source","Target","Weight","Direction"
"K00007","K00261",0.743243243243243,"Positive"
"K00007","K00840",0.891607396870555,"Positive"
"K00007","K01184",0.656614509246088,"Positive"
"K00007","K01521",0.624068278805121,"Positive"
"K00007","K03863",0.676557610241821,"Positive"
"K00007","K07345",0.679487908961593,"Positive"
"K00007","K07346",0.78022759601707,"Positive"
"K00007","K08485",0.649473684210526,"Positive"
"K00007","K09018",0.757439544807966,"Positive"
"K00007","K09020",0.701450924608819,"Positive"
"K00007","K09021",0.757439544807966,"Positive"
"K00007","K09023",0.757439544807966,"Positive"
"K00007","K10013",0.883840682788051,"Positive"
"K00007","K10014",0.709160739687056,"Positive"
"K00007","K10015",0.73103840682788,"Positive"
"K00007","K10016",0.722645803698435,"Positive"
"K00007","K10017",0.733684210526316,"Positive"
"K00007","K10036",0.690640113798008,"Positive"
"K00007","K10037",0.737069701280228,"Positive"
"K00007","K10038",0.737638691322902,"Positive"
"K00007","K10857",0.711920341394026,"Positive"
"K00007","K12957",0.742560455192034,"Positive"
"K00007","K13745",0.641963015647226,"Positive"
"K00007","K16839",0.748563300142247,"Positive"
"K00007","K16840",0.765320056899004,"Positive"
"K00007","K16841",0.738662873399715,"Positive"
"K00007","K16842",0.79800853485064,"Positive"
"K00007","K17228",0.723186344238976,"Positive"
"K00008","K00073",0.931095305832148,"Positive"
"K00008","K00137",0.695960170697013,"Positive"
"K00008","K00483",0.72199146514936,"Positive"
"K00008","K05881",0.675618776671408,"Positive"
"K00008","K06897",0.666372688477952,"Positive"
"K00008","K07686",0.601109530583215,"Positive"
"K00008","K11081",0.635504978662873,"Positive"
"K00008","K11082",0.635504978662873,"Positive"
"K00008","K11083",0.635504978662873,"Positive"
"K00008","K11084",0.635504978662873,"Positive"
"K00008","K12112",0.678406827880512,"Positive"
"K00008","K12536",0.611749644381223,"Positive"
"K00008","K14977",0.701877667140825,"Positive"
"K00010","K03335",0.958406827880512,"Positive"
"K00010","K03336",0.713115220483642,"Positive"
"K00010","K03337",0.706258890469417,"Positive"
"K00010","K03338",0.706258890469417,"Positive"
"K00010","K18009",0.641593172119488,"Positive"
"K00015","K00023",0.736159317211949,"Positive"
"K00015","K00303",0.608165007112376,"Positive"
"K00015","K01715",0.667624466571835,"Positive"
"K00015","K01908",0.696073968705548,"Positive"
"K00015","K02510",0.613627311522048,"Positive"
"K00015","K03821",0.643584637268848,"Positive"
"K00015","K05973",0.735675675675676,"Positive"
"K00015","K06998",0.664665718349929,"Positive"
"K00015","K12658",0.733769559032717,"Positive"
"K00015","K14519",0.683584637268848,"Positive"
"K00015","K18335",0.625547652916074,"Positive"
"K00019","K00249",0.6550213371266,"Positive"
"K00019","K00252",0.608364153627312,"Positive"
"K00019","K00253",0.698549075391181,"Positive"
"K00019","K00263",0.628534850640114,"Positive"
"K00019","K00451",0.697610241820768,"Positive"
"K00019","K00457",0.669559032716927,"Positive"
"K00019","K00500",0.707169274537696,"Positive"
"K00019","K01640",0.632944523470839,"Positive"
"K00019","K01724",0.812802275960171,"Positive"
"K00019","K01800",0.602475106685633,"Positive"
"K00019","K01968",0.707425320056899,"Positive"
"K00019","K01969",0.705718349928876,"Positive"
"K00019","K01971",0.653883357041252,"Positive"
"K00019","K02054",0.613058321479374,"Positive"
"K00019","K02258",0.807453769559033,"Positive"
"K00019","K02275",0.836301564722617,"Positive"
"K00019","K02276",0.822190611664296,"Positive"
"K00019","K02457",0.645092460881935,"Positive"
"K00019","K07516",0.720739687055477,"Positive"
"K00019","K07649",0.646543385490754,"Positive"
"K00019","K07774",0.605291607396871,"Positive"
"K00019","K07793",0.737866287339972,"Positive"
"K00019","K07794",0.72022759601707,"Positive"
"K00019","K07795",0.722788051209104,"Positive"
"K00019","K10747",0.788449502133713,"Positive"
"K00019","K10979",0.661365576102418,"Positive"
"K00019","K11472",0.657155049786629,"Positive"
"K00019","K11473",0.664637268847795,"Positive"
"K00019","K13938",0.601507823613087,"Positive"
"K00019","K15371",0.721365576102418,"Positive"
"K00019","K16171",0.685120910384068,"Positive"
"K00023","K00035",0.605405405405405,"Positive"
"K00023","K00064",0.607453769559033,"Positive"
"K00023","K00303",0.601934566145092,"Positive"
"K00023","K01434",0.607880512091038,"Positive"
"K00023","K01444",0.617923186344239,"Positive"
"K00023","K01715",0.75203413940256,"Positive"
"K00023","K01801",0.602275960170697,"Positive"
"K00023","K01908",0.789871977240398,"Positive"
"K00023","K02463",0.654879089615932,"Positive"
"K00023","K03194",0.613570412517781,"Positive"
"K00023","K03196",0.603783783783784,"Positive"
"K00023","K03197",0.731977240398293,"Positive"
"K00023","K03198",0.631209103840683,"Positive"
"K00023","K03203",0.632517780938834,"Positive"
"K00023","K03821",0.91977240398293,"Positive"
"K00023","K05973",0.997297297297297,"Positive"
"K00025","K00484",0.66674253200569,"Positive"
"K00025","K01034",0.96421052631579,"Positive"
"K00025","K01035",0.96421052631579,"Positive"
"K00025","K01556",0.785405405405405,"Positive"
"K00025","K01715",0.671522048364154,"Positive"
"K00025","K01908",0.615618776671408,"Positive"
"K00025","K01947",0.870953058321479,"Positive"
"K00025","K02106",0.692972972972973,"Positive"
"K00025","K04782",0.762788051209104,"Positive"
"K00025","K06013",0.884950213371266,"Positive"
"K00025","K07226",0.689046941678521,"Positive"
"K00025","K07710",0.966998577524893,"Positive"
"K00025","K07714",0.966998577524893,"Positive"
"K00025","K09758",0.622788051209104,"Positive"
"K00025","K11003",0.919487908961593,"Positive"
"K00025","K11004",0.919487908961593,"Positive"
"K00025","K12256",0.677809388335704,"Positive"
"K00025","K12688",1,"Positive"
"K00025","K14026",1,"Positive"
"K00025","K18133",0.870953058321479,"Positive"
"K00025","K18148",0.85701280227596,"Positive"
"K00025","K18369",0.81172119487909,"Positive"
"K00035","K01434",0.706913229018492,"Positive"
"K00035","K01464",0.666486486486486,"Positive"
"K00035","K03196",0.645035561877667,"Positive"
"K00035","K03198",0.667908961593172,"Positive"
"K00035","K03203",0.60728307254623,"Positive"
"K00035","K05973",0.620711237553343,"Positive"
"K00035","K06998",0.626998577524893,"Positive"
"K00035","K10228",0.896187766714083,"Positive"
"K00035","K18447",0.61027027027027,"Positive"
"K00039","K07784",0.624125177809388,"Positive"
"K00040","K01585",0.612290184921764,"Positive"
"K00040","K01685",0.794139402560455,"Positive"
"K00040","K01686",0.916358463726885,"Positive"
"K00040","K01812",0.788421052631579,"Positive"
"K00041","K01685",0.694822190611664,"Positive"
"K00041","K05780",0.698036984352774,"Positive"
"K00041","K06073",0.707624466571835,"Positive"
"K00041","K06074",0.707624466571835,"Positive"
"K00041","K06162",0.690327169274538,"Positive"
"K00041","K06163",0.627396870554765,"Positive"
"K00041","K06164",0.627396870554765,"Positive"
"K00041","K06165",0.627396870554765,"Positive"
"K00041","K06166",0.627396870554765,"Positive"
"K00041","K06858",0.608108108108108,"Positive"
"K00041","K09996",0.616386913229019,"Positive"
"K00042","K00435",0.639630156472262,"Positive"
"K00042","K00880",0.724267425320057,"Positive"
"K00042","K01639",0.712830725462304,"Positive"
"K00042","K01706",0.892859174964438,"Positive"
"K00042","K01708",0.859203413940256,"Positive"
"K00042","K01857",0.692290184921764,"Positive"
"K00042","K02009",0.683840682788051,"Positive"
"K00042","K03780",0.667311522048364,"Positive"
"K00042","K11625",0.615419630156472,"Positive"
"K00042","K11960",0.666571834992888,"Positive"
"K00042","K11962",0.667112375533428,"Positive"
"K00042","K11963",0.667112375533428,"Positive"
"K00042","K14422",0.639630156472262,"Positive"
"K00042","K16961",0.615391180654339,"Positive"
"K00045","K00102",0.8049786628734,"Positive"
"K00045","K00114",0.884153627311522,"Positive"
"K00045","K00316",0.606230440967283,"Positive"
"K00045","K00569",0.895732574679943,"Positive"
"K00045","K00697",0.76122332859175,"Positive"
"K00045","K01006",0.67624466571835,"Positive"
"K00045","K01061",0.719032716927454,"Positive"
"K00045","K01087",0.784893314366999,"Positive"
"K00045","K01194",0.645661450924609,"Positive"
"K00045","K01457",0.74122332859175,"Positive"
"K00045","K01470",0.815334281650071,"Positive"
"K00045","K01476",0.619630156472262,"Positive"
"K00045","K01576",0.766088193456614,"Positive"
"K00045","K01659",0.751152204836415,"Positive"
"K00045","K01692",0.684580369843528,"Positive"
"K00045","K01720",0.749416785206259,"Positive"
"K00045","K01941",0.716529160739687,"Positive"
"K00045","K02259",0.82099573257468,"Positive"
"K00045","K02849",-0.612204836415363,"Negative"
"K00045","K03205",0.724466571834993,"Positive"
"K00045","K03638",0.813399715504979,"Positive"
"K00045","K03735",0.741081081081081,"Positive"
"K00045","K03736",0.741081081081081,"Positive"
"K00045","K07141",0.693143669985775,"Positive"
"K00045","K07165",0.684722617354196,"Positive"
"K00045","K07215",0.72398293029872,"Positive"
"K00045","K07248",0.693172119487909,"Positive"
"K00045","K07250",0.642816500711238,"Positive"
"K00045","K07771",-0.601963015647226,"Negative"
"K00045","K08261",0.812859174964438,"Positive"
"K00045","K08738",0.771152204836415,"Positive"
"K00045","K09758",0.624779516358464,"Positive"
"K00045","K10011",-0.607140825035562,"Negative"
"K00045","K11645",0.640398293029872,"Positive"
"K00045","K12973",-0.620853485064011,"Negative"
"K00045","K13472",0.686628733997155,"Positive"
"K00045","K13481",0.925149359886202,"Positive"
"K00045","K13482",0.922930298719772,"Positive"
"K00045","K19236",-0.609302987197724,"Negative"
"K00045","K19743",0.763300142247511,"Positive"
"K00060","K00090",0.852318634423898,"Positive"
"K00060","K00639",0.609786628733997,"Positive"
"K00060","K00673",0.745433854907539,"Positive"
"K00060","K00758",0.655704125177809,"Positive"
"K00060","K00835",0.73271692745377,"Positive"
"K00060","K00855",0.75724039829303,"Positive"
"K00060","K00860",0.671749644381223,"Positive"
"K00060","K00892",0.754822190611664,"Positive"
"K00060","K01077",0.820881934566145,"Positive"
"K00060","K01468",0.780654338549075,"Positive"
"K00060","K01479",0.876870554765292,"Positive"
"K00060","K01484",0.776642958748222,"Positive"
"K00060","K01712",0.78022759601707,"Positive"
"K00060","K01745",0.759174964438122,"Positive"
"K00060","K01782",0.796557610241821,"Positive"
"K00060","K01815",0.82475106685633,"Positive"
"K00060","K02345",0.736500711237553,"Positive"
"K00060","K02402",0.757610241820768,"Positive"
"K00060","K02403",0.765633001422475,"Positive"
"K00060","K02423",0.619203413940256,"Positive"
"K00060","K02472",0.738890469416785,"Positive"
"K00060","K02779",0.77877667140825,"Positive"
"K00060","K02805",0.784210526315789,"Positive"
"K00060","K02847",0.610583214793741,"Positive"
"K00060","K02852",0.73271692745377,"Positive"
"K00060","K03184",0.875732574679943,"Positive"
"K00060","K05368",0.73271692745377,"Positive"
"K00060","K05874",0.824836415362731,"Positive"
"K00060","K05939",0.647311522048364,"Positive"
"K00060","K06080",0.73271692745377,"Positive"
"K00060","K06447",0.770896159317212,"Positive"
"K00060","K07251",0.73271692745377,"Positive"
"K00060","K07264",0.743271692745377,"Positive"
"K00060","K07676",0.73271692745377,"Positive"
"K00060","K07677",0.73425320056899,"Positive"
"K00060","K07687",0.742503556187767,"Positive"
"K00060","K07689",0.74099573257468,"Positive"
"K00060","K07711",0.765234708392603,"Positive"
"K00060","K07715",0.740825035561878,"Positive"
"K00060","K07771",0.729672830725462,"Positive"
"K00060","K07806",0.745547652916074,"Positive"
"K00060","K08682",0.719544807965861,"Positive"
"K00060","K10011",0.74321479374111,"Positive"
"K00060","K10012",0.745547652916074,"Positive"
"K00060","K11258",0.608108108108108,"Positive"
"K00060","K12368",0.661820768136558,"Positive"
"K00060","K12369",0.672944523470839,"Positive"
"K00060","K12370",0.672944523470839,"Positive"
"K00060","K12371",0.672944523470839,"Positive"
"K00060","K12372",0.672944523470839,"Positive"
"K00060","K12525",0.73271692745377,"Positive"
"K00060","K12582",0.73271692745377,"Positive"
"K00060","K12962",0.745547652916074,"Positive"
"K00060","K12963",0.745547652916074,"Positive"
"K00060","K12974",0.767795163584637,"Positive"
"K00060","K12975",0.774651493598862,"Positive"
"K00060","K13014",0.745547652916074,"Positive"
"K00060","K13301",0.73271692745377,"Positive"
"K00060","K16704",0.73271692745377,"Positive"
"K00060","K18697",0.650355618776671,"Positive"
"K00060","K18889",0.614167852062589,"Positive"
"K00060","K18890",0.614167852062589,"Positive"
"K00060","K19222",0.719914651493599,"Positive"
"K00060","K19226",0.733570412517781,"Positive"
"K00060","K19270",0.72827880512091,"Positive"
"K00064","K00480",0.64176386913229,"Positive"
"K00064","K01181",0.648335704125178,"Positive"
"K00064","K01801",0.716557610241821,"Positive"
"K00064","K03194",0.908250355618777,"Positive"
"K00064","K03201",0.840682788051209,"Positive"
"K00064","K03203",0.888421052631579,"Positive"
"K00064","K05973",0.630440967283073,"Positive"
"K00064","K16165",0.605348506401138,"Positive"
"K00068","K00174",0.770156472261735,"Positive"
"K00068","K00175",0.770156472261735,"Positive"
"K00068","K00176",0.689217638691323,"Positive"
"K00068","K00177",0.689217638691323,"Positive"
"K00068","K00619",0.689473684210526,"Positive"
"K00068","K01571",0.601963015647226,"Positive"
"K00068","K01628",0.688790896159317,"Positive"
"K00068","K01654",0.626258890469417,"Positive"
"K00068","K01677",0.669957325746799,"Positive"
"K00068","K01678",0.669957325746799,"Positive"
"K00068","K01847",0.679431009957326,"Positive"
"K00068","K01848",0.67402560455192,"Positive"
"K00068","K01849",0.67402560455192,"Positive"
"K00068","K01906",0.680910384068279,"Positive"
"K00068","K01912",0.911038406827881,"Positive"
"K00068","K02006",0.671379800853485,"Positive"
"K00068","K02614",0.718065433854908,"Positive"
"K00068","K02765",0.737752489331437,"Positive"
"K00068","K02783",0.99172119487909,"Positive"
"K00068","K03340",0.630355618776671,"Positive"
"K00068","K03429",0.757866287339972,"Positive"
"K00068","K03620",0.70850640113798,"Positive"
"K00068","K05606",0.71724039829303,"Positive"
"K00068","K06208",0.669957325746799,"Positive"
"K00068","K06209",0.610156472261735,"Positive"
"K00068","K06281",0.700142247510669,"Positive"
"K00068","K06282",0.700142247510669,"Positive"
"K00068","K07588",0.743556187766714,"Positive"
"K00068","K07590",0.69226173541963,"Positive"
"K00068","K08384",0.669957325746799,"Positive"
"K00068","K10206",0.678605974395448,"Positive"
"K00068","K11358",0.652802275960171,"Positive"
"K00068","K11782",0.627169274537696,"Positive"
"K00068","K11784",0.627169274537696,"Positive"
"K00068","K15792",0.621337126600285,"Positive"
"K00068","K16651",0.677496443812233,"Positive"
"K00068","K18285",0.630896159317212,"Positive"
"K00073","K00137",0.661365576102418,"Positive"
"K00073","K00483",0.695846372688478,"Positive"
"K00073","K05881",0.663926031294452,"Positive"
"K00073","K06897",0.641906116642959,"Positive"
"K00073","K11081",0.615931721194879,"Positive"
"K00073","K11082",0.615931721194879,"Positive"
"K00073","K11083",0.615931721194879,"Positive"
"K00073","K11084",0.615931721194879,"Positive"
"K00073","K12112",0.680284495021337,"Positive"
"K00073","K14977",0.700625889046942,"Positive"
"K00090","K00673",0.82122332859175,"Positive"
"K00090","K00835",0.752830725462304,"Positive"
"K00090","K00855",0.798492176386913,"Positive"
"K00090","K00860",0.730440967283073,"Positive"
"K00090","K00892",0.691692745376956,"Positive"
"K00090","K01058",0.602105263157895,"Positive"
"K00090","K01077",0.778520625889047,"Positive"
"K00090","K01089",0.605633001422475,"Positive"
"K00090","K01468",0.688790896159317,"Positive"
"K00090","K01479",0.792802275960171,"Positive"
"K00090","K01484",0.813229018492176,"Positive"
"K00090","K01712",0.689900426742532,"Positive"
"K00090","K01745",0.662475106685633,"Positive"
"K00090","K01782",0.835419630156472,"Positive"
"K00090","K01815",0.721365576102418,"Positive"
"K00090","K02345",0.751607396870555,"Positive"
"K00090","K02402",0.826088193456615,"Positive"
"K00090","K02403",0.824182076813656,"Positive"
"K00090","K02423",0.721536273115221,"Positive"
"K00090","K02446",0.60352773826458,"Positive"
"K00090","K02472",0.753598862019915,"Positive"
"K00090","K02566",0.60651493598862,"Positive"
"K00090","K02779",0.71547652916074,"Positive"
"K00090","K02805",0.804466571834993,"Positive"
"K00090","K02847",0.629246088193457,"Positive"
"K00090","K02852",0.742645803698435,"Positive"
"K00090","K02858",0.654651493598862,"Positive"
"K00090","K03184",0.899687055476529,"Positive"
"K00090","K03567",0.629331436699858,"Positive"
"K00090","K05368",0.742645803698435,"Positive"
"K00090","K05874",0.871237553342816,"Positive"
"K00090","K05875",0.604637268847795,"Positive"
"K00090","K05939",0.692091038406828,"Positive"
"K00090","K06080",0.742645803698435,"Positive"
"K00090","K06445",0.625035561877667,"Positive"
"K00090","K06447",0.816842105263158,"Positive"
"K00090","K07251",0.742645803698435,"Positive"
"K00090","K07264",0.735049786628734,"Positive"
"K00090","K07347",0.632574679943101,"Positive"
"K00090","K07637",0.638862019914652,"Positive"
"K00090","K07660",0.642019914651494,"Positive"
"K00090","K07676",0.742645803698435,"Positive"
"K00090","K07677",0.765320056899004,"Positive"
"K00090","K07687",0.759971550497866,"Positive"
"K00090","K07689",0.760398293029872,"Positive"
"K00090","K07711",0.820625889046942,"Positive"
"K00090","K07715",0.766657183499289,"Positive"
"K00090","K07771",0.711038406827881,"Positive"
"K00090","K07806",0.73172119487909,"Positive"
"K00090","K08682",0.726571834992888,"Positive"
"K00090","K10011",0.727339971550498,"Positive"
"K00090","K10012",0.73172119487909,"Positive"
"K00090","K11258",0.665860597439545,"Positive"
"K00090","K11891",0.680967283072546,"Positive"
"K00090","K11892",0.666941678520626,"Positive"
"K00090","K11893",0.671465149359886,"Positive"
"K00090","K12368",0.632204836415363,"Positive"
"K00090","K12369",0.632944523470839,"Positive"
"K00090","K12370",0.632944523470839,"Positive"
"K00090","K12371",0.632944523470839,"Positive"
"K00090","K12372",0.632944523470839,"Positive"
"K00090","K12524",0.606714082503556,"Positive"
"K00090","K12525",0.742645803698435,"Positive"
"K00090","K12582",0.742645803698435,"Positive"
"K00090","K12962",0.73172119487909,"Positive"
"K00090","K12963",0.73172119487909,"Positive"
"K00090","K12973",0.611550497866287,"Positive"
"K00090","K12974",0.767681365576102,"Positive"
"K00090","K12975",0.763015647226174,"Positive"
"K00090","K13014",0.73172119487909,"Positive"
"K00090","K13301",0.742645803698435,"Positive"
"K00090","K16704",0.742645803698435,"Positive"
"K00090","K18697",0.677183499288762,"Positive"
"K00090","K18889",0.691550497866287,"Positive"
"K00090","K18890",0.691550497866287,"Positive"
"K00090","K19222",0.763357041251778,"Positive"
"K00090","K19226",0.74352773826458,"Positive"
"K00090","K19270",0.672347083926031,"Positive"
"K00101","K00523",0.650924608819346,"Positive"
"K00101","K00863",0.798833570412518,"Positive"
"K00101","K01176",-0.624438122332859,"Negative"
"K00101","K01556",0.674224751066856,"Positive"
"K00101","K06013",0.620711237553343,"Positive"
"K00101","K08324",0.700170697012802,"Positive"
"K00101","K11003",0.607852062588905,"Positive"
"K00101","K11004",0.607852062588905,"Positive"
"K00101","K15125",0.613627311522048,"Positive"
"K00101","K18148",0.623613086770981,"Positive"
"K00101","K18369",0.626145092460882,"Positive"
"K00102","K00114",0.818805120910384,"Positive"
"K00102","K00316",0.689701280227596,"Positive"
"K00102","K00569",0.876358463726885,"Positive"
"K00102","K00595",0.651237553342817,"Positive"
"K00102","K00697",0.619089615931721,"Positive"
"K00102","K01006",0.664694167852063,"Positive"
"K00102","K01087",0.657610241820768,"Positive"
"K00102","K01457",0.639687055476529,"Positive"
"K00102","K01470",0.809900426742532,"Positive"
"K00102","K01476",0.75977240398293,"Positive"
"K00102","K01576",0.742645803698435,"Positive"
"K00102","K01659",0.741650071123755,"Positive"
"K00102","K01692",0.721052631578947,"Positive"
"K00102","K01720",0.839032716927454,"Positive"
"K00102","K01941",0.60651493598862,"Positive"
"K00102","K02225",0.619630156472262,"Positive"
"K00102","K02229",0.64321479374111,"Positive"
"K00102","K02230",0.653769559032717,"Positive"
"K00102","K02259",0.854793741109531,"Positive"
"K00102","K03205",0.808193456614509,"Positive"
"K00102","K03638",0.621365576102418,"Positive"
"K00102","K03735",0.64375533428165,"Positive"
"K00102","K03736",0.64375533428165,"Positive"
"K00102","K04719",0.645633001422475,"Positive"
"K00102","K07141",0.611806543385491,"Positive"
"K00102","K07165",0.708990042674253,"Positive"
"K00102","K07215",0.753342816500711,"Positive"
"K00102","K07248",0.638435277382646,"Positive"
"K00102","K07250",0.625945945945946,"Positive"
"K00102","K08261",0.806628733997155,"Positive"
"K00102","K08738",0.800199146514936,"Positive"
"K00102","K09758",0.726714082503556,"Positive"
"K00102","K10011",-0.610213371266003,"Negative"
"K00102","K11645",0.601109530583215,"Positive"
"K00102","K13472",0.653940256045519,"Positive"
"K00102","K13481",0.782475106685633,"Positive"
"K00102","K13482",0.781081081081081,"Positive"
"K00102","K13485",0.646002844950213,"Positive"
"K00102","K19743",0.911180654338549,"Positive"
"K00105","K00131",0.910184921763869,"Positive"
"K00105","K00687",0.987596017069701,"Positive"
"K00105","K00917",0.89149359886202,"Positive"
"K00105","K01176",0.793086770981508,"Positive"
"K00105","K01446",0.938406827880512,"Positive"
"K00105","K01467",0.713940256045519,"Positive"
"K00105","K01598",0.987596017069701,"Positive"
"K00105","K01922",0.987596017069701,"Positive"
"K00105","K02746",0.850213371266003,"Positive"
"K00105","K04516",0.898691322901849,"Positive"
"K00105","K05362",0.987539118065434,"Positive"
"K00105","K05363",0.984921763869132,"Positive"
"K00105","K07717",0.6524893314367,"Positive"
"K00105","K07719",0.6524893314367,"Positive"
"K00105","K11041",0.952460881934566,"Positive"
"K00105","K11617",0.942930298719772,"Positive"
"K00105","K11618",0.611664295874822,"Positive"
"K00105","K12296",0.951009957325747,"Positive"
"K00105","K12554",0.712887624466572,"Positive"
"K00105","K12556",0.987596017069701,"Positive"
"K00105","K13677",0.813598862019915,"Positive"
"K00108","K00130",0.790384068278805,"Positive"
"K00108","K00140",0.63977240398293,"Positive"
"K00108","K00322",0.75271692745377,"Positive"
"K00108","K00632",0.65800853485064,"Positive"
"K00108","K01546",0.769530583214794,"Positive"
"K00108","K01547",0.770327169274538,"Positive"
"K00108","K01548",0.769530583214794,"Positive"
"K00108","K01637",0.687339971550498,"Positive"
"K00108","K01638",0.900455192034139,"Positive"
"K00108","K01825",0.645064011379801,"Positive"
"K00108","K02053",0.793883357041252,"Positive"
"K00108","K03181",0.75149359886202,"Positive"
"K00108","K03473",0.667368421052632,"Positive"
"K00108","K03566",0.650213371266003,"Positive"
"K00108","K06879",0.658918918918919,"Positive"
"K00108","K07639",0.688961593172119,"Positive"
"K00108","K07642",0.600369843527738,"Positive"
"K00108","K07646",0.631522048364154,"Positive"
"K00108","K07661",0.688961593172119,"Positive"
"K00108","K07664",0.604495021337127,"Positive"
"K00108","K07667",0.644068278805121,"Positive"
"K00108","K07678",0.678833570412518,"Positive"
"K00108","K08484",0.654708392603129,"Positive"
"K00108","K09913",0.707396870554765,"Positive"
"K00108","K10026",0.726173541963016,"Positive"
"K00108","K10804",0.857695590327169,"Positive"
"K00108","K11959",0.708165007112376,"Positive"
"K00108","K11961",0.706884779516358,"Positive"
"K00108","K12339",0.704495021337127,"Positive"
"K00108","K13378",0.608648648648649,"Positive"
"K00112","K00113",1,"Positive"
"K00112","K01406",0.673940256045519,"Positive"
"K00112","K02849",0.60651493598862,"Positive"
"K00112","K06079",0.82275960170697,"Positive"
"K00112","K07686",0.605832147937411,"Positive"
"K00112","K12536",0.634452347083926,"Positive"
"K00112","K19236",0.606799431009957,"Positive"
"K00113","K01406",0.673940256045519,"Positive"
"K00113","K02849",0.60651493598862,"Positive"
"K00113","K06079",0.82275960170697,"Positive"
"K00113","K07686",0.605832147937411,"Positive"
"K00113","K12536",0.634452347083926,"Positive"
"K00113","K19236",0.606799431009957,"Positive"
"K00114","K00316",0.702446657183499,"Positive"
"K00114","K00569",0.917496443812233,"Positive"
"K00114","K00697",0.684125177809388,"Positive"
"K00114","K00835",-0.618975817923186,"Negative"
"K00114","K00855",-0.606998577524893,"Negative"
"K00114","K01006",0.674708392603129,"Positive"
"K00114","K01087",0.705348506401138,"Positive"
"K00114","K01457",0.730810810810811,"Positive"
"K00114","K01470",0.897382645803698,"Positive"
"K00114","K01476",0.660028449502134,"Positive"
"K00114","K01576",0.654651493598862,"Positive"
"K00114","K01659",0.754566145092461,"Positive"
"K00114","K01692",0.824238975817923,"Positive"
"K00114","K01720",0.731322901849218,"Positive"
"K00114","K01941",0.692802275960171,"Positive"
"K00114","K02225",0.626230440967283,"Positive"
"K00114","K02230",0.614935988620199,"Positive"
"K00114","K02259",0.923328591749644,"Positive"
"K00114","K02345",-0.629587482219061,"Negative"
"K00114","K02402",-0.632546230440967,"Negative"
"K00114","K02403",-0.631465149359886,"Negative"
"K00114","K02423",-0.680597439544808,"Negative"
"K00114","K02472",-0.635220483641536,"Negative"
"K00114","K02805",-0.616586059743955,"Negative"
"K00114","K02849",-0.678293029871977,"Negative"
"K00114","K02852",-0.620881934566145,"Negative"
"K00114","K03205",0.668364153627311,"Positive"
"K00114","K03638",0.707539118065434,"Positive"
"K00114","K03735",0.687396870554765,"Positive"
"K00114","K03736",0.687396870554765,"Positive"
"K00114","K05368",-0.620881934566145,"Negative"
"K00114","K06080",-0.620881934566145,"Negative"
"K00114","K07141",0.660426742532006,"Positive"
"K00114","K07165",0.723044096728307,"Positive"
"K00114","K07215",0.603157894736842,"Positive"
"K00114","K07248",0.656102418207681,"Positive"
"K00114","K07250",0.604295874822191,"Positive"
"K00114","K07251",-0.620881934566145,"Negative"
"K00114","K07264",-0.602190611664296,"Negative"
"K00114","K07345",-0.611778093883357,"Negative"
"K00114","K07347",-0.649615931721195,"Negative"
"K00114","K07676",-0.620881934566145,"Negative"
"K00114","K07677",-0.638605974395448,"Negative"
"K00114","K07687",-0.630213371266003,"Negative"
"K00114","K07689",-0.631664295874822,"Negative"
"K00114","K07711",-0.62452347083926,"Negative"
"K00114","K07715",-0.638463726884779,"Negative"
"K00114","K07771",-0.600398293029872,"Negative"
"K00114","K07806",-0.601166429587482,"Negative"
"K00114","K08261",0.734110953058322,"Positive"
"K00114","K08682",-0.622076813655761,"Negative"
"K00114","K08738",0.894366998577525,"Positive"
"K00114","K09758",0.618378378378378,"Positive"
"K00114","K10011",-0.609758179231863,"Negative"
"K00114","K10012",-0.601166429587482,"Negative"
"K00114","K12525",-0.620881934566145,"Negative"
"K00114","K12582",-0.620881934566145,"Negative"
"K00114","K12962",-0.601166429587482,"Negative"
"K00114","K12963",-0.601166429587482,"Negative"
"K00114","K12973",-0.683584637268848,"Negative"
"K00114","K13014",-0.601166429587482,"Negative"
"K00114","K13301",-0.620881934566145,"Negative"
"K00114","K13472",0.637411095305832,"Positive"
"K00114","K13481",0.836500711237553,"Positive"
"K00114","K13482",0.835761024182077,"Positive"
"K00114","K16704",-0.620881934566145,"Negative"
"K00114","K18889",-0.676728307254623,"Negative"
"K00114","K18890",-0.676728307254623,"Negative"
"K00114","K19222",-0.618349928876245,"Negative"
"K00114","K19226",-0.622788051209104,"Negative"
"K00114","K19236",-0.677126600284495,"Negative"
"K00114","K19743",0.761166429587482,"Positive"
"K00130","K00140",0.792091038406828,"Positive"
"K00130","K00322",0.959743954480797,"Positive"
"K00130","K00372",0.640369843527738,"Positive"
"K00130","K00631",0.682446657183499,"Positive"
"K00130","K00632",0.82728307254623,"Positive"
"K00130","K00836",0.728079658605974,"Positive"
"K00130","K01058",0.690071123755334,"Positive"
"K00130","K01546",0.615163584637269,"Positive"
"K00130","K01547",0.609388335704125,"Positive"
"K00130","K01548",0.615163584637269,"Positive"
"K00130","K01638",0.720853485064011,"Positive"
"K00130","K01792",0.706856330014225,"Positive"
"K00130","K01825",0.824096728307255,"Positive"
"K00130","K02053",0.632062588904694,"Positive"
"K00130","K02439",0.659544807965861,"Positive"
"K00130","K02619",0.7625320056899,"Positive"
"K00130","K03087",0.651237553342817,"Positive"
"K00130","K03181",0.967567567567568,"Positive"
"K00130","K03472",0.632432432432432,"Positive"
"K00130","K03473",0.875078236130868,"Positive"
"K00130","K03651",0.759118065433855,"Positive"
"K00130","K03732",0.745234708392603,"Positive"
"K00130","K04093",0.60697012802276,"Positive"
"K00130","K05365",0.681963015647226,"Positive"
"K00130","K06445",0.695590327169274,"Positive"
"K00130","K06879",0.827795163584637,"Positive"
"K00130","K07235",0.759118065433855,"Positive"
"K00130","K07345",0.653172119487909,"Positive"
"K00130","K07347",0.651123755334282,"Positive"
"K00130","K07639",0.891209103840683,"Positive"
"K00130","K07642",0.737041251778094,"Positive"
"K00130","K07661",0.891209103840683,"Positive"
"K00130","K07664",0.740284495021337,"Positive"
"K00130","K07678",0.883186344238976,"Positive"
"K00130","K08484",0.828904694167852,"Positive"
"K00130","K08485",0.740199146514936,"Positive"
"K00130","K09913",0.911692745376956,"Positive"
"K00130","K10014",0.646031294452347,"Positive"
"K00130","K10015",0.619829302987198,"Positive"
"K00130","K10016",0.605405405405405,"Positive"
"K00130","K10017",0.62221906116643,"Positive"
"K00130","K10026",0.876073968705548,"Positive"
"K00130","K10037",0.60574679943101,"Positive"
"K00130","K10038",0.602446657183499,"Positive"
"K00130","K10804",0.677638691322902,"Positive"
"K00130","K10914",0.683726884779516,"Positive"
"K00130","K11179",0.759118065433855,"Positive"
"K00130","K11183",0.670753911806543,"Positive"
"K00130","K12339",0.909900426742532,"Positive"
"K00130","K13378",0.794310099573257,"Positive"
"K00130","K15777",0.705234708392603,"Positive"
"K00130","K16692",0.669046941678521,"Positive"
"K00131","K00687",0.916557610241821,"Positive"
"K00131","K00917",0.891522048364154,"Positive"
"K00131","K01176",0.882930298719772,"Positive"
"K00131","K01446",0.909416785206259,"Positive"
"K00131","K01467",0.723243243243243,"Positive"
"K00131","K01598",0.916557610241821,"Positive"
"K00131","K01922",0.916557610241821,"Positive"
"K00131","K02746",0.844495021337127,"Positive"
"K00131","K04516",0.830241820768137,"Positive"
"K00131","K05362",0.916586059743954,"Positive"
"K00131","K05363",0.919203413940256,"Positive"
"K00131","K07717",0.692517780938834,"Positive"
"K00131","K07719",0.692517780938834,"Positive"
"K00131","K11041",0.951948790896159,"Positive"
"K00131","K11617",0.856586059743955,"Positive"
"K00131","K12296",0.958549075391181,"Positive"
"K00131","K12554",0.730981507823613,"Positive"
"K00131","K12556",0.916557610241821,"Positive"
"K00131","K13677",0.700085348506401,"Positive"
"K00131","K15125",-0.641849217638691,"Negative"
"K00137","K00146",0.892460881934566,"Positive"
"K00137","K00151",0.813143669985775,"Positive"
"K00137","K00483",0.963328591749644,"Positive"
"K00137","K01130",0.692062588904694,"Positive"
"K00137","K02609",0.761706970128023,"Positive"
"K00137","K02610",0.761706970128023,"Positive"
"K00137","K02611",0.761706970128023,"Positive"
"K00137","K02612",0.761706970128023,"Positive"
"K00137","K02613",0.705320056899004,"Positive"
"K00137","K02615",0.812403982930299,"Positive"
"K00137","K02618",0.802247510668563,"Positive"
"K00137","K02747",0.622844950213371,"Positive"
"K00137","K03077",0.686628733997155,"Positive"
"K00137","K03079",0.699829302987198,"Positive"
"K00137","K05881",0.672574679943101,"Positive"
"K00137","K05921",0.833086770981508,"Positive"
"K00137","K06048",0.615960170697013,"Positive"
"K00137","K06897",0.719601706970128,"Positive"
"K00137","K06989",0.820369843527738,"Positive"
"K00137","K07686",0.730867709815078,"Positive"
"K00137","K07783",0.647937411095306,"Positive"
"K00137","K08320",0.813143669985775,"Positive"
"K00137","K11081",0.709644381223329,"Positive"
"K00137","K11082",0.709644381223329,"Positive"
"K00137","K11083",0.709644381223329,"Positive"
"K00137","K11084",0.709644381223329,"Positive"
"K00137","K12112",0.659118065433855,"Positive"
"K00137","K15866",0.624125177809388,"Positive"
"K00138","K09972",0.638634423897582,"Positive"
"K00138","K10680",0.602133712660028,"Positive"
"K00140","K00322",0.76927453769559,"Positive"
"K00140","K00631",0.661650071123755,"Positive"
"K00140","K00632",0.653342816500711,"Positive"
"K00140","K01792",0.697354196301565,"Positive"
"K00140","K01825",0.674082503556188,"Positive"
"K00140","K02619",0.704779516358464,"Positive"
"K00140","K03181",0.766088193456614,"Positive"
"K00140","K03473",0.68551920341394,"Positive"
"K00140","K03651",0.717211948790896,"Positive"
"K00140","K03732",0.724011379800854,"Positive"
"K00140","K04565",0.715960170697013,"Positive"
"K00140","K05365",0.666258890469417,"Positive"
"K00140","K06879",0.843470839260313,"Positive"
"K00140","K07235",0.717211948790896,"Positive"
"K00140","K07639",0.835334281650071,"Positive"
"K00140","K07661",0.835334281650071,"Positive"
"K00140","K07678",0.695846372688478,"Positive"
"K00140","K08484",0.795903271692745,"Positive"
"K00140","K09913",0.829160739687056,"Positive"
"K00140","K10026",0.73402560455192,"Positive"
"K00140","K10804",0.762901849217639,"Positive"
"K00140","K10914",0.661877667140825,"Positive"
"K00140","K11179",0.717211948790896,"Positive"
"K00140","K11183",0.679715504978663,"Positive"
"K00140","K12339",0.825035561877667,"Positive"
"K00140","K13378",0.687823613086771,"Positive"
"K00146","K00151",0.921678520625889,"Positive"
"K00146","K00483",0.871863442389758,"Positive"
"K00146","K01130",0.750412517780939,"Positive"
"K00146","K02609",0.794082503556188,"Positive"
"K00146","K02610",0.794082503556188,"Positive"
"K00146","K02611",0.794082503556188,"Positive"
"K00146","K02612",0.794082503556188,"Positive"
"K00146","K02613",0.754708392603129,"Positive"
"K00146","K02615",0.921934566145093,"Positive"
"K00146","K02618",0.821650071123755,"Positive"
"K00146","K02747",0.636529160739687,"Positive"
"K00146","K03079",0.675704125177809,"Positive"
"K00146","K03532",0.658890469416785,"Positive"
"K00146","K05881",0.696358463726885,"Positive"
"K00146","K05921",0.930867709815078,"Positive"
"K00146","K06048",0.661251778093883,"Positive"
"K00146","K06897",0.728136557610242,"Positive"
"K00146","K06989",0.83923186344239,"Positive"
"K00146","K07306",0.600483641536273,"Positive"
"K00146","K07307",0.608648648648649,"Positive"
"K00146","K07686",0.617098150782361,"Positive"
"K00146","K07784",0.644495021337127,"Positive"
"K00146","K08320",0.921678520625889,"Positive"
"K00146","K11081",0.818435277382646,"Positive"
"K00146","K11082",0.818435277382646,"Positive"
"K00146","K11083",0.818435277382646,"Positive"
"K00146","K11084",0.818435277382646,"Positive"
"K00146","K12112",0.691607396870555,"Positive"
"K00146","K15866",0.686628733997155,"Positive"
"K00146","K18333",0.638520625889047,"Positive"
"K00151","K00483",0.809189189189189,"Positive"
"K00151","K01130",0.662731152204836,"Positive"
"K00151","K02609",0.859402560455192,"Positive"
"K00151","K02610",0.859402560455192,"Positive"
"K00151","K02611",0.859402560455192,"Positive"
"K00151","K02612",0.859402560455192,"Positive"
"K00151","K02613",0.79448079658606,"Positive"
"K00151","K02615",0.999743954480797,"Positive"
"K00151","K02618",0.897667140825036,"Positive"
"K00151","K02747",0.698549075391181,"Positive"
"K00151","K03079",0.624409672830725,"Positive"
"K00151","K03532",0.686372688477952,"Positive"
"K00151","K05306",0.630128022759602,"Positive"
"K00151","K05877",0.61348506401138,"Positive"
"K00151","K05881",0.771408250355619,"Positive"
"K00151","K05921",0.986230440967283,"Positive"
"K00151","K06897",0.811863442389758,"Positive"
"K00151","K06989",0.907766714082504,"Positive"
"K00151","K07306",0.65678520625889,"Positive"
"K00151","K07307",0.652403982930299,"Positive"
"K00151","K07784",0.677951635846373,"Positive"
"K00151","K07812",0.677126600284495,"Positive"
"K00151","K08302",0.602901849217639,"Positive"
"K00151","K08320",1,"Positive"
"K00151","K10824",0.655078236130868,"Positive"
"K00151","K11081",0.892859174964438,"Positive"
"K00151","K11082",0.892859174964438,"Positive"
"K00151","K11083",0.892859174964438,"Positive"
"K00151","K11084",0.892859174964438,"Positive"
"K00151","K11216",0.632745376955903,"Positive"
"K00151","K11530",0.632745376955903,"Positive"
"K00151","K12112",0.770213371266003,"Positive"
"K00151","K14977",0.606031294452347,"Positive"
"K00151","K15584",0.655078236130868,"Positive"
"K00151","K15585",0.655078236130868,"Positive"
"K00151","K15586",0.654281650071124,"Positive"
"K00151","K15587",0.655078236130868,"Positive"
"K00151","K15866",0.601906116642959,"Positive"
"K00151","K18333",0.625462304409673,"Positive"
"K00166","K00167",0.997524893314367,"Positive"
"K00166","K00480",0.717496443812233,"Positive"
"K00166","K01130",0.653940256045519,"Positive"
"K00166","K01801",0.801052631578947,"Positive"
"K00166","K09699",0.997524893314367,"Positive"
"K00166","K14977",0.637638691322902,"Positive"
"K00166","K16165",0.678577524893314,"Positive"
"K00167","K00480",0.725177809388336,"Positive"
"K00167","K01031",0.605206258890469,"Positive"
"K00167","K01130",0.657325746799431,"Positive"
"K00167","K01801",0.806685633001422,"Positive"
"K00167","K09699",1,"Positive"
"K00167","K10824",0.601706970128023,"Positive"
"K00167","K14977",0.646002844950213,"Positive"
"K00167","K15584",0.601706970128023,"Positive"
"K00167","K15585",0.601706970128023,"Positive"
"K00167","K15586",0.601394025604552,"Positive"
"K00167","K15587",0.601706970128023,"Positive"
"K00167","K16165",0.68375533428165,"Positive"
"K00174","K00175",1,"Positive"
"K00174","K00176",0.847596017069701,"Positive"
"K00174","K00177",0.847596017069701,"Positive"
"K00174","K00619",0.824466571834993,"Positive"
"K00174","K00824",0.730298719772404,"Positive"
"K00174","K01571",0.625860597439545,"Positive"
"K00174","K01628",0.906913229018492,"Positive"
"K00174","K01654",0.834850640113798,"Positive"
"K00174","K01677",0.836642958748222,"Positive"
"K00174","K01678",0.836642958748222,"Positive"
"K00174","K01847",0.821650071123755,"Positive"
"K00174","K01848",0.862019914651494,"Positive"
"K00174","K01849",0.862019914651494,"Positive"
"K00174","K01906",0.837610241820768,"Positive"
"K00174","K01912",0.773769559032717,"Positive"
"K00174","K02006",0.894196301564723,"Positive"
"K00174","K02765",0.80099573257468,"Positive"
"K00174","K02783",0.730184921763869,"Positive"
"K00174","K03340",0.795675675675676,"Positive"
"K00174","K03405",0.678122332859175,"Positive"
"K00174","K03409",0.74697012802276,"Positive"
"K00174","K03410",0.76022759601707,"Positive"
"K00174","K03429",0.953229018492176,"Positive"
"K00174","K03620",0.862702702702703,"Positive"
"K00174","K05606",0.802588904694168,"Positive"
"K00174","K06208",0.836642958748222,"Positive"
"K00174","K06209",0.764125177809388,"Positive"
"K00174","K06281",0.892318634423898,"Positive"
"K00174","K06282",0.892318634423898,"Positive"
"K00174","K07588",0.90873399715505,"Positive"
"K00174","K07590",0.910128022759602,"Positive"
"K00174","K07720",0.679715504978663,"Positive"
"K00174","K08384",0.836642958748222,"Positive"
"K00174","K10206",0.845860597439545,"Positive"
"K00174","K11358",0.762560455192034,"Positive"
"K00174","K11690",0.648108108108108,"Positive"
"K00174","K11782",0.816273115220484,"Positive"
"K00174","K11784",0.816273115220484,"Positive"
"K00174","K13818",0.822389758179232,"Positive"
"K00174","K15792",0.822361308677098,"Positive"
"K00174","K16651",0.893229018492176,"Positive"
"K00174","K18285",0.82,"Positive"
"K00174","K19353",0.644039829302987,"Positive"
"K00175","K00176",0.847596017069701,"Positive"
"K00175","K00177",0.847596017069701,"Positive"
"K00175","K00619",0.824466571834993,"Positive"
"K00175","K00824",0.730298719772404,"Positive"
"K00175","K01571",0.625860597439545,"Positive"
"K00175","K01628",0.906913229018492,"Positive"
"K00175","K01654",0.834850640113798,"Positive"
"K00175","K01677",0.836642958748222,"Positive"
"K00175","K01678",0.836642958748222,"Positive"
"K00175","K01847",0.821650071123755,"Positive"
"K00175","K01848",0.862019914651494,"Positive"
"K00175","K01849",0.862019914651494,"Positive"
"K00175","K01906",0.837610241820768,"Positive"
"K00175","K01912",0.773769559032717,"Positive"
"K00175","K02006",0.894196301564723,"Positive"
"K00175","K02765",0.80099573257468,"Positive"
"K00175","K02783",0.730184921763869,"Positive"
"K00175","K03340",0.795675675675676,"Positive"
"K00175","K03405",0.678122332859175,"Positive"
"K00175","K03409",0.74697012802276,"Positive"
"K00175","K03410",0.76022759601707,"Positive"
"K00175","K03429",0.953229018492176,"Positive"
"K00175","K03620",0.862702702702703,"Positive"
"K00175","K05606",0.802588904694168,"Positive"
"K00175","K06208",0.836642958748222,"Positive"
"K00175","K06209",0.764125177809388,"Positive"
"K00175","K06281",0.892318634423898,"Positive"
"K00175","K06282",0.892318634423898,"Positive"
"K00175","K07588",0.90873399715505,"Positive"
"K00175","K07590",0.910128022759602,"Positive"
"K00175","K07720",0.679715504978663,"Positive"
"K00175","K08384",0.836642958748222,"Positive"
"K00175","K10206",0.845860597439545,"Positive"
"K00175","K11358",0.762560455192034,"Positive"
"K00175","K11690",0.648108108108108,"Positive"
"K00175","K11782",0.816273115220484,"Positive"
"K00175","K11784",0.816273115220484,"Positive"
"K00175","K13818",0.822389758179232,"Positive"
"K00175","K15792",0.822361308677098,"Positive"
"K00175","K16651",0.893229018492176,"Positive"
"K00175","K18285",0.82,"Positive"
"K00175","K19353",0.644039829302987,"Positive"
"K00176","K00177",1,"Positive"
"K00176","K00619",0.935618776671408,"Positive"
"K00176","K00824",0.66122332859175,"Positive"
"K00176","K01571",0.651436699857753,"Positive"
"K00176","K01628",0.953001422475107,"Positive"
"K00176","K01654",0.945035561877667,"Positive"
"K00176","K01677",0.992546230440967,"Positive"
"K00176","K01678",0.992546230440967,"Positive"
"K00176","K01847",0.852688477951636,"Positive"
"K00176","K01848",0.96321479374111,"Positive"
"K00176","K01849",0.96321479374111,"Positive"
"K00176","K01906",0.993399715504979,"Positive"
"K00176","K01912",0.744807965860597,"Positive"
"K00176","K02006",0.964580369843528,"Positive"
"K00176","K02765",0.720341394025605,"Positive"
"K00176","K02783",0.641564722617354,"Positive"
"K00176","K03340",0.879345661450925,"Positive"
"K00176","K03404",0.744352773826458,"Positive"
"K00176","K03405",0.658520625889047,"Positive"
"K00176","K03409",0.884409672830725,"Positive"
"K00176","K03410",0.796443812233286,"Positive"
"K00176","K03429",0.867197724039829,"Positive"
"K00176","K03620",0.884580369843528,"Positive"
"K00176","K05606",0.812773826458037,"Positive"
"K00176","K06208",0.992546230440967,"Positive"
"K00176","K06209",0.647254623044097,"Positive"
"K00176","K06281",0.855334281650071,"Positive"
"K00176","K06282",0.855334281650071,"Positive"
"K00176","K07588",0.910896159317212,"Positive"
"K00176","K07590",0.822503556187767,"Positive"
"K00176","K07720",0.746571834992888,"Positive"
"K00176","K08384",0.992546230440967,"Positive"
"K00176","K10206",0.998577524893314,"Positive"
"K00176","K11358",0.889302987197724,"Positive"
"K00176","K11690",0.65524893314367,"Positive"
"K00176","K11782",0.914879089615932,"Positive"
"K00176","K11784",0.914879089615932,"Positive"
"K00176","K13818",0.934822190611664,"Positive"
"K00176","K15792",0.950241820768137,"Positive"
"K00176","K16651",0.97203413940256,"Positive"
"K00176","K18285",0.914964438122333,"Positive"
"K00176","K19353",0.675362731152205,"Positive"
"K00177","K00619",0.935618776671408,"Positive"
"K00177","K00824",0.66122332859175,"Positive"
"K00177","K01571",0.651436699857753,"Positive"
"K00177","K01628",0.953001422475107,"Positive"
"K00177","K01654",0.945035561877667,"Positive"
"K00177","K01677",0.992546230440967,"Positive"
"K00177","K01678",0.992546230440967,"Positive"
"K00177","K01847",0.852688477951636,"Positive"
"K00177","K01848",0.96321479374111,"Positive"
"K00177","K01849",0.96321479374111,"Positive"
"K00177","K01906",0.993399715504979,"Positive"
"K00177","K01912",0.744807965860597,"Positive"
"K00177","K02006",0.964580369843528,"Positive"
"K00177","K02765",0.720341394025605,"Positive"
"K00177","K02783",0.641564722617354,"Positive"
"K00177","K03340",0.879345661450925,"Positive"
"K00177","K03404",0.744352773826458,"Positive"
"K00177","K03405",0.658520625889047,"Positive"
"K00177","K03409",0.884409672830725,"Positive"
"K00177","K03410",0.796443812233286,"Positive"
"K00177","K03429",0.867197724039829,"Positive"
"K00177","K03620",0.884580369843528,"Positive"
"K00177","K05606",0.812773826458037,"Positive"
"K00177","K06208",0.992546230440967,"Positive"
"K00177","K06209",0.647254623044097,"Positive"
"K00177","K06281",0.855334281650071,"Positive"
"K00177","K06282",0.855334281650071,"Positive"
"K00177","K07588",0.910896159317212,"Positive"
"K00177","K07590",0.822503556187767,"Positive"
"K00177","K07720",0.746571834992888,"Positive"
"K00177","K08384",0.992546230440967,"Positive"
"K00177","K10206",0.998577524893314,"Positive"
"K00177","K11358",0.889302987197724,"Positive"
"K00177","K11690",0.65524893314367,"Positive"
"K00177","K11782",0.914879089615932,"Positive"
"K00177","K11784",0.914879089615932,"Positive"
"K00177","K13818",0.934822190611664,"Positive"
"K00177","K15792",0.950241820768137,"Positive"
"K00177","K16651",0.97203413940256,"Positive"
"K00177","K18285",0.914964438122333,"Positive"
"K00177","K19353",0.675362731152205,"Positive"
"K00209","K00216",0.688364153627312,"Positive"
"K00209","K01252",0.68475106685633,"Positive"
"K00209","K01728",0.765860597439545,"Positive"
"K00209","K02361",0.641024182076814,"Positive"
"K00209","K02363",0.688847795163585,"Positive"
"K00209","K02566",0.794736842105263,"Positive"
"K00209","K02847",0.795334281650071,"Positive"
"K00209","K18676",0.733143669985775,"Positive"
"K00216","K00855",0.612005689900427,"Positive"
"K00216","K01252",0.996614509246088,"Positive"
"K00216","K01728",0.610810810810811,"Positive"
"K00216","K02361",0.779459459459459,"Positive"
"K00216","K02363",0.998492176386913,"Positive"
"K00216","K02364",0.643641536273115,"Positive"
"K00216","K02566",0.887083926031294,"Positive"
"K00216","K02847",0.665689900426743,"Positive"
"K00216","K03425",0.804950213371266,"Positive"
"K00216","K05522",0.620056899004267,"Positive"
"K00216","K07643",0.724836415362731,"Positive"
"K00216","K07711",0.608847795163585,"Positive"
"K00216","K08351",0.721194879089616,"Positive"
"K00216","K09470",0.71348506401138,"Positive"
"K00216","K09473",0.717809388335704,"Positive"
"K00216","K09475",0.735135135135135,"Positive"
"K00216","K17202",0.619203413940256,"Positive"
"K00216","K17203",0.619203413940256,"Positive"
"K00216","K17204",0.619203413940256,"Positive"
"K00216","K18676",0.753371266002845,"Positive"
"K00245","K00246",0.878492176386913,"Positive"
"K00245","K00247",0.878492176386913,"Positive"
"K00245","K00757",0.69226173541963,"Positive"
"K00245","K00813",0.779516358463727,"Positive"
"K00245","K00835",0.697126600284495,"Positive"
"K00245","K00892",0.620284495021337,"Positive"
"K00245","K00998",0.786571834992888,"Positive"
"K00245","K01089",0.673428165007112,"Positive"
"K00245","K01664",0.733001422475107,"Positive"
"K00245","K02062",0.749075391180654,"Positive"
"K00245","K02344",0.786571834992888,"Positive"
"K00245","K02345",0.69348506401138,"Positive"
"K00245","K02446",0.819687055476529,"Positive"
"K00245","K02472",0.700483641536273,"Positive"
"K00245","K02560",0.79172119487909,"Positive"
"K00245","K02784",0.786571834992888,"Positive"
"K00245","K02804",0.704722617354196,"Positive"
"K00245","K02805",0.670128022759602,"Positive"
"K00245","K02852",0.701735419630157,"Positive"
"K00245","K02858",0.719743954480797,"Positive"
"K00245","K03573",0.786571834992888,"Positive"
"K00245","K04067",0.782702702702703,"Positive"
"K00245","K05368",0.701735419630157,"Positive"
"K00245","K05776",0.772916073968706,"Positive"
"K00245","K05939",0.653428165007112,"Positive"
"K00245","K06080",0.701735419630157,"Positive"
"K00245","K06211",0.778036984352774,"Positive"
"K00245","K06223",0.682873399715505,"Positive"
"K00245","K07251",0.701735419630157,"Positive"
"K00245","K07264",0.658179231863442,"Positive"
"K00245","K07640",0.786571834992888,"Positive"
"K00245","K07648",0.877809388335704,"Positive"
"K00245","K07676",0.701735419630157,"Positive"
"K00245","K07677",0.669587482219061,"Positive"
"K00245","K07687",0.691180654338549,"Positive"
"K00245","K07689",0.692802275960171,"Positive"
"K00245","K07715",0.688677098150782,"Positive"
"K00245","K07751",0.786571834992888,"Positive"
"K00245","K07771",0.657411095305832,"Positive"
"K00245","K07773",0.877809388335704,"Positive"
"K00245","K07806",0.657297297297297,"Positive"
"K00245","K08682",0.69547652916074,"Positive"
"K00245","K08722",0.71072546230441,"Positive"
"K00245","K09476",0.773798008534851,"Positive"
"K00245","K09997",0.786571834992888,"Positive"
"K00245","K09998",0.783954480796586,"Positive"
"K00245","K09999",0.783954480796586,"Positive"
"K00245","K10000",0.783954480796586,"Positive"
"K00245","K10011",0.656216216216216,"Positive"
"K00245","K10012",0.657297297297297,"Positive"
"K00245","K11258",0.707254623044097,"Positive"
"K00245","K11751",0.638605974395448,"Positive"
"K00245","K12152",0.877894736842105,"Positive"
"K00245","K12368",0.696870554765292,"Positive"
"K00245","K12369",0.740085348506401,"Positive"
"K00245","K12370",0.740085348506401,"Positive"
"K00245","K12371",0.740085348506401,"Positive"
"K00245","K12372",0.740085348506401,"Positive"
"K00245","K12524",0.669786628733997,"Positive"
"K00245","K12525",0.701735419630157,"Positive"
"K00245","K12582",0.701735419630157,"Positive"
"K00245","K12962",0.657297297297297,"Positive"
"K00245","K12963",0.657297297297297,"Positive"
"K00245","K12974",0.648648648648649,"Positive"
"K00245","K12975",0.647055476529161,"Positive"
"K00245","K13014",0.657297297297297,"Positive"
"K00245","K13301",0.701735419630157,"Positive"
"K00245","K13498",0.78298719772404,"Positive"
"K00245","K14187",0.786571834992888,"Positive"
"K00245","K16704",0.701735419630157,"Positive"
"K00245","K19222",0.642788051209104,"Positive"
"K00245","K19226",0.701650071123755,"Positive"
"K00245","K19227",0.786571834992888,"Positive"
"K00245","K19228",0.786571834992888,"Positive"
"K00245","K19229",0.786571834992888,"Positive"
"K00245","K19230",0.783840682788051,"Positive"
"K00245","K19270",0.613371266002845,"Positive"
"K00246","K00247",1,"Positive"
"K00246","K00757",0.799630156472262,"Positive"
"K00246","K00813",0.898122332859175,"Positive"
"K00246","K00835",0.6324893314367,"Positive"
"K00246","K00998",0.910014224751067,"Positive"
"K00246","K01089",0.797809388335704,"Positive"
"K00246","K01096",0.67402560455192,"Positive"
"K00246","K01664",0.860540540540541,"Positive"
"K00246","K02062",0.8750213371266,"Positive"
"K00246","K02280",0.608193456614509,"Positive"
"K00246","K02344",0.910014224751067,"Positive"
"K00246","K02345",0.626856330014225,"Positive"
"K00246","K02446",0.76153627311522,"Positive"
"K00246","K02472",0.630668563300142,"Positive"
"K00246","K02560",0.897610241820768,"Positive"
"K00246","K02784",0.910014224751067,"Positive"
"K00246","K02804",0.825633001422475,"Positive"
"K00246","K02852",0.636586059743954,"Positive"
"K00246","K02858",0.847197724039829,"Positive"
"K00246","K03573",0.910014224751067,"Positive"
"K00246","K04067",0.906600284495021,"Positive"
"K00246","K05368",0.636586059743954,"Positive"
"K00246","K05776",0.892916073968706,"Positive"
"K00246","K05851",0.685149359886202,"Positive"
"K00246","K05939",0.777695590327169,"Positive"
"K00246","K06080",0.636586059743954,"Positive"
"K00246","K06211",0.90927453769559,"Positive"
"K00246","K06223",0.79049786628734,"Positive"
"K00246","K07236",0.610213371266003,"Positive"
"K00246","K07237",0.610213371266003,"Positive"
"K00246","K07251",0.636586059743954,"Positive"
"K00246","K07640",0.910014224751067,"Positive"
"K00246","K07648",0.812660028449502,"Positive"
"K00246","K07676",0.636586059743954,"Positive"
"K00246","K07677",0.60022759601707,"Positive"
"K00246","K07687",0.622503556187767,"Positive"
"K00246","K07689",0.622844950213371,"Positive"
"K00246","K07715",0.617098150782361,"Positive"
"K00246","K07751",0.910014224751067,"Positive"
"K00246","K07771",0.615135135135135,"Positive"
"K00246","K07773",0.812660028449502,"Positive"
"K00246","K08682",0.647795163584637,"Positive"
"K00246","K08722",0.836614509246088,"Positive"
"K00246","K09476",0.893001422475107,"Positive"
"K00246","K09997",0.910014224751067,"Positive"
"K00246","K09998",0.907083926031295,"Positive"
"K00246","K09999",0.907083926031295,"Positive"
"K00246","K10000",0.907083926031295,"Positive"
"K00246","K11258",0.835362731152205,"Positive"
"K00246","K11604",0.661906116642959,"Positive"
"K00246","K11605",0.661906116642959,"Positive"
"K00246","K11606",0.661906116642959,"Positive"
"K00246","K11607",0.661906116642959,"Positive"
"K00246","K11751",0.776500711237553,"Positive"
"K00246","K12152",0.812802275960171,"Positive"
"K00246","K12368",0.620113798008535,"Positive"
"K00246","K12369",0.656870554765292,"Positive"
"K00246","K12370",0.656870554765292,"Positive"
"K00246","K12371",0.656870554765292,"Positive"
"K00246","K12372",0.656870554765292,"Positive"
"K00246","K12524",0.794736842105263,"Positive"
"K00246","K12525",0.636586059743954,"Positive"
"K00246","K12582",0.636586059743954,"Positive"
"K00246","K13301",0.636586059743954,"Positive"
"K00246","K13498",0.907368421052632,"Positive"
"K00246","K14187",0.910014224751067,"Positive"
"K00246","K16704",0.636586059743954,"Positive"
"K00246","K18800",0.60972972972973,"Positive"
"K00246","K19226",0.636443812233286,"Positive"
"K00246","K19227",0.910014224751067,"Positive"
"K00246","K19228",0.910014224751067,"Positive"
"K00246","K19229",0.910014224751067,"Positive"
"K00246","K19230",0.907624466571835,"Positive"
"K00247","K00757",0.799630156472262,"Positive"
"K00247","K00813",0.898122332859175,"Positive"
"K00247","K00835",0.6324893314367,"Positive"
"K00247","K00998",0.910014224751067,"Positive"
"K00247","K01089",0.797809388335704,"Positive"
"K00247","K01096",0.67402560455192,"Positive"
"K00247","K01664",0.860540540540541,"Positive"
"K00247","K02062",0.8750213371266,"Positive"
"K00247","K02280",0.608193456614509,"Positive"
"K00247","K02344",0.910014224751067,"Positive"
"K00247","K02345",0.626856330014225,"Positive"
"K00247","K02446",0.76153627311522,"Positive"
"K00247","K02472",0.630668563300142,"Positive"
"K00247","K02560",0.897610241820768,"Positive"
"K00247","K02784",0.910014224751067,"Positive"
"K00247","K02804",0.825633001422475,"Positive"
"K00247","K02852",0.636586059743954,"Positive"
"K00247","K02858",0.847197724039829,"Positive"
"K00247","K03573",0.910014224751067,"Positive"
"K00247","K04067",0.906600284495021,"Positive"
"K00247","K05368",0.636586059743954,"Positive"
"K00247","K05776",0.892916073968706,"Positive"
"K00247","K05851",0.685149359886202,"Positive"
"K00247","K05939",0.777695590327169,"Positive"
"K00247","K06080",0.636586059743954,"Positive"
"K00247","K06211",0.90927453769559,"Positive"
"K00247","K06223",0.79049786628734,"Positive"
"K00247","K07236",0.610213371266003,"Positive"
"K00247","K07237",0.610213371266003,"Positive"
"K00247","K07251",0.636586059743954,"Positive"
"K00247","K07640",0.910014224751067,"Positive"
"K00247","K07648",0.812660028449502,"Positive"
"K00247","K07676",0.636586059743954,"Positive"
"K00247","K07677",0.60022759601707,"Positive"
"K00247","K07687",0.622503556187767,"Positive"
"K00247","K07689",0.622844950213371,"Positive"
"K00247","K07715",0.617098150782361,"Positive"
"K00247","K07751",0.910014224751067,"Positive"
"K00247","K07771",0.615135135135135,"Positive"
"K00247","K07773",0.812660028449502,"Positive"
"K00247","K08682",0.647795163584637,"Positive"
"K00247","K08722",0.836614509246088,"Positive"
"K00247","K09476",0.893001422475107,"Positive"
"K00247","K09997",0.910014224751067,"Positive"
"K00247","K09998",0.907083926031295,"Positive"
"K00247","K09999",0.907083926031295,"Positive"
"K00247","K10000",0.907083926031295,"Positive"
"K00247","K11258",0.835362731152205,"Positive"
"K00247","K11604",0.661906116642959,"Positive"
"K00247","K11605",0.661906116642959,"Positive"
"K00247","K11606",0.661906116642959,"Positive"
"K00247","K11607",0.661906116642959,"Positive"
"K00247","K11751",0.776500711237553,"Positive"
"K00247","K12152",0.812802275960171,"Positive"
"K00247","K12368",0.620113798008535,"Positive"
"K00247","K12369",0.656870554765292,"Positive"
"K00247","K12370",0.656870554765292,"Positive"
"K00247","K12371",0.656870554765292,"Positive"
"K00247","K12372",0.656870554765292,"Positive"
"K00247","K12524",0.794736842105263,"Positive"
"K00247","K12525",0.636586059743954,"Positive"
"K00247","K12582",0.636586059743954,"Positive"
"K00247","K13301",0.636586059743954,"Positive"
"K00247","K13498",0.907368421052632,"Positive"
"K00247","K14187",0.910014224751067,"Positive"
"K00247","K16704",0.636586059743954,"Positive"
"K00247","K18800",0.60972972972973,"Positive"
"K00247","K19226",0.636443812233286,"Positive"
"K00247","K19227",0.910014224751067,"Positive"
"K00247","K19228",0.910014224751067,"Positive"
"K00247","K19229",0.910014224751067,"Positive"
"K00247","K19230",0.907624466571835,"Positive"
"K00248","K00376",0.696614509246088,"Positive"
"K00248","K00404",0.751778093883357,"Positive"
"K00248","K00405",0.751863442389758,"Positive"
"K00248","K00406",0.759971550497866,"Positive"
"K00248","K00407",0.769758179231863,"Positive"
"K00248","K01039",0.624125177809388,"Positive"
"K00248","K01040",0.624495021337127,"Positive"
"K00248","K01505",0.695391180654339,"Positive"
"K00248","K01551",0.654082503556188,"Positive"
"K00248","K01608",0.694679943100996,"Positive"
"K00248","K01796",0.630298719772404,"Positive"
"K00248","K01960",0.760455192034139,"Positive"
"K00248","K02848",0.738378378378378,"Positive"
"K00248","K03405",0.61448079658606,"Positive"
"K00248","K03464",0.619687055476529,"Positive"
"K00248","K03972",0.67900426742532,"Positive"
"K00248","K04561",0.734850640113798,"Positive"
"K00248","K06001",0.667197724039829,"Positive"
"K00248","K06985",0.606770981507824,"Positive"
"K00248","K07823",0.624495021337127,"Positive"
"K00248","K13590",0.68651493598862,"Positive"
"K00248","K16370",0.670213371266003,"Positive"
"K00248","K18930",0.701194879089616,"Positive"
"K00248","K19340",0.701479374110953,"Positive"
"K00248","K19341",0.685576102418208,"Positive"
"K00248","K19713",0.699544807965861,"Positive"
"K00249","K00252",0.754167852062589,"Positive"
"K00249","K00253",0.892546230440967,"Positive"
"K00249","K00451",0.616955903271693,"Positive"
"K00249","K00500",0.681479374110953,"Positive"
"K00249","K01046",0.621109530583215,"Positive"
"K00249","K01055",0.652603129445235,"Positive"
"K00249","K01113",0.740910384068279,"Positive"
"K00249","K01640",0.792916073968706,"Positive"
"K00249","K01724",0.779374110953058,"Positive"
"K00249","K01856",0.603783783783784,"Positive"
"K00249","K01968",0.903072546230441,"Positive"
"K00249","K01969",0.906258890469417,"Positive"
"K00249","K01971",0.609843527738265,"Positive"
"K00249","K02203",0.659146514935989,"Positive"
"K00249","K02258",0.778549075391181,"Positive"
"K00249","K02275",0.803726884779516,"Positive"
"K00249","K02276",0.778435277382646,"Positive"
"K00249","K03381",0.60475106685633,"Positive"
"K00249","K03464",0.693798008534851,"Positive"
"K00249","K06985",0.657980085348506,"Positive"
"K00249","K07516",0.634822190611664,"Positive"
"K00249","K08082",0.618634423897582,"Positive"
"K00249","K08083",0.625661450924609,"Positive"
"K00249","K10125",0.617183499288762,"Positive"
"K00249","K10126",0.617695590327169,"Positive"
"K00249","K10747",0.685320056899004,"Positive"
"K00249","K10943",0.612887624466572,"Positive"
"K00249","K10979",0.615106685633001,"Positive"
"K00249","K11472",0.64221906116643,"Positive"
"K00249","K11473",0.644807965860597,"Positive"
"K00249","K13590",0.70054054054054,"Positive"
"K00249","K13766",0.652660028449502,"Positive"
"K00249","K15371",0.668534850640114,"Positive"
"K00249","K16171",0.656443812233286,"Positive"
"K00252","K00253",0.818036984352774,"Positive"
"K00252","K00451",0.870469416785206,"Positive"
"K00252","K00457",0.646486486486486,"Positive"
"K00252","K00500",0.661849217638691,"Positive"
"K00252","K01113",0.659943100995733,"Positive"
"K00252","K01640",0.947140825035562,"Positive"
"K00252","K01724",0.729359886201991,"Positive"
"K00252","K01968",0.825405405405405,"Positive"
"K00252","K01969",0.82773826458037,"Positive"
"K00252","K02258",0.73402560455192,"Positive"
"K00252","K02275",0.729388335704125,"Positive"
"K00252","K02276",0.726543385490754,"Positive"
"K00252","K07516",0.886287339971551,"Positive"
"K00252","K09788",0.607539118065434,"Positive"
"K00252","K10747",0.605803698435277,"Positive"
"K00252","K13766",0.851123755334282,"Positive"
"K00252","K15371",0.602475106685633,"Positive"
"K00252","K16171",0.644438122332859,"Positive"
"K00253","K00263",0.73678520625889,"Positive"
"K00253","K00451",0.704039829302987,"Positive"
"K00253","K00500",0.789701280227596,"Positive"
"K00253","K01055",0.781109530583215,"Positive"
"K00253","K01113",0.834651493598862,"Positive"
"K00253","K01640",0.835305832147937,"Positive"
"K00253","K01724",0.862560455192034,"Positive"
"K00253","K01800",0.666543385490754,"Positive"
"K00253","K01968",0.995817923186344,"Positive"
"K00253","K01969",0.996443812233286,"Positive"
"K00253","K01971",0.744893314366999,"Positive"
"K00253","K02203",0.676557610241821,"Positive"
"K00253","K02228",0.63302987197724,"Positive"
"K00253","K02258",0.877354196301565,"Positive"
"K00253","K02275",0.859487908961593,"Positive"
"K00253","K02276",0.857069701280228,"Positive"
"K00253","K03821",0.605490753911807,"Positive"
"K00253","K06597",0.643442389758179,"Positive"
"K00253","K06598",0.658691322901849,"Positive"
"K00253","K07516",0.70551920341394,"Positive"
"K00253","K08082",0.712062588904694,"Positive"
"K00253","K08083",0.716386913229018,"Positive"
"K00253","K10747",0.752745376955903,"Positive"
"K00253","K10941",0.658691322901849,"Positive"
"K00253","K10979",0.754509246088193,"Positive"
"K00253","K11472",0.685661450924609,"Positive"
"K00253","K11473",0.684921763869132,"Positive"
"K00253","K13766",0.720512091038407,"Positive"
"K00253","K15011",0.704864864864865,"Positive"
"K00253","K15012",0.704864864864865,"Positive"
"K00253","K15371",0.820512091038407,"Positive"
"K00253","K16171",0.747169274537696,"Positive"
"K00253","K19696",0.643442389758179,"Positive"
"K00259","K01847",0.604438122332859,"Positive"
"K00259","K03404",0.719658605974395,"Positive"
"K00259","K03409",0.662503556187767,"Positive"
"K00259","K06209",0.663214793741109,"Positive"
"K00259","K07588",0.600853485064011,"Positive"
"K00259","K07720",0.688961593172119,"Positive"
"K00261","K00507",0.664324324324324,"Positive"
"K00261","K00635",0.622190611664296,"Positive"
"K00261","K00840",0.874736842105263,"Positive"
"K00261","K01184",0.733115220483642,"Positive"
"K00261","K01596",0.758634423897582,"Positive"
"K00261","K01826",0.75172119487909,"Positive"
"K00261","K03863",0.781337126600285,"Positive"
"K00261","K07346",0.611322901849218,"Positive"
"K00261","K10001",0.640455192034139,"Positive"
"K00261","K10002",0.607795163584637,"Positive"
"K00261","K10003",0.607795163584637,"Positive"
"K00261","K10013",0.855135135135135,"Positive"
"K00261","K10857",0.689132290184922,"Positive"
"K00261","K11931",0.735277382645804,"Positive"
"K00261","K12957",0.766486486486487,"Positive"
"K00261","K13522",0.743157894736842,"Positive"
"K00261","K14159",0.622190611664296,"Positive"
"K00261","K16839",0.711778093883357,"Positive"
"K00261","K16840",0.804068278805121,"Positive"
"K00261","K16841",0.728762446657183,"Positive"
"K00261","K16842",0.786827880512091,"Positive"
"K00261","K17228",0.744921763869132,"Positive"
"K00261","K18137",0.622190611664296,"Positive"
"K00261","K18147",0.622190611664296,"Positive"
"K00263","K00368",0.62452347083926,"Positive"
"K00263","K00451",0.666913229018492,"Positive"
"K00263","K00500",0.885064011379801,"Positive"
"K00263","K01003",0.768193456614509,"Positive"
"K00263","K01039",0.673399715504979,"Positive"
"K00263","K01040",0.672916073968706,"Positive"
"K00263","K01055",0.832574679943101,"Positive"
"K00263","K01075",0.767994310099573,"Positive"
"K00263","K01113",0.82275960170697,"Positive"
"K00263","K01455",0.630014224751067,"Positive"
"K00263","K01640",0.616529160739687,"Positive"
"K00263","K01707",0.688449502133713,"Positive"
"K00263","K01724",0.809587482219061,"Positive"
"K00263","K01800",0.814167852062589,"Positive"
"K00263","K01856",0.671152204836415,"Positive"
"K00263","K01959",0.660796586059744,"Positive"
"K00263","K01968",0.713883357041252,"Positive"
"K00263","K01969",0.713314366998578,"Positive"
"K00263","K01971",0.939061166429587,"Positive"
"K00263","K02203",0.664864864864865,"Positive"
"K00263","K02228",0.814338549075391,"Positive"
"K00263","K02258",0.817126600284495,"Positive"
"K00263","K02275",0.797524893314367,"Positive"
"K00263","K02276",0.810156472261735,"Positive"
"K00263","K02362",0.615903271692745,"Positive"
"K00263","K03381",0.67126600284495,"Positive"
"K00263","K05343",0.719402560455192,"Positive"
"K00263","K05549",0.608847795163585,"Positive"
"K00263","K05550",0.608847795163585,"Positive"
"K00263","K05783",0.608847795163585,"Positive"
"K00263","K05784",0.608847795163585,"Positive"
"K00263","K06597",0.906002844950213,"Positive"
"K00263","K06598",0.920312944523471,"Positive"
"K00263","K06718",0.760199146514936,"Positive"
"K00263","K06720",0.760199146514936,"Positive"
"K00263","K07823",0.673997155049787,"Positive"
"K00263","K08082",0.663556187766714,"Positive"
"K00263","K08083",0.666372688477952,"Positive"
"K00263","K10125",0.675618776671408,"Positive"
"K00263","K10126",0.675334281650071,"Positive"
"K00263","K10747",0.703783783783784,"Positive"
"K00263","K10941",0.920312944523471,"Positive"
"K00263","K10942",0.653911806543386,"Positive"
"K00263","K10943",0.711066856330014,"Positive"
"K00263","K10979",0.945576102418208,"Positive"
"K00263","K11384",0.658435277382646,"Positive"
"K00263","K11472",0.636699857752489,"Positive"
"K00263","K11473",0.639573257467994,"Positive"
"K00263","K11688",0.733598862019915,"Positive"
"K00263","K12254",0.658435277382646,"Positive"
"K00263","K12976",0.712460881934566,"Positive"
"K00263","K13590",0.614850640113798,"Positive"
"K00263","K13766",0.630384068278805,"Positive"
"K00263","K13938",0.6075106685633,"Positive"
"K00263","K14335",0.742503556187767,"Positive"
"K00263","K15011",0.751635846372688,"Positive"
"K00263","K15012",0.75226173541963,"Positive"
"K00263","K15371",0.811834992887625,"Positive"
"K00263","K15373",0.703300142247511,"Positive"
"K00263","K15408",0.703385490753912,"Positive"
"K00263","K16171",0.821337126600284,"Positive"
"K00263","K17226",0.658065433854908,"Positive"
"K00263","K17315",0.628392603129445,"Positive"
"K00263","K17316",0.629701280227596,"Positive"
"K00263","K17317",0.629701280227596,"Positive"
"K00263","K18291",0.611152204836415,"Positive"
"K00263","K18292",0.768193456614509,"Positive"
"K00263","K18968",0.614992887624467,"Positive"
"K00263","K18981",0.640682788051209,"Positive"
"K00263","K19609",0.629416785206259,"Positive"
"K00263","K19610",0.629416785206259,"Positive"
"K00263","K19696",0.906002844950213,"Positive"
"K00276","K07784",0.764836415362731,"Positive"
"K00276","K08321",0.655931721194879,"Positive"
"K00276","K08348",0.607567567567568,"Positive"
"K00276","K08350",0.717155049786629,"Positive"
"K00276","K09251",0.773655761024182,"Positive"
"K00276","K10555",0.732403982930299,"Positive"
"K00276","K10557",0.732403982930299,"Positive"
"K00276","K10558",0.732403982930299,"Positive"
"K00276","K11531",0.732403982930299,"Positive"
"K00301","K00689",0.731209103840683,"Positive"
"K00303","K01908",0.617866287339972,"Positive"
"K00303","K05973",0.61678520625889,"Positive"
"K00303","K06998",0.651891891891892,"Positive"
"K00303","K10228",0.679203413940256,"Positive"
"K00316","K00569",0.682930298719772,"Positive"
"K00316","K01006",0.643669985775249,"Positive"
"K00316","K01470",0.651977240398293,"Positive"
"K00316","K01476",0.686714082503556,"Positive"
"K00316","K01576",0.69547652916074,"Positive"
"K00316","K01659",0.607083926031294,"Positive"
"K00316","K01692",0.665120910384068,"Positive"
"K00316","K01720",0.767112375533428,"Positive"
"K00316","K02259",0.628108108108108,"Positive"
"K00316","K03735",0.6249786628734,"Positive"
"K00316","K03736",0.6249786628734,"Positive"
"K00316","K07165",0.602958748221906,"Positive"
"K00316","K07248",0.604466571834993,"Positive"
"K00316","K07250",0.665803698435277,"Positive"
"K00316","K08261",0.670099573257468,"Positive"
"K00316","K08738",0.677183499288762,"Positive"
"K00316","K13472",0.651863442389758,"Positive"
"K00316","K19743",0.780284495021337,"Positive"
"K00322","K00372",0.625206258890469,"Positive"
"K00322","K00631",0.714338549075391,"Positive"
"K00322","K00632",0.86628733997155,"Positive"
"K00322","K00836",0.735220483641536,"Positive"
"K00322","K01058",0.687880512091038,"Positive"
"K00322","K01546",0.633314366998578,"Positive"
"K00322","K01547",0.625263157894737,"Positive"
"K00322","K01548",0.633314366998578,"Positive"
"K00322","K01638",0.744722617354196,"Positive"
"K00322","K01792",0.718662873399715,"Positive"
"K00322","K01825",0.901280227596017,"Positive"
"K00322","K02439",0.695561877667141,"Positive"
"K00322","K02619",0.774992887624467,"Positive"
"K00322","K03087",0.678036984352774,"Positive"
"K00322","K03181",0.996386913229019,"Positive"
"K00322","K03472",0.694110953058321,"Positive"
"K00322","K03473",0.926884779516359,"Positive"
"K00322","K03651",0.775874822190612,"Positive"
"K00322","K03732",0.757894736842105,"Positive"
"K00322","K05365",0.707169274537696,"Positive"
"K00322","K06445",0.728193456614509,"Positive"
"K00322","K06879",0.807112375533428,"Positive"
"K00322","K07235",0.775874822190612,"Positive"
"K00322","K07345",0.675647226173542,"Positive"
"K00322","K07347",0.654110953058321,"Positive"
"K00322","K07639",0.911209103840683,"Positive"
"K00322","K07642",0.716358463726885,"Positive"
"K00322","K07661",0.911209103840683,"Positive"
"K00322","K07664",0.719544807965861,"Positive"
"K00322","K07678",0.927709815078236,"Positive"
"K00322","K08484",0.854167852062589,"Positive"
"K00322","K08485",0.754366998577525,"Positive"
"K00322","K09913",0.930810810810811,"Positive"
"K00322","K10014",0.641678520625889,"Positive"
"K00322","K10015",0.617553342816501,"Positive"
"K00322","K10016",0.60099573257468,"Positive"
"K00322","K10017",0.619203413940256,"Positive"
"K00322","K10026",0.895163584637269,"Positive"
"K00322","K10037",0.611977240398293,"Positive"
"K00322","K10038",0.607453769559033,"Positive"
"K00322","K10804",0.666258890469417,"Positive"
"K00322","K10914",0.714594594594595,"Positive"
"K00322","K11179",0.775874822190612,"Positive"
"K00322","K11183",0.655817923186344,"Positive"
"K00322","K12339",0.93524893314367,"Positive"
"K00322","K13378",0.814964438122333,"Positive"
"K00322","K13745",0.623100995732575,"Positive"
"K00322","K15777",0.690099573257468,"Positive"
"K00322","K16692",0.688449502133713,"Positive"
"K00362","K01011",0.600682788051209,"Positive"
"K00362","K01676",0.690156472261735,"Positive"
"K00362","K07708",0.837980085348506,"Positive"
"K00362","K10806",0.732603129445235,"Positive"
"K00363","K03087",0.634566145092461,"Positive"
"K00363","K11895",0.685889046941679,"Positive"
"K00368","K01959",0.601507823613087,"Positive"
"K00368","K01971",0.618406827880512,"Positive"
"K00368","K02305",0.724779516358464,"Positive"
"K00368","K04335",0.635305832147937,"Positive"
"K00368","K04561",0.665120910384068,"Positive"
"K00368","K05343",0.636756756756757,"Positive"
"K00368","K07810",0.635334281650071,"Positive"
"K00368","K10747",0.607880512091038,"Positive"
"K00368","K10943",0.606258890469417,"Positive"
"K00368","K10979",0.602247510668563,"Positive"
"K00368","K11384",0.604068278805121,"Positive"
"K00368","K11689",0.664182076813656,"Positive"
"K00368","K12254",0.604068278805121,"Positive"
"K00368","K14335",0.628221906116643,"Positive"
"K00368","K14596",0.671095305832148,"Positive"
"K00368","K15408",0.622930298719772,"Positive"
"K00368","K17226",0.60452347083926,"Positive"
"K00368","K18968",0.606145092460882,"Positive"
"K00368","K19340",0.651209103840683,"Positive"
"K00368","K19609",0.603157894736842,"Positive"
"K00368","K19610",0.603157894736842,"Positive"
"K00370","K00371",1,"Positive"
"K00370","K00373",1,"Positive"
"K00370","K00374",1,"Positive"
"K00370","K00523",0.687027027027027,"Positive"
"K00370","K01428",0.60551920341394,"Positive"
"K00370","K02106",0.664238975817923,"Positive"
"K00370","K02650",0.600512091038407,"Positive"
"K00370","K03776",0.77049786628734,"Positive"
"K00370","K06013",0.650014224751067,"Positive"
"K00370","K07226",0.765348506401138,"Positive"
"K00370","K07684",0.655362731152205,"Positive"
"K00370","K09471",0.633911806543386,"Positive"
"K00370","K11003",0.620256045519203,"Positive"
"K00370","K11004",0.620256045519203,"Positive"
"K00370","K12256",0.860341394025605,"Positive"
"K00371","K00373",1,"Positive"
"K00371","K00374",1,"Positive"
"K00371","K00523",0.687027027027027,"Positive"
"K00371","K01428",0.60551920341394,"Positive"
"K00371","K02106",0.664238975817923,"Positive"
"K00371","K02650",0.600512091038407,"Positive"
"K00371","K03776",0.77049786628734,"Positive"
"K00371","K06013",0.650014224751067,"Positive"
"K00371","K07226",0.765348506401138,"Positive"
"K00371","K07684",0.655362731152205,"Positive"
"K00371","K09471",0.633911806543386,"Positive"
"K00371","K11003",0.620256045519203,"Positive"
"K00371","K11004",0.620256045519203,"Positive"
"K00371","K12256",0.860341394025605,"Positive"
"K00372","K00836",0.92728307254623,"Positive"
"K00372","K01083",0.792119487908962,"Positive"
"K00372","K01477",0.785376955903272,"Positive"
"K00372","K01483",0.777496443812233,"Positive"
"K00372","K01596",0.613712660028449,"Positive"
"K00372","K01826",0.605490753911807,"Positive"
"K00372","K02657",0.803698435277383,"Positive"
"K00372","K02658",0.802418207681366,"Positive"
"K00372","K02659",0.809103840682788,"Positive"
"K00372","K02660",0.809103840682788,"Positive"
"K00372","K03181",0.628847795163585,"Positive"
"K00372","K04565",0.774310099573257,"Positive"
"K00372","K06134",0.892318634423898,"Positive"
"K00372","K06596",0.807880512091038,"Positive"
"K00372","K07644",0.684409672830726,"Positive"
"K00372","K07665",0.69172119487909,"Positive"
"K00372","K09018",0.668335704125178,"Positive"
"K00372","K09021",0.668335704125178,"Positive"
"K00372","K09023",0.668335704125178,"Positive"
"K00372","K11959",0.761166429587482,"Positive"
"K00372","K11961",0.760853485064011,"Positive"
"K00372","K13522",0.604295874822191,"Positive"
"K00372","K13745",0.704779516358464,"Positive"
"K00372","K14475",0.675903271692745,"Positive"
"K00372","K16692",0.807226173541963,"Positive"
"K00372","K16839",0.677866287339972,"Positive"
"K00372","K16841",0.655049786628734,"Positive"
"K00372","K16842",0.610753911806543,"Positive"
"K00373","K00374",1,"Positive"
"K00373","K00523",0.687027027027027,"Positive"
"K00373","K01428",0.60551920341394,"Positive"
"K00373","K02106",0.664238975817923,"Positive"
"K00373","K02650",0.600512091038407,"Positive"
"K00373","K03776",0.77049786628734,"Positive"
"K00373","K06013",0.650014224751067,"Positive"
"K00373","K07226",0.765348506401138,"Positive"
"K00373","K07684",0.655362731152205,"Positive"
"K00373","K09471",0.633911806543386,"Positive"
"K00373","K11003",0.620256045519203,"Positive"
"K00373","K11004",0.620256045519203,"Positive"
"K00373","K12256",0.860341394025605,"Positive"
"K00374","K00523",0.687027027027027,"Positive"
"K00374","K01428",0.60551920341394,"Positive"
"K00374","K02106",0.664238975817923,"Positive"
"K00374","K02650",0.600512091038407,"Positive"
"K00374","K03776",0.77049786628734,"Positive"
"K00374","K06013",0.650014224751067,"Positive"
"K00374","K07226",0.765348506401138,"Positive"
"K00374","K07684",0.655362731152205,"Positive"
"K00374","K09471",0.633911806543386,"Positive"
"K00374","K11003",0.620256045519203,"Positive"
"K00374","K11004",0.620256045519203,"Positive"
"K00374","K12256",0.860341394025605,"Positive"
"K00376","K00404",0.732745376955903,"Positive"
"K00376","K00405",0.725433854907539,"Positive"
"K00376","K00406",0.614509246088193,"Positive"
"K00376","K00407",0.745945945945946,"Positive"
"K00376","K01039",0.761081081081081,"Positive"
"K00376","K01040",0.756073968705548,"Positive"
"K00376","K01455",0.642446657183499,"Positive"
"K00376","K01505",0.699402560455192,"Positive"
"K00376","K01551",0.607795163584637,"Positive"
"K00376","K01573",0.638890469416785,"Positive"
"K00376","K01608",0.77271692745377,"Positive"
"K00376","K01796",0.86551920341394,"Positive"
"K00376","K01800",0.628648648648649,"Positive"
"K00376","K01856",0.642361308677098,"Positive"
"K00376","K01959",0.771806543385491,"Positive"
"K00376","K01960",0.723271692745377,"Positive"
"K00376","K02305",0.811009957325747,"Positive"
"K00376","K02848",0.785832147937411,"Positive"
"K00376","K03381",0.644807965860597,"Positive"
"K00376","K03464",0.760455192034139,"Positive"
"K00376","K03972",0.701820768136558,"Positive"
"K00376","K04335",0.667368421052632,"Positive"
"K00376","K04561",0.857524893314367,"Positive"
"K00376","K05549",0.672972972972973,"Positive"
"K00376","K05550",0.672972972972973,"Positive"
"K00376","K05783",0.672972972972973,"Positive"
"K00376","K05784",0.672972972972973,"Positive"
"K00376","K06001",0.728790896159317,"Positive"
"K00376","K06985",0.735362731152205,"Positive"
"K00376","K07589",0.621394025604552,"Positive"
"K00376","K07642",-0.61172119487909,"Negative"
"K00376","K07664",-0.604125177809388,"Negative"
"K00376","K07810",0.622958748221906,"Positive"
"K00376","K07823",0.761820768136558,"Positive"
"K00376","K10125",0.687197724039829,"Positive"
"K00376","K10126",0.685291607396871,"Positive"
"K00376","K10942",0.756073968705548,"Positive"
"K00376","K10943",0.694224751066856,"Positive"
"K00376","K11384",0.782873399715505,"Positive"
"K00376","K11689",0.700455192034139,"Positive"
"K00376","K11751",-0.636955903271693,"Negative"
"K00376","K12254",0.782873399715505,"Positive"
"K00376","K12976",0.681450924608819,"Positive"
"K00376","K13541",0.685007112375533,"Positive"
"K00376","K13590",0.794366998577525,"Positive"
"K00376","K14268",0.727823613086771,"Positive"
"K00376","K15408",0.730184921763869,"Positive"
"K00376","K15864",0.910867709815078,"Positive"
"K00376","K16370",0.678349928876245,"Positive"
"K00376","K17226",0.784039829302987,"Positive"
"K00376","K17315",0.732005689900427,"Positive"
"K00376","K17316",0.741024182076814,"Positive"
"K00376","K17317",0.741024182076814,"Positive"
"K00376","K18135",0.706884779516358,"Positive"
"K00376","K18291",0.7374679943101,"Positive"
"K00376","K18889",-0.60475106685633,"Negative"
"K00376","K18890",-0.60475106685633,"Negative"
"K00376","K18930",0.676130867709815,"Positive"
"K00376","K18981",0.710640113798009,"Positive"
"K00376","K19340",0.884438122332859,"Positive"
"K00376","K19341",0.998634423897582,"Positive"
"K00376","K19609",0.729132290184922,"Positive"
"K00376","K19610",0.729132290184922,"Positive"
"K00376","K19713",0.867596017069701,"Positive"
"K00404","K00405",0.998605974395448,"Positive"
"K00404","K00406",0.830583214793741,"Positive"
"K00404","K00407",0.956073968705548,"Positive"
"K00404","K01039",0.738691322901849,"Positive"
"K00404","K01040",0.739544807965861,"Positive"
"K00404","K01455",0.672119487908962,"Positive"
"K00404","K01505",0.657752489331437,"Positive"
"K00404","K01551",0.645775248933144,"Positive"
"K00404","K01573",0.727681365576102,"Positive"
"K00404","K01608",0.744153627311522,"Positive"
"K00404","K01796",0.710753911806543,"Positive"
"K00404","K01856",0.723954480796586,"Positive"
"K00404","K01959",0.753314366998578,"Positive"
"K00404","K01960",0.743556187766714,"Positive"
"K00404","K02848",0.737439544807966,"Positive"
"K00404","K03381",0.723840682788051,"Positive"
"K00404","K03464",0.82827880512091,"Positive"
"K00404","K03972",0.950469416785206,"Positive"
"K00404","K04561",0.886685633001422,"Positive"
"K00404","K05549",0.694594594594595,"Positive"
"K00404","K05550",0.694594594594595,"Positive"
"K00404","K05783",0.694594594594595,"Positive"
"K00404","K05784",0.694594594594595,"Positive"
"K00404","K06001",0.613769559032717,"Positive"
"K00404","K06985",0.767652916073969,"Positive"
"K00404","K07589",0.652005689900427,"Positive"
"K00404","K07810",0.605092460881935,"Positive"
"K00404","K07823",0.73724039829303,"Positive"
"K00404","K10125",0.749388335704125,"Positive"
"K00404","K10126",0.749530583214794,"Positive"
"K00404","K10942",0.749302987197724,"Positive"
"K00404","K10943",0.76674253200569,"Positive"
"K00404","K11384",0.746201991465149,"Positive"
"K00404","K11688",0.607709815078236,"Positive"
"K00404","K11689",0.65547652916074,"Positive"
"K00404","K12254",0.746201991465149,"Positive"
"K00404","K13541",0.658321479374111,"Positive"
"K00404","K13590",0.873001422475107,"Positive"
"K00404","K14268",0.722503556187767,"Positive"
"K00404","K15408",0.735504978662873,"Positive"
"K00404","K15864",0.649928876244666,"Positive"
"K00404","K16370",0.618805120910384,"Positive"
"K00404","K17226",0.745433854907539,"Positive"
"K00404","K17315",0.723499288762447,"Positive"
"K00404","K17316",0.722247510668563,"Positive"
"K00404","K17317",0.722247510668563,"Positive"
"K00404","K18291",0.685917496443812,"Positive"
"K00404","K18930",0.773428165007112,"Positive"
"K00404","K18981",0.728648648648649,"Positive"
"K00404","K19340",0.832660028449502,"Positive"
"K00404","K19341",0.73701280227596,"Positive"
"K00404","K19609",0.722446657183499,"Positive"
"K00404","K19610",0.722446657183499,"Positive"
"K00404","K19713",0.860113798008535,"Positive"
"K00405","K00406",0.830924608819346,"Positive"
"K00405","K00407",0.959487908961593,"Positive"
"K00405","K01039",0.731322901849218,"Positive"
"K00405","K01040",0.732347083926031,"Positive"
"K00405","K01455",0.673229018492176,"Positive"
"K00405","K01505",0.657155049786629,"Positive"
"K00405","K01551",0.646458036984353,"Positive"
"K00405","K01573",0.722645803698435,"Positive"
"K00405","K01608",0.737155049786629,"Positive"
"K00405","K01796",0.707197724039829,"Positive"
"K00405","K01856",0.715220483641536,"Positive"
"K00405","K01959",0.746059743954481,"Positive"
"K00405","K01960",0.740483641536273,"Positive"
"K00405","K02848",0.73126600284495,"Positive"
"K00405","K03381",0.714964438122333,"Positive"
"K00405","K03464",0.827311522048364,"Positive"
"K00405","K03972",0.954992887624467,"Positive"
"K00405","K04561",0.881536273115221,"Positive"
"K00405","K05549",0.68628733997155,"Positive"
"K00405","K05550",0.68628733997155,"Positive"
"K00405","K05783",0.68628733997155,"Positive"
"K00405","K05784",0.68628733997155,"Positive"
"K00405","K06001",0.614992887624467,"Positive"
"K00405","K06985",0.765889046941678,"Positive"
"K00405","K07589",0.641564722617354,"Positive"
"K00405","K07823",0.729957325746799,"Positive"
"K00405","K10125",0.739971550497866,"Positive"
"K00405","K10126",0.740142247510669,"Positive"
"K00405","K10942",0.742304409672831,"Positive"
"K00405","K10943",0.760540540540541,"Positive"
"K00405","K11384",0.738634423897582,"Positive"
"K00405","K11689",0.646657183499289,"Positive"
"K00405","K12254",0.738634423897582,"Positive"
"K00405","K13541",0.655135135135135,"Positive"
"K00405","K13590",0.871095305832148,"Positive"
"K00405","K14268",0.716529160739687,"Positive"
"K00405","K15408",0.728876244665718,"Positive"
"K00405","K15864",0.648534850640114,"Positive"
"K00405","K16370",0.608790896159317,"Positive"
"K00405","K17226",0.737837837837838,"Positive"
"K00405","K17315",0.716586059743955,"Positive"
"K00405","K17316",0.7150213371266,"Positive"
"K00405","K17317",0.7150213371266,"Positive"
"K00405","K18291",0.679800853485064,"Positive"
"K00405","K18930",0.771778093883357,"Positive"
"K00405","K18981",0.724779516358464,"Positive"
"K00405","K19340",0.829075391180654,"Positive"
"K00405","K19341",0.729815078236131,"Positive"
"K00405","K19609",0.715789473684211,"Positive"
"K00405","K19610",0.715789473684211,"Positive"
"K00405","K19713",0.85678520625889,"Positive"
"K00406","K00407",0.806543385490754,"Positive"
"K00406","K00451",0.614679943100996,"Positive"
"K00406","K01505",0.739943100995733,"Positive"
"K00406","K01551",0.641365576102418,"Positive"
"K00406","K01573",0.62,"Positive"
"K00406","K01608",0.688079658605974,"Positive"
"K00406","K01796",0.618406827880512,"Positive"
"K00406","K01959",0.603072546230441,"Positive"
"K00406","K01960",0.778349928876245,"Positive"
"K00406","K02848",0.747795163584637,"Positive"
"K00406","K03464",0.665234708392603,"Positive"
"K00406","K03972",0.811578947368421,"Positive"
"K00406","K04561",0.73877667140825,"Positive"
"K00406","K06001",0.644495021337127,"Positive"
"K00406","K07589",0.60597439544808,"Positive"
"K00406","K10942",0.601735419630156,"Positive"
"K00406","K10943",0.609075391180654,"Positive"
"K00406","K13590",0.708648648648649,"Positive"
"K00406","K16370",0.612119487908962,"Positive"
"K00406","K18930",0.778805120910384,"Positive"
"K00406","K19340",0.701024182076814,"Positive"
"K00406","K19341",0.616529160739687,"Positive"
"K00406","K19713",0.718492176386913,"Positive"
"K00407","K01039",0.763328591749644,"Positive"
"K00407","K01040",0.763869132290185,"Positive"
"K00407","K01455",0.704153627311522,"Positive"
"K00407","K01505",0.632062588904694,"Positive"
"K00407","K01551",0.682731152204836,"Positive"
"K00407","K01573",0.728307254623044,"Positive"
"K00407","K01584",0.603015647226174,"Positive"
"K00407","K01608",0.747112375533428,"Positive"
"K00407","K01713",-0.603584637268848,"Negative"
"K00407","K01796",0.722873399715505,"Positive"
"K00407","K01856",0.739544807965861,"Positive"
"K00407","K01959",0.77624466571835,"Positive"
"K00407","K01960",0.756927453769559,"Positive"
"K00407","K02848",0.748904694167852,"Positive"
"K00407","K03381",0.740028449502134,"Positive"
"K00407","K03464",0.842930298719772,"Positive"
"K00407","K03972",0.910554765291607,"Positive"
"K00407","K04561",0.909786628733997,"Positive"
"K00407","K05549",0.700512091038407,"Positive"
"K00407","K05550",0.700512091038407,"Positive"
"K00407","K05783",0.700512091038407,"Positive"
"K00407","K05784",0.700512091038407,"Positive"
"K00407","K06001",0.622048364153627,"Positive"
"K00407","K06985",0.800341394025605,"Positive"
"K00407","K07589",0.647254623044097,"Positive"
"K00407","K07810",0.620625889046942,"Positive"
"K00407","K07823",0.761166429587482,"Positive"
"K00407","K10125",0.775277382645804,"Positive"
"K00407","K10126",0.775448079658606,"Positive"
"K00407","K10747",0.635960170697013,"Positive"
"K00407","K10942",0.773911806543386,"Positive"
"K00407","K10943",0.800938833570413,"Positive"
"K00407","K11384",0.770042674253201,"Positive"
"K00407","K11689",0.60551920341394,"Positive"
"K00407","K12254",0.770042674253201,"Positive"
"K00407","K13541",0.692688477951636,"Positive"
"K00407","K13590",0.900056899004267,"Positive"
"K00407","K14268",0.755305832147937,"Positive"
"K00407","K15408",0.768762446657184,"Positive"
"K00407","K15864",0.659886201991465,"Positive"
"K00407","K16370",0.620256045519203,"Positive"
"K00407","K17226",0.76950213371266,"Positive"
"K00407","K17315",0.749559032716927,"Positive"
"K00407","K17316",0.748790896159317,"Positive"
"K00407","K17317",0.748790896159317,"Positive"
"K00407","K18291",0.712460881934566,"Positive"
"K00407","K18930",0.712745376955903,"Positive"
"K00407","K18981",0.759658605974395,"Positive"
"K00407","K19340",0.868335704125178,"Positive"
"K00407","K19341",0.748392603129445,"Positive"
"K00407","K19609",0.747994310099573,"Positive"
"K00407","K19610",0.747994310099573,"Positive"
"K00407","K19713",0.795419630156472,"Positive"
"K00435","K00880",0.734054054054054,"Positive"
"K00435","K01639",0.813769559032717,"Positive"
"K00435","K01699",0.70796586059744,"Positive"
"K00435","K01706",0.684381223328592,"Positive"
"K00435","K01708",0.696671408250356,"Positive"
"K00435","K01857",0.836984352773826,"Positive"
"K00435","K02007",0.819431009957326,"Positive"
"K00435","K02008",0.819914651493599,"Positive"
"K00435","K02009",0.933769559032717,"Positive"
"K00435","K02190",0.657069701280228,"Positive"
"K00435","K03780",0.954110953058321,"Positive"
"K00435","K07683",0.703726884779516,"Positive"
"K00435","K09809",0.612688477951636,"Positive"
"K00435","K11623",0.715135135135135,"Positive"
"K00435","K11624",0.715135135135135,"Positive"
"K00435","K11625",0.8324893314367,"Positive"
"K00435","K13919",0.70796586059744,"Positive"
"K00435","K13920",0.70796586059744,"Positive"
"K00435","K14422",1,"Positive"
"K00435","K16937",0.683100995732575,"Positive"
"K00435","K16961",0.690867709815078,"Positive"
"K00435","K17722",0.711351351351351,"Positive"
"K00435","K17950",0.713769559032717,"Positive"
"K00435","K19349",0.715135135135135,"Positive"
"K00448","K00449",1,"Positive"
"K00448","K00480",0.657809388335704,"Positive"
"K00448","K01031",0.825490753911807,"Positive"
"K00448","K01130",0.617041251778094,"Positive"
"K00448","K01181",0.661337126600285,"Positive"
"K00448","K01192",0.614623044096728,"Positive"
"K00448","K01801",0.608136557610242,"Positive"
"K00448","K02609",0.62398293029872,"Positive"
"K00448","K02610",0.62398293029872,"Positive"
"K00448","K02611",0.62398293029872,"Positive"
"K00448","K02612",0.62398293029872,"Positive"
"K00448","K02613",0.667254623044097,"Positive"
"K00448","K02618",0.650298719772404,"Positive"
"K00448","K03181",-0.607795163584637,"Negative"
"K00448","K05881",0.805490753911807,"Positive"
"K00448","K06897",0.670554765291607,"Positive"
"K00448","K06989",0.646002844950213,"Positive"
"K00448","K10824",0.667425320056899,"Positive"
"K00448","K11081",0.686628733997155,"Positive"
"K00448","K11082",0.686628733997155,"Positive"
"K00448","K11083",0.686628733997155,"Positive"
"K00448","K11084",0.686628733997155,"Positive"
"K00448","K12112",0.660512091038407,"Positive"
"K00448","K12527",0.694366998577525,"Positive"
"K00448","K14977",0.657439544807966,"Positive"
"K00448","K15584",0.667425320056899,"Positive"
"K00448","K15585",0.667425320056899,"Positive"
"K00448","K15586",0.664495021337127,"Positive"
"K00448","K15587",0.667425320056899,"Positive"
"K00448","K16165",0.620540540540541,"Positive"
"K00449","K00480",0.657809388335704,"Positive"
"K00449","K01031",0.825490753911807,"Positive"
"K00449","K01130",0.617041251778094,"Positive"
"K00449","K01181",0.661337126600285,"Positive"
"K00449","K01192",0.614623044096728,"Positive"
"K00449","K01801",0.608136557610242,"Positive"
"K00449","K02609",0.62398293029872,"Positive"
"K00449","K02610",0.62398293029872,"Positive"
"K00449","K02611",0.62398293029872,"Positive"
"K00449","K02612",0.62398293029872,"Positive"
"K00449","K02613",0.667254623044097,"Positive"
"K00449","K02618",0.650298719772404,"Positive"
"K00449","K03181",-0.607795163584637,"Negative"
"K00449","K05881",0.805490753911807,"Positive"
"K00449","K06897",0.670554765291607,"Positive"
"K00449","K06989",0.646002844950213,"Positive"
"K00449","K10824",0.667425320056899,"Positive"
"K00449","K11081",0.686628733997155,"Positive"
"K00449","K11082",0.686628733997155,"Positive"
"K00449","K11083",0.686628733997155,"Positive"
"K00449","K11084",0.686628733997155,"Positive"
"K00449","K12112",0.660512091038407,"Positive"
"K00449","K12527",0.694366998577525,"Positive"
"K00449","K14977",0.657439544807966,"Positive"
"K00449","K15584",0.667425320056899,"Positive"
"K00449","K15585",0.667425320056899,"Positive"
"K00449","K15586",0.664495021337127,"Positive"
"K00449","K15587",0.667425320056899,"Positive"
"K00449","K16165",0.620540540540541,"Positive"
"K00451","K00457",0.673997155049787,"Positive"
"K00451","K00500",0.755504978662873,"Positive"
"K00451","K01113",0.600341394025605,"Positive"
"K00451","K01444",0.642275960170697,"Positive"
"K00451","K01505",0.637268847795164,"Positive"
"K00451","K01640",0.834509246088193,"Positive"
"K00451","K01724",0.835078236130868,"Positive"
"K00451","K01800",0.688477951635846,"Positive"
"K00451","K01960",0.611322901849218,"Positive"
"K00451","K01968",0.705433854907539,"Positive"
"K00451","K01969",0.705661450924609,"Positive"
"K00451","K01971",0.677724039829303,"Positive"
"K00451","K02258",0.832546230440967,"Positive"
"K00451","K02275",0.819601706970128,"Positive"
"K00451","K02276",0.831834992887624,"Positive"
"K00451","K06597",0.628847795163585,"Positive"
"K00451","K06598",0.636557610241821,"Positive"
"K00451","K07516",0.924807965860597,"Positive"
"K00451","K10747",0.707425320056899,"Positive"
"K00451","K10941",0.636557610241821,"Positive"
"K00451","K10979",0.681963015647226,"Positive"
"K00451","K11472",0.68597439544808,"Positive"
"K00451","K11473",0.682788051209104,"Positive"
"K00451","K13766",0.708819345661451,"Positive"
"K00451","K15371",0.693883357041252,"Positive"
"K00451","K16171",0.725405405405405,"Positive"
"K00451","K19696",0.628847795163585,"Positive"
"K00453","K01697",0.794594594594595,"Positive"
"K00453","K01715",0.68,"Positive"
"K00453","K01758",0.722901849217639,"Positive"
"K00453","K07641",0.756984352773826,"Positive"
"K00453","K07663",0.777667140825036,"Positive"
"K00457","K01640",0.649416785206259,"Positive"
"K00457","K02054",0.610128022759602,"Positive"
"K00457","K07178",0.626031294452347,"Positive"
"K00457","K07516",0.63823613086771,"Positive"
"K00457","K10027",0.606657183499289,"Positive"
"K00480","K01031",0.680910384068279,"Positive"
"K00480","K01130",0.619857752489331,"Positive"
"K00480","K01801",0.828705547652916,"Positive"
"K00480","K01908",0.659459459459459,"Positive"
"K00480","K03194",0.617098150782361,"Positive"
"K00480","K03201",0.60628733997155,"Positive"
"K00480","K03203",0.63923186344239,"Positive"
"K00480","K03472",-0.604807965860597,"Negative"
"K00480","K03567",-0.640796586059744,"Negative"
"K00480","K06048",0.679715504978663,"Positive"
"K00480","K06445",-0.605405405405405,"Negative"
"K00480","K07637",-0.613826458036984,"Negative"
"K00480","K07660",-0.604551920341394,"Negative"
"K00480","K08321",0.609445234708393,"Positive"
"K00480","K09699",0.725177809388336,"Positive"
"K00480","K12527",0.708221906116643,"Positive"
"K00480","K14977",0.626628733997155,"Positive"
"K00480","K16165",0.948762446657183,"Positive"
"K00483","K01130",0.649928876244666,"Positive"
"K00483","K02609",0.747624466571835,"Positive"
"K00483","K02610",0.747624466571835,"Positive"
"K00483","K02611",0.747624466571835,"Positive"
"K00483","K02612",0.747624466571835,"Positive"
"K00483","K02613",0.688108108108108,"Positive"
"K00483","K02615",0.808933143669986,"Positive"
"K00483","K02618",0.789445234708393,"Positive"
"K00483","K03077",0.68827880512091,"Positive"
"K00483","K03079",0.704836415362731,"Positive"
"K00483","K05881",0.682731152204836,"Positive"
"K00483","K05921",0.808904694167852,"Positive"
"K00483","K06048",0.608108108108108,"Positive"
"K00483","K06897",0.716955903271693,"Positive"
"K00483","K06989",0.815334281650071,"Positive"
"K00483","K07686",0.676386913229018,"Positive"
"K00483","K08320",0.809189189189189,"Positive"
"K00483","K11081",0.708307254623044,"Positive"
"K00483","K11082",0.708307254623044,"Positive"
"K00483","K11083",0.708307254623044,"Positive"
"K00483","K11084",0.708307254623044,"Positive"
"K00483","K12112",0.663613086770982,"Positive"
"K00484","K01034",0.686998577524893,"Positive"
"K00484","K01035",0.686998577524893,"Positive"
"K00484","K01460",0.601564722617354,"Positive"
"K00484","K01947",0.819089615931721,"Positive"
"K00484","K03077",0.601650071123755,"Positive"
"K00484","K03078",0.646088193456615,"Positive"
"K00484","K04782",0.704125177809388,"Positive"
"K00484","K07308",0.649388335704125,"Positive"
"K00484","K07684",0.741934566145092,"Positive"
"K00484","K07710",0.687567567567568,"Positive"
"K00484","K07714",0.687567567567568,"Positive"
"K00484","K08324",0.633741109530583,"Positive"
"K00484","K08349",0.606799431009957,"Positive"
"K00484","K12688",0.66674253200569,"Positive"
"K00484","K14026",0.66674253200569,"Positive"
"K00484","K18133",0.819089615931721,"Positive"
"K00484","K18369",0.793001422475107,"Positive"
"K00500","K01003",0.743470839260313,"Positive"
"K00500","K01055",0.779573257467994,"Positive"
"K00500","K01075",0.748307254623044,"Positive"
"K00500","K01113",0.84972972972973,"Positive"
"K00500","K01455",0.618293029871977,"Positive"
"K00500","K01640",0.681820768136558,"Positive"
"K00500","K01707",0.785092460881935,"Positive"
"K00500","K01724",0.905348506401138,"Positive"
"K00500","K01800",0.90972972972973,"Positive"
"K00500","K01968",0.796187766714083,"Positive"
"K00500","K01969",0.792147937411095,"Positive"
"K00500","K01971",0.905320056899004,"Positive"
"K00500","K02228",0.773086770981508,"Positive"
"K00500","K02258",0.915561877667141,"Positive"
"K00500","K02275",0.901593172119488,"Positive"
"K00500","K02276",0.896955903271693,"Positive"
"K00500","K02362",0.639174964438122,"Positive"
"K00500","K02457",0.629302987197724,"Positive"
"K00500","K02462",0.618378378378378,"Positive"
"K00500","K03197",0.636130867709815,"Positive"
"K00500","K03464",0.622162162162162,"Positive"
"K00500","K05343",0.669843527738265,"Positive"
"K00500","K06597",0.813570412517781,"Positive"
"K00500","K06598",0.835960170697013,"Positive"
"K00500","K06718",0.736813655761024,"Positive"
"K00500","K06720",0.736813655761024,"Positive"
"K00500","K06985",0.629388335704125,"Positive"
"K00500","K07516",0.753598862019915,"Positive"
"K00500","K07649",0.60076813655761,"Positive"
"K00500","K08082",0.649331436699858,"Positive"
"K00500","K08083",0.653940256045519,"Positive"
"K00500","K10125",0.62099573257468,"Positive"
"K00500","K10126",0.621052631578947,"Positive"
"K00500","K10747",0.812859174964438,"Positive"
"K00500","K10941",0.835960170697013,"Positive"
"K00500","K10943",0.600369843527738,"Positive"
"K00500","K10979",0.911095305832148,"Positive"
"K00500","K11472",0.768933143669986,"Positive"
"K00500","K11473",0.767795163584637,"Positive"
"K00500","K11688",0.690184921763869,"Positive"
"K00500","K12976",0.798520625889047,"Positive"
"K00500","K13590",0.663129445234708,"Positive"
"K00500","K13766",0.704950213371266,"Positive"
"K00500","K14335",0.690014224751067,"Positive"
"K00500","K15011",0.859971550497866,"Positive"
"K00500","K15012",0.860312944523471,"Positive"
"K00500","K15371",0.826315789473684,"Positive"
"K00500","K15373",0.674850640113798,"Positive"
"K00500","K16171",0.965177809388336,"Positive"
"K00500","K17315",0.602190611664296,"Positive"
"K00500","K17316",0.602247510668563,"Positive"
"K00500","K17317",0.602247510668563,"Positive"
"K00500","K18292",0.743470839260313,"Positive"
"K00500","K19696",0.813570412517781,"Positive"
"K00507","K00508",0.64221906116643,"Positive"
"K00507","K00635",0.879971550497866,"Positive"
"K00507","K01083",0.641593172119488,"Positive"
"K00507","K01184",0.712347083926031,"Positive"
"K00507","K01483",0.613342816500711,"Positive"
"K00507","K01596",0.901337126600285,"Positive"
"K00507","K01826",0.893285917496444,"Positive"
"K00507","K02474",0.643044096728307,"Positive"
"K00507","K02657",0.678805120910384,"Positive"
"K00507","K02658",0.692688477951636,"Positive"
"K00507","K02659",0.699345661450925,"Positive"
"K00507","K02660",0.699345661450925,"Positive"
"K00507","K03863",0.750412517780939,"Positive"
"K00507","K04565",0.615220483641536,"Positive"
"K00507","K06133",0.75823613086771,"Positive"
"K00507","K06134",0.655334281650071,"Positive"
"K00507","K06596",0.695903271692745,"Positive"
"K00507","K07346",0.608307254623044,"Positive"
"K00507","K10857",0.699544807965861,"Positive"
"K00507","K11931",0.817354196301565,"Positive"
"K00507","K12957",0.783072546230441,"Positive"
"K00507","K13522",0.921792318634424,"Positive"
"K00507","K14159",0.879971550497866,"Positive"
"K00507","K16839",0.716728307254623,"Positive"
"K00507","K16840",0.754736842105263,"Positive"
"K00507","K16841",0.68850640113798,"Positive"
"K00507","K16842",0.746998577524893,"Positive"
"K00507","K17228",0.712631578947368,"Positive"
"K00507","K18137",0.879971550497866,"Positive"
"K00507","K18147",0.879971550497866,"Positive"
"K00508","K01428",0.734310099573257,"Positive"
"K00508","K01596",0.645576102418208,"Positive"
"K00508","K01826",0.673854907539118,"Positive"
"K00508","K02650",0.747027027027027,"Positive"
"K00508","K06133",0.726884779516358,"Positive"
"K00508","K09007",0.704438122332859,"Positive"
"K00508","K11931",0.621308677098151,"Positive"
"K00508","K13522",0.638321479374111,"Positive"
"K00523","K01556",0.696586059743954,"Positive"
"K00523","K01947",0.62651493598862,"Positive"
"K00523","K02106",0.676927453769559,"Positive"
"K00523","K02650",0.753883357041252,"Positive"
"K00523","K03776",0.720284495021337,"Positive"
"K00523","K06013",0.696785206258891,"Positive"
"K00523","K07226",0.782105263157895,"Positive"
"K00523","K09471",0.647681365576102,"Positive"
"K00523","K11003",0.678805120910384,"Positive"
"K00523","K11004",0.678805120910384,"Positive"
"K00523","K12256",0.816984352773826,"Positive"
"K00523","K18133",0.62651493598862,"Positive"
"K00523","K18148",0.677866287339972,"Positive"
"K00523","K18369",0.671749644381223,"Positive"
"K00529","K02463",0.661593172119488,"Positive"
"K00569","K00595",0.635817923186344,"Positive"
"K00569","K00697",0.704551920341394,"Positive"
"K00569","K00835",-0.621650071123755,"Negative"
"K00569","K00892",-0.630753911806543,"Negative"
"K00569","K01006",0.682560455192034,"Positive"
"K00569","K01061",0.658122332859175,"Positive"
"K00569","K01087",0.727994310099573,"Positive"
"K00569","K01457",0.746799431009957,"Positive"
"K00569","K01470",0.827880512091038,"Positive"
"K00569","K01476",0.736358463726885,"Positive"
"K00569","K01576",0.696927453769559,"Positive"
"K00569","K01659",0.84,"Positive"
"K00569","K01692",0.742674253200569,"Positive"
"K00569","K01720",0.851066856330014,"Positive"
"K00569","K01941",0.71923186344239,"Positive"
"K00569","K02229",0.633826458036984,"Positive"
"K00569","K02230",0.640455192034139,"Positive"
"K00569","K02259",0.927226173541963,"Positive"
"K00569","K02345",-0.635362731152205,"Negative"
"K00569","K02472",-0.638406827880512,"Negative"
"K00569","K02805",-0.617809388335704,"Negative"
"K00569","K02849",-0.647880512091038,"Negative"
"K00569","K02852",-0.62352773826458,"Negative"
"K00569","K03205",0.687567567567568,"Positive"
"K00569","K03638",0.760711237553343,"Positive"
"K00569","K03735",0.685035561877667,"Positive"
"K00569","K03736",0.685035561877667,"Positive"
"K00569","K04719",0.630213371266003,"Positive"
"K00569","K05368",-0.62352773826458,"Negative"
"K00569","K06080",-0.62352773826458,"Negative"
"K00569","K07141",0.738805120910384,"Positive"
"K00569","K07165",0.757667140825036,"Positive"
"K00569","K07215",0.617183499288762,"Positive"
"K00569","K07248",0.693285917496444,"Positive"
"K00569","K07250",0.651635846372688,"Positive"
"K00569","K07251",-0.62352773826458,"Negative"
"K00569","K07264",-0.646600284495021,"Negative"
"K00569","K07345",-0.623129445234708,"Negative"
"K00569","K07347",-0.632830725462304,"Negative"
"K00569","K07676",-0.62352773826458,"Negative"
"K00569","K07677",-0.636386913229019,"Negative"
"K00569","K07687",-0.633598862019915,"Negative"
"K00569","K07689",-0.63271692745377,"Negative"
"K00569","K07715",-0.639260312944523,"Negative"
"K00569","K07771",-0.644637268847795,"Negative"
"K00569","K07806",-0.64321479374111,"Negative"
"K00569","K08261",0.702617354196302,"Positive"
"K00569","K08682",-0.628563300142247,"Negative"
"K00569","K08738",0.820483641536273,"Positive"
"K00569","K09758",0.645433854907539,"Positive"
"K00569","K10011",-0.656415362731152,"Negative"
"K00569","K10012",-0.64321479374111,"Negative"
"K00569","K12525",-0.62352773826458,"Negative"
"K00569","K12582",-0.62352773826458,"Negative"
"K00569","K12962",-0.64321479374111,"Negative"
"K00569","K12963",-0.64321479374111,"Negative"
"K00569","K12973",-0.661450924608819,"Negative"
"K00569","K13014",-0.64321479374111,"Negative"
"K00569","K13301",-0.62352773826458,"Negative"
"K00569","K13472",0.662048364153627,"Positive"
"K00569","K13481",0.846913229018492,"Positive"
"K00569","K13482",0.843044096728307,"Positive"
"K00569","K16704",-0.62352773826458,"Negative"
"K00569","K19226",-0.625405405405405,"Negative"
"K00569","K19236",-0.643556187766714,"Negative"
"K00569","K19270",-0.613513513513513,"Negative"
"K00569","K19743",0.796358463726885,"Positive"
"K00595","K00839",0.844068278805121,"Positive"
"K00595","K01011",0.839402560455192,"Positive"
"K00595","K01093",0.834623044096728,"Positive"
"K00595","K01114",0.832403982930299,"Positive"
"K00595","K01659",0.637268847795164,"Positive"
"K00595","K02225",0.961621621621622,"Positive"
"K00595","K02229",0.997211948790896,"Positive"
"K00595","K02230",0.99402560455192,"Positive"
"K00595","K02259",0.667652916073969,"Positive"
"K00595","K03205",0.629587482219061,"Positive"
"K00595","K03638",0.60176386913229,"Positive"
"K00595","K04719",0.998549075391181,"Positive"
"K00595","K07215",0.640369843527738,"Positive"
"K00595","K08964",0.910042674253201,"Positive"
"K00595","K08967",0.936330014224751,"Positive"
"K00595","K09474",0.884665718349929,"Positive"
"K00595","K09690",0.892176386913229,"Positive"
"K00595","K09691",0.892176386913229,"Positive"
"K00595","K09880",0.910042674253201,"Positive"
"K00595","K13485",0.940682788051209,"Positive"
"K00595","K19743",0.616955903271693,"Positive"
"K00619","K00824",0.657354196301565,"Positive"
"K00619","K01571",0.616557610241821,"Positive"
"K00619","K01628",0.915049786628734,"Positive"
"K00619","K01654",0.937183499288762,"Positive"
"K00619","K01677",0.94773826458037,"Positive"
"K00619","K01678",0.94773826458037,"Positive"
"K00619","K01847",0.88697012802276,"Positive"
"K00619","K01848",0.935874822190612,"Positive"
"K00619","K01849",0.935874822190612,"Positive"
"K00619","K01906",0.941365576102418,"Positive"
"K00619","K01912",0.738662873399715,"Positive"
"K00619","K02006",0.912887624466572,"Positive"
"K00619","K02765",0.632318634423898,"Positive"
"K00619","K02783",0.656216216216216,"Positive"
"K00619","K03340",0.844950213371266,"Positive"
"K00619","K03404",0.717155049786629,"Positive"
"K00619","K03405",0.639260312944523,"Positive"
"K00619","K03409",0.884608819345661,"Positive"
"K00619","K03410",0.75547652916074,"Positive"
"K00619","K03429",0.816216216216216,"Positive"
"K00619","K03620",0.863840682788051,"Positive"
"K00619","K05606",0.837155049786629,"Positive"
"K00619","K06208",0.94773826458037,"Positive"
"K00619","K06209",0.667709815078236,"Positive"
"K00619","K06281",0.825604551920341,"Positive"
"K00619","K06282",0.825604551920341,"Positive"
"K00619","K07588",0.893798008534851,"Positive"
"K00619","K07590",0.80153627311522,"Positive"
"K00619","K07720",0.729587482219061,"Positive"
"K00619","K08384",0.94773826458037,"Positive"
"K00619","K10206",0.941081081081081,"Positive"
"K00619","K11358",0.899516358463727,"Positive"
"K00619","K11690",0.647083926031294,"Positive"
"K00619","K11782",0.910156472261735,"Positive"
"K00619","K11784",0.910156472261735,"Positive"
"K00619","K13818",0.907339971550498,"Positive"
"K00619","K15792",0.946145092460882,"Positive"
"K00619","K16651",0.922389758179232,"Positive"
"K00619","K18285",0.918349928876245,"Positive"
"K00619","K19353",0.706685633001423,"Positive"
"K00631","K00632",0.614224751066856,"Positive"
"K00631","K01058",0.647937411095306,"Positive"
"K00631","K01096",0.792119487908962,"Positive"
"K00631","K01141",0.675561877667141,"Positive"
"K00631","K01713",0.651066856330014,"Positive"
"K00631","K01716",0.654366998577525,"Positive"
"K00631","K01792",0.91402560455192,"Positive"
"K00631","K01825",0.74076813655761,"Positive"
"K00631","K02619",0.764779516358464,"Positive"
"K00631","K02858",0.635960170697013,"Positive"
"K00631","K03181",0.71900426742532,"Positive"
"K00631","K03473",0.765803698435277,"Positive"
"K00631","K03563",0.676529160739687,"Positive"
"K00631","K03651",0.939174964438122,"Positive"
"K00631","K03732",0.94221906116643,"Positive"
"K00631","K05365",0.99172119487909,"Positive"
"K00631","K05851",0.690953058321479,"Positive"
"K00631","K06879",0.822844950213371,"Positive"
"K00631","K07235",0.939174964438122,"Positive"
"K00631","K07236",0.692802275960171,"Positive"
"K00631","K07237",0.692802275960171,"Positive"
"K00631","K07639",0.779487908961593,"Positive"
"K00631","K07661",0.779487908961593,"Positive"
"K00631","K07665",0.603869132290185,"Positive"
"K00631","K07678",0.762190611664296,"Positive"
"K00631","K08484",0.803926031294452,"Positive"
"K00631","K08485",0.676671408250356,"Positive"
"K00631","K09913",0.657524893314367,"Positive"
"K00631","K10001",0.720142247510669,"Positive"
"K00631","K10002",0.745206258890469,"Positive"
"K00631","K10003",0.745206258890469,"Positive"
"K00631","K10004",0.750924608819346,"Positive"
"K00631","K10026",0.770668563300142,"Positive"
"K00631","K10036",0.630896159317212,"Positive"
"K00631","K10914",0.999431009957326,"Positive"
"K00631","K11179",0.939174964438122,"Positive"
"K00631","K11183",0.865661450924609,"Positive"
"K00631","K11900",0.743044096728307,"Positive"
"K00631","K11901",0.722162162162162,"Positive"
"K00631","K11903",0.724921763869132,"Positive"
"K00631","K11907",0.726088193456614,"Positive"
"K00631","K12339",0.658179231863442,"Positive"
"K00631","K18800",0.681678520625889,"Positive"
"K00632","K01058",0.735135135135135,"Positive"
"K00632","K01579",0.648677098150782,"Positive"
"K00632","K01585",0.732375533428165,"Positive"
"K00632","K01638",0.761052631578947,"Positive"
"K00632","K01792",0.6249786628734,"Positive"
"K00632","K01825",0.800938833570413,"Positive"
"K00632","K02439",0.637382645803698,"Positive"
"K00632","K02619",0.799516358463727,"Positive"
"K00632","K03087",0.60375533428165,"Positive"
"K00632","K03181",0.86022759601707,"Positive"
"K00632","K03472",0.630583214793741,"Positive"
"K00632","K03473",0.806258890469417,"Positive"
"K00632","K03567",0.60574679943101,"Positive"
"K00632","K03651",0.646856330014225,"Positive"
"K00632","K03732",0.641308677098151,"Positive"
"K00632","K05365",0.603698435277383,"Positive"
"K00632","K06445",0.688847795163585,"Positive"
"K00632","K06879",0.67701280227596,"Positive"
"K00632","K07235",0.646856330014225,"Positive"
"K00632","K07345",0.618549075391181,"Positive"
"K00632","K07347",0.617098150782361,"Positive"
"K00632","K07637",0.601052631578947,"Positive"
"K00632","K07639",0.791180654338549,"Positive"
"K00632","K07642",0.660853485064011,"Positive"
"K00632","K07646",0.626856330014225,"Positive"
"K00632","K07661",0.791180654338549,"Positive"
"K00632","K07664",0.64773826458037,"Positive"
"K00632","K07678",0.797923186344239,"Positive"
"K00632","K08484",0.728221906116643,"Positive"
"K00632","K08485",0.666600284495021,"Positive"
"K00632","K09913",0.810241820768137,"Positive"
"K00632","K10026",0.833285917496444,"Positive"
"K00632","K10914",0.614338549075391,"Positive"
"K00632","K11179",0.646856330014225,"Positive"
"K00632","K12339",0.804893314366999,"Positive"
"K00632","K13378",0.734907539118065,"Positive"
"K00632","K15777",0.80298719772404,"Positive"
"K00632","K16165",-0.615988620199146,"Negative"
"K00635","K00840",0.622788051209104,"Positive"
"K00635","K01184",0.816330014224751,"Positive"
"K00635","K01477",0.62475106685633,"Positive"
"K00635","K01483",0.609701280227596,"Positive"
"K00635","K01502",0.738520625889047,"Positive"
"K00635","K01596",0.849871977240398,"Positive"
"K00635","K01826",0.837041251778094,"Positive"
"K00635","K02474",0.602788051209104,"Positive"
"K00635","K02659",0.622019914651494,"Positive"
"K00635","K02660",0.622019914651494,"Positive"
"K00635","K03863",0.741422475106686,"Positive"
"K00635","K06133",0.727368421052632,"Positive"
"K00635","K10857",0.774110953058321,"Positive"
"K00635","K11931",0.88597439544808,"Positive"
"K00635","K12957",0.836073968705548,"Positive"
"K00635","K13522",0.850128022759602,"Positive"
"K00635","K13745",0.600597439544808,"Positive"
"K00635","K14159",1,"Positive"
"K00635","K16839",0.744039829302987,"Positive"
"K00635","K16840",0.793285917496444,"Positive"
"K00635","K16841",0.668762446657184,"Positive"
"K00635","K16842",0.779288762446657,"Positive"
"K00635","K17228",0.736614509246088,"Positive"
"K00635","K18137",1,"Positive"
"K00635","K18147",1,"Positive"
"K00639","K01479",0.663271692745377,"Positive"
"K00639","K01480",0.687852062588905,"Positive"
"K00639","K01579",0.601394025604552,"Positive"
"K00639","K01734",0.681593172119488,"Positive"
"K00639","K01815",0.695874822190612,"Positive"
"K00639","K02398",0.634224751066856,"Positive"
"K00639","K03150",0.743613086770981,"Positive"
"K00639","K03415",0.679089615931721,"Positive"
"K00639","K05601",0.735590327169275,"Positive"
"K00647","K00654",0.719601706970128,"Positive"
"K00647","K01078",0.61900426742532,"Positive"
"K00647","K01120",0.717439544807966,"Positive"
"K00647","K01458",0.729046941678521,"Positive"
"K00647","K01761",0.754765291607397,"Positive"
"K00647","K01768",0.744836415362731,"Positive"
"K00647","K02274",0.749815078236131,"Positive"
"K00647","K03119",0.787027027027027,"Positive"
"K00647","K03782",0.787311522048364,"Positive"
"K00647","K05297",0.735874822190612,"Positive"
"K00647","K08325",0.799118065433855,"Positive"
"K00647","K09688",0.748051209103841,"Positive"
"K00647","K09689",0.737980085348506,"Positive"
"K00647","K10107",0.748534850640114,"Positive"
"K00647","K12979",0.806145092460882,"Positive"
"K00647","K13940",0.712944523470839,"Positive"
"K00647","K18240",0.750981507823613,"Positive"
"K00654","K00692",0.655049786628734,"Positive"
"K00654","K01078",0.91524893314367,"Positive"
"K00654","K01120",0.79027027027027,"Positive"
"K00654","K01458",0.985689900426743,"Positive"
"K00654","K01761",0.813172119487909,"Positive"
"K00654","K01768",0.967027027027027,"Positive"
"K00654","K02274",0.947055476529161,"Positive"
"K00654","K03119",0.945775248933144,"Positive"
"K00654","K03782",0.78873399715505,"Positive"
"K00654","K03862",0.665775248933144,"Positive"
"K00654","K05297",0.971977240398293,"Positive"
"K00654","K08325",0.774822190611664,"Positive"
"K00654","K09688",0.778150782361309,"Positive"
"K00654","K09689",0.794366998577525,"Positive"
"K00654","K10107",0.778179231863442,"Positive"
"K00654","K12979",0.785376955903272,"Positive"
"K00654","K13940",0.99678520625889,"Positive"
"K00654","K18240",0.790327169274538,"Positive"
"K00673","K00758",0.65126600284495,"Positive"
"K00673","K00835",0.775960170697013,"Positive"
"K00673","K00855",0.895874822190612,"Positive"
"K00673","K00860",0.74796586059744,"Positive"
"K00673","K00892",0.699886201991465,"Positive"
"K00673","K01077",0.72475106685633,"Positive"
"K00673","K01468",0.639061166429587,"Positive"
"K00673","K01479",0.719203413940256,"Positive"
"K00673","K01484",0.99126600284495,"Positive"
"K00673","K01585",0.625007112375533,"Positive"
"K00673","K01712",0.637638691322902,"Positive"
"K00673","K01745",0.613115220483642,"Positive"
"K00673","K01782",0.751578947368421,"Positive"
"K00673","K01815",0.635647226173542,"Positive"
"K00673","K02345",0.778577524893314,"Positive"
"K00673","K02361",0.60796586059744,"Positive"
"K00673","K02402",0.897325746799431,"Positive"
"K00673","K02403",0.894452347083926,"Positive"
"K00673","K02423",0.793115220483642,"Positive"
"K00673","K02439",0.696842105263158,"Positive"
"K00673","K02446",0.628876244665718,"Positive"
"K00673","K02472",0.770241820768137,"Positive"
"K00673","K02566",0.624438122332859,"Positive"
"K00673","K02779",0.705604551920341,"Positive"
"K00673","K02805",0.821137980085349,"Positive"
"K00673","K02849",0.633798008534851,"Positive"
"K00673","K02852",0.766913229018492,"Positive"
"K00673","K03087",0.624295874822191,"Positive"
"K00673","K03184",0.807681365576102,"Positive"
"K00673","K03414",0.611778093883357,"Positive"
"K00673","K03472",0.602702702702703,"Positive"
"K00673","K05368",0.766913229018492,"Positive"
"K00673","K05526",0.730469416785206,"Positive"
"K00673","K05874",0.840568990042674,"Positive"
"K00673","K05875",0.622958748221906,"Positive"
"K00673","K05939",0.65601706970128,"Positive"
"K00673","K06080",0.766913229018492,"Positive"
"K00673","K06445",0.661906116642959,"Positive"
"K00673","K06447",0.994338549075391,"Positive"
"K00673","K07251",0.766913229018492,"Positive"
"K00673","K07264",0.744665718349929,"Positive"
"K00673","K07676",0.766913229018492,"Positive"
"K00673","K07677",0.765889046941678,"Positive"
"K00673","K07687",0.771749644381223,"Positive"
"K00673","K07689",0.773627311522048,"Positive"
"K00673","K07711",0.912603129445235,"Positive"
"K00673","K07715",0.782304409672831,"Positive"
"K00673","K07771",0.713854907539118,"Positive"
"K00673","K07806",0.729530583214794,"Positive"
"K00673","K08682",0.751522048364154,"Positive"
"K00673","K10011",0.725661450924609,"Positive"
"K00673","K10012",0.729530583214794,"Positive"
"K00673","K11891",0.652432432432432,"Positive"
"K00673","K11892",0.648933143669986,"Positive"
"K00673","K11893",0.651180654338549,"Positive"
"K00673","K12368",0.604779516358464,"Positive"
"K00673","K12369",0.615135135135135,"Positive"
"K00673","K12370",0.615135135135135,"Positive"
"K00673","K12371",0.615135135135135,"Positive"
"K00673","K12372",0.615135135135135,"Positive"
"K00673","K12525",0.766913229018492,"Positive"
"K00673","K12582",0.766913229018492,"Positive"
"K00673","K12962",0.729530583214794,"Positive"
"K00673","K12963",0.729530583214794,"Positive"
"K00673","K12973",0.649815078236131,"Positive"
"K00673","K12974",0.820512091038407,"Positive"
"K00673","K12975",0.808421052631579,"Positive"
"K00673","K13014",0.729530583214794,"Positive"
"K00673","K13301",0.766913229018492,"Positive"
"K00673","K16704",0.766913229018492,"Positive"
"K00673","K18889",0.792204836415363,"Positive"
"K00673","K18890",0.792204836415363,"Positive"
"K00673","K19222",0.767880512091038,"Positive"
"K00673","K19226",0.767055476529161,"Positive"
"K00673","K19236",0.632460881934566,"Positive"
"K00673","K19270",0.690071123755334,"Positive"
"K00687","K00917",0.89923186344239,"Positive"
"K00687","K01176",0.79778093883357,"Positive"
"K00687","K01446",0.948961593172119,"Positive"
"K00687","K01467",0.724551920341394,"Positive"
"K00687","K01598",1,"Positive"
"K00687","K01922",1,"Positive"
"K00687","K02746",0.854281650071124,"Positive"
"K00687","K04516",0.910981507823613,"Positive"
"K00687","K05362",0.999943100995733,"Positive"
"K00687","K05363",0.997411095305832,"Positive"
"K00687","K07717",0.661735419630156,"Positive"
"K00687","K07719",0.661735419630156,"Positive"
"K00687","K11041",0.965405405405405,"Positive"
"K00687","K11617",0.955135135135135,"Positive"
"K00687","K11618",0.608421052631579,"Positive"
"K00687","K12296",0.96298719772404,"Positive"
"K00687","K12554",0.695448079658606,"Positive"
"K00687","K12556",1,"Positive"
"K00687","K13677",0.791095305832148,"Positive"
"K00689","K00690",0.658719772403983,"Positive"
"K00689","K19286",0.752830725462304,"Positive"
"K00690","K19286",0.641735419630156,"Positive"
"K00692","K00884",0.601593172119488,"Positive"
"K00692","K00899",0.700625889046942,"Positive"
"K00692","K01078",0.672290184921764,"Positive"
"K00692","K01425",0.608079658605974,"Positive"
"K00692","K01458",0.623357041251778,"Positive"
"K00692","K01768",0.605945945945946,"Positive"
"K00692","K02274",0.604921763869132,"Positive"
"K00692","K02454",0.630128022759602,"Positive"
"K00692","K03119",0.633541963015647,"Positive"
"K00692","K03862",0.822418207681366,"Positive"
"K00692","K05297",0.676699857752489,"Positive"
"K00692","K07693",0.66199146514936,"Positive"
"K00692","K07778",0.644267425320057,"Positive"
"K00692","K13940",0.655192034139403,"Positive"
"K00694","K02054",0.643499288762447,"Positive"
"K00694","K02438",0.612916073968706,"Positive"
"K00694","K06044",0.804950213371266,"Positive"
"K00694","K10027",0.676955903271693,"Positive"
"K00694","K10680",0.615448079658606,"Positive"
"K00697","K01061",0.83126600284495,"Positive"
"K00697","K01087",0.991550497866287,"Positive"
"K00697","K01194",0.818947368421053,"Positive"
"K00697","K01457",0.844096728307255,"Positive"
"K00697","K01470",0.732546230440967,"Positive"
"K00697","K01576",0.757837837837838,"Positive"
"K00697","K01659",0.705007112375533,"Positive"
"K00697","K01692",0.647994310099573,"Positive"
"K00697","K01720",0.624807965860597,"Positive"
"K00697","K01941",0.848250355618777,"Positive"
"K00697","K02259",0.701194879089616,"Positive"
"K00697","K03205",0.687766714082504,"Positive"
"K00697","K03638",0.90275960170697,"Positive"
"K00697","K03735",0.616557610241821,"Positive"
"K00697","K03736",0.616557610241821,"Positive"
"K00697","K07141",0.723157894736842,"Positive"
"K00697","K07165",0.621337126600285,"Positive"
"K00697","K07215",0.6625320056899,"Positive"
"K00697","K07248",0.608990042674253,"Positive"
"K00697","K07250",0.75601706970128,"Positive"
"K00697","K08261",0.646315789473684,"Positive"
"K00697","K08738",0.639544807965861,"Positive"
"K00697","K08964",0.645405405405405,"Positive"
"K00697","K08967",0.61900426742532,"Positive"
"K00697","K09690",0.615931721194879,"Positive"
"K00697","K09691",0.615931721194879,"Positive"
"K00697","K09880",0.645405405405405,"Positive"
"K00697","K11645",0.698321479374111,"Positive"
"K00697","K13408",0.638975817923186,"Positive"
"K00697","K13409",0.638036984352774,"Positive"
"K00697","K13472",0.651607396870555,"Positive"
"K00697","K13481",0.820967283072546,"Positive"
"K00697","K13482",0.817496443812233,"Positive"
"K00757","K00813",0.841280227596017,"Positive"
"K00757","K00835",0.605348506401138,"Positive"
"K00757","K00998",0.860853485064011,"Positive"
"K00757","K01089",0.894167852062589,"Positive"
"K00757","K01096",0.659715504978663,"Positive"
"K00757","K01479",0.624381223328592,"Positive"
"K00757","K01664",0.91647226173542,"Positive"
"K00757","K01734",0.624495021337127,"Positive"
"K00757","K02062",0.899089615931721,"Positive"
"K00757","K02344",0.860853485064011,"Positive"
"K00757","K02345",0.606258890469417,"Positive"
"K00757","K02446",0.756415362731152,"Positive"
"K00757","K02472",0.604068278805121,"Positive"
"K00757","K02560",0.863954480796586,"Positive"
"K00757","K02779",0.616301564722617,"Positive"
"K00757","K02784",0.860853485064011,"Positive"
"K00757","K02804",0.890554765291607,"Positive"
"K00757","K02852",0.607795163584637,"Positive"
"K00757","K02858",0.788022759601707,"Positive"
"K00757","K03573",0.860853485064011,"Positive"
"K00757","K04067",0.856159317211949,"Positive"
"K00757","K05368",0.607795163584637,"Positive"
"K00757","K05776",0.886458036984353,"Positive"
"K00757","K05851",0.621536273115221,"Positive"
"K00757","K05939",0.722048364153627,"Positive"
"K00757","K06080",0.607795163584637,"Positive"
"K00757","K06211",0.852603129445235,"Positive"
"K00757","K06223",0.740085348506401,"Positive"
"K00757","K07251",0.607795163584637,"Positive"
"K00757","K07640",0.860853485064011,"Positive"
"K00757","K07648",0.784039829302987,"Positive"
"K00757","K07676",0.607795163584637,"Positive"
"K00757","K07751",0.860853485064011,"Positive"
"K00757","K07773",0.784039829302987,"Positive"
"K00757","K08682",0.600540540540541,"Positive"
"K00757","K08722",0.795874822190612,"Positive"
"K00757","K09476",0.867254623044097,"Positive"
"K00757","K09997",0.860853485064011,"Positive"
"K00757","K09998",0.851948790896159,"Positive"
"K00757","K09999",0.851948790896159,"Positive"
"K00757","K10000",0.851948790896159,"Positive"
"K00757","K11258",0.818549075391181,"Positive"
"K00757","K11604",0.697439544807966,"Positive"
"K00757","K11605",0.697439544807966,"Positive"
"K00757","K11606",0.697439544807966,"Positive"
"K00757","K11607",0.697439544807966,"Positive"
"K00757","K11751",0.777866287339972,"Positive"
"K00757","K12152",0.783954480796586,"Positive"
"K00757","K12368",0.736500711237553,"Positive"
"K00757","K12369",0.756586059743954,"Positive"
"K00757","K12370",0.756586059743954,"Positive"
"K00757","K12371",0.756586059743954,"Positive"
"K00757","K12372",0.756586059743954,"Positive"
"K00757","K12524",0.897325746799431,"Positive"
"K00757","K12525",0.607795163584637,"Positive"
"K00757","K12582",0.607795163584637,"Positive"
"K00757","K13301",0.607795163584637,"Positive"
"K00757","K13498",0.858890469416785,"Positive"
"K00757","K14187",0.860853485064011,"Positive"
"K00757","K15125",0.602930298719772,"Positive"
"K00757","K16704",0.607795163584637,"Positive"
"K00757","K19226",0.607880512091038,"Positive"
"K00757","K19227",0.860853485064011,"Positive"
"K00757","K19228",0.860853485064011,"Positive"
"K00757","K19229",0.860853485064011,"Positive"
"K00757","K19230",0.859715504978663,"Positive"
"K00758","K00835",0.726628733997155,"Positive"
"K00758","K00855",0.608307254623044,"Positive"
"K00758","K00860",0.676529160739687,"Positive"
"K00758","K00892",0.690611664295875,"Positive"
"K00758","K01468",0.729302987197724,"Positive"
"K00758","K01479",0.607880512091038,"Positive"
"K00758","K01484",0.670867709815078,"Positive"
"K00758","K01712",0.731209103840683,"Positive"
"K00758","K01745",0.712204836415363,"Positive"
"K00758","K02345",0.735334281650071,"Positive"
"K00758","K02446",0.616130867709815,"Positive"
"K00758","K02472",0.734594594594595,"Positive"
"K00758","K02779",0.725177809388336,"Positive"
"K00758","K02805",0.717695590327169,"Positive"
"K00758","K02849",0.608990042674253,"Positive"
"K00758","K02852",0.732204836415363,"Positive"
"K00758","K03414",0.60221906116643,"Positive"
"K00758","K05368",0.732204836415363,"Positive"
"K00758","K05780",0.684551920341394,"Positive"
"K00758","K05874",0.650782361308677,"Positive"
"K00758","K06073",0.610782361308677,"Positive"
"K00758","K06074",0.610782361308677,"Positive"
"K00758","K06080",0.732204836415363,"Positive"
"K00758","K06162",0.677980085348506,"Positive"
"K00758","K06447",0.671920341394026,"Positive"
"K00758","K07251",0.732204836415363,"Positive"
"K00758","K07264",0.719345661450925,"Positive"
"K00758","K07676",0.732204836415363,"Positive"
"K00758","K07677",0.735618776671408,"Positive"
"K00758","K07687",0.739715504978663,"Positive"
"K00758","K07689",0.739374110953058,"Positive"
"K00758","K07711",0.615305832147937,"Positive"
"K00758","K07715",0.738691322901849,"Positive"
"K00758","K07771",0.699402560455192,"Positive"
"K00758","K07806",0.715334281650071,"Positive"
"K00758","K08682",0.718918918918919,"Positive"
"K00758","K10011",0.712688477951636,"Positive"
"K00758","K10012",0.715334281650071,"Positive"
"K00758","K12368",0.604608819345661,"Positive"
"K00758","K12369",0.628221906116643,"Positive"
"K00758","K12370",0.628221906116643,"Positive"
"K00758","K12371",0.628221906116643,"Positive"
"K00758","K12372",0.628221906116643,"Positive"
"K00758","K12525",0.732204836415363,"Positive"
"K00758","K12582",0.732204836415363,"Positive"
"K00758","K12962",0.715334281650071,"Positive"
"K00758","K12963",0.715334281650071,"Positive"
"K00758","K12973",0.614224751066856,"Positive"
"K00758","K12974",0.792432432432432,"Positive"
"K00758","K12975",0.793741109530583,"Positive"
"K00758","K13014",0.715334281650071,"Positive"
"K00758","K13301",0.732204836415363,"Positive"
"K00758","K16704",0.732204836415363,"Positive"
"K00758","K19222",0.705177809388336,"Positive"
"K00758","K19226",0.733058321479374,"Positive"
"K00758","K19236",0.606856330014225,"Positive"
"K00758","K19270",0.714366998577525,"Positive"
"K00813","K00835",0.730867709815078,"Positive"
"K00813","K00855",0.633911806543386,"Positive"
"K00813","K00892",0.671408250355619,"Positive"
"K00813","K00998",0.985547652916074,"Positive"
"K00813","K01089",0.832802275960171,"Positive"
"K00813","K01096",0.738036984352774,"Positive"
"K00813","K01141",0.630355618776671,"Positive"
"K00813","K01664",0.929246088193457,"Positive"
"K00813","K02062",0.949388335704125,"Positive"
"K00813","K02344",0.985547652916074,"Positive"
"K00813","K02345",0.730298719772404,"Positive"
"K00813","K02425",0.616813655761024,"Positive"
"K00813","K02446",0.859601706970128,"Positive"
"K00813","K02472",0.73172119487909,"Positive"
"K00813","K02560",0.976756756756757,"Positive"
"K00813","K02784",0.985547652916074,"Positive"
"K00813","K02804",0.883584637268848,"Positive"
"K00813","K02805",0.695106685633001,"Positive"
"K00813","K02849",0.633854907539118,"Positive"
"K00813","K02852",0.735618776671408,"Positive"
"K00813","K02858",0.916671408250356,"Positive"
"K00813","K03184",0.651209103840683,"Positive"
"K00813","K03573",0.985547652916074,"Positive"
"K00813","K04067",0.981450924608819,"Positive"
"K00813","K05368",0.735618776671408,"Positive"
"K00813","K05776",0.958634423897582,"Positive"
"K00813","K05851",0.761678520625889,"Positive"
"K00813","K05939",0.853684210526316,"Positive"
"K00813","K06080",0.735618776671408,"Positive"
"K00813","K06211",0.975448079658606,"Positive"
"K00813","K06223",0.871351351351351,"Positive"
"K00813","K07236",0.667937411095306,"Positive"
"K00813","K07237",0.667937411095306,"Positive"
"K00813","K07251",0.735618776671408,"Positive"
"K00813","K07264",0.697667140825036,"Positive"
"K00813","K07640",0.985547652916074,"Positive"
"K00813","K07648",0.902389758179232,"Positive"
"K00813","K07676",0.735618776671408,"Positive"
"K00813","K07677",0.697268847795164,"Positive"
"K00813","K07687",0.720654338549075,"Positive"
"K00813","K07689",0.721678520625889,"Positive"
"K00813","K07711",0.613598862019915,"Positive"
"K00813","K07715",0.714623044096728,"Positive"
"K00813","K07751",0.985547652916074,"Positive"
"K00813","K07771",0.716102418207681,"Positive"
"K00813","K07773",0.902389758179232,"Positive"
"K00813","K07806",0.70054054054054,"Positive"
"K00813","K08682",0.744153627311522,"Positive"
"K00813","K08722",0.903357041251778,"Positive"
"K00813","K09476",0.978435277382646,"Positive"
"K00813","K09997",0.985547652916074,"Positive"
"K00813","K09998",0.977325746799431,"Positive"
"K00813","K09999",0.977325746799431,"Positive"
"K00813","K10000",0.977325746799431,"Positive"
"K00813","K10011",0.70850640113798,"Positive"
"K00813","K10012",0.70054054054054,"Positive"
"K00813","K11258",0.908307254623044,"Positive"
"K00813","K11604",0.668534850640114,"Positive"
"K00813","K11605",0.668534850640114,"Positive"
"K00813","K11606",0.668534850640114,"Positive"
"K00813","K11607",0.668534850640114,"Positive"
"K00813","K11751",0.860881934566145,"Positive"
"K00813","K11891",0.638947368421053,"Positive"
"K00813","K11892",0.652944523470839,"Positive"
"K00813","K11893",0.643669985775249,"Positive"
"K00813","K11900",0.623726884779516,"Positive"
"K00813","K11901",0.648648648648649,"Positive"
"K00813","K11903",0.665291607396871,"Positive"
"K00813","K11907",0.645092460881935,"Positive"
"K00813","K12152",0.901308677098151,"Positive"
"K00813","K12368",0.715533428165007,"Positive"
"K00813","K12369",0.744324324324324,"Positive"
"K00813","K12370",0.744324324324324,"Positive"
"K00813","K12371",0.744324324324324,"Positive"
"K00813","K12372",0.744324324324324,"Positive"
"K00813","K12524",0.83624466571835,"Positive"
"K00813","K12525",0.735618776671408,"Positive"
"K00813","K12582",0.735618776671408,"Positive"
"K00813","K12962",0.70054054054054,"Positive"
"K00813","K12963",0.70054054054054,"Positive"
"K00813","K12973",0.623897581792319,"Positive"
"K00813","K12974",0.695931721194879,"Positive"
"K00813","K12975",0.698918918918919,"Positive"
"K00813","K13014",0.70054054054054,"Positive"
"K00813","K13301",0.735618776671408,"Positive"
"K00813","K13498",0.976699857752489,"Positive"
"K00813","K14187",0.985547652916074,"Positive"
"K00813","K15125",0.608108108108108,"Positive"
"K00813","K16704",0.735618776671408,"Positive"
"K00813","K18800",0.660967283072546,"Positive"
"K00813","K19222",0.662674253200569,"Positive"
"K00813","K19226",0.736699857752489,"Positive"
"K00813","K19227",0.985547652916074,"Positive"
"K00813","K19228",0.985547652916074,"Positive"
"K00813","K19229",0.985547652916074,"Positive"
"K00813","K19230",0.984665718349929,"Positive"
"K00813","K19236",0.632062588904694,"Positive"
"K00813","K19270",0.630213371266003,"Positive"
"K00822","K01179",0.64728307254623,"Positive"
"K00822","K01236",0.737894736842105,"Positive"
"K00822","K01724",0.605547652916074,"Positive"
"K00822","K02054",0.677923186344239,"Positive"
"K00822","K02275",0.6124893314367,"Positive"
"K00822","K02276",0.612147937411095,"Positive"
"K00822","K06044",0.737382645803698,"Positive"
"K00822","K07749",0.744352773826458,"Positive"
"K00822","K07792",-0.614793741109531,"Negative"
"K00822","K07793",0.733456614509246,"Positive"
"K00822","K07794",0.72628733997155,"Positive"
"K00822","K07795",0.736642958748222,"Positive"
"K00822","K09969",0.671578947368421,"Positive"
"K00822","K09970",0.670526315789474,"Positive"
"K00822","K09971",0.670526315789474,"Positive"
"K00822","K09972",0.685376955903272,"Positive"
"K00822","K10027",0.69126600284495,"Positive"
"K00822","K10227",0.772176386913229,"Positive"
"K00822","K10229",0.723556187766714,"Positive"
"K00822","K11472",0.703044096728307,"Positive"
"K00822","K11473",0.703186344238976,"Positive"
"K00822","K15371",0.635049786628734,"Positive"
"K00822","K15576",0.625490753911807,"Positive"
"K00824","K01628",0.718349928876245,"Positive"
"K00824","K01654",0.664153627311522,"Positive"
"K00824","K01677",0.671009957325747,"Positive"
"K00824","K01678",0.671009957325747,"Positive"
"K00824","K01847",0.72728307254623,"Positive"
"K00824","K01848",0.677069701280228,"Positive"
"K00824","K01849",0.677069701280228,"Positive"
"K00824","K01906",0.663897581792319,"Positive"
"K00824","K02006",0.714082503556188,"Positive"
"K00824","K02765",0.712660028449502,"Positive"
"K00824","K03340",0.682133712660028,"Positive"
"K00824","K03405",0.616813655761024,"Positive"
"K00824","K03409",0.651066856330014,"Positive"
"K00824","K03410",0.617695590327169,"Positive"
"K00824","K03429",0.729246088193457,"Positive"
"K00824","K03620",0.694879089615932,"Positive"
"K00824","K05606",0.674167852062589,"Positive"
"K00824","K06208",0.671009957325747,"Positive"
"K00824","K06209",0.68773826458037,"Positive"
"K00824","K06281",0.719061166429588,"Positive"
"K00824","K06282",0.719061166429588,"Positive"
"K00824","K07588",0.687937411095306,"Positive"
"K00824","K07590",0.729075391180654,"Positive"
"K00824","K07720",0.61778093883357,"Positive"
"K00824","K08384",0.671009957325747,"Positive"
"K00824","K10206",0.667368421052632,"Positive"
"K00824","K11358",0.622930298719772,"Positive"
"K00824","K11690",0.608221906116643,"Positive"
"K00824","K11782",0.663072546230441,"Positive"
"K00824","K11784",0.663072546230441,"Positive"
"K00824","K13818",0.692745376955903,"Positive"
"K00824","K15792",0.703897581792319,"Positive"
"K00824","K16651",0.716443812233286,"Positive"
"K00824","K18285",0.662389758179232,"Positive"
"K00835","K00855",0.879630156472262,"Positive"
"K00835","K00860",0.838805120910384,"Positive"
"K00835","K00892",0.944438122332859,"Positive"
"K00835","K00998",0.736073968705548,"Positive"
"K00835","K01479",0.676301564722617,"Positive"
"K00835","K01484",0.808534850640114,"Positive"
"K00835","K01664",0.67448079658606,"Positive"
"K00835","K01782",0.725462304409673,"Positive"
"K00835","K02062",0.693399715504979,"Positive"
"K00835","K02344",0.736073968705548,"Positive"
"K00835","K02345",0.995049786628734,"Positive"
"K00835","K02399",0.631778093883357,"Positive"
"K00835","K02402",0.842901849217639,"Positive"
"K00835","K02403",0.846088193456614,"Positive"
"K00835","K02423",0.70452347083926,"Positive"
"K00835","K02425",0.775049786628734,"Positive"
"K00835","K02446",0.775846372688478,"Positive"
"K00835","K02472",0.987880512091038,"Positive"
"K00835","K02560",0.747396870554765,"Positive"
"K00835","K02779",0.807112375533428,"Positive"
"K00835","K02784",0.736073968705548,"Positive"
"K00835","K02804",0.641621621621622,"Positive"
"K00835","K02805",0.968165007112376,"Positive"
"K00835","K02844",0.620056899004267,"Positive"
"K00835","K02849",0.841251778093883,"Positive"
"K00835","K02852",0.995590327169275,"Positive"
"K00835","K02858",0.661479374110953,"Positive"
"K00835","K03150",0.605576102418208,"Positive"
"K00835","K03184",0.875419630156472,"Positive"
"K00835","K03425",0.673456614509246,"Positive"
"K00835","K03472",0.615761024182077,"Positive"
"K00835","K03573",0.736073968705548,"Positive"
"K00835","K04067",0.731436699857753,"Positive"
"K00835","K05368",0.995590327169275,"Positive"
"K00835","K05601",0.604694167852063,"Positive"
"K00835","K05776",0.71425320056899,"Positive"
"K00835","K05874",0.783100995732575,"Positive"
"K00835","K05939",0.861906116642959,"Positive"
"K00835","K06073",0.602503556187767,"Positive"
"K00835","K06074",0.602503556187767,"Positive"
"K00835","K06080",0.995590327169275,"Positive"
"K00835","K06211",0.717126600284495,"Positive"
"K00835","K06223",0.615419630156472,"Positive"
"K00835","K06447",0.801422475106686,"Positive"
"K00835","K07251",0.995590327169275,"Positive"
"K00835","K07264",0.961820768136558,"Positive"
"K00835","K07345",0.740085348506401,"Positive"
"K00835","K07347",0.664864864864865,"Positive"
"K00835","K07637",0.604381223328592,"Positive"
"K00835","K07640",0.736073968705548,"Positive"
"K00835","K07643",0.639971550497866,"Positive"
"K00835","K07648",0.827396870554765,"Positive"
"K00835","K07676",0.995590327169275,"Positive"
"K00835","K07677",0.963385490753912,"Positive"
"K00835","K07687",0.987112375533428,"Positive"
"K00835","K07689",0.988705547652916,"Positive"
"K00835","K07711",0.870412517780939,"Positive"
"K00835","K07715",0.985092460881935,"Positive"
"K00835","K07751",0.736073968705548,"Positive"
"K00835","K07771",0.953229018492176,"Positive"
"K00835","K07773",0.827396870554765,"Positive"
"K00835","K07806",0.96153627311522,"Positive"
"K00835","K08682",0.982930298719772,"Positive"
"K00835","K08722",0.646714082503556,"Positive"
"K00835","K09475",0.639402560455192,"Positive"
"K00835","K09476",0.74176386913229,"Positive"
"K00835","K09996",0.602446657183499,"Positive"
"K00835","K09997",0.736073968705548,"Positive"
"K00835","K09998",0.728847795163585,"Positive"
"K00835","K09999",0.728847795163585,"Positive"
"K00835","K10000",0.728847795163585,"Positive"
"K00835","K10011",0.960170697012802,"Positive"
"K00835","K10012",0.96153627311522,"Positive"
"K00835","K10014",0.642190611664296,"Positive"
"K00835","K10015",0.629473684210526,"Positive"
"K00835","K10016",0.631436699857753,"Positive"
"K00835","K10017",0.627453769559033,"Positive"
"K00835","K10037",0.631778093883357,"Positive"
"K00835","K10038",0.632091038406828,"Positive"
"K00835","K11258",0.65072546230441,"Positive"
"K00835","K11891",0.683243243243243,"Positive"
"K00835","K11892",0.696984352773826,"Positive"
"K00835","K11893",0.680796586059744,"Positive"
"K00835","K12152",0.827482219061166,"Positive"
"K00835","K12368",0.754110953058321,"Positive"
"K00835","K12369",0.788051209103841,"Positive"
"K00835","K12370",0.788051209103841,"Positive"
"K00835","K12371",0.788051209103841,"Positive"
"K00835","K12372",0.788051209103841,"Positive"
"K00835","K12525",0.995590327169275,"Positive"
"K00835","K12582",0.995590327169275,"Positive"
"K00835","K12962",0.96153627311522,"Positive"
"K00835","K12963",0.96153627311522,"Positive"
"K00835","K12973",0.84796586059744,"Positive"
"K00835","K12974",0.94850640113798,"Positive"
"K00835","K12975",0.948307254623044,"Positive"
"K00835","K13014",0.96153627311522,"Positive"
"K00835","K13301",0.995590327169275,"Positive"
"K00835","K13498",0.726628733997155,"Positive"
"K00835","K14187",0.736073968705548,"Positive"
"K00835","K16704",0.995590327169275,"Positive"
"K00835","K18889",0.741109530583215,"Positive"
"K00835","K18890",0.741109530583215,"Positive"
"K00835","K19222",0.961849217638691,"Positive"
"K00835","K19226",0.995504978662873,"Positive"
"K00835","K19227",0.736073968705548,"Positive"
"K00835","K19228",0.736073968705548,"Positive"
"K00835","K19229",0.736073968705548,"Positive"
"K00835","K19230",0.735504978662873,"Positive"
"K00835","K19236",0.839630156472262,"Positive"
"K00835","K19270",0.90199146514936,"Positive"
"K00836","K01083",0.698321479374111,"Positive"
"K00836","K01477",0.740085348506401,"Positive"
"K00836","K01483",0.773598862019915,"Positive"
"K00836","K01825",0.610640113798009,"Positive"
"K00836","K01826",0.632147937411095,"Positive"
"K00836","K02657",0.765604551920341,"Positive"
"K00836","K02658",0.760938833570412,"Positive"
"K00836","K02659",0.775960170697013,"Positive"
"K00836","K02660",0.775960170697013,"Positive"
"K00836","K03181",0.739687055476529,"Positive"
"K00836","K03473",0.651749644381223,"Positive"
"K00836","K04565",0.826315789473684,"Positive"
"K00836","K06134",0.82551920341394,"Positive"
"K00836","K06596",0.775704125177809,"Positive"
"K00836","K07639",0.679032716927454,"Positive"
"K00836","K07644",0.702332859174964,"Positive"
"K00836","K07661",0.679032716927454,"Positive"
"K00836","K07665",0.712119487908962,"Positive"
"K00836","K07678",0.672859174964438,"Positive"
"K00836","K08484",0.611607396870555,"Positive"
"K00836","K09018",0.703783783783784,"Positive"
"K00836","K09020",0.63547652916074,"Positive"
"K00836","K09021",0.703783783783784,"Positive"
"K00836","K09023",0.703783783783784,"Positive"
"K00836","K09913",0.703926031294452,"Positive"
"K00836","K10026",0.63547652916074,"Positive"
"K00836","K11959",0.793200568990043,"Positive"
"K00836","K11961",0.792290184921764,"Positive"
"K00836","K12339",0.698549075391181,"Positive"
"K00836","K12957",0.624466571834993,"Positive"
"K00836","K13745",0.788022759601707,"Positive"
"K00836","K14475",0.62352773826458,"Positive"
"K00836","K16692",0.895988620199146,"Positive"
"K00836","K16839",0.714054054054054,"Positive"
"K00836","K16840",0.615220483641536,"Positive"
"K00836","K16841",0.699459459459459,"Positive"
"K00836","K16842",0.654708392603129,"Positive"
"K00839","K01011",0.791294452347084,"Positive"
"K00839","K01093",0.891863442389758,"Positive"
"K00839","K01114",0.80022759601707,"Positive"
"K00839","K02225",0.803385490753912,"Positive"
"K00839","K02229",0.854907539118065,"Positive"
"K00839","K02230",0.822418207681366,"Positive"
"K00839","K04719",0.842048364153627,"Positive"
"K00839","K07250",0.63800853485064,"Positive"
"K00839","K08964",0.888933143669986,"Positive"
"K00839","K08967",0.856443812233286,"Positive"
"K00839","K09474",0.861963015647226,"Positive"
"K00839","K09690",0.903129445234708,"Positive"
"K00839","K09691",0.903129445234708,"Positive"
"K00839","K09880",0.888933143669986,"Positive"
"K00839","K13485",0.882162162162162,"Positive"
"K00840","K01184",0.735931721194879,"Positive"
"K00840","K01502",0.650384068278805,"Positive"
"K00840","K01596",0.67402560455192,"Positive"
"K00840","K01826",0.701365576102418,"Positive"
"K00840","K03863",0.784807965860597,"Positive"
"K00840","K04093",0.665348506401138,"Positive"
"K00840","K07346",0.702844950213371,"Positive"
"K00840","K09018",0.732972972972973,"Positive"
"K00840","K09020",0.66298719772404,"Positive"
"K00840","K09021",0.732972972972973,"Positive"
"K00840","K09023",0.732972972972973,"Positive"
"K00840","K10001",0.609644381223329,"Positive"
"K00840","K10013",0.988221906116643,"Positive"
"K00840","K10014",0.640426742532006,"Positive"
"K00840","K10015",0.657325746799431,"Positive"
"K00840","K10016",0.650953058321479,"Positive"
"K00840","K10017",0.658662873399716,"Positive"
"K00840","K10036",0.622190611664296,"Positive"
"K00840","K10037",0.65701280227596,"Positive"
"K00840","K10038",0.658036984352774,"Positive"
"K00840","K10857",0.756159317211949,"Positive"
"K00840","K11931",0.679317211948791,"Positive"
"K00840","K12957",0.828790896159317,"Positive"
"K00840","K13522",0.654708392603129,"Positive"
"K00840","K13745",0.618264580369844,"Positive"
"K00840","K14159",0.622788051209104,"Positive"
"K00840","K16839",0.824893314366999,"Positive"
"K00840","K16840",0.85149359886202,"Positive"
"K00840","K16841",0.822588904694168,"Positive"
"K00840","K16842",0.89302987197724,"Positive"
"K00840","K17228",0.825376955903272,"Positive"
"K00840","K18137",0.622788051209104,"Positive"
"K00840","K18147",0.622788051209104,"Positive"
"K00848","K01250",0.625291607396871,"Positive"
"K00848","K01629",0.681621621621622,"Positive"
"K00848","K01813",0.681621621621622,"Positive"
"K00855","K00860",0.766600284495021,"Positive"
"K00855","K00892",0.822617354196302,"Positive"
"K00855","K00998",0.641166429587482,"Positive"
"K00855","K01077",0.626401137980085,"Positive"
"K00855","K01252",0.615192034139403,"Positive"
"K00855","K01479",0.661820768136558,"Positive"
"K00855","K01484",0.915334281650071,"Positive"
"K00855","K01585",0.622475106685633,"Positive"
"K00855","K01782",0.75701280227596,"Positive"
"K00855","K02344",0.641166429587482,"Positive"
"K00855","K02345",0.881081081081081,"Positive"
"K00855","K02363",0.615675675675676,"Positive"
"K00855","K02402",0.954793741109531,"Positive"
"K00855","K02403",0.954366998577525,"Positive"
"K00855","K02423",0.823726884779516,"Positive"
"K00855","K02425",0.703413940256046,"Positive"
"K00855","K02439",0.699630156472262,"Positive"
"K00855","K02446",0.664893314366999,"Positive"
"K00855","K02472",0.873741109530583,"Positive"
"K00855","K02560",0.652631578947368,"Positive"
"K00855","K02566",0.66796586059744,"Positive"
"K00855","K02779",0.675334281650071,"Positive"
"K00855","K02784",0.641166429587482,"Positive"
"K00855","K02805",0.919573257467994,"Positive"
"K00855","K02849",0.741507823613087,"Positive"
"K00855","K02852",0.88375533428165,"Positive"
"K00855","K02858",0.679971550497866,"Positive"
"K00855","K03087",0.616756756756757,"Positive"
"K00855","K03184",0.896671408250356,"Positive"
"K00855","K03472",0.60950213371266,"Positive"
"K00855","K03573",0.641166429587482,"Positive"
"K00855","K04067",0.635163584637269,"Positive"
"K00855","K05368",0.88375533428165,"Positive"
"K00855","K05526",0.637951635846373,"Positive"
"K00855","K05776",0.613826458036984,"Positive"
"K00855","K05874",0.782162162162162,"Positive"
"K00855","K05939",0.764068278805121,"Positive"
"K00855","K06080",0.88375533428165,"Positive"
"K00855","K06211",0.619658605974395,"Positive"
"K00855","K06223",0.63900426742532,"Positive"
"K00855","K06445",0.660312944523471,"Positive"
"K00855","K06447",0.90827880512091,"Positive"
"K00855","K07251",0.88375533428165,"Positive"
"K00855","K07264",0.834822190611664,"Positive"
"K00855","K07345",0.644352773826458,"Positive"
"K00855","K07347",0.655846372688478,"Positive"
"K00855","K07637",0.605433854907539,"Positive"
"K00855","K07640",0.641166429587482,"Positive"
"K00855","K07648",0.714509246088193,"Positive"
"K00855","K07660",0.601081081081081,"Positive"
"K00855","K07676",0.88375533428165,"Positive"
"K00855","K07677",0.848648648648649,"Positive"
"K00855","K07687",0.873115220483642,"Positive"
"K00855","K07689",0.874879089615932,"Positive"
"K00855","K07711",0.987254623044097,"Positive"
"K00855","K07715",0.86873399715505,"Positive"
"K00855","K07751",0.641166429587482,"Positive"
"K00855","K07771",0.82827880512091,"Positive"
"K00855","K07773",0.714509246088193,"Positive"
"K00855","K07806",0.836443812233286,"Positive"
"K00855","K08485",0.604210526315789,"Positive"
"K00855","K08682",0.870327169274538,"Positive"
"K00855","K08738",-0.612944523470839,"Negative"
"K00855","K09476",0.639630156472262,"Positive"
"K00855","K09997",0.641166429587482,"Positive"
"K00855","K09998",0.631379800853485,"Positive"
"K00855","K09999",0.631379800853485,"Positive"
"K00855","K10000",0.631379800853485,"Positive"
"K00855","K10011",0.834679943100996,"Positive"
"K00855","K10012",0.836443812233286,"Positive"
"K00855","K11258",0.65977240398293,"Positive"
"K00855","K11891",0.654708392603129,"Positive"
"K00855","K11892",0.669843527738265,"Positive"
"K00855","K11893",0.654850640113798,"Positive"
"K00855","K12152",0.714594594594595,"Positive"
"K00855","K12368",0.618549075391181,"Positive"
"K00855","K12369",0.657155049786629,"Positive"
"K00855","K12370",0.657155049786629,"Positive"
"K00855","K12371",0.657155049786629,"Positive"
"K00855","K12372",0.657155049786629,"Positive"
"K00855","K12525",0.88375533428165,"Positive"
"K00855","K12582",0.88375533428165,"Positive"
"K00855","K12962",0.836443812233286,"Positive"
"K00855","K12963",0.836443812233286,"Positive"
"K00855","K12973",0.740199146514936,"Positive"
"K00855","K12974",0.835960170697013,"Positive"
"K00855","K12975",0.836899004267425,"Positive"
"K00855","K13014",0.836443812233286,"Positive"
"K00855","K13301",0.88375533428165,"Positive"
"K00855","K13498",0.628790896159317,"Positive"
"K00855","K13541",-0.615419630156472,"Negative"
"K00855","K14187",0.641166429587482,"Positive"
"K00855","K16704",0.88375533428165,"Positive"
"K00855","K18291",-0.61402560455192,"Negative"
"K00855","K18889",0.872574679943101,"Positive"
"K00855","K18890",0.872574679943101,"Positive"
"K00855","K19222",0.845291607396871,"Positive"
"K00855","K19226",0.883669985775249,"Positive"
"K00855","K19227",0.641166429587482,"Positive"
"K00855","K19228",0.641166429587482,"Positive"
"K00855","K19229",0.641166429587482,"Positive"
"K00855","K19230",0.640625889046942,"Positive"
"K00855","K19236",0.740341394025605,"Positive"
"K00855","K19270",0.781280227596017,"Positive"
"K00860","K00892",0.793399715504979,"Positive"
"K00860","K01077",0.702446657183499,"Positive"
"K00860","K01479",0.605007112375533,"Positive"
"K00860","K01484",0.757752489331437,"Positive"
"K00860","K01782",0.650355618776671,"Positive"
"K00860","K02345",0.842332859174964,"Positive"
"K00860","K02402",0.725661450924609,"Positive"
"K00860","K02403",0.722702702702703,"Positive"
"K00860","K02425",0.637439544807966,"Positive"
"K00860","K02446",0.724267425320057,"Positive"
"K00860","K02472",0.835988620199147,"Positive"
"K00860","K02560",0.604153627311522,"Positive"
"K00860","K02779",0.737155049786629,"Positive"
"K00860","K02805",0.813428165007112,"Positive"
"K00860","K02849",0.688335704125178,"Positive"
"K00860","K02852",0.842475106685633,"Positive"
"K00860","K03184",0.717297297297297,"Positive"
"K00860","K03425",0.669701280227596,"Positive"
"K00860","K03516",0.645860597439545,"Positive"
"K00860","K05368",0.842475106685633,"Positive"
"K00860","K05874",0.758549075391181,"Positive"
"K00860","K05939",0.713826458036984,"Positive"
"K00860","K06073",0.638520625889047,"Positive"
"K00860","K06074",0.638520625889047,"Positive"
"K00860","K06080",0.842475106685633,"Positive"
"K00860","K06447",0.750042674253201,"Positive"
"K00860","K07251",0.842475106685633,"Positive"
"K00860","K07264",0.804295874822191,"Positive"
"K00860","K07345",0.636699857752489,"Positive"
"K00860","K07347",0.669615931721195,"Positive"
"K00860","K07648",0.681564722617354,"Positive"
"K00860","K07676",0.842475106685633,"Positive"
"K00860","K07677",0.810412517780939,"Positive"
"K00860","K07687",0.83778093883357,"Positive"
"K00860","K07689",0.836358463726885,"Positive"
"K00860","K07711",0.75348506401138,"Positive"
"K00860","K07715",0.829644381223329,"Positive"
"K00860","K07771",0.800341394025605,"Positive"
"K00860","K07773",0.681564722617354,"Positive"
"K00860","K07806",0.808136557610242,"Positive"
"K00860","K08682",0.830896159317212,"Positive"
"K00860","K09996",0.65072546230441,"Positive"
"K00860","K10011",0.810526315789474,"Positive"
"K00860","K10012",0.808136557610242,"Positive"
"K00860","K11891",0.7625320056899,"Positive"
"K00860","K11892",0.763954480796586,"Positive"
"K00860","K11893",0.752574679943101,"Positive"
"K00860","K11895",0.614822190611664,"Positive"
"K00860","K12152",0.680853485064011,"Positive"
"K00860","K12369",0.618520625889047,"Positive"
"K00860","K12370",0.618520625889047,"Positive"
"K00860","K12371",0.618520625889047,"Positive"
"K00860","K12372",0.618520625889047,"Positive"
"K00860","K12525",0.842475106685633,"Positive"
"K00860","K12582",0.842475106685633,"Positive"
"K00860","K12962",0.808136557610242,"Positive"
"K00860","K12963",0.808136557610242,"Positive"
"K00860","K12973",0.691180654338549,"Positive"
"K00860","K12974",0.8875106685633,"Positive"
"K00860","K12975",0.890782361308677,"Positive"
"K00860","K13014",0.808136557610242,"Positive"
"K00860","K13301",0.842475106685633,"Positive"
"K00860","K16704",0.842475106685633,"Positive"
"K00860","K18889",0.634708392603129,"Positive"
"K00860","K18890",0.634708392603129,"Positive"
"K00860","K19222",0.797866287339972,"Positive"
"K00860","K19226",0.843186344238976,"Positive"
"K00860","K19236",0.68628733997155,"Positive"
"K00860","K19270",0.849046941678521,"Positive"
"K00863","K08324",0.724153627311522,"Positive"
"K00880","K01639",0.739487908961593,"Positive"
"K00880","K01699",0.63977240398293,"Positive"
"K00880","K01706",0.802844950213371,"Positive"
"K00880","K01708",0.853940256045519,"Positive"
"K00880","K01857",0.72452347083926,"Positive"
"K00880","K02009",0.719402560455192,"Positive"
"K00880","K03780",0.774310099573257,"Positive"
"K00880","K07683",0.640085348506401,"Positive"
"K00880","K11623",0.63778093883357,"Positive"
"K00880","K11624",0.63778093883357,"Positive"
"K00880","K11625",0.680113798008535,"Positive"
"K00880","K11960",0.613001422475107,"Positive"
"K00880","K11962",0.613968705547653,"Positive"
"K00880","K11963",0.613968705547653,"Positive"
"K00880","K13919",0.63977240398293,"Positive"
"K00880","K13920",0.63977240398293,"Positive"
"K00880","K14422",0.734054054054054,"Positive"
"K00880","K16961",0.639487908961593,"Positive"
"K00880","K17722",0.639886201991465,"Positive"
"K00880","K17950",0.634964438122333,"Positive"
"K00880","K19349",0.63778093883357,"Positive"
"K00881","K01085",0.681422475106686,"Positive"
"K00881","K01561",0.650640113798009,"Positive"
"K00881","K01582",0.698691322901849,"Positive"
"K00881","K01630",0.667908961593172,"Positive"
"K00881","K02317",0.630412517780939,"Positive"
"K00881","K02753",0.672119487908962,"Positive"
"K00881","K03336",0.603470839260313,"Positive"
"K00881","K03337",0.628648648648649,"Positive"
"K00881","K03338",0.628648648648649,"Positive"
"K00881","K03649",0.63172119487909,"Positive"
"K00881","K05523",0.834651493598862,"Positive"
"K00881","K06159",0.668847795163585,"Positive"
"K00881","K06606",0.782702702702703,"Positive"
"K00881","K07674",0.737325746799431,"Positive"
"K00881","K07679",0.806344238975818,"Positive"
"K00881","K07688",0.71203413940256,"Positive"
"K00881","K07690",0.734281650071124,"Positive"
"K00881","K07701",0.659431009957326,"Positive"
"K00881","K07703",0.657183499288762,"Positive"
"K00881","K07781",0.757866287339972,"Positive"
"K00881","K07782",0.654765291607397,"Positive"
"K00881","K08322",0.637382645803698,"Positive"
"K00881","K08723",0.630924608819346,"Positive"
"K00881","K10537",0.609103840682788,"Positive"
"K00881","K10538",0.609103840682788,"Positive"
"K00881","K10539",0.609103840682788,"Positive"
"K00881","K11890",0.71701280227596,"Positive"
"K00881","K13574",0.759487908961593,"Positive"
"K00881","K13632",0.60022759601707,"Positive"
"K00881","K14051",0.734594594594595,"Positive"
"K00881","K16703",0.615817923186344,"Positive"
"K00881","K16710",0.615817923186344,"Positive"
"K00881","K17195",0.913143669985775,"Positive"
"K00881","K17213",0.897325746799431,"Positive"
"K00881","K17214",0.90022759601707,"Positive"
"K00881","K17215",0.90022759601707,"Positive"
"K00881","K18009",0.607425320056899,"Positive"
"K00881","K18324",0.759857752489331,"Positive"
"K00881","K18326",0.734224751066856,"Positive"
"K00881","K19354",0.818406827880512,"Positive"
"K00883","K01631",1,"Positive"
"K00883","K01684",0.897809388335704,"Positive"
"K00883","K07232",0.609843527738265,"Positive"
"K00883","K13890",0.702076813655761,"Positive"
"K00884","K00899",0.676386913229018,"Positive"
"K00884","K01425",0.77103840682788,"Positive"
"K00884","K12972",0.646287339971551,"Positive"
"K00885","K02317",0.634310099573257,"Positive"
"K00885","K05523",0.648449502133713,"Positive"
"K00885","K07784",0.737695590327169,"Positive"
"K00885","K08350",0.63701280227596,"Positive"
"K00885","K08723",0.632204836415363,"Positive"
"K00885","K09988",0.604864864864865,"Positive"
"K00885","K10537",0.606173541963016,"Positive"
"K00885","K10538",0.606173541963016,"Positive"
"K00885","K10539",0.606173541963016,"Positive"
"K00885","K10543",0.692603129445235,"Positive"
"K00885","K10544",0.697894736842105,"Positive"
"K00885","K10545",0.697894736842105,"Positive"
"K00885","K10555",0.602674253200569,"Positive"
"K00885","K10556",0.897866287339972,"Positive"
"K00885","K10557",0.602674253200569,"Positive"
"K00885","K10558",0.602674253200569,"Positive"
"K00885","K11531",0.602674253200569,"Positive"
"K00885","K13632",0.633997155049787,"Positive"
"K00892","K00998",0.675305832147937,"Positive"
"K00892","K01468",0.601507823613087,"Positive"
"K00892","K01479",0.663726884779516,"Positive"
"K00892","K01484",0.747169274537696,"Positive"
"K00892","K01664",0.612830725462304,"Positive"
"K00892","K01712",0.600540540540541,"Positive"
"K00892","K01782",0.674651493598862,"Positive"
"K00892","K02062",0.631123755334282,"Positive"
"K00892","K02344",0.675305832147937,"Positive"
"K00892","K02345",0.946201991465149,"Positive"
"K00892","K02399",0.608221906116643,"Positive"
"K00892","K02402",0.774452347083926,"Positive"
"K00892","K02403",0.78697012802276,"Positive"
"K00892","K02423",0.634537695590327,"Positive"
"K00892","K02425",0.717069701280228,"Positive"
"K00892","K02446",0.700170697012802,"Positive"
"K00892","K02472",0.942844950213371,"Positive"
"K00892","K02560",0.683840682788051,"Positive"
"K00892","K02779",0.756927453769559,"Positive"
"K00892","K02784",0.675305832147937,"Positive"
"K00892","K02805",0.919203413940256,"Positive"
"K00892","K02849",0.781706970128023,"Positive"
"K00892","K02852",0.948079658605974,"Positive"
"K00892","K03184",0.829103840682788,"Positive"
"K00892","K03425",0.606458036984353,"Positive"
"K00892","K03573",0.675305832147937,"Positive"
"K00892","K04067",0.670184921763869,"Positive"
"K00892","K05368",0.948079658605974,"Positive"
"K00892","K05601",0.626344238975818,"Positive"
"K00892","K05776",0.65448079658606,"Positive"
"K00892","K05874",0.707567567567568,"Positive"
"K00892","K05939",0.809359886201992,"Positive"
"K00892","K06073",0.622275960170697,"Positive"
"K00892","K06074",0.622275960170697,"Positive"
"K00892","K06080",0.948079658605974,"Positive"
"K00892","K06211",0.653598862019915,"Positive"
"K00892","K06447",0.737610241820768,"Positive"
"K00892","K06858",0.611152204836415,"Positive"
"K00892","K07251",0.948079658605974,"Positive"
"K00892","K07264",0.97678520625889,"Positive"
"K00892","K07345",0.70122332859175,"Positive"
"K00892","K07347",0.616386913229019,"Positive"
"K00892","K07640",0.675305832147937,"Positive"
"K00892","K07643",0.68697012802276,"Positive"
"K00892","K07648",0.754822190611664,"Positive"
"K00892","K07676",0.948079658605974,"Positive"
"K00892","K07677",0.919118065433855,"Positive"
"K00892","K07687",0.942275960170697,"Positive"
"K00892","K07689",0.941052631578947,"Positive"
"K00892","K07711",0.811351351351351,"Positive"
"K00892","K07715",0.935618776671408,"Positive"
"K00892","K07751",0.675305832147937,"Positive"
"K00892","K07771",0.970554765291607,"Positive"
"K00892","K07773",0.754822190611664,"Positive"
"K00892","K07806",0.977695590327169,"Positive"
"K00892","K08682",0.939687055476529,"Positive"
"K00892","K09475",0.685547652916074,"Positive"
"K00892","K09476",0.682361308677098,"Positive"
"K00892","K09997",0.675305832147937,"Positive"
"K00892","K09998",0.668762446657184,"Positive"
"K00892","K09999",0.668762446657184,"Positive"
"K00892","K10000",0.668762446657184,"Positive"
"K00892","K10011",0.976500711237553,"Positive"
"K00892","K10012",0.977695590327169,"Positive"
"K00892","K11891",0.646230440967283,"Positive"
"K00892","K11892",0.655135135135135,"Positive"
"K00892","K11893",0.6350213371266,"Positive"
"K00892","K12152",0.754907539118065,"Positive"
"K00892","K12368",0.7075106685633,"Positive"
"K00892","K12369",0.733627311522048,"Positive"
"K00892","K12370",0.733627311522048,"Positive"
"K00892","K12371",0.733627311522048,"Positive"
"K00892","K12372",0.733627311522048,"Positive"
"K00892","K12525",0.948079658605974,"Positive"
"K00892","K12582",0.948079658605974,"Positive"
"K00892","K12962",0.977695590327169,"Positive"
"K00892","K12963",0.977695590327169,"Positive"
"K00892","K12973",0.7849786628734,"Positive"
"K00892","K12974",0.882275960170697,"Positive"
"K00892","K12975",0.894736842105263,"Positive"
"K00892","K13014",0.977695590327169,"Positive"
"K00892","K13301",0.948079658605974,"Positive"
"K00892","K13498",0.66773826458037,"Positive"
"K00892","K14187",0.675305832147937,"Positive"
"K00892","K16704",0.948079658605974,"Positive"
"K00892","K18889",0.67900426742532,"Positive"
"K00892","K18890",0.67900426742532,"Positive"
"K00892","K19222",0.891749644381223,"Positive"
"K00892","K19226",0.947994310099573,"Positive"
"K00892","K19227",0.675305832147937,"Positive"
"K00892","K19228",0.675305832147937,"Positive"
"K00892","K19229",0.675305832147937,"Positive"
"K00892","K19230",0.674793741109531,"Positive"
"K00892","K19236",0.778036984352774,"Positive"
"K00892","K19270",0.852546230440967,"Positive"
"K00899","K01425",0.708477951635846,"Positive"
"K00899","K01623",0.656415362731152,"Positive"
"K00899","K02196",0.624921763869132,"Positive"
"K00899","K07693",0.725263157894737,"Positive"
"K00899","K07778",0.792972972972973,"Positive"
"K00917","K01176",0.880796586059744,"Positive"
"K00917","K01446",0.840568990042674,"Positive"
"K00917","K01467",0.626827880512091,"Positive"
"K00917","K01598",0.89923186344239,"Positive"
"K00917","K01922",0.89923186344239,"Positive"
"K00917","K02190",0.624068278805121,"Positive"
"K00917","K02746",0.858207681365576,"Positive"
"K00917","K02858",-0.60176386913229,"Negative"
"K00917","K04516",0.920028449502134,"Positive"
"K00917","K05362",0.899174964438122,"Positive"
"K00917","K05363",0.900028449502134,"Positive"
"K00917","K05364",0.603157894736842,"Positive"
"K00917","K07717",0.800142247510669,"Positive"
"K00917","K07719",0.800142247510669,"Positive"
"K00917","K11041",0.865462304409673,"Positive"
"K00917","K11617",0.934281650071124,"Positive"
"K00917","K12296",0.855732574679943,"Positive"
"K00917","K12556",0.89923186344239,"Positive"
"K00917","K13677",0.713399715504979,"Positive"
"K00998","K01089",0.853684210526316,"Positive"
"K00998","K01096",0.75701280227596,"Positive"
"K00998","K01141",0.635220483641536,"Positive"
"K00998","K01664",0.944409672830725,"Positive"
"K00998","K02062",0.963840682788051,"Positive"
"K00998","K02344",1,"Positive"
"K00998","K02345",0.734850640113798,"Positive"
"K00998","K02402",0.60176386913229,"Positive"
"K00998","K02403",0.604381223328592,"Positive"
"K00998","K02425",0.624466571834993,"Positive"
"K00998","K02446",0.869416785206259,"Positive"
"K00998","K02472",0.736415362731152,"Positive"
"K00998","K02560",0.991009957325747,"Positive"
"K00998","K02784",1,"Positive"
"K00998","K02804",0.901593172119488,"Positive"
"K00998","K02805",0.700312944523471,"Positive"
"K00998","K02849",0.645860597439545,"Positive"
"K00998","K02852",0.74076813655761,"Positive"
"K00998","K02858",0.931379800853485,"Positive"
"K00998","K03184",0.657724039829303,"Positive"
"K00998","K03573",1,"Positive"
"K00998","K04067",0.995903271692745,"Positive"
"K00998","K05368",0.74076813655761,"Positive"
"K00998","K05776",0.97425320056899,"Positive"
"K00998","K05851",0.757894736842105,"Positive"
"K00998","K05939",0.864210526315789,"Positive"
"K00998","K06080",0.74076813655761,"Positive"
"K00998","K06211",0.991209103840683,"Positive"
"K00998","K06223",0.863669985775249,"Positive"
"K00998","K07236",0.668648648648649,"Positive"
"K00998","K07237",0.668648648648649,"Positive"
"K00998","K07251",0.74076813655761,"Positive"
"K00998","K07264",0.703357041251778,"Positive"
"K00998","K07640",1,"Positive"
"K00998","K07648",0.913456614509246,"Positive"
"K00998","K07676",0.74076813655761,"Positive"
"K00998","K07677",0.704125177809388,"Positive"
"K00998","K07687",0.726714082503556,"Positive"
"K00998","K07689",0.726856330014225,"Positive"
"K00998","K07711",0.62099573257468,"Positive"
"K00998","K07715",0.719886201991465,"Positive"
"K00998","K07751",1,"Positive"
"K00998","K07771",0.720825035561878,"Positive"
"K00998","K07773",0.913456614509246,"Positive"
"K00998","K07806",0.706145092460882,"Positive"
"K00998","K08682",0.748392603129445,"Positive"
"K00998","K08722",0.919061166429587,"Positive"
"K00998","K09476",0.993968705547653,"Positive"
"K00998","K09997",1,"Positive"
"K00998","K09998",0.9924893314367,"Positive"
"K00998","K09999",0.9924893314367,"Positive"
"K00998","K10000",0.9924893314367,"Positive"
"K00998","K10004",0.620483641536273,"Positive"
"K00998","K10011",0.713371266002845,"Positive"
"K00998","K10012",0.706145092460882,"Positive"
"K00998","K11258",0.923641536273115,"Positive"
"K00998","K11604",0.68950213371266,"Positive"
"K00998","K11605",0.68950213371266,"Positive"
"K00998","K11606",0.68950213371266,"Positive"
"K00998","K11607",0.68950213371266,"Positive"
"K00998","K11751",0.880825035561878,"Positive"
"K00998","K11891",0.651607396870555,"Positive"
"K00998","K11892",0.664722617354196,"Positive"
"K00998","K11893",0.655988620199146,"Positive"
"K00998","K11900",0.626685633001422,"Positive"
"K00998","K11901",0.650583214793741,"Positive"
"K00998","K11903",0.667823613086771,"Positive"
"K00998","K11907",0.646230440967283,"Positive"
"K00998","K12152",0.913371266002845,"Positive"
"K00998","K12368",0.727880512091038,"Positive"
"K00998","K12369",0.753541963015647,"Positive"
"K00998","K12370",0.753541963015647,"Positive"
"K00998","K12371",0.753541963015647,"Positive"
"K00998","K12372",0.753541963015647,"Positive"
"K00998","K12524",0.85647226173542,"Positive"
"K00998","K12525",0.74076813655761,"Positive"
"K00998","K12582",0.74076813655761,"Positive"
"K00998","K12962",0.706145092460882,"Positive"
"K00998","K12963",0.706145092460882,"Positive"
"K00998","K12973",0.635533428165007,"Positive"
"K00998","K12974",0.698947368421053,"Positive"
"K00998","K12975",0.701337126600284,"Positive"
"K00998","K13014",0.706145092460882,"Positive"
"K00998","K13301",0.74076813655761,"Positive"
"K00998","K13498",0.99203413940256,"Positive"
"K00998","K14187",1,"Positive"
"K00998","K15125",0.616443812233286,"Positive"
"K00998","K16704",0.74076813655761,"Positive"
"K00998","K18800",0.662901849217639,"Positive"
"K00998","K19222",0.667112375533428,"Positive"
"K00998","K19226",0.740853485064011,"Positive"
"K00998","K19227",1,"Positive"
"K00998","K19228",1,"Positive"
"K00998","K19229",1,"Positive"
"K00998","K19230",0.999146514935989,"Positive"
"K00998","K19236",0.644637268847795,"Positive"
"K00998","K19270",0.636984352773826,"Positive"
"K01003","K01039",0.690697012802276,"Positive"
"K01003","K01040",0.68927453769559,"Positive"
"K01003","K01055",0.640654338549075,"Positive"
"K01003","K01075",0.98972972972973,"Positive"
"K01003","K01113",0.672375533428165,"Positive"
"K01003","K01236",0.610867709815078,"Positive"
"K01003","K01455",0.822446657183499,"Positive"
"K01003","K01707",0.893229018492176,"Positive"
"K01003","K01724",0.698036984352774,"Positive"
"K01003","K01800",0.816813655761024,"Positive"
"K01003","K01959",0.705689900426743,"Positive"
"K01003","K01971",0.744893314366999,"Positive"
"K01003","K02228",0.917126600284495,"Positive"
"K01003","K02258",0.711038406827881,"Positive"
"K01003","K02275",0.69072546230441,"Positive"
"K01003","K02276",0.693058321479374,"Positive"
"K01003","K02362",0.856557610241821,"Positive"
"K01003","K05343",0.678150782361309,"Positive"
"K01003","K05549",0.628193456614509,"Positive"
"K01003","K05550",0.628193456614509,"Positive"
"K01003","K05783",0.628193456614509,"Positive"
"K01003","K05784",0.628193456614509,"Positive"
"K01003","K06597",0.84199146514936,"Positive"
"K01003","K06598",0.847169274537696,"Positive"
"K01003","K06718",0.991379800853485,"Positive"
"K01003","K06720",0.991379800853485,"Positive"
"K01003","K07793",0.629701280227596,"Positive"
"K01003","K07823",0.691095305832148,"Positive"
"K01003","K10125",0.606884779516358,"Positive"
"K01003","K10126",0.606230440967283,"Positive"
"K01003","K10227",0.654366998577525,"Positive"
"K01003","K10229",0.771522048364154,"Positive"
"K01003","K10747",0.605462304409673,"Positive"
"K01003","K10941",0.847169274537696,"Positive"
"K01003","K10942",0.703726884779516,"Positive"
"K01003","K10943",0.627766714082504,"Positive"
"K01003","K10979",0.756586059743954,"Positive"
"K01003","K11384",0.708534850640114,"Positive"
"K01003","K11472",0.851009957325747,"Positive"
"K01003","K11473",0.851920341394026,"Positive"
"K01003","K11614",0.709388335704125,"Positive"
"K01003","K11615",0.709388335704125,"Positive"
"K01003","K11688",0.943926031294452,"Positive"
"K01003","K12254",0.708534850640114,"Positive"
"K01003","K12976",0.926401137980085,"Positive"
"K01003","K13541",0.611351351351351,"Positive"
"K01003","K13938",0.794167852062589,"Positive"
"K01003","K14268",0.634935988620199,"Positive"
"K01003","K14335",0.844893314366999,"Positive"
"K01003","K15011",0.741593172119488,"Positive"
"K01003","K15012",0.742617354196302,"Positive"
"K01003","K15371",0.819829302987198,"Positive"
"K01003","K15373",0.937951635846373,"Positive"
"K01003","K15408",0.627880512091038,"Positive"
"K01003","K15576",0.655533428165007,"Positive"
"K01003","K16171",0.693285917496444,"Positive"
"K01003","K17226",0.70850640113798,"Positive"
"K01003","K17315",0.671322901849218,"Positive"
"K01003","K17316",0.674651493598862,"Positive"
"K01003","K17317",0.674651493598862,"Positive"
"K01003","K18135",0.775675675675676,"Positive"
"K01003","K18291",0.628876244665718,"Positive"
"K01003","K18292",1,"Positive"
"K01003","K18981",0.687112375533428,"Positive"
"K01003","K19609",0.685917496443812,"Positive"
"K01003","K19610",0.685917496443812,"Positive"
"K01003","K19696",0.84199146514936,"Positive"
"K01006","K01061",0.601593172119488,"Positive"
"K01006","K01470",0.673001422475107,"Positive"
"K01006","K01692",0.609075391180654,"Positive"
"K01006","K02259",0.620028449502134,"Positive"
"K01006","K03638",0.600483641536273,"Positive"
"K01006","K03735",0.967055476529161,"Positive"
"K01006","K03736",0.967055476529161,"Positive"
"K01006","K07141",0.605689900426743,"Positive"
"K01006","K07248",0.97226173541963,"Positive"
"K01006","K08738",0.66022759601707,"Positive"
"K01006","K12973",-0.61800853485064,"Negative"
"K01006","K13481",0.704438122332859,"Positive"
"K01006","K13482",0.70651493598862,"Positive"
"K01006","K13497",-0.600113798008535,"Negative"
"K01006","K19743",0.69701280227596,"Positive"
"K01008","K01610",0.66,"Positive"
"K01008","K02398",0.632460881934566,"Positive"
"K01008","K12960",0.608933143669986,"Positive"
"K01008","K13747",0.611664295874822,"Positive"
"K01011","K01061",0.608221906116643,"Positive"
"K01011","K01093",0.847681365576102,"Positive"
"K01011","K01114",0.703357041251778,"Positive"
"K01011","K01676",0.718093883357041,"Positive"
"K01011","K02225",0.79823613086771,"Positive"
"K01011","K02229",0.842076813655761,"Positive"
"K01011","K02230",0.825803698435277,"Positive"
"K01011","K04719",0.839260312944524,"Positive"
"K01011","K07708",0.727596017069701,"Positive"
"K01011","K08964",0.821593172119488,"Positive"
"K01011","K08967",0.820568990042674,"Positive"
"K01011","K09474",0.861650071123755,"Positive"
"K01011","K09690",0.799630156472262,"Positive"
"K01011","K09691",0.799630156472262,"Positive"
"K01011","K09880",0.821593172119488,"Positive"
"K01011","K10806",0.637724039829303,"Positive"
"K01011","K13485",0.847197724039829,"Positive"
"K01028","K01029",1,"Positive"
"K01028","K08082",0.624836415362731,"Positive"
"K01028","K08083",0.626486486486487,"Positive"
"K01028","K09788",0.787652916073969,"Positive"
"K01028","K13766",0.6524893314367,"Positive"
"K01029","K08082",0.624836415362731,"Positive"
"K01029","K08083",0.626486486486487,"Positive"
"K01029","K09788",0.787652916073969,"Positive"
"K01029","K13766",0.6524893314367,"Positive"
"K01031","K01032",0.733826458036984,"Positive"
"K01031","K01130",0.695448079658606,"Positive"
"K01031","K01667",0.70850640113798,"Positive"
"K01031","K01801",0.676443812233286,"Positive"
"K01031","K02613",0.622275960170697,"Positive"
"K01031","K05881",0.730071123755334,"Positive"
"K01031","K06048",0.652176386913229,"Positive"
"K01031","K06897",0.654935988620199,"Positive"
"K01031","K09699",0.605206258890469,"Positive"
"K01031","K10824",0.661337126600285,"Positive"
"K01031","K11081",0.634736842105263,"Positive"
"K01031","K11082",0.634736842105263,"Positive"
"K01031","K11083",0.634736842105263,"Positive"
"K01031","K11084",0.634736842105263,"Positive"
"K01031","K12112",0.662617354196302,"Positive"
"K01031","K12527",0.693627311522048,"Positive"
"K01031","K15584",0.661337126600285,"Positive"
"K01031","K15585",0.661337126600285,"Positive"
"K01031","K15586",0.662731152204836,"Positive"
"K01031","K15587",0.661337126600285,"Positive"
"K01031","K16165",0.70199146514936,"Positive"
"K01032","K07641",0.650412517780939,"Positive"
"K01032","K07663",0.609103840682788,"Positive"
"K01034","K01035",1,"Positive"
"K01034","K01556",0.770867709815078,"Positive"
"K01034","K01715",0.667652916073969,"Positive"
"K01034","K01908",0.640910384068279,"Positive"
"K01034","K01947",0.8275106685633,"Positive"
"K01034","K02106",0.715277382645804,"Positive"
"K01034","K04782",0.756415362731152,"Positive"
"K01034","K06013",0.87226173541963,"Positive"
"K01034","K07226",0.657496443812233,"Positive"
"K01034","K07308",0.642617354196302,"Positive"
"K01034","K07710",0.999288762446657,"Positive"
"K01034","K07714",0.999288762446657,"Positive"
"K01034","K09758",0.600483641536273,"Positive"
"K01034","K11003",0.87624466571835,"Positive"
"K01034","K11004",0.87624466571835,"Positive"
"K01034","K12256",0.650697012802276,"Positive"
"K01034","K12688",0.96421052631579,"Positive"
"K01034","K14026",0.96421052631579,"Positive"
"K01034","K18133",0.8275106685633,"Positive"
"K01034","K18148",0.879061166429588,"Positive"
"K01034","K18369",0.765490753911807,"Positive"
"K01035","K01556",0.770867709815078,"Positive"
"K01035","K01715",0.667652916073969,"Positive"
"K01035","K01908",0.640910384068279,"Positive"
"K01035","K01947",0.8275106685633,"Positive"
"K01035","K02106",0.715277382645804,"Positive"
"K01035","K04782",0.756415362731152,"Positive"
"K01035","K06013",0.87226173541963,"Positive"
"K01035","K07226",0.657496443812233,"Positive"
"K01035","K07308",0.642617354196302,"Positive"
"K01035","K07710",0.999288762446657,"Positive"
"K01035","K07714",0.999288762446657,"Positive"
"K01035","K09758",0.600483641536273,"Positive"
"K01035","K11003",0.87624466571835,"Positive"
"K01035","K11004",0.87624466571835,"Positive"
"K01035","K12256",0.650697012802276,"Positive"
"K01035","K12688",0.96421052631579,"Positive"
"K01035","K14026",0.96421052631579,"Positive"
"K01035","K18133",0.8275106685633,"Positive"
"K01035","K18148",0.879061166429588,"Positive"
"K01035","K18369",0.765490753911807,"Positive"
"K01039","K01040",0.999800853485064,"Positive"
"K01039","K01058",-0.605917496443812,"Negative"
"K01039","K01075",0.697667140825036,"Positive"
"K01039","K01455",0.827197724039829,"Positive"
"K01039","K01551",0.753997155049787,"Positive"
"K01039","K01573",0.838065433854908,"Positive"
"K01039","K01608",0.772972972972973,"Positive"
"K01039","K01664",-0.611351351351351,"Negative"
"K01039","K01707",0.600142247510669,"Positive"
"K01039","K01713",-0.614452347083926,"Negative"
"K01039","K01796",0.726799431009957,"Positive"
"K01039","K01800",0.626088193456614,"Positive"
"K01039","K01856",0.859288762446657,"Positive"
"K01039","K01959",0.988165007112376,"Positive"
"K01039","K01960",0.806173541963016,"Positive"
"K01039","K01971",0.67072546230441,"Positive"
"K01039","K02228",0.615704125177809,"Positive"
"K01039","K02305",0.824779516358464,"Positive"
"K01039","K02423",-0.642674253200569,"Negative"
"K01039","K02425",-0.639487908961593,"Negative"
"K01039","K02848",0.836699857752489,"Positive"
"K01039","K02849",-0.639317211948791,"Negative"
"K01039","K02858",-0.626998577524893,"Negative"
"K01039","K03381",0.859914651493599,"Positive"
"K01039","K03464",0.749786628733997,"Positive"
"K01039","K03972",0.717183499288762,"Positive"
"K01039","K04093",-0.623584637268848,"Negative"
"K01039","K04335",0.675391180654339,"Positive"
"K01039","K04561",0.716159317211949,"Positive"
"K01039","K05343",0.742873399715505,"Positive"
"K01039","K05549",0.896557610241821,"Positive"
"K01039","K05550",0.896557610241821,"Positive"
"K01039","K05783",0.896557610241821,"Positive"
"K01039","K05784",0.896557610241821,"Positive"
"K01039","K06597",0.721280227596017,"Positive"
"K01039","K06598",0.742304409672831,"Positive"
"K01039","K06718",0.683214793741109,"Positive"
"K01039","K06720",0.683214793741109,"Positive"
"K01039","K06985",0.735334281650071,"Positive"
"K01039","K07589",0.719516358463727,"Positive"
"K01039","K07642",-0.638207681365576,"Negative"
"K01039","K07664",-0.62321479374111,"Negative"
"K01039","K07810",0.784011379800853,"Positive"
"K01039","K07823",0.999658605974395,"Positive"
"K01039","K10125",0.909445234708393,"Positive"
"K01039","K10126",0.909331436699858,"Positive"
"K01039","K10941",0.742304409672831,"Positive"
"K01039","K10942",0.980170697012802,"Positive"
"K01039","K10943",0.923869132290185,"Positive"
"K01039","K10979",0.680512091038407,"Positive"
"K01039","K11258",-0.611635846372689,"Negative"
"K01039","K11384",0.984580369843528,"Positive"
"K01039","K11472",0.608108108108108,"Positive"
"K01039","K11473",0.613371266002845,"Positive"
"K01039","K11604",-0.641735419630156,"Negative"
"K01039","K11605",-0.641735419630156,"Negative"
"K01039","K11606",-0.641735419630156,"Negative"
"K01039","K11607",-0.641735419630156,"Negative"
"K01039","K11688",0.725689900426743,"Positive"
"K01039","K11689",0.845775248933144,"Positive"
"K01039","K11751",-0.698975817923186,"Negative"
"K01039","K12254",0.984580369843528,"Positive"
"K01039","K12524",-0.603783783783784,"Negative"
"K01039","K12973",-0.606173541963016,"Negative"
"K01039","K12976",0.60873399715505,"Positive"
"K01039","K13541",0.888136557610242,"Positive"
"K01039","K13590",0.805945945945946,"Positive"
"K01039","K14268",0.919573257467994,"Positive"
"K01039","K14596",0.603186344238976,"Positive"
"K01039","K15373",0.621137980085348,"Positive"
"K01039","K15408",0.906429587482219,"Positive"
"K01039","K15864",0.687539118065434,"Positive"
"K01039","K16370",0.715817923186344,"Positive"
"K01039","K17226",0.984267425320057,"Positive"
"K01039","K17315",0.961735419630157,"Positive"
"K01039","K17316",0.962190611664296,"Positive"
"K01039","K17317",0.962190611664296,"Positive"
"K01039","K17838",0.709928876244666,"Positive"
"K01039","K18135",0.729644381223329,"Positive"
"K01039","K18291",0.913883357041252,"Positive"
"K01039","K18292",0.690697012802276,"Positive"
"K01039","K18889",-0.66551920341394,"Negative"
"K01039","K18890",-0.66551920341394,"Negative"
"K01039","K18930",0.776102418207681,"Positive"
"K01039","K18981",0.962674253200569,"Positive"
"K01039","K19236",-0.642162162162162,"Negative"
"K01039","K19340",0.665945945945946,"Positive"
"K01039","K19341",0.767937411095306,"Positive"
"K01039","K19609",0.953229018492176,"Positive"
"K01039","K19610",0.953229018492176,"Positive"
"K01039","K19696",0.721280227596017,"Positive"
"K01039","K19713",0.817610241820768,"Positive"
"K01040","K01058",-0.605803698435277,"Negative"
"K01040","K01075",0.697667140825036,"Positive"
"K01040","K01455",0.827425320056899,"Positive"
"K01040","K01551",0.753911806543386,"Positive"
"K01040","K01573",0.837837837837838,"Positive"
"K01040","K01608",0.77348506401138,"Positive"
"K01040","K01664",-0.611550497866287,"Negative"
"K01040","K01707",0.600910384068279,"Positive"
"K01040","K01713",-0.613541963015647,"Negative"
"K01040","K01796",0.726201991465149,"Positive"
"K01040","K01800",0.626799431009957,"Positive"
"K01040","K01856",0.859601706970128,"Positive"
"K01040","K01959",0.987852062588905,"Positive"
"K01040","K01960",0.806315789473684,"Positive"
"K01040","K01971",0.671351351351351,"Positive"
"K01040","K02228",0.614310099573257,"Positive"
"K01040","K02305",0.819829302987198,"Positive"
"K01040","K02423",-0.64176386913229,"Negative"
"K01040","K02425",-0.643840682788051,"Negative"
"K01040","K02848",0.835391180654339,"Positive"
"K01040","K02849",-0.638918918918919,"Negative"
"K01040","K02858",-0.627539118065434,"Negative"
"K01040","K03381",0.860199146514936,"Positive"
"K01040","K03464",0.750156472261735,"Positive"
"K01040","K03972",0.717581792318634,"Positive"
"K01040","K04093",-0.624665718349929,"Negative"
"K01040","K04335",0.669075391180654,"Positive"
"K01040","K04561",0.714793741109531,"Positive"
"K01040","K05343",0.743100995732575,"Positive"
"K01040","K05549",0.895960170697013,"Positive"
"K01040","K05550",0.895960170697013,"Positive"
"K01040","K05783",0.895960170697013,"Positive"
"K01040","K05784",0.895960170697013,"Positive"
"K01040","K06597",0.718549075391181,"Positive"
"K01040","K06598",0.741308677098151,"Positive"
"K01040","K06718",0.681735419630156,"Positive"
"K01040","K06720",0.681735419630156,"Positive"
"K01040","K06985",0.735448079658606,"Positive"
"K01040","K07589",0.718435277382646,"Positive"
"K01040","K07642",-0.636955903271693,"Negative"
"K01040","K07664",-0.621849217638691,"Negative"
"K01040","K07810",0.783954480796586,"Positive"
"K01040","K07823",0.999345661450925,"Positive"
"K01040","K10125",0.909530583214794,"Positive"
"K01040","K10126",0.909587482219061,"Positive"
"K01040","K10941",0.741308677098151,"Positive"
"K01040","K10942",0.97900426742532,"Positive"
"K01040","K10943",0.923556187766714,"Positive"
"K01040","K10979",0.681280227596017,"Positive"
"K01040","K11258",-0.611692745376956,"Negative"
"K01040","K11384",0.983328591749644,"Positive"
"K01040","K11472",0.608648648648649,"Positive"
"K01040","K11473",0.613854907539118,"Positive"
"K01040","K11604",-0.638634423897582,"Negative"
"K01040","K11605",-0.638634423897582,"Negative"
"K01040","K11606",-0.638634423897582,"Negative"
"K01040","K11607",-0.638634423897582,"Negative"
"K01040","K11688",0.725917496443812,"Positive"
"K01040","K11689",0.846827880512091,"Positive"
"K01040","K11751",-0.698691322901849,"Negative"
"K01040","K12254",0.983328591749644,"Positive"
"K01040","K12524",-0.604381223328592,"Negative"
"K01040","K12973",-0.604921763869132,"Negative"
"K01040","K12976",0.607197724039829,"Positive"
"K01040","K13541",0.886856330014225,"Positive"
"K01040","K13590",0.806372688477952,"Positive"
"K01040","K14268",0.918321479374111,"Positive"
"K01040","K14596",0.602844950213371,"Positive"
"K01040","K15373",0.620625889046942,"Positive"
"K01040","K15408",0.904495021337127,"Positive"
"K01040","K15864",0.68099573257468,"Positive"
"K01040","K16370",0.716614509246088,"Positive"
"K01040","K17226",0.982930298719772,"Positive"
"K01040","K17315",0.962162162162162,"Positive"
"K01040","K17316",0.961963015647226,"Positive"
"K01040","K17317",0.961963015647226,"Positive"
"K01040","K17838",0.708136557610242,"Positive"
"K01040","K18135",0.723271692745377,"Positive"
"K01040","K18291",0.912688477951636,"Positive"
"K01040","K18292",0.68927453769559,"Positive"
"K01040","K18889",-0.664210526315789,"Negative"
"K01040","K18890",-0.664210526315789,"Negative"
"K01040","K18930",0.777155049786629,"Positive"
"K01040","K18981",0.962702702702703,"Positive"
"K01040","K19236",-0.641792318634424,"Negative"
"K01040","K19340",0.660967283072546,"Positive"
"K01040","K19341",0.762930298719772,"Positive"
"K01040","K19609",0.951806543385491,"Positive"
"K01040","K19610",0.951806543385491,"Positive"
"K01040","K19696",0.718549075391181,"Positive"
"K01040","K19713",0.818890469416785,"Positive"
"K01042","K07119",0.687140825035562,"Positive"
"K01046","K01055",0.629046941678521,"Positive"
"K01046","K01113",0.613200568990043,"Positive"
"K01046","K02203",0.757183499288762,"Positive"
"K01046","K02452",0.664779516358464,"Positive"
"K01046","K02461",0.600256045519203,"Positive"
"K01046","K06596",0.60275960170697,"Positive"
"K01046","K08082",0.836358463726885,"Positive"
"K01046","K08083",0.837809388335704,"Positive"
"K01046","K09788",0.644238975817923,"Positive"
"K01051","K06048",0.677183499288762,"Positive"
"K01051","K06989",0.635163584637269,"Positive"
"K01051","K07306",0.663129445234708,"Positive"
"K01051","K07307",0.660739687055476,"Positive"
"K01051","K08321",0.803129445234708,"Positive"
"K01051","K08348",0.609075391180654,"Positive"
"K01051","K08350",0.722503556187767,"Positive"
"K01051","K10555",0.728648648648649,"Positive"
"K01051","K10557",0.728648648648649,"Positive"
"K01051","K10558",0.728648648648649,"Positive"
"K01051","K11531",0.728648648648649,"Positive"
"K01055","K01075",0.64827880512091,"Positive"
"K01055","K01113",0.842446657183499,"Positive"
"K01055","K01724",0.704409672830725,"Positive"
"K01055","K01800",0.66153627311522,"Positive"
"K01055","K01856",0.631152204836415,"Positive"
"K01055","K01968",0.752204836415363,"Positive"
"K01055","K01969",0.762702702702703,"Positive"
"K01055","K01971",0.854537695590327,"Positive"
"K01055","K02203",0.685092460881935,"Positive"
"K01055","K02228",0.68551920341394,"Positive"
"K01055","K02258",0.71172119487909,"Positive"
"K01055","K02275",0.690953058321479,"Positive"
"K01055","K02276",0.70651493598862,"Positive"
"K01055","K03381",0.63226173541963,"Positive"
"K01055","K05343",0.629075391180654,"Positive"
"K01055","K05876",-0.603869132290185,"Negative"
"K01055","K06597",0.744267425320057,"Positive"
"K01055","K06598",0.771095305832148,"Positive"
"K01055","K06718",0.633001422475107,"Positive"
"K01055","K06720",0.633001422475107,"Positive"
"K01055","K08082",0.649701280227596,"Positive"
"K01055","K08083",0.655078236130868,"Positive"
"K01055","K10125",0.608477951635846,"Positive"
"K01055","K10126",0.608990042674253,"Positive"
"K01055","K10747",0.606116642958748,"Positive"
"K01055","K10941",0.771095305832148,"Positive"
"K01055","K10979",0.859943100995733,"Positive"
"K01055","K11688",0.641621621621622,"Positive"
"K01055","K14335",0.611920341394026,"Positive"
"K01055","K15011",0.655931721194879,"Positive"
"K01055","K15012",0.655647226173542,"Positive"
"K01055","K15371",0.729217638691323,"Positive"
"K01055","K16171",0.715903271692745,"Positive"
"K01055","K18292",0.640654338549075,"Positive"
"K01055","K19696",0.744267425320057,"Positive"
"K01058","K01096",0.675846372688478,"Positive"
"K01058","K01521",0.649046941678521,"Positive"
"K01058","K01579",0.625405405405405,"Positive"
"K01058","K01713",0.609957325746799,"Positive"
"K01058","K01782",0.721024182076814,"Positive"
"K01058","K01825",0.700881934566145,"Positive"
"K01058","K02619",0.653769559032717,"Positive"
"K01058","K03181",0.689815078236131,"Positive"
"K01058","K03184",0.604921763869132,"Positive"
"K01058","K03473",0.734964438122333,"Positive"
"K01058","K04093",0.750782361308677,"Positive"
"K01058","K05365",0.638122332859175,"Positive"
"K01058","K06879",0.612944523470839,"Positive"
"K01058","K07345",0.789928876244666,"Positive"
"K01058","K07346",0.612631578947368,"Positive"
"K01058","K07347",0.814395448079659,"Positive"
"K01058","K07639",0.660085348506401,"Positive"
"K01058","K07642",0.788705547652916,"Positive"
"K01058","K07661",0.660085348506401,"Positive"
"K01058","K07664",0.778463726884779,"Positive"
"K01058","K07678",0.723840682788051,"Positive"
"K01058","K07823",-0.60651493598862,"Negative"
"K01058","K08484",0.696955903271693,"Positive"
"K01058","K08485",0.866230440967283,"Positive"
"K01058","K09913",0.670156472261735,"Positive"
"K01058","K10001",0.679118065433855,"Positive"
"K01058","K10002",0.698748221906117,"Positive"
"K01058","K10003",0.698748221906117,"Positive"
"K01058","K10004",0.665348506401138,"Positive"
"K01058","K10014",0.784238975817923,"Positive"
"K01058","K10015",0.752233285917496,"Positive"
"K01058","K10016",0.73724039829303,"Positive"
"K01058","K10017",0.746884779516358,"Positive"
"K01058","K10026",0.769046941678521,"Positive"
"K01058","K10036",0.73977240398293,"Positive"
"K01058","K10037",0.738947368421053,"Positive"
"K01058","K10038",0.734310099573257,"Positive"
"K01058","K10914",0.647652916073969,"Positive"
"K01058","K11689",-0.638549075391181,"Negative"
"K01058","K12339",0.662332859174964,"Positive"
"K01058","K13378",0.805064011379801,"Positive"
"K01058","K15777",0.915761024182077,"Positive"
"K01061","K01087",0.840483641536273,"Positive"
"K01061","K01194",0.628762446657184,"Positive"
"K01061","K01457",0.683641536273115,"Positive"
"K01061","K01470",0.636728307254623,"Positive"
"K01061","K01576",0.68,"Positive"
"K01061","K01659",0.682930298719772,"Positive"
"K01061","K01676",0.704352773826458,"Positive"
"K01061","K01941",0.677098150782361,"Positive"
"K01061","K02259",0.624551920341394,"Positive"
"K01061","K03205",0.638748221906117,"Positive"
"K01061","K03638",0.806685633001422,"Positive"
"K01061","K03735",0.659118065433855,"Positive"
"K01061","K03736",0.659118065433855,"Positive"
"K01061","K07141",0.64873399715505,"Positive"
"K01061","K07248",0.639687055476529,"Positive"
"K01061","K07250",0.638520625889047,"Positive"
"K01061","K07708",0.716386913229018,"Positive"
"K01061","K10806",0.64352773826458,"Positive"
"K01061","K11645",0.63601706970128,"Positive"
"K01061","K13481",0.748819345661451,"Positive"
"K01061","K13482",0.744950213371266,"Positive"
"K01075","K01113",0.687823613086771,"Positive"
"K01075","K01236",0.606145092460882,"Positive"
"K01075","K01455",0.839402560455192,"Positive"
"K01075","K01707",0.898349928876245,"Positive"
"K01075","K01724",0.714594594594595,"Positive"
"K01075","K01800",0.82122332859175,"Positive"
"K01075","K01959",0.712347083926031,"Positive"
"K01075","K01971",0.751408250355619,"Positive"
"K01075","K02228",0.909900426742532,"Positive"
"K01075","K02258",0.726258890469417,"Positive"
"K01075","K02275",0.703186344238976,"Positive"
"K01075","K02276",0.710213371266003,"Positive"
"K01075","K02362",0.855163584637269,"Positive"
"K01075","K05343",0.679658605974395,"Positive"
"K01075","K05549",0.636273115220484,"Positive"
"K01075","K05550",0.636273115220484,"Positive"
"K01075","K05783",0.636273115220484,"Positive"
"K01075","K05784",0.636273115220484,"Positive"
"K01075","K06597",0.841166429587482,"Positive"
"K01075","K06598",0.856358463726885,"Positive"
"K01075","K06718",0.992887624466572,"Positive"
"K01075","K06720",0.992887624466572,"Positive"
"K01075","K07793",0.625092460881935,"Positive"
"K01075","K07823",0.697297297297297,"Positive"
"K01075","K10125",0.625433854907539,"Positive"
"K01075","K10126",0.625234708392603,"Positive"
"K01075","K10227",0.655561877667141,"Positive"
"K01075","K10229",0.772233285917496,"Positive"
"K01075","K10747",0.600512091038407,"Positive"
"K01075","K10941",0.856358463726885,"Positive"
"K01075","K10942",0.714110953058322,"Positive"
"K01075","K10943",0.644864864864865,"Positive"
"K01075","K10979",0.765035561877667,"Positive"
"K01075","K11384",0.709786628733997,"Positive"
"K01075","K11472",0.862418207681366,"Positive"
"K01075","K11473",0.863129445234708,"Positive"
"K01075","K11614",0.652660028449502,"Positive"
"K01075","K11615",0.652660028449502,"Positive"
"K01075","K11688",0.947055476529161,"Positive"
"K01075","K12254",0.709786628733997,"Positive"
"K01075","K12976",0.914623044096728,"Positive"
"K01075","K13541",0.616330014224751,"Positive"
"K01075","K13938",0.791095305832148,"Positive"
"K01075","K14268",0.636301564722617,"Positive"
"K01075","K14335",0.810782361308677,"Positive"
"K01075","K15011",0.758605974395448,"Positive"
"K01075","K15012",0.758975817923186,"Positive"
"K01075","K15371",0.830213371266003,"Positive"
"K01075","K15373",0.90850640113798,"Positive"
"K01075","K15408",0.623812233285918,"Positive"
"K01075","K15576",0.669985775248933,"Positive"
"K01075","K16171",0.7,"Positive"
"K01075","K17226",0.709359886201991,"Positive"
"K01075","K17315",0.683584637268848,"Positive"
"K01075","K17316",0.684466571834993,"Positive"
"K01075","K17317",0.684466571834993,"Positive"
"K01075","K18135",0.746201991465149,"Positive"
"K01075","K18291",0.632944523470839,"Positive"
"K01075","K18292",0.98972972972973,"Positive"
"K01075","K18981",0.697411095305832,"Positive"
"K01075","K19609",0.686486486486486,"Positive"
"K01075","K19610",0.686486486486486,"Positive"
"K01075","K19696",0.841166429587482,"Positive"
"K01077","K01468",0.70850640113798,"Positive"
"K01077","K01479",0.805291607396871,"Positive"
"K01077","K01484",0.720426742532006,"Positive"
"K01077","K01712",0.709132290184922,"Positive"
"K01077","K01745",0.72321479374111,"Positive"
"K01077","K01782",0.807226173541963,"Positive"
"K01077","K01815",0.762133712660028,"Positive"
"K01077","K02402",0.642105263157895,"Positive"
"K01077","K02403",0.64022759601707,"Positive"
"K01077","K02779",0.741792318634424,"Positive"
"K01077","K02805",0.639914651493599,"Positive"
"K01077","K03184",0.72651493598862,"Positive"
"K01077","K05874",0.769587482219061,"Positive"
"K01077","K06447",0.717695590327169,"Positive"
"K01077","K07677",0.601365576102418,"Positive"
"K01077","K07687",0.604807965860597,"Positive"
"K01077","K07689",0.601820768136558,"Positive"
"K01077","K07711",0.646059743954481,"Positive"
"K01077","K07715",0.60972972972973,"Positive"
"K01077","K11891",0.625149359886202,"Positive"
"K01077","K11892",0.61448079658606,"Positive"
"K01077","K11893",0.617980085348506,"Positive"
"K01077","K12974",0.652830725462304,"Positive"
"K01077","K12975",0.648022759601707,"Positive"
"K01077","K18697",0.681792318634424,"Positive"
"K01077","K19222",0.602560455192034,"Positive"
"K01077","K19270",0.707880512091038,"Positive"
"K01078","K01120",0.690384068278805,"Positive"
"K01078","K01458",0.885633001422475,"Positive"
"K01078","K01761",0.70850640113798,"Positive"
"K01078","K01768",0.872005689900427,"Positive"
"K01078","K02274",0.845007112375533,"Positive"
"K01078","K02454",0.676756756756757,"Positive"
"K01078","K03119",0.832460881934566,"Positive"
"K01078","K03782",0.704238975817923,"Positive"
"K01078","K05297",0.884210526315789,"Positive"
"K01078","K08325",0.696187766714083,"Positive"
"K01078","K09688",0.660967283072546,"Positive"
"K01078","K09689",0.693684210526316,"Positive"
"K01078","K10107",0.660625889046942,"Positive"
"K01078","K12979",0.690327169274538,"Positive"
"K01078","K13940",0.914594594594595,"Positive"
"K01078","K18240",0.697069701280228,"Positive"
"K01083","K01477",0.92452347083926,"Positive"
"K01083","K01483",0.841422475106686,"Positive"
"K01083","K01596",0.644238975817923,"Positive"
"K01083","K02657",0.896586059743954,"Positive"
"K01083","K02658",0.895704125177809,"Positive"
"K01083","K02659",0.915903271692745,"Positive"
"K01083","K02660",0.915903271692745,"Positive"
"K01083","K04565",0.683584637268848,"Positive"
"K01083","K06134",0.832290184921764,"Positive"
"K01083","K06596",0.902873399715505,"Positive"
"K01083","K07644",0.763641536273115,"Positive"
"K01083","K07665",0.759687055476529,"Positive"
"K01083","K09018",0.658805120910384,"Positive"
"K01083","K09021",0.658805120910384,"Positive"
"K01083","K09023",0.658805120910384,"Positive"
"K01083","K13522",0.664039829302987,"Positive"
"K01083","K13745",0.701650071123755,"Positive"
"K01083","K14475",0.81923186344239,"Positive"
"K01083","K16692",0.68574679943101,"Positive"
"K01085","K01582",0.872432432432432,"Positive"
"K01085","K01630",0.820796586059744,"Positive"
"K01085","K02317",0.743669985775249,"Positive"
"K01085","K02753",0.866315789473684,"Positive"
"K01085","K02791",0.75900426742532,"Positive"
"K01085","K03335",0.621479374110953,"Positive"
"K01085","K03336",0.755960170697013,"Positive"
"K01085","K03337",0.778435277382646,"Positive"
"K01085","K03338",0.778435277382646,"Positive"
"K01085","K03516",0.614964438122333,"Positive"
"K01085","K03649",0.8374679943101,"Positive"
"K01085","K05523",0.65601706970128,"Positive"
"K01085","K05877",0.610953058321479,"Positive"
"K01085","K06073",0.804438122332859,"Positive"
"K01085","K06074",0.804438122332859,"Positive"
"K01085","K06159",0.799174964438122,"Positive"
"K01085","K06606",0.774537695590327,"Positive"
"K01085","K07643",0.686145092460882,"Positive"
"K01085","K07674",0.77203413940256,"Positive"
"K01085","K07679",0.808477951635846,"Positive"
"K01085","K07688",0.624011379800854,"Positive"
"K01085","K07701",0.806827880512091,"Positive"
"K01085","K07703",0.807766714082504,"Positive"
"K01085","K07781",0.910867709815078,"Positive"
"K01085","K07782",0.772119487908962,"Positive"
"K01085","K08302",0.681450924608819,"Positive"
"K01085","K08322",0.810924608819346,"Positive"
"K01085","K08351",0.6425320056899,"Positive"
"K01085","K08723",0.743954480796586,"Positive"
"K01085","K09470",0.675163584637269,"Positive"
"K01085","K09473",0.660910384068279,"Positive"
"K01085","K09475",0.651920341394026,"Positive"
"K01085","K09988",0.617894736842105,"Positive"
"K01085","K09996",0.669758179231863,"Positive"
"K01085","K10537",0.721251778093883,"Positive"
"K01085","K10538",0.721251778093883,"Positive"
"K01085","K10539",0.721251778093883,"Positive"
"K01085","K10540",0.6374679943101,"Positive"
"K01085","K10541",0.6374679943101,"Positive"
"K01085","K10542",0.6374679943101,"Positive"
"K01085","K10543",0.684665718349929,"Positive"
"K01085","K10544",0.686088193456615,"Positive"
"K01085","K10545",0.686088193456615,"Positive"
"K01085","K11216",0.759118065433855,"Positive"
"K01085","K11530",0.759118065433855,"Positive"
"K01085","K11890",0.838122332859175,"Positive"
"K01085","K13497",0.617098150782361,"Positive"
"K01085","K13632",0.733456614509246,"Positive"
"K01085","K13892",0.670327169274538,"Positive"
"K01085","K14051",0.771863442389758,"Positive"
"K01085","K16703",0.618406827880512,"Positive"
"K01085","K16710",0.618406827880512,"Positive"
"K01085","K17195",0.774082503556188,"Positive"
"K01085","K17213",0.758918918918919,"Positive"
"K01085","K17214",0.760028449502134,"Positive"
"K01085","K17215",0.760028449502134,"Positive"
"K01085","K17850",0.696586059743954,"Positive"
"K01085","K18324",0.906287339971551,"Positive"
"K01085","K18326",0.882475106685633,"Positive"
"K01085","K19354",0.695334281650071,"Positive"
"K01087","K01194",0.800483641536273,"Positive"
"K01087","K01457",0.837866287339972,"Positive"
"K01087","K01470",0.742617354196302,"Positive"
"K01087","K01576",0.759573257467994,"Positive"
"K01087","K01659",0.733058321479374,"Positive"
"K01087","K01692",0.666059743954481,"Positive"
"K01087","K01720",0.637724039829303,"Positive"
"K01087","K01941",0.832660028449502,"Positive"
"K01087","K02259",0.728620199146515,"Positive"
"K01087","K03205",0.709701280227596,"Positive"
"K01087","K03638",0.895078236130868,"Positive"
"K01087","K03735",0.619459459459459,"Positive"
"K01087","K03736",0.619459459459459,"Positive"
"K01087","K07141",0.713911806543385,"Positive"
"K01087","K07165",0.641251778093883,"Positive"
"K01087","K07215",0.691351351351351,"Positive"
"K01087","K07248",0.605547652916074,"Positive"
"K01087","K07250",0.743926031294452,"Positive"
"K01087","K08261",0.678406827880512,"Positive"
"K01087","K08738",0.659829302987198,"Positive"
"K01087","K08964",0.659743954480797,"Positive"
"K01087","K08967",0.642162162162162,"Positive"
"K01087","K09690",0.625348506401138,"Positive"
"K01087","K09691",0.625348506401138,"Positive"
"K01087","K09880",0.659743954480797,"Positive"
"K01087","K11645",0.701394025604552,"Positive"
"K01087","K13408",0.612773826458037,"Positive"
"K01087","K13409",0.61524893314367,"Positive"
"K01087","K13472",0.659431009957326,"Positive"
"K01087","K13481",0.829530583214794,"Positive"
"K01087","K13482",0.825433854907539,"Positive"
"K01089","K01096",0.614594594594595,"Positive"
"K01089","K01141",0.67578947368421,"Positive"
"K01089","K01479",0.637126600284495,"Positive"
"K01089","K01664",0.81302987197724,"Positive"
"K01089","K01716",0.644438122332859,"Positive"
"K01089","K01734",0.673399715504979,"Positive"
"K01089","K02062",0.819203413940256,"Positive"
"K01089","K02344",0.853684210526316,"Positive"
"K01089","K02446",0.734651493598862,"Positive"
"K01089","K02560",0.841337126600284,"Positive"
"K01089","K02784",0.853684210526316,"Positive"
"K01089","K02804",0.906600284495021,"Positive"
"K01089","K02858",0.862190611664296,"Positive"
"K01089","K03184",0.671209103840683,"Positive"
"K01089","K03573",0.853684210526316,"Positive"
"K01089","K04067",0.852660028449502,"Positive"
"K01089","K05776",0.884267425320057,"Positive"
"K01089","K05851",0.616358463726885,"Positive"
"K01089","K05939",0.723669985775249,"Positive"
"K01089","K06211",0.859743954480797,"Positive"
"K01089","K06223",0.794054054054054,"Positive"
"K01089","K07236",0.637354196301565,"Positive"
"K01089","K07237",0.637354196301565,"Positive"
"K01089","K07640",0.853684210526316,"Positive"
"K01089","K07648",0.758179231863442,"Positive"
"K01089","K07751",0.853684210526316,"Positive"
"K01089","K07773",0.758179231863442,"Positive"
"K01089","K08722",0.82927453769559,"Positive"
"K01089","K09476",0.859146514935989,"Positive"
"K01089","K09997",0.853684210526316,"Positive"
"K01089","K09998",0.854964438122333,"Positive"
"K01089","K09999",0.854964438122333,"Positive"
"K01089","K10000",0.854964438122333,"Positive"
"K01089","K11258",0.928534850640114,"Positive"
"K01089","K11604",0.732660028449502,"Positive"
"K01089","K11605",0.732660028449502,"Positive"
"K01089","K11606",0.732660028449502,"Positive"
"K01089","K11607",0.732660028449502,"Positive"
"K01089","K11751",0.786287339971551,"Positive"
"K01089","K12152",0.758093883357041,"Positive"
"K01089","K12368",0.650440967283073,"Positive"
"K01089","K12369",0.66022759601707,"Positive"
"K01089","K12370",0.66022759601707,"Positive"
"K01089","K12371",0.66022759601707,"Positive"
"K01089","K12372",0.66022759601707,"Positive"
"K01089","K12524",0.994366998577525,"Positive"
"K01089","K13498",0.862418207681366,"Positive"
"K01089","K14187",0.853684210526316,"Positive"
"K01089","K15125",0.691209103840683,"Positive"
"K01089","K17315",-0.618065433854908,"Negative"
"K01089","K17316",-0.618918918918919,"Negative"
"K01089","K17317",-0.618918918918919,"Negative"
"K01089","K18800",0.640483641536273,"Positive"
"K01089","K19227",0.853684210526316,"Positive"
"K01089","K19228",0.853684210526316,"Positive"
"K01089","K19229",0.853684210526316,"Positive"
"K01089","K19230",0.852233285917496,"Positive"
"K01093","K01114",0.780341394025605,"Positive"
"K01093","K02225",0.841365576102418,"Positive"
"K01093","K02229",0.845718349928876,"Positive"
"K01093","K02230",0.809701280227596,"Positive"
"K01093","K04719",0.832517780938834,"Positive"
"K01093","K07250",0.607539118065434,"Positive"
"K01093","K08964",0.902930298719772,"Positive"
"K01093","K08967",0.867652916073969,"Positive"
"K01093","K09474",0.960853485064011,"Positive"
"K01093","K09690",0.899317211948791,"Positive"
"K01093","K09691",0.899317211948791,"Positive"
"K01093","K09880",0.902930298719772,"Positive"
"K01093","K13472",0.601906116642959,"Positive"
"K01093","K13485",0.879800853485064,"Positive"
"K01096","K01521",0.668933143669986,"Positive"
"K01096","K01664",0.739829302987198,"Positive"
"K01096","K01713",0.755504978662873,"Positive"
"K01096","K01792",0.728136557610242,"Positive"
"K01096","K02062",0.75049786628734,"Positive"
"K01096","K02344",0.75701280227596,"Positive"
"K01096","K02560",0.750640113798009,"Positive"
"K01096","K02619",0.623186344238976,"Positive"
"K01096","K02784",0.75701280227596,"Positive"
"K01096","K02804",0.698264580369844,"Positive"
"K01096","K02858",0.750156472261735,"Positive"
"K01096","K03563",0.611635846372689,"Positive"
"K01096","K03573",0.75701280227596,"Positive"
"K01096","K03651",0.766201991465149,"Positive"
"K01096","K03732",0.764807965860597,"Positive"
"K01096","K04067",0.754708392603129,"Positive"
"K01096","K04093",0.714224751066856,"Positive"
"K01096","K05365",0.804495021337127,"Positive"
"K01096","K05776",0.724153627311522,"Positive"
"K01096","K05939",0.629018492176387,"Positive"
"K01096","K06211",0.757126600284495,"Positive"
"K01096","K06223",0.611607396870555,"Positive"
"K01096","K06879",0.627937411095306,"Positive"
"K01096","K07235",0.766201991465149,"Positive"
"K01096","K07345",0.780825035561878,"Positive"
"K01096","K07347",0.686031294452347,"Positive"
"K01096","K07640",0.75701280227596,"Positive"
"K01096","K07642",0.668847795163585,"Positive"
"K01096","K07648",0.668762446657184,"Positive"
"K01096","K07664",0.668421052631579,"Positive"
"K01096","K07751",0.75701280227596,"Positive"
"K01096","K07773",0.668762446657184,"Positive"
"K01096","K08485",0.781650071123755,"Positive"
"K01096","K08722",0.691351351351351,"Positive"
"K01096","K09476",0.757837837837838,"Positive"
"K01096","K09997",0.75701280227596,"Positive"
"K01096","K09998",0.759743954480797,"Positive"
"K01096","K09999",0.759743954480797,"Positive"
"K01096","K10000",0.759743954480797,"Positive"
"K01096","K10001",0.862816500711237,"Positive"
"K01096","K10002",0.878691322901849,"Positive"
"K01096","K10003",0.878691322901849,"Positive"
"K01096","K10004",0.88574679943101,"Positive"
"K01096","K10014",0.788847795163585,"Positive"
"K01096","K10015",0.815533428165007,"Positive"
"K01096","K10016",0.819516358463727,"Positive"
"K01096","K10017",0.815590327169274,"Positive"
"K01096","K10036",0.825376955903272,"Positive"
"K01096","K10037",0.80927453769559,"Positive"
"K01096","K10038",0.809075391180654,"Positive"
"K01096","K10914",0.793285917496444,"Positive"
"K01096","K11179",0.766201991465149,"Positive"
"K01096","K11183",0.751123755334282,"Positive"
"K01096","K11258",0.677183499288762,"Positive"
"K01096","K11751",0.704665718349929,"Positive"
"K01096","K11755",0.683726884779516,"Positive"
"K01096","K11903",0.604125177809388,"Positive"
"K01096","K12152",0.669217638691323,"Positive"
"K01096","K12524",0.609900426742532,"Positive"
"K01096","K13498",0.758719772403983,"Positive"
"K01096","K14187",0.75701280227596,"Positive"
"K01096","K19227",0.75701280227596,"Positive"
"K01096","K19228",0.75701280227596,"Positive"
"K01096","K19229",0.75701280227596,"Positive"
"K01096","K19230",0.755704125177809,"Positive"
"K01113","K01640",0.743300142247511,"Positive"
"K01113","K01707",0.708762446657183,"Positive"
"K01113","K01724",0.769786628733997,"Positive"
"K01113","K01800",0.837980085348506,"Positive"
"K01113","K01968",0.834196301564723,"Positive"
"K01113","K01969",0.835163584637269,"Positive"
"K01113","K01971",0.776187766714083,"Positive"
"K01113","K02203",0.654623044096728,"Positive"
"K01113","K02228",0.700312944523471,"Positive"
"K01113","K02258",0.78076813655761,"Positive"
"K01113","K02275",0.758662873399715,"Positive"
"K01113","K02276",0.763812233285918,"Positive"
"K01113","K02457",0.609701280227596,"Positive"
"K01113","K05343",0.620398293029872,"Positive"
"K01113","K06597",0.767226173541963,"Positive"
"K01113","K06598",0.790355618776671,"Positive"
"K01113","K06718",0.679146514935989,"Positive"
"K01113","K06720",0.679146514935989,"Positive"
"K01113","K07516",0.610128022759602,"Positive"
"K01113","K08082",0.783840682788051,"Positive"
"K01113","K08083",0.788705547652916,"Positive"
"K01113","K09788",0.644324324324324,"Positive"
"K01113","K10747",0.654850640113798,"Positive"
"K01113","K10941",0.790355618776671,"Positive"
"K01113","K10979",0.782816500711238,"Positive"
"K01113","K11472",0.629189189189189,"Positive"
"K01113","K11473",0.627908961593172,"Positive"
"K01113","K11688",0.647197724039829,"Positive"
"K01113","K12976",0.712887624466572,"Positive"
"K01113","K13766",0.806230440967283,"Positive"
"K01113","K14335",0.609615931721195,"Positive"
"K01113","K15011",0.739800853485064,"Positive"
"K01113","K15012",0.739886201991465,"Positive"
"K01113","K15371",0.722446657183499,"Positive"
"K01113","K16171",0.816500711237553,"Positive"
"K01113","K18292",0.672375533428165,"Positive"
"K01113","K19696",0.767226173541963,"Positive"
"K01114","K02225",0.844836415362731,"Positive"
"K01114","K02229",0.838293029871977,"Positive"
"K01114","K02230",0.807567567567568,"Positive"
"K01114","K04719",0.826031294452347,"Positive"
"K01114","K07215",0.655874822190612,"Positive"
"K01114","K08964",0.839658605974395,"Positive"
"K01114","K08967",0.843157894736842,"Positive"
"K01114","K09474",0.815220483641536,"Positive"
"K01114","K09690",0.834708392603129,"Positive"
"K01114","K09691",0.834708392603129,"Positive"
"K01114","K09880",0.839658605974395,"Positive"
"K01114","K13485",0.857837837837838,"Positive"
"K01120","K01458",0.78275960170697,"Positive"
"K01120","K01761",0.962844950213371,"Positive"
"K01120","K01768",0.763556187766714,"Positive"
"K01120","K02274",0.737211948790896,"Positive"
"K01120","K03119",0.760455192034139,"Positive"
"K01120","K03782",0.846628733997155,"Positive"
"K01120","K05297",0.759971550497866,"Positive"
"K01120","K08325",0.88275960170697,"Positive"
"K01120","K09688",0.971806543385491,"Positive"
"K01120","K09689",0.98221906116643,"Positive"
"K01120","K10107",0.971863442389758,"Positive"
"K01120","K12979",0.929928876244666,"Positive"
"K01120","K13940",0.788620199146515,"Positive"
"K01120","K18240",0.978947368421053,"Positive"
"K01130","K01801",0.771891891891892,"Positive"
"K01130","K02609",0.710241820768137,"Positive"
"K01130","K02610",0.710241820768137,"Positive"
"K01130","K02611",0.710241820768137,"Positive"
"K01130","K02612",0.710241820768137,"Positive"
"K01130","K02613",0.710526315789474,"Positive"
"K01130","K02615",0.663499288762447,"Positive"
"K01130","K02618",0.664267425320057,"Positive"
"K01130","K05881",0.714964438122333,"Positive"
"K01130","K05921",0.704722617354196,"Positive"
"K01130","K06048",0.650355618776671,"Positive"
"K01130","K06897",0.66551920341394,"Positive"
"K01130","K06989",0.684011379800853,"Positive"
"K01130","K07812",0.611294452347084,"Positive"
"K01130","K08320",0.662731152204836,"Positive"
"K01130","K09699",0.657325746799431,"Positive"
"K01130","K11081",0.774793741109531,"Positive"
"K01130","K11082",0.774793741109531,"Positive"
"K01130","K11083",0.774793741109531,"Positive"
"K01130","K11084",0.774793741109531,"Positive"
"K01130","K12112",0.682788051209104,"Positive"
"K01130","K15866",0.754082503556188,"Positive"
"K01130","K18333",0.692091038406828,"Positive"
"K01130","K18334",0.690184921763869,"Positive"
"K01141","K01716",0.975590327169275,"Positive"
"K01141","K01792",0.755135135135135,"Positive"
"K01141","K02062",0.606628733997155,"Positive"
"K01141","K02303",0.643926031294452,"Positive"
"K01141","K02344",0.635220483641536,"Positive"
"K01141","K02439",0.634224751066856,"Positive"
"K01141","K02560",0.629843527738265,"Positive"
"K01141","K02784",0.635220483641536,"Positive"
"K01141","K02804",0.620682788051209,"Positive"
"K01141","K02858",0.676130867709815,"Positive"
"K01141","K03567",0.614651493598862,"Positive"
"K01141","K03573",0.635220483641536,"Positive"
"K01141","K03651",0.717894736842105,"Positive"
"K01141","K03732",0.745775248933144,"Positive"
"K01141","K04067",0.640284495021337,"Positive"
"K01141","K05365",0.686173541963016,"Positive"
"K01141","K05776",0.668193456614509,"Positive"
"K01141","K05851",0.850071123755334,"Positive"
"K01141","K06211",0.64022759601707,"Positive"
"K01141","K06223",0.763470839260313,"Positive"
"K01141","K06445",0.659743954480797,"Positive"
"K01141","K07235",0.717894736842105,"Positive"
"K01141","K07236",0.968847795163585,"Positive"
"K01141","K07237",0.968847795163585,"Positive"
"K01141","K07637",0.620056899004267,"Positive"
"K01141","K07640",0.635220483641536,"Positive"
"K01141","K07660",0.624381223328592,"Positive"
"K01141","K07751",0.635220483641536,"Positive"
"K01141","K08312",0.902105263157895,"Positive"
"K01141","K08722",0.603271692745377,"Positive"
"K01141","K09476",0.637695590327169,"Positive"
"K01141","K09997",0.635220483641536,"Positive"
"K01141","K09998",0.642560455192034,"Positive"
"K01141","K09999",0.642560455192034,"Positive"
"K01141","K10000",0.642560455192034,"Positive"
"K01141","K10914",0.670839260312944,"Positive"
"K01141","K11179",0.717894736842105,"Positive"
"K01141","K11183",0.733570412517781,"Positive"
"K01141","K11258",0.712887624466572,"Positive"
"K01141","K11604",0.604722617354196,"Positive"
"K01141","K11605",0.604722617354196,"Positive"
"K01141","K11606",0.604722617354196,"Positive"
"K01141","K11607",0.604722617354196,"Positive"
"K01141","K11895",0.601109530583215,"Positive"
"K01141","K11900",0.760739687055477,"Positive"
"K01141","K11901",0.740825035561878,"Positive"
"K01141","K11903",0.739544807965861,"Positive"
"K01141","K11907",0.747083926031294,"Positive"
"K01141","K12524",0.668762446657184,"Positive"
"K01141","K13498",0.640369843527738,"Positive"
"K01141","K13893",0.758179231863442,"Positive"
"K01141","K13894",0.679032716927454,"Positive"
"K01141","K13895",0.679032716927454,"Positive"
"K01141","K13896",0.678520625889047,"Positive"
"K01141","K14187",0.635220483641536,"Positive"
"K01141","K18800",0.975817923186344,"Positive"
"K01141","K19227",0.635220483641536,"Positive"
"K01141","K19228",0.635220483641536,"Positive"
"K01141","K19229",0.635220483641536,"Positive"
"K01141","K19230",0.633655761024182,"Positive"
"K01176","K01446",0.769815078236131,"Positive"
"K01176","K01467",0.706173541963016,"Positive"
"K01176","K01556",-0.613798008534851,"Negative"
"K01176","K01598",0.79778093883357,"Positive"
"K01176","K01922",0.79778093883357,"Positive"
"K01176","K02746",0.93226173541963,"Positive"
"K01176","K04516",0.84651493598862,"Positive"
"K01176","K05362",0.797439544807966,"Positive"
"K01176","K05363",0.799687055476529,"Positive"
"K01176","K07717",0.685092460881935,"Positive"
"K01176","K07719",0.685092460881935,"Positive"
"K01176","K11041",0.840341394025605,"Positive"
"K01176","K11617",0.823812233285917,"Positive"
"K01176","K12296",0.826628733997155,"Positive"
"K01176","K12554",0.71846372688478,"Positive"
"K01176","K12556",0.79778093883357,"Positive"
"K01176","K13677",0.652631578947368,"Positive"
"K01176","K15125",-0.647994310099573,"Negative"
"K01179","K01637",0.660085348506401,"Positive"
"K01179","K01711",0.642788051209104,"Positive"
"K01179","K02438",0.871351351351351,"Positive"
"K01179","K03414",0.78375533428165,"Positive"
"K01179","K03566",0.66950213371266,"Positive"
"K01179","K10111",0.700170697012802,"Positive"
"K01181","K01192",0.823442389758179,"Positive"
"K01184","K01502",0.720056899004267,"Positive"
"K01184","K01596",0.737069701280228,"Positive"
"K01184","K01826",0.684466571834993,"Positive"
"K01184","K03863",0.860312944523471,"Positive"
"K01184","K10013",0.661849217638691,"Positive"
"K01184","K10857",0.723812233285917,"Positive"
"K01184","K11931",0.808079658605974,"Positive"
"K01184","K12957",0.807852062588905,"Positive"
"K01184","K13522",0.769900426742532,"Positive"
"K01184","K13745",0.622475106685633,"Positive"
"K01184","K14159",0.816330014224751,"Positive"
"K01184","K16839",0.76551920341394,"Positive"
"K01184","K16840",0.844352773826458,"Positive"
"K01184","K16841",0.722019914651494,"Positive"
"K01184","K16842",0.810099573257468,"Positive"
"K01184","K17228",0.686856330014225,"Positive"
"K01184","K18137",0.816330014224751,"Positive"
"K01184","K18147",0.816330014224751,"Positive"
"K01192","K18334",0.601792318634424,"Positive"
"K01194","K01457",0.69923186344239,"Positive"
"K01194","K01576",0.606401137980085,"Positive"
"K01194","K01941",0.706173541963016,"Positive"
"K01194","K03638",0.731920341394026,"Positive"
"K01194","K07165",0.661365576102418,"Positive"
"K01194","K07215",0.686401137980085,"Positive"
"K01194","K07250",0.627083926031294,"Positive"
"K01194","K13481",0.665775248933144,"Positive"
"K01194","K13482",0.669672830725462,"Positive"
"K01222","K02779",0.662389758179232,"Positive"
"K01222","K02791",0.680113798008535,"Positive"
"K01222","K03425",0.608819345661451,"Positive"
"K01222","K07643",0.688165007112375,"Positive"
"K01222","K09475",0.664466571834993,"Positive"
"K01236","K01724",0.691465149359886,"Positive"
"K01236","K01971",0.600825035561878,"Positive"
"K01236","K02228",0.63402560455192,"Positive"
"K01236","K02258",0.68597439544808,"Positive"
"K01236","K02275",0.696756756756757,"Positive"
"K01236","K02276",0.688022759601707,"Positive"
"K01236","K02457",0.604182076813656,"Positive"
"K01236","K06044",0.790583214793741,"Positive"
"K01236","K06718",0.601137980085348,"Positive"
"K01236","K06720",0.601137980085348,"Positive"
"K01236","K07749",0.6974679943101,"Positive"
"K01236","K10227",0.634879089615932,"Positive"
"K01236","K10229",0.756159317211949,"Positive"
"K01236","K10747",0.654964438122333,"Positive"
"K01236","K10979",0.605604551920341,"Positive"
"K01236","K11472",0.645633001422475,"Positive"
"K01236","K11473",0.641706970128023,"Positive"
"K01236","K15371",0.701365576102418,"Positive"
"K01236","K18292",0.610867709815078,"Positive"
"K01241","K02303",0.619743954480797,"Positive"
"K01241","K02399",0.75172119487909,"Positive"
"K01241","K02414",0.608563300142247,"Positive"
"K01241","K02438",0.634822190611664,"Positive"
"K01241","K02439",0.650953058321479,"Positive"
"K01241","K02844",0.701593172119488,"Positive"
"K01241","K03087",0.64697012802276,"Positive"
"K01241","K03472",0.691578947368421,"Positive"
"K01241","K03567",0.664779516358464,"Positive"
"K01241","K05526",0.679601706970128,"Positive"
"K01241","K05774",0.660483641536273,"Positive"
"K01241","K06163",0.775704125177809,"Positive"
"K01241","K06164",0.775704125177809,"Positive"
"K01241","K06165",0.775704125177809,"Positive"
"K01241","K06166",0.775704125177809,"Positive"
"K01241","K06858",0.783669985775249,"Positive"
"K01241","K07637",0.66850640113798,"Positive"
"K01241","K07660",0.670042674253201,"Positive"
"K01241","K07787",0.754651493598862,"Positive"
"K01241","K07798",0.759288762446657,"Positive"
"K01241","K10111",0.749075391180654,"Positive"
"K01241","K19270",0.628819345661451,"Positive"
"K01250","K01629",0.602190611664296,"Positive"
"K01250","K01813",0.602190611664296,"Positive"
"K01252","K01728",0.612318634423898,"Positive"
"K01252","K02361",0.799743954480797,"Positive"
"K01252","K02363",0.995305832147937,"Positive"
"K01252","K02364",0.647766714082504,"Positive"
"K01252","K02566",0.883328591749644,"Positive"
"K01252","K02847",0.662702702702703,"Positive"
"K01252","K03425",0.810867709815078,"Positive"
"K01252","K05522",0.615874822190612,"Positive"
"K01252","K07643",0.73149359886202,"Positive"
"K01252","K07711",0.610668563300142,"Positive"
"K01252","K08351",0.723499288762447,"Positive"
"K01252","K09470",0.722958748221906,"Positive"
"K01252","K09473",0.720711237553343,"Positive"
"K01252","K09475",0.734623044096728,"Positive"
"K01252","K17202",0.62122332859175,"Positive"
"K01252","K17203",0.62122332859175,"Positive"
"K01252","K17204",0.62122332859175,"Positive"
"K01252","K18676",0.738577524893314,"Positive"
"K01253","K05351",0.630241820768137,"Positive"
"K01253","K08092",0.604495021337127,"Positive"
"K01322","K01501",0.66950213371266,"Positive"
"K01406","K06079",0.623499288762447,"Positive"
"K01406","K12536",0.862247510668563,"Positive"
"K01425","K02196",0.658435277382646,"Positive"
"K01425","K02453",0.744125177809388,"Positive"
"K01425","K02455",0.715931721194879,"Positive"
"K01425","K02456",0.60199146514936,"Positive"
"K01425","K07693",0.624665718349929,"Positive"
"K01425","K07778",0.607596017069701,"Positive"
"K01425","K12972",0.708876244665718,"Positive"
"K01428","K02650",0.757866287339972,"Positive"
"K01428","K07226",0.694879089615932,"Positive"
"K01428","K12256",0.605206258890469,"Positive"
"K01434","K01464",0.758805120910384,"Positive"
"K01434","K03196",0.690867709815078,"Positive"
"K01434","K03198",0.738549075391181,"Positive"
"K01434","K03204",0.682588904694168,"Positive"
"K01434","K05710",0.609530583214794,"Positive"
"K01434","K05973",0.620256045519203,"Positive"
"K01434","K06016",0.637211948790896,"Positive"
"K01434","K10228",0.785633001422475,"Positive"
"K01434","K18447",0.666770981507824,"Positive"
"K01444","K01715",0.757183499288762,"Positive"
"K01444","K05973",0.617724039829303,"Positive"
"K01446","K01467",0.757069701280228,"Positive"
"K01446","K01598",0.948961593172119,"Positive"
"K01446","K01922",0.948961593172119,"Positive"
"K01446","K02746",0.82475106685633,"Positive"
"K01446","K04516",0.851209103840683,"Positive"
"K01446","K05362",0.949075391180654,"Positive"
"K01446","K05363",0.94398293029872,"Positive"
"K01446","K07717",0.672176386913229,"Positive"
"K01446","K07719",0.672176386913229,"Positive"
"K01446","K11041",0.944295874822191,"Positive"
"K01446","K11617",0.89103840682788,"Positive"
"K01446","K12296",0.95149359886202,"Positive"
"K01446","K12554",0.673883357041252,"Positive"
"K01446","K12556",0.948961593172119,"Positive"
"K01446","K13677",0.738805120910384,"Positive"
"K01455","K01505",0.697809388335704,"Positive"
"K01455","K01551",0.66199146514936,"Positive"
"K01455","K01573",0.766941678520626,"Positive"
"K01455","K01608",0.715049786628734,"Positive"
"K01455","K01707",0.789189189189189,"Positive"
"K01455","K01724",0.609416785206259,"Positive"
"K01455","K01796",0.657809388335704,"Positive"
"K01455","K01800",0.688421052631579,"Positive"
"K01455","K01856",0.71624466571835,"Positive"
"K01455","K01959",0.839487908961593,"Positive"
"K01455","K01960",0.670839260312944,"Positive"
"K01455","K01971",0.620369843527738,"Positive"
"K01455","K02228",0.783072546230441,"Positive"
"K01455","K02258",0.625576102418208,"Positive"
"K01455","K02275",0.60927453769559,"Positive"
"K01455","K02276",0.601820768136558,"Positive"
"K01455","K02305",0.630042674253201,"Positive"
"K01455","K02362",0.685177809388336,"Positive"
"K01455","K02848",0.686714082503556,"Positive"
"K01455","K03381",0.715675675675676,"Positive"
"K01455","K03464",0.690384068278805,"Positive"
"K01455","K03972",0.664011379800853,"Positive"
"K01455","K04561",0.602674253200569,"Positive"
"K01455","K05549",0.769701280227596,"Positive"
"K01455","K05550",0.769701280227596,"Positive"
"K01455","K05783",0.769701280227596,"Positive"
"K01455","K05784",0.769701280227596,"Positive"
"K01455","K06597",0.700512091038407,"Positive"
"K01455","K06598",0.722019914651494,"Positive"
"K01455","K06718",0.825661450924609,"Positive"
"K01455","K06720",0.825661450924609,"Positive"
"K01455","K06985",0.656728307254623,"Positive"
"K01455","K07810",0.674395448079659,"Positive"
"K01455","K07823",0.826770981507824,"Positive"
"K01455","K10125",0.750839260312945,"Positive"
"K01455","K10126",0.750753911806543,"Positive"
"K01455","K10229",0.639032716927454,"Positive"
"K01455","K10941",0.722019914651494,"Positive"
"K01455","K10942",0.841166429587482,"Positive"
"K01455","K10943",0.774623044096728,"Positive"
"K01455","K10979",0.636870554765292,"Positive"
"K01455","K11384",0.836187766714082,"Positive"
"K01455","K11472",0.740199146514936,"Positive"
"K01455","K11473",0.745291607396871,"Positive"
"K01455","K11688",0.814992887624467,"Positive"
"K01455","K11689",0.685206258890469,"Positive"
"K01455","K12254",0.836187766714082,"Positive"
"K01455","K12976",0.74022759601707,"Positive"
"K01455","K13541",0.793598862019915,"Positive"
"K01455","K13590",0.742731152204836,"Positive"
"K01455","K13938",0.628221906116643,"Positive"
"K01455","K13954",0.627226173541963,"Positive"
"K01455","K14268",0.767852062588905,"Positive"
"K01455","K14335",0.638833570412518,"Positive"
"K01455","K15371",0.665945945945946,"Positive"
"K01455","K15373",0.745234708392603,"Positive"
"K01455","K15408",0.74927453769559,"Positive"
"K01455","K15864",0.607709815078236,"Positive"
"K01455","K16171",0.602076813655761,"Positive"
"K01455","K17226",0.835704125177809,"Positive"
"K01455","K17315",0.8150213371266,"Positive"
"K01455","K17316",0.814338549075391,"Positive"
"K01455","K17317",0.814338549075391,"Positive"
"K01455","K18135",0.841507823613087,"Positive"
"K01455","K18291",0.767482219061166,"Positive"
"K01455","K18292",0.822446657183499,"Positive"
"K01455","K18930",0.64927453769559,"Positive"
"K01455","K18981",0.86972972972973,"Positive"
"K01455","K19341",0.650384068278805,"Positive"
"K01455","K19609",0.859203413940256,"Positive"
"K01455","K19610",0.859203413940256,"Positive"
"K01455","K19696",0.700512091038407,"Positive"
"K01455","K19713",0.731522048364154,"Positive"
"K01457","K01470",0.750953058321479,"Positive"
"K01457","K01576",0.735391180654339,"Positive"
"K01457","K01659",0.781394025604552,"Positive"
"K01457","K01676",0.65701280227596,"Positive"
"K01457","K01692",0.706429587482219,"Positive"
"K01457","K01720",0.697837837837838,"Positive"
"K01457","K01941",0.989701280227596,"Positive"
"K01457","K02259",0.711123755334282,"Positive"
"K01457","K03205",0.613513513513513,"Positive"
"K01457","K03638",0.806230440967283,"Positive"
"K01457","K03735",0.625889046941679,"Positive"
"K01457","K03736",0.625889046941679,"Positive"
"K01457","K07141",0.745007112375533,"Positive"
"K01457","K07165",0.619402560455192,"Positive"
"K01457","K07248",0.64574679943101,"Positive"
"K01457","K07250",0.73172119487909,"Positive"
"K01457","K07708",0.614537695590327,"Positive"
"K01457","K08738",0.664495021337127,"Positive"
"K01457","K10806",0.662930298719772,"Positive"
"K01457","K11645",0.702048364153627,"Positive"
"K01457","K13481",0.80574679943101,"Positive"
"K01457","K13482",0.806543385490754,"Positive"
"K01458","K01761",0.801479374110953,"Positive"
"K01458","K01768",0.981507823613087,"Positive"
"K01458","K02274",0.960142247510669,"Positive"
"K01458","K03119",0.961906116642959,"Positive"
"K01458","K03782",0.767624466571835,"Positive"
"K01458","K03862",0.695988620199147,"Positive"
"K01458","K05297",0.954281650071124,"Positive"
"K01458","K08325",0.764950213371266,"Positive"
"K01458","K09688",0.797126600284495,"Positive"
"K01458","K09689",0.791152204836415,"Positive"
"K01458","K10107",0.796642958748222,"Positive"
"K01458","K12979",0.768449502133713,"Positive"
"K01458","K13940",0.981280227596017,"Positive"
"K01458","K18240",0.78551920341394,"Positive"
"K01460","K03077",0.626344238975818,"Positive"
"K01460","K03788",0.632119487908962,"Positive"
"K01460","K07308",0.680597439544808,"Positive"
"K01460","K08349",0.760739687055477,"Positive"
"K01460","K13497",0.627112375533428,"Positive"
"K01464","K01684",0.628762446657184,"Positive"
"K01464","K03196",0.681877667140825,"Positive"
"K01464","K03198",0.661678520625889,"Positive"
"K01464","K03199",0.651806543385491,"Positive"
"K01464","K03204",0.660028449502134,"Positive"
"K01464","K06016",0.702674253200569,"Positive"
"K01464","K10228",0.708847795163585,"Positive"
"K01467","K01598",0.724551920341394,"Positive"
"K01467","K01922",0.724551920341394,"Positive"
"K01467","K02746",0.753741109530583,"Positive"
"K01467","K04516",0.688534850640114,"Positive"
"K01467","K05362",0.724722617354196,"Positive"
"K01467","K05363",0.729644381223329,"Positive"
"K01467","K11041",0.753570412517781,"Positive"
"K01467","K11617",0.699174964438122,"Positive"
"K01467","K12296",0.761166429587482,"Positive"
"K01467","K12554",0.654196301564723,"Positive"
"K01467","K12556",0.724551920341394,"Positive"
"K01467","K13677",0.605889046941679,"Positive"
"K01468","K01479",0.878463726884779,"Positive"
"K01468","K01484",0.656500711237553,"Positive"
"K01468","K01712",0.999032716927454,"Positive"
"K01468","K01745",0.963357041251778,"Positive"
"K01468","K01750",0.619374110953058,"Positive"
"K01468","K01782",0.606941678520626,"Positive"
"K01468","K01815",0.777098150782361,"Positive"
"K01468","K02779",0.753314366998578,"Positive"
"K01468","K02805",0.616842105263158,"Positive"
"K01468","K03184",0.681507823613087,"Positive"
"K01468","K05874",0.692204836415363,"Positive"
"K01468","K06447",0.650184921763869,"Positive"
"K01468","K07264",0.605718349928876,"Positive"
"K01468","K12974",0.653769559032717,"Positive"
"K01468","K12975",0.648933143669986,"Positive"
"K01470","K01476",0.650640113798009,"Positive"
"K01470","K01576",0.673513513513514,"Positive"
"K01470","K01659",0.685945945945946,"Positive"
"K01470","K01692",0.821621621621622,"Positive"
"K01470","K01720",0.67578947368421,"Positive"
"K01470","K01941",0.723328591749644,"Positive"
"K01470","K02225",0.624295874822191,"Positive"
"K01470","K02230",0.608620199146515,"Positive"
"K01470","K02259",0.872745376955903,"Positive"
"K01470","K03205",0.686458036984353,"Positive"
"K01470","K03638",0.759857752489331,"Positive"
"K01470","K03735",0.671180654338549,"Positive"
"K01470","K03736",0.671180654338549,"Positive"
"K01470","K07141",0.69126600284495,"Positive"
"K01470","K07165",0.734935988620199,"Positive"
"K01470","K07248",0.668421052631579,"Positive"
"K01470","K07250",0.638662873399716,"Positive"
"K01470","K07347",-0.60398293029872,"Negative"
"K01470","K08261",0.701137980085349,"Positive"
"K01470","K08738",0.877211948790896,"Positive"
"K01470","K08967",0.603442389758179,"Positive"
"K01470","K13472",0.623072546230441,"Positive"
"K01470","K13481",0.889786628733997,"Positive"
"K01470","K13482",0.88950213371266,"Positive"
"K01470","K18889",-0.609416785206259,"Negative"
"K01470","K18890",-0.609416785206259,"Negative"
"K01470","K19743",0.708990042674253,"Positive"
"K01473","K01474",1,"Positive"
"K01473","K06016",0.635675675675676,"Positive"
"K01473","K07344",0.607339971550498,"Positive"
"K01473","K10218",0.703698435277383,"Positive"
"K01474","K06016",0.635675675675676,"Positive"
"K01474","K07344",0.607339971550498,"Positive"
"K01474","K10218",0.703698435277383,"Positive"
"K01476","K01576",0.624352773826458,"Positive"
"K01476","K01659",0.619459459459459,"Positive"
"K01476","K01720",0.827055476529161,"Positive"
"K01476","K02259",0.752773826458037,"Positive"
"K01476","K03205",0.605832147937411,"Positive"
"K01476","K07165",0.786287339971551,"Positive"
"K01476","K07215",0.60199146514936,"Positive"
"K01476","K07250",0.605064011379801,"Positive"
"K01476","K08261",0.601337126600284,"Positive"
"K01476","K08738",0.617951635846373,"Positive"
"K01476","K09758",0.638179231863442,"Positive"
"K01476","K11645",0.614679943100996,"Positive"
"K01476","K13408",0.614822190611664,"Positive"
"K01476","K13481",0.606258890469417,"Positive"
"K01476","K13482",0.60950213371266,"Positive"
"K01476","K19743",0.676955903271693,"Positive"
"K01477","K01483",0.908193456614509,"Positive"
"K01477","K01596",0.641735419630156,"Positive"
"K01477","K02657",0.84321479374111,"Positive"
"K01477","K02658",0.825547652916074,"Positive"
"K01477","K02659",0.866401137980085,"Positive"
"K01477","K02660",0.866401137980085,"Positive"
"K01477","K04565",0.615732574679943,"Positive"
"K01477","K06134",0.779800853485064,"Positive"
"K01477","K06596",0.850554765291607,"Positive"
"K01477","K07644",0.776699857752489,"Positive"
"K01477","K07665",0.772147937411095,"Positive"
"K01477","K09018",0.710156472261735,"Positive"
"K01477","K09020",0.617581792318634,"Positive"
"K01477","K09021",0.710156472261735,"Positive"
"K01477","K09023",0.710156472261735,"Positive"
"K01477","K11959",0.609843527738265,"Positive"
"K01477","K11961",0.60475106685633,"Positive"
"K01477","K13522",0.635163584637269,"Positive"
"K01477","K13745",0.793598862019915,"Positive"
"K01477","K14159",0.62475106685633,"Positive"
"K01477","K14475",0.880369843527738,"Positive"
"K01477","K16692",0.747226173541963,"Positive"
"K01477","K18137",0.62475106685633,"Positive"
"K01477","K18147",0.62475106685633,"Positive"
"K01479","K01484",0.735846372688478,"Positive"
"K01479","K01585",0.607453769559033,"Positive"
"K01479","K01712",0.877695590327169,"Positive"
"K01479","K01745",0.845348506401138,"Positive"
"K01479","K01782",0.730469416785206,"Positive"
"K01479","K01815",0.869103840682788,"Positive"
"K01479","K02345",0.66551920341394,"Positive"
"K01479","K02402",0.665803698435277,"Positive"
"K01479","K02403",0.6724893314367,"Positive"
"K01479","K02472",0.65977240398293,"Positive"
"K01479","K02779",0.844039829302987,"Positive"
"K01479","K02805",0.69624466571835,"Positive"
"K01479","K02852",0.661052631578947,"Positive"
"K01479","K03184",0.784011379800853,"Positive"
"K01479","K05368",0.661052631578947,"Positive"
"K01479","K05874",0.787140825035562,"Positive"
"K01479","K05939",0.6075106685633,"Positive"
"K01479","K06080",0.661052631578947,"Positive"
"K01479","K06447",0.732347083926031,"Positive"
"K01479","K07251",0.661052631578947,"Positive"
"K01479","K07264",0.681792318634424,"Positive"
"K01479","K07676",0.661052631578947,"Positive"
"K01479","K07677",0.650128022759602,"Positive"
"K01479","K07687",0.668108108108108,"Positive"
"K01479","K07689",0.662560455192034,"Positive"
"K01479","K07711",0.665490753911807,"Positive"
"K01479","K07715",0.664864864864865,"Positive"
"K01479","K07771",0.665860597439545,"Positive"
"K01479","K07806",0.671977240398293,"Positive"
"K01479","K08682",0.650981507823613,"Positive"
"K01479","K10011",0.666827880512091,"Positive"
"K01479","K10012",0.671977240398293,"Positive"
"K01479","K12369",0.610241820768137,"Positive"
"K01479","K12370",0.610241820768137,"Positive"
"K01479","K12371",0.610241820768137,"Positive"
"K01479","K12372",0.610241820768137,"Positive"
"K01479","K12524",0.635761024182077,"Positive"
"K01479","K12525",0.661052631578947,"Positive"
"K01479","K12582",0.661052631578947,"Positive"
"K01479","K12962",0.671977240398293,"Positive"
"K01479","K12963",0.671977240398293,"Positive"
"K01479","K12974",0.732318634423898,"Positive"
"K01479","K12975",0.724580369843528,"Positive"
"K01479","K13014",0.671977240398293,"Positive"
"K01479","K13301",0.661052631578947,"Positive"
"K01479","K16704",0.661052631578947,"Positive"
"K01479","K19222",0.661507823613087,"Positive"
"K01479","K19226",0.661735419630156,"Positive"
"K01479","K19270",0.649246088193457,"Positive"
"K01480","K03150",0.662475106685633,"Positive"
"K01480","K05601",0.637894736842105,"Positive"
"K01483","K01596",0.632972972972973,"Positive"
"K01483","K01826",0.642873399715505,"Positive"
"K01483","K02657",0.885320056899004,"Positive"
"K01483","K02658",0.862133712660028,"Positive"
"K01483","K02659",0.893940256045519,"Positive"
"K01483","K02660",0.893940256045519,"Positive"
"K01483","K04565",0.669132290184922,"Positive"
"K01483","K06134",0.82221906116643,"Positive"
"K01483","K06596",0.897439544807966,"Positive"
"K01483","K07644",0.781678520625889,"Positive"
"K01483","K07665",0.774623044096728,"Positive"
"K01483","K09018",0.627197724039829,"Positive"
"K01483","K09021",0.627197724039829,"Positive"
"K01483","K09023",0.627197724039829,"Positive"
"K01483","K11959",0.629587482219061,"Positive"
"K01483","K11961",0.630156472261735,"Positive"
"K01483","K13522",0.62221906116643,"Positive"
"K01483","K13745",0.779971550497866,"Positive"
"K01483","K14159",0.609701280227596,"Positive"
"K01483","K14475",0.820938833570413,"Positive"
"K01483","K16692",0.715988620199147,"Positive"
"K01483","K18137",0.609701280227596,"Positive"
"K01483","K18147",0.609701280227596,"Positive"
"K01484","K01585",0.633741109530583,"Positive"
"K01484","K01712",0.654708392603129,"Positive"
"K01484","K01745",0.635590327169275,"Positive"
"K01484","K01782",0.751351351351351,"Positive"
"K01484","K01815",0.648819345661451,"Positive"
"K01484","K02345",0.810156472261735,"Positive"
"K01484","K02361",0.622190611664296,"Positive"
"K01484","K02402",0.910611664295875,"Positive"
"K01484","K02403",0.910298719772404,"Positive"
"K01484","K02423",0.789217638691323,"Positive"
"K01484","K02439",0.706145092460882,"Positive"
"K01484","K02446",0.647652916073969,"Positive"
"K01484","K02472",0.799573257467994,"Positive"
"K01484","K02566",0.641137980085349,"Positive"
"K01484","K02779",0.732830725462304,"Positive"
"K01484","K02805",0.850611664295875,"Positive"
"K01484","K02849",0.653655761024182,"Positive"
"K01484","K02852",0.799857752489331,"Positive"
"K01484","K03087",0.614566145092461,"Positive"
"K01484","K03184",0.831891891891892,"Positive"
"K01484","K03414",0.610640113798009,"Positive"
"K01484","K03472",0.6075106685633,"Positive"
"K01484","K05368",0.799857752489331,"Positive"
"K01484","K05526",0.735391180654339,"Positive"
"K01484","K05874",0.852091038406828,"Positive"
"K01484","K05875",0.634736842105263,"Positive"
"K01484","K05939",0.669046941678521,"Positive"
"K01484","K06080",0.799857752489331,"Positive"
"K01484","K06445",0.659146514935989,"Positive"
"K01484","K06447",0.996358463726885,"Positive"
"K01484","K07251",0.799857752489331,"Positive"
"K01484","K07264",0.778947368421053,"Positive"
"K01484","K07637",0.609871977240398,"Positive"
"K01484","K07648",0.619800853485064,"Positive"
"K01484","K07660",0.609900426742532,"Positive"
"K01484","K07676",0.799857752489331,"Positive"
"K01484","K07677",0.792119487908962,"Positive"
"K01484","K07687",0.801820768136558,"Positive"
"K01484","K07689",0.803300142247511,"Positive"
"K01484","K07711",0.927254623044097,"Positive"
"K01484","K07715",0.809758179231863,"Positive"
"K01484","K07771",0.751834992887624,"Positive"
"K01484","K07773",0.619800853485064,"Positive"
"K01484","K07806",0.76574679943101,"Positive"
"K01484","K08682",0.785547652916074,"Positive"
"K01484","K10011",0.761849217638691,"Positive"
"K01484","K10012",0.76574679943101,"Positive"
"K01484","K11891",0.633086770981508,"Positive"
"K01484","K11892",0.632972972972973,"Positive"
"K01484","K11893",0.630355618776671,"Positive"
"K01484","K12152",0.619658605974395,"Positive"
"K01484","K12368",0.625177809388336,"Positive"
"K01484","K12369",0.640455192034139,"Positive"
"K01484","K12370",0.640455192034139,"Positive"
"K01484","K12371",0.640455192034139,"Positive"
"K01484","K12372",0.640455192034139,"Positive"
"K01484","K12525",0.799857752489331,"Positive"
"K01484","K12582",0.799857752489331,"Positive"
"K01484","K12962",0.76574679943101,"Positive"
"K01484","K12963",0.76574679943101,"Positive"
"K01484","K12973",0.669075391180654,"Positive"
"K01484","K12974",0.847339971550498,"Positive"
"K01484","K12975",0.838036984352774,"Positive"
"K01484","K13014",0.76574679943101,"Positive"
"K01484","K13301",0.799857752489331,"Positive"
"K01484","K16704",0.799857752489331,"Positive"
"K01484","K18889",0.79402560455192,"Positive"
"K01484","K18890",0.79402560455192,"Positive"
"K01484","K19222",0.795334281650071,"Positive"
"K01484","K19226",0.8,"Positive"
"K01484","K19236",0.651891891891892,"Positive"
"K01484","K19270",0.719573257467994,"Positive"
"K01501","K02453",0.696813655761024,"Positive"
"K01501","K02455",0.734366998577525,"Positive"
"K01501","K07693",0.614281650071124,"Positive"
"K01501","K07778",0.613172119487909,"Positive"
"K01502","K01596",0.666145092460882,"Positive"
"K01502","K03863",0.611749644381223,"Positive"
"K01502","K11931",0.651066856330014,"Positive"
"K01502","K13522",0.663157894736842,"Positive"
"K01502","K14159",0.738520625889047,"Positive"
"K01502","K16842",0.640825035561878,"Positive"
"K01502","K17228",0.704694167852063,"Positive"
"K01502","K18137",0.738520625889047,"Positive"
"K01502","K18147",0.738520625889047,"Positive"
"K01505","K01551",0.607766714082504,"Positive"
"K01505","K01608",0.768364153627311,"Positive"
"K01505","K01707",0.663300142247511,"Positive"
"K01505","K01796",0.696187766714083,"Positive"
"K01505","K01800",0.663698435277383,"Positive"
"K01505","K01959",0.603157894736842,"Positive"
"K01505","K01960",0.799743954480797,"Positive"
"K01505","K02362",0.640170697012802,"Positive"
"K01505","K02848",0.778406827880512,"Positive"
"K01505","K03405",0.611692745376956,"Positive"
"K01505","K03464",0.637268847795164,"Positive"
"K01505","K03972",0.626401137980085,"Positive"
"K01505","K04561",0.603669985775249,"Positive"
"K01505","K06001",0.715106685633001,"Positive"
"K01505","K07516",0.676159317211949,"Positive"
"K01505","K11472",0.624068278805121,"Positive"
"K01505","K11473",0.624295874822191,"Positive"
"K01505","K11688",0.605917496443812,"Positive"
"K01505","K12976",0.684551920341394,"Positive"
"K01505","K13590",0.676899004267425,"Positive"
"K01505","K15864",0.62896159317212,"Positive"
"K01505","K18135",0.616756756756757,"Positive"
"K01505","K18930",0.783385490753912,"Positive"
"K01505","K19341",0.702816500711238,"Positive"
"K01505","K19713",0.76896159317212,"Positive"
"K01521","K01546",0.600369843527738,"Positive"
"K01521","K01548",0.600369843527738,"Positive"
"K01521","K01825",0.62298719772404,"Positive"
"K01521","K02258",-0.608477951635846,"Negative"
"K01521","K03473",0.635220483641536,"Positive"
"K01521","K04093",0.728449502133713,"Positive"
"K01521","K07345",0.783698435277383,"Positive"
"K01521","K07347",0.796443812233286,"Positive"
"K01521","K07642",0.647055476529161,"Positive"
"K01521","K07664",0.648335704125178,"Positive"
"K01521","K07678",0.639431009957326,"Positive"
"K01521","K08484",0.60199146514936,"Positive"
"K01521","K08485",0.815789473684211,"Positive"
"K01521","K09913",0.609559032716927,"Positive"
"K01521","K10001",0.602247510668563,"Positive"
"K01521","K10014",0.844125177809388,"Positive"
"K01521","K10015",0.873058321479374,"Positive"
"K01521","K10016",0.85800853485064,"Positive"
"K01521","K10017",0.873968705547653,"Positive"
"K01521","K10026",0.607539118065434,"Positive"
"K01521","K10036",0.806543385490754,"Positive"
"K01521","K10037",0.873712660028449,"Positive"
"K01521","K10038",0.87271692745377,"Positive"
"K01521","K12339",0.612745376955903,"Positive"
"K01521","K13378",0.69072546230441,"Positive"
"K01546","K01547",0.997980085348506,"Positive"
"K01546","K01548",1,"Positive"
"K01546","K01638",0.737069701280228,"Positive"
"K01546","K01825",0.69371266002845,"Positive"
"K01546","K02053",0.63778093883357,"Positive"
"K01546","K03181",0.632773826458037,"Positive"
"K01546","K03473",0.708534850640114,"Positive"
"K01546","K03566",0.607482219061166,"Positive"
"K01546","K07646",0.783926031294452,"Positive"
"K01546","K07667",0.796927453769559,"Positive"
"K01546","K07678",0.706770981507824,"Positive"
"K01546","K08484",0.666116642958748,"Positive"
"K01546","K09913",0.699715504978663,"Positive"
"K01546","K10026",0.660142247510669,"Positive"
"K01546","K10804",0.769615931721195,"Positive"
"K01546","K12339",0.705917496443812,"Positive"
"K01546","K13378",0.603869132290185,"Positive"
"K01547","K01548",0.997980085348506,"Positive"
"K01547","K01638",0.733200568990043,"Positive"
"K01547","K01825",0.687083926031294,"Positive"
"K01547","K02053",0.639345661450925,"Positive"
"K01547","K03181",0.624182076813656,"Positive"
"K01547","K03473",0.700056899004267,"Positive"
"K01547","K03566",0.613285917496444,"Positive"
"K01547","K07646",0.783157894736842,"Positive"
"K01547","K07667",0.7924893314367,"Positive"
"K01547","K07678",0.701109530583215,"Positive"
"K01547","K08484",0.660085348506401,"Positive"
"K01547","K09913",0.6924893314367,"Positive"
"K01547","K10026",0.654736842105263,"Positive"
"K01547","K10804",0.766571834992888,"Positive"
"K01547","K12339",0.698406827880512,"Positive"
"K01548","K01638",0.737069701280228,"Positive"
"K01548","K01825",0.69371266002845,"Positive"
"K01548","K02053",0.63778093883357,"Positive"
"K01548","K03181",0.632773826458037,"Positive"
"K01548","K03473",0.708534850640114,"Positive"
"K01548","K03566",0.607482219061166,"Positive"
"K01548","K07646",0.783926031294452,"Positive"
"K01548","K07667",0.796927453769559,"Positive"
"K01548","K07678",0.706770981507824,"Positive"
"K01548","K08484",0.666116642958748,"Positive"
"K01548","K09913",0.699715504978663,"Positive"
"K01548","K10026",0.660142247510669,"Positive"
"K01548","K10804",0.769615931721195,"Positive"
"K01548","K12339",0.705917496443812,"Positive"
"K01548","K13378",0.603869132290185,"Positive"
"K01551","K01573",0.751351351351351,"Positive"
"K01551","K01608",0.717268847795164,"Positive"
"K01551","K01796",0.66176386913229,"Positive"
"K01551","K01856",0.674423897581792,"Positive"
"K01551","K01959",0.77027027027027,"Positive"
"K01551","K01960",0.821507823613087,"Positive"
"K01551","K02305",0.632176386913229,"Positive"
"K01551","K02848",0.829672830725462,"Positive"
"K01551","K03381",0.672916073968706,"Positive"
"K01551","K03464",0.654224751066856,"Positive"
"K01551","K03972",0.660085348506401,"Positive"
"K01551","K04335",0.639829302987198,"Positive"
"K01551","K04561",0.623044096728307,"Positive"
"K01551","K05343",0.67402560455192,"Positive"
"K01551","K05549",0.735903271692745,"Positive"
"K01551","K05550",0.735903271692745,"Positive"
"K01551","K05783",0.735903271692745,"Positive"
"K01551","K05784",0.735903271692745,"Positive"
"K01551","K06001",0.67547652916074,"Positive"
"K01551","K07589",0.791692745376956,"Positive"
"K01551","K07810",0.776273115220484,"Positive"
"K01551","K07823",0.755362731152205,"Positive"
"K01551","K10125",0.686657183499289,"Positive"
"K01551","K10126",0.686145092460882,"Positive"
"K01551","K10942",0.765263157894737,"Positive"
"K01551","K10943",0.702617354196302,"Positive"
"K01551","K11384",0.766628733997155,"Positive"
"K01551","K11689",0.659544807965861,"Positive"
"K01551","K12254",0.766628733997155,"Positive"
"K01551","K13541",0.719260312944523,"Positive"
"K01551","K13590",0.682930298719772,"Positive"
"K01551","K14268",0.834452347083926,"Positive"
"K01551","K15408",0.687823613086771,"Positive"
"K01551","K16370",0.767709815078236,"Positive"
"K01551","K17226",0.765945945945946,"Positive"
"K01551","K17315",0.738549075391181,"Positive"
"K01551","K17316",0.737980085348506,"Positive"
"K01551","K17317",0.737980085348506,"Positive"
"K01551","K18291",0.689217638691323,"Positive"
"K01551","K18930",0.79371266002845,"Positive"
"K01551","K18981",0.802645803698435,"Positive"
"K01551","K19341",0.61271692745377,"Positive"
"K01551","K19609",0.813200568990043,"Positive"
"K01551","K19610",0.813200568990043,"Positive"
"K01551","K19713",0.682048364153627,"Positive"
"K01556","K01715",0.718492176386913,"Positive"
"K01556","K01947",0.669786628733997,"Positive"
"K01556","K04782",0.672802275960171,"Positive"
"K01556","K06013",0.890953058321479,"Positive"
"K01556","K07226",0.721052631578947,"Positive"
"K01556","K07710",0.768762446657184,"Positive"
"K01556","K07714",0.768762446657184,"Positive"
"K01556","K08324",0.643385490753912,"Positive"
"K01556","K11003",0.880938833570412,"Positive"
"K01556","K11004",0.880938833570412,"Positive"
"K01556","K12256",0.749928876244666,"Positive"
"K01556","K12688",0.785405405405405,"Positive"
"K01556","K14026",0.785405405405405,"Positive"
"K01556","K18133",0.669786628733997,"Positive"
"K01556","K18148",0.899345661450925,"Positive"
"K01556","K18369",0.682617354196302,"Positive"
"K01561","K01630",0.690583214793741,"Positive"
"K01561","K02364",0.624295874822191,"Positive"
"K01561","K02753",0.635960170697013,"Positive"
"K01561","K03223",0.634110953058321,"Positive"
"K01561","K03649",0.67425320056899,"Positive"
"K01561","K06159",0.725604551920341,"Positive"
"K01561","K06606",0.758605974395448,"Positive"
"K01561","K07246",0.70421052631579,"Positive"
"K01561","K07674",0.637524893314367,"Positive"
"K01561","K07679",0.746401137980085,"Positive"
"K01561","K07688",0.744352773826458,"Positive"
"K01561","K07690",0.927937411095306,"Positive"
"K01561","K07701",0.706116642958748,"Positive"
"K01561","K07703",0.69800853485064,"Positive"
"K01561","K07781",0.614281650071124,"Positive"
"K01561","K07782",0.707254623044097,"Positive"
"K01561","K08322",0.726941678520626,"Positive"
"K01561","K08351",0.639317211948791,"Positive"
"K01561","K09470",0.627140825035562,"Positive"
"K01561","K09473",0.643840682788051,"Positive"
"K01561","K10218",0.61678520625889,"Positive"
"K01561","K10537",0.603954480796586,"Positive"
"K01561","K10538",0.603954480796586,"Positive"
"K01561","K10539",0.603954480796586,"Positive"
"K01561","K11890",0.641251778093883,"Positive"
"K01561","K13529",0.658691322901849,"Positive"
"K01561","K13574",0.70398293029872,"Positive"
"K01561","K14051",0.638748221906117,"Positive"
"K01561","K15598",0.620967283072546,"Positive"
"K01561","K15599",0.620967283072546,"Positive"
"K01561","K15600",0.632830725462304,"Positive"
"K01561","K16703",0.600028449502134,"Positive"
"K01561","K16710",0.600028449502134,"Positive"
"K01561","K17202",0.769445234708393,"Positive"
"K01561","K17203",0.769445234708393,"Positive"
"K01561","K17204",0.769445234708393,"Positive"
"K01561","K17213",0.78199146514936,"Positive"
"K01561","K17214",0.761251778093883,"Positive"
"K01561","K17215",0.761251778093883,"Positive"
"K01561","K18324",0.616529160739687,"Positive"
"K01561","K18326",0.633997155049787,"Positive"
"K01561","K19354",0.733741109530583,"Positive"
"K01571","K01628",0.634736842105263,"Positive"
"K01571","K01654",0.657126600284495,"Positive"
"K01571","K01677",0.647226173541963,"Positive"
"K01571","K01678",0.647226173541963,"Positive"
"K01571","K01847",0.645803698435277,"Positive"
"K01571","K01848",0.631209103840683,"Positive"
"K01571","K01849",0.631209103840683,"Positive"
"K01571","K01906",0.642617354196302,"Positive"
"K01571","K01912",0.630640113798009,"Positive"
"K01571","K01960",0.616500711237553,"Positive"
"K01571","K02006",0.630611664295875,"Positive"
"K01571","K02614",0.832972972972973,"Positive"
"K01571","K02765",0.713314366998578,"Positive"
"K01571","K03340",0.662645803698435,"Positive"
"K01571","K03405",0.91701280227596,"Positive"
"K01571","K03410",0.695817923186344,"Positive"
"K01571","K03429",0.652318634423898,"Positive"
"K01571","K03620",0.672916073968706,"Positive"
"K01571","K06001",0.63647226173542,"Positive"
"K01571","K06208",0.647226173541963,"Positive"
"K01571","K06281",0.650071123755334,"Positive"
"K01571","K06282",0.650071123755334,"Positive"
"K01571","K07588",0.691863442389758,"Positive"
"K01571","K07590",0.652944523470839,"Positive"
"K01571","K07704",0.620967283072546,"Positive"
"K01571","K07717",0.600625889046942,"Positive"
"K01571","K07719",0.600625889046942,"Positive"
"K01571","K07720",0.607624466571835,"Positive"
"K01571","K08384",0.647226173541963,"Positive"
"K01571","K10206",0.655163584637269,"Positive"
"K01571","K11358",0.627880512091038,"Positive"
"K01571","K11690",0.879459459459459,"Positive"
"K01571","K11782",0.638065433854908,"Positive"
"K01571","K11784",0.638065433854908,"Positive"
"K01571","K12960",0.731891891891892,"Positive"
"K01571","K13747",0.707994310099573,"Positive"
"K01571","K13818",0.624153627311522,"Positive"
"K01571","K15792",0.627083926031294,"Positive"
"K01571","K16651",0.63448079658606,"Positive"
"K01571","K18285",0.638862019914652,"Positive"
"K01571","K19509",0.657581792318634,"Positive"
"K01573","K01608",0.741308677098151,"Positive"
"K01573","K01796",0.697610241820768,"Positive"
"K01573","K01856",0.817581792318634,"Positive"
"K01573","K01959",0.853854907539118,"Positive"
"K01573","K01960",0.818349928876245,"Positive"
"K01573","K02305",0.668392603129445,"Positive"
"K01573","K02848",0.831664295874822,"Positive"
"K01573","K03381",0.815078236130868,"Positive"
"K01573","K03464",0.771408250355619,"Positive"
"K01573","K03972",0.719914651493599,"Positive"
"K01573","K04335",0.61172119487909,"Positive"
"K01573","K04561",0.643812233285918,"Positive"
"K01573","K05343",0.69800853485064,"Positive"
"K01573","K05549",0.883698435277383,"Positive"
"K01573","K05550",0.883698435277383,"Positive"
"K01573","K05783",0.883698435277383,"Positive"
"K01573","K05784",0.883698435277383,"Positive"
"K01573","K06001",0.653968705547653,"Positive"
"K01573","K06598",0.605945945945946,"Positive"
"K01573","K06985",0.691578947368421,"Positive"
"K01573","K07589",0.790753911806543,"Positive"
"K01573","K07810",0.795049786628734,"Positive"
"K01573","K07823",0.840455192034139,"Positive"
"K01573","K10125",0.8025320056899,"Positive"
"K01573","K10126",0.801877667140825,"Positive"
"K01573","K10941",0.605945945945946,"Positive"
"K01573","K10942",0.858890469416785,"Positive"
"K01573","K10943",0.828250355618777,"Positive"
"K01573","K11384",0.853826458036984,"Positive"
"K01573","K11688",0.623357041251778,"Positive"
"K01573","K11689",0.723726884779516,"Positive"
"K01573","K12254",0.853826458036984,"Positive"
"K01573","K13541",0.806145092460882,"Positive"
"K01573","K13590",0.782361308677098,"Positive"
"K01573","K14268",0.791322901849218,"Positive"
"K01573","K15408",0.818349928876245,"Positive"
"K01573","K15864",0.654879089615932,"Positive"
"K01573","K16370",0.703385490753912,"Positive"
"K01573","K17226",0.85325746799431,"Positive"
"K01573","K17315",0.824324324324324,"Positive"
"K01573","K17316",0.824950213371266,"Positive"
"K01573","K17317",0.824950213371266,"Positive"
"K01573","K18135",0.668364153627311,"Positive"
"K01573","K18291",0.784438122332859,"Positive"
"K01573","K18930",0.809871977240398,"Positive"
"K01573","K18981",0.878492176386913,"Positive"
"K01573","K19341",0.647140825035562,"Positive"
"K01573","K19609",0.88,"Positive"
"K01573","K19610",0.88,"Positive"
"K01573","K19713",0.742816500711238,"Positive"
"K01576","K01659",0.603100995732575,"Positive"
"K01576","K01720",0.819032716927454,"Positive"
"K01576","K01941",0.749871977240398,"Positive"
"K01576","K02259",0.637382645803698,"Positive"
"K01576","K03205",0.732347083926031,"Positive"
"K01576","K03638",0.722275960170697,"Positive"
"K01576","K03735",0.63724039829303,"Positive"
"K01576","K03736",0.63724039829303,"Positive"
"K01576","K07215",0.720540540540541,"Positive"
"K01576","K07248",0.631806543385491,"Positive"
"K01576","K07250",0.798719772403983,"Positive"
"K01576","K08261",0.799317211948791,"Positive"
"K01576","K09690",0.63271692745377,"Positive"
"K01576","K09691",0.63271692745377,"Positive"
"K01576","K09758",0.621507823613087,"Positive"
"K01576","K11645",0.805035561877667,"Positive"
"K01576","K13408",0.681394025604552,"Positive"
"K01576","K13409",0.688364153627312,"Positive"
"K01576","K13472",0.733456614509246,"Positive"
"K01576","K13481",0.770640113798009,"Positive"
"K01576","K13482",0.764210526315789,"Positive"
"K01576","K13485",0.610554765291607,"Positive"
"K01576","K19743",0.702844950213371,"Positive"
"K01579","K01610",0.61624466571835,"Positive"
"K01579","K02010",0.653570412517781,"Positive"
"K01579","K02011",0.657809388335704,"Positive"
"K01579","K02012",0.698093883357041,"Positive"
"K01579","K02398",0.705803698435277,"Positive"
"K01579","K02411",0.646486486486486,"Positive"
"K01579","K02474",0.610440967283073,"Positive"
"K01579","K03415",0.681507823613087,"Positive"
"K01579","K03563",0.677553342816501,"Positive"
"K01579","K11755",0.664779516358464,"Positive"
"K01582","K01630",0.878605974395448,"Positive"
"K01582","K02317",0.826856330014225,"Positive"
"K01582","K02364",0.614281650071124,"Positive"
"K01582","K02609",0.608364153627312,"Positive"
"K01582","K02610",0.608364153627312,"Positive"
"K01582","K02611",0.608364153627312,"Positive"
"K01582","K02612",0.608364153627312,"Positive"
"K01582","K02753",0.8574679943101,"Positive"
"K01582","K02791",0.683698435277383,"Positive"
"K01582","K03335",0.608591749644381,"Positive"
"K01582","K03336",0.781166429587482,"Positive"
"K01582","K03337",0.804836415362731,"Positive"
"K01582","K03338",0.804836415362731,"Positive"
"K01582","K03649",0.846600284495021,"Positive"
"K01582","K05523",0.737268847795164,"Positive"
"K01582","K06073",0.649701280227596,"Positive"
"K01582","K06074",0.649701280227596,"Positive"
"K01582","K06159",0.876756756756757,"Positive"
"K01582","K06606",0.838378378378378,"Positive"
"K01582","K07246",0.685320056899004,"Positive"
"K01582","K07643",0.649615931721195,"Positive"
"K01582","K07674",0.719573257467994,"Positive"
"K01582","K07679",0.822133712660028,"Positive"
"K01582","K07688",0.628762446657184,"Positive"
"K01582","K07690",0.607083926031294,"Positive"
"K01582","K07701",0.853769559032717,"Positive"
"K01582","K07703",0.864779516358464,"Positive"
"K01582","K07781",0.945462304409673,"Positive"
"K01582","K07782",0.866770981507824,"Positive"
"K01582","K08322",0.846230440967283,"Positive"
"K01582","K08351",0.715931721194879,"Positive"
"K01582","K08723",0.826941678520626,"Positive"
"K01582","K09470",0.709018492176387,"Positive"
"K01582","K09473",0.703072546230441,"Positive"
"K01582","K09475",0.646941678520626,"Positive"
"K01582","K09988",0.654708392603129,"Positive"
"K01582","K09996",0.65302987197724,"Positive"
"K01582","K10537",0.824438122332859,"Positive"
"K01582","K10538",0.824438122332859,"Positive"
"K01582","K10539",0.824438122332859,"Positive"
"K01582","K10540",0.618947368421053,"Positive"
"K01582","K10541",0.618947368421053,"Positive"
"K01582","K10542",0.618947368421053,"Positive"
"K01582","K10543",0.771550497866287,"Positive"
"K01582","K10544",0.773058321479374,"Positive"
"K01582","K10545",0.773058321479374,"Positive"
"K01582","K11216",0.653229018492176,"Positive"
"K01582","K11530",0.653229018492176,"Positive"
"K01582","K11890",0.880028449502134,"Positive"
"K01582","K13574",0.65126600284495,"Positive"
"K01582","K13632",0.8249786628734,"Positive"
"K01582","K13816",0.609473684210526,"Positive"
"K01582","K13889",0.650469416785206,"Positive"
"K01582","K13891",0.627311522048364,"Positive"
"K01582","K13892",0.735590327169275,"Positive"
"K01582","K14051",0.719317211948791,"Positive"
"K01582","K16703",0.60628733997155,"Positive"
"K01582","K16710",0.60628733997155,"Positive"
"K01582","K17195",0.793826458036984,"Positive"
"K01582","K17202",0.60773826458037,"Positive"
"K01582","K17203",0.60773826458037,"Positive"
"K01582","K17204",0.60773826458037,"Positive"
"K01582","K17213",0.78873399715505,"Positive"
"K01582","K17214",0.793371266002845,"Positive"
"K01582","K17215",0.793371266002845,"Positive"
"K01582","K17850",0.624409672830725,"Positive"
"K01582","K18324",0.942901849217639,"Positive"
"K01582","K18326",0.92176386913229,"Positive"
"K01582","K19354",0.638207681365576,"Positive"
"K01584","K02567",0.692830725462304,"Positive"
"K01584","K02568",0.692830725462304,"Positive"
"K01584","K04561",0.639089615931721,"Positive"
"K01584","K07178",0.621706970128023,"Positive"
"K01584","K10125",0.601564722617354,"Positive"
"K01584","K10126",0.60099573257468,"Positive"
"K01584","K19340",0.601593172119488,"Positive"
"K01585","K01637",0.704495021337127,"Positive"
"K01585","K01685",0.638150782361309,"Positive"
"K01585","K01686",0.60176386913229,"Positive"
"K01585","K02398",0.621280227596017,"Positive"
"K01585","K02399",0.690867709815078,"Positive"
"K01585","K02402",0.630469416785206,"Positive"
"K01585","K02403",0.631237553342817,"Positive"
"K01585","K02414",0.793997155049787,"Positive"
"K01585","K02439",0.843897581792319,"Positive"
"K01585","K02844",0.666543385490754,"Positive"
"K01585","K03087",0.709160739687056,"Positive"
"K01585","K03184",0.633001422475107,"Positive"
"K01585","K03414",0.689445234708393,"Positive"
"K01585","K03472",0.755590327169275,"Positive"
"K01585","K03567",0.821422475106686,"Positive"
"K01585","K05526",0.786372688477952,"Positive"
"K01585","K06445",0.823783783783784,"Positive"
"K01585","K06447",0.62574679943101,"Positive"
"K01585","K06858",0.621849217638691,"Positive"
"K01585","K07637",0.835448079658606,"Positive"
"K01585","K07660",0.833143669985775,"Positive"
"K01585","K07711",0.620199146514936,"Positive"
"K01585","K08312",0.687396870554765,"Positive"
"K01585","K12251",0.821820768136558,"Positive"
"K01596","K01826",0.892005689900427,"Positive"
"K01596","K02474",0.612318634423898,"Positive"
"K01596","K02657",0.648108108108108,"Positive"
"K01596","K02658",0.641877667140825,"Positive"
"K01596","K02659",0.666145092460882,"Positive"
"K01596","K02660",0.666145092460882,"Positive"
"K01596","K03863",0.83027027027027,"Positive"
"K01596","K06133",0.660312944523471,"Positive"
"K01596","K06134",0.627169274537696,"Positive"
"K01596","K06596",0.66375533428165,"Positive"
"K01596","K10013",0.64298719772404,"Positive"
"K01596","K10857",0.676984352773826,"Positive"
"K01596","K11931",0.806913229018492,"Positive"
"K01596","K12957",0.784637268847795,"Positive"
"K01596","K13522",0.982503556187767,"Positive"
"K01596","K14159",0.849871977240398,"Positive"
"K01596","K16839",0.775647226173542,"Positive"
"K01596","K16840",0.831322901849218,"Positive"
"K01596","K16841",0.760113798008535,"Positive"
"K01596","K16842",0.822844950213371,"Positive"
"K01596","K17228",0.73402560455192,"Positive"
"K01596","K18137",0.849871977240398,"Positive"
"K01596","K18147",0.849871977240398,"Positive"
"K01598","K01922",1,"Positive"
"K01598","K02746",0.854281650071124,"Positive"
"K01598","K04516",0.910981507823613,"Positive"
"K01598","K05362",0.999943100995733,"Positive"
"K01598","K05363",0.997411095305832,"Positive"
"K01598","K07717",0.661735419630156,"Positive"
"K01598","K07719",0.661735419630156,"Positive"
"K01598","K11041",0.965405405405405,"Positive"
"K01598","K11617",0.955135135135135,"Positive"
"K01598","K11618",0.608421052631579,"Positive"
"K01598","K12296",0.96298719772404,"Positive"
"K01598","K12554",0.695448079658606,"Positive"
"K01598","K12556",1,"Positive"
"K01598","K13677",0.791095305832148,"Positive"
"K01608","K01707",0.611180654338549,"Positive"
"K01608","K01796",0.792603129445235,"Positive"
"K01608","K01856",0.704381223328592,"Positive"
"K01608","K01959",0.785263157894737,"Positive"
"K01608","K01960",0.862560455192034,"Positive"
"K01608","K02305",0.62321479374111,"Positive"
"K01608","K02848",0.885206258890469,"Positive"
"K01608","K03381",0.704893314366999,"Positive"
"K01608","K03464",0.7875106685633,"Positive"
"K01608","K03972",0.709445234708393,"Positive"
"K01608","K04561",0.71701280227596,"Positive"
"K01608","K05549",0.713058321479374,"Positive"
"K01608","K05550",0.713058321479374,"Positive"
"K01608","K05783",0.713058321479374,"Positive"
"K01608","K05784",0.713058321479374,"Positive"
"K01608","K06001",0.709189189189189,"Positive"
"K01608","K06985",0.734793741109531,"Positive"
"K01608","K07589",0.82076813655761,"Positive"
"K01608","K07810",0.606031294452347,"Positive"
"K01608","K07823",0.771607396870555,"Positive"
"K01608","K10125",0.735305832147937,"Positive"
"K01608","K10126",0.735448079658606,"Positive"
"K01608","K10942",0.773229018492176,"Positive"
"K01608","K10943",0.74475106685633,"Positive"
"K01608","K11384",0.778862019914652,"Positive"
"K01608","K11688",0.619118065433855,"Positive"
"K01608","K11689",0.649075391180654,"Positive"
"K01608","K12254",0.778862019914652,"Positive"
"K01608","K12976",0.623413940256046,"Positive"
"K01608","K13541",0.665462304409673,"Positive"
"K01608","K13590",0.837155049786629,"Positive"
"K01608","K13938",0.619487908961593,"Positive"
"K01608","K14268",0.710071123755334,"Positive"
"K01608","K15408",0.723954480796586,"Positive"
"K01608","K15864",0.695618776671408,"Positive"
"K01608","K16370",0.713911806543385,"Positive"
"K01608","K17226",0.77823613086771,"Positive"
"K01608","K17315",0.756216216216216,"Positive"
"K01608","K17316",0.755305832147937,"Positive"
"K01608","K17317",0.755305832147937,"Positive"
"K01608","K18135",0.612517780938834,"Positive"
"K01608","K18291",0.697268847795164,"Positive"
"K01608","K18930",0.818122332859175,"Positive"
"K01608","K18981",0.753883357041252,"Positive"
"K01608","K19340",0.658264580369843,"Positive"
"K01608","K19341",0.779431009957326,"Positive"
"K01608","K19609",0.747254623044097,"Positive"
"K01608","K19610",0.747254623044097,"Positive"
"K01608","K19713",0.823869132290185,"Positive"
"K01610","K01734",0.724864864864865,"Positive"
"K01610","K02010",0.626998577524893,"Positive"
"K01610","K02011",0.620654338549075,"Positive"
"K01610","K02012",0.605320056899004,"Positive"
"K01610","K02395",0.755106685633001,"Positive"
"K01610","K02398",0.672091038406828,"Positive"
"K01610","K02411",0.686799431009957,"Positive"
"K01610","K02413",0.723129445234708,"Positive"
"K01610","K02418",0.733200568990043,"Positive"
"K01610","K02841",0.649416785206259,"Positive"
"K01610","K02843",0.71701280227596,"Positive"
"K01610","K03563",0.6950213371266,"Positive"
"K01610","K11755",0.637866287339972,"Positive"
"K01623","K02196",0.66873399715505,"Positive"
"K01623","K07693",0.823044096728307,"Positive"
"K01623","K07778",0.881650071123755,"Positive"
"K01623","K12972",0.615391180654339,"Positive"
"K01628","K01654",0.926884779516359,"Positive"
"K01628","K01677",0.946628733997155,"Positive"
"K01628","K01678",0.946628733997155,"Positive"
"K01628","K01847",0.844779516358464,"Positive"
"K01628","K01848",0.921593172119488,"Positive"
"K01628","K01849",0.921593172119488,"Positive"
"K01628","K01906",0.946998577524893,"Positive"
"K01628","K01912",0.736386913229019,"Positive"
"K01628","K02006",0.989871977240398,"Positive"
"K01628","K02765",0.748051209103841,"Positive"
"K01628","K02783",0.63923186344239,"Positive"
"K01628","K03340",0.882019914651494,"Positive"
"K01628","K03404",0.686401137980085,"Positive"
"K01628","K03405",0.66122332859175,"Positive"
"K01628","K03409",0.865007112375533,"Positive"
"K01628","K03410",0.838492176386913,"Positive"
"K01628","K03429",0.911322901849218,"Positive"
"K01628","K03620",0.861280227596017,"Positive"
"K01628","K05606",0.820796586059744,"Positive"
"K01628","K05992",0.61425320056899,"Positive"
"K01628","K06208",0.946628733997155,"Positive"
"K01628","K06209",0.690810810810811,"Positive"
"K01628","K06281",0.873940256045519,"Positive"
"K01628","K06282",0.873940256045519,"Positive"
"K01628","K07588",0.903926031294452,"Positive"
"K01628","K07590",0.860426742532006,"Positive"
"K01628","K07720",0.750753911806543,"Positive"
"K01628","K08384",0.946628733997155,"Positive"
"K01628","K10206",0.951834992887625,"Positive"
"K01628","K11358",0.85348506401138,"Positive"
"K01628","K11690",0.663812233285918,"Positive"
"K01628","K11782",0.867880512091038,"Positive"
"K01628","K11784",0.867880512091038,"Positive"
"K01628","K13818",0.920312944523471,"Positive"
"K01628","K15792",0.925348506401138,"Positive"
"K01628","K16651",0.990184921763869,"Positive"
"K01628","K18285",0.870640113798009,"Positive"
"K01628","K19353",0.675903271692745,"Positive"
"K01629","K01813",1,"Positive"
"K01630","K02317",0.926145092460882,"Positive"
"K01630","K02364",0.630099573257468,"Positive"
"K01630","K02753",0.947852062588905,"Positive"
"K01630","K02791",0.651920341394026,"Positive"
"K01630","K03335",0.641820768136558,"Positive"
"K01630","K03336",0.777923186344239,"Positive"
"K01630","K03337",0.798349928876245,"Positive"
"K01630","K03338",0.798349928876245,"Positive"
"K01630","K03649",0.846685633001423,"Positive"
"K01630","K05523",0.629075391180654,"Positive"
"K01630","K06073",0.633883357041252,"Positive"
"K01630","K06074",0.633883357041252,"Positive"
"K01630","K06159",0.874736842105263,"Positive"
"K01630","K06606",0.806600284495021,"Positive"
"K01630","K07246",0.635391180654339,"Positive"
"K01630","K07643",0.613143669985775,"Positive"
"K01630","K07674",0.753570412517781,"Positive"
"K01630","K07679",0.846116642958748,"Positive"
"K01630","K07688",0.643869132290185,"Positive"
"K01630","K07690",0.750782361308677,"Positive"
"K01630","K07701",0.871749644381223,"Positive"
"K01630","K07703",0.872204836415363,"Positive"
"K01630","K07781",0.900825035561878,"Positive"
"K01630","K07782",0.855533428165007,"Positive"
"K01630","K08322",0.928335704125178,"Positive"
"K01630","K08323",0.62,"Positive"
"K01630","K08351",0.745177809388336,"Positive"
"K01630","K08723",0.925832147937411,"Positive"
"K01630","K09470",0.704238975817923,"Positive"
"K01630","K09473",0.735277382645804,"Positive"
"K01630","K09475",0.603100995732575,"Positive"
"K01630","K09988",0.766429587482219,"Positive"
"K01630","K09996",0.651465149359886,"Positive"
"K01630","K10537",0.944864864864865,"Positive"
"K01630","K10538",0.944864864864865,"Positive"
"K01630","K10539",0.944864864864865,"Positive"
"K01630","K10540",0.607055476529161,"Positive"
"K01630","K10541",0.607055476529161,"Positive"
"K01630","K10542",0.607055476529161,"Positive"
"K01630","K10543",0.837894736842105,"Positive"
"K01630","K10544",0.838691322901849,"Positive"
"K01630","K10545",0.838691322901849,"Positive"
"K01630","K11890",0.877809388335704,"Positive"
"K01630","K13574",0.64298719772404,"Positive"
"K01630","K13632",0.923698435277383,"Positive"
"K01630","K13891",0.606998577524893,"Positive"
"K01630","K13892",0.696273115220484,"Positive"
"K01630","K14051",0.753741109530583,"Positive"
"K01630","K16703",0.7675106685633,"Positive"
"K01630","K16710",0.7675106685633,"Positive"
"K01630","K17195",0.732375533428165,"Positive"
"K01630","K17202",0.740512091038407,"Positive"
"K01630","K17203",0.740512091038407,"Positive"
"K01630","K17204",0.740512091038407,"Positive"
"K01630","K17213",0.765832147937411,"Positive"
"K01630","K17214",0.77172119487909,"Positive"
"K01630","K17215",0.77172119487909,"Positive"
"K01630","K18324",0.914395448079659,"Positive"
"K01630","K18326",0.933854907539118,"Positive"
"K01630","K19354",0.686088193456615,"Positive"
"K01631","K01684",0.897809388335704,"Positive"
"K01631","K07232",0.609843527738265,"Positive"
"K01631","K13890",0.702076813655761,"Positive"
"K01635","K11618",0.704779516358464,"Positive"
"K01637","K01638",0.76597439544808,"Positive"
"K01637","K01745",0.609985775248933,"Positive"
"K01637","K02414",0.602133712660028,"Positive"
"K01637","K02438",0.717524893314367,"Positive"
"K01637","K02439",0.695163584637269,"Positive"
"K01637","K03087",0.632375533428165,"Positive"
"K01637","K03414",0.799118065433855,"Positive"
"K01637","K03472",0.643698435277383,"Positive"
"K01637","K03566",0.767254623044097,"Positive"
"K01637","K03567",0.652062588904694,"Positive"
"K01637","K05526",0.649331436699858,"Positive"
"K01637","K06445",0.747112375533428,"Positive"
"K01637","K07637",0.659317211948791,"Positive"
"K01637","K07660",0.656614509246088,"Positive"
"K01637","K12251",0.655192034139403,"Positive"
"K01637","K13893",0.695590327169274,"Positive"
"K01637","K13894",0.65348506401138,"Positive"
"K01637","K13895",0.65348506401138,"Positive"
"K01637","K13896",0.655704125177809,"Positive"
"K01638","K01825",0.666458036984353,"Positive"
"K01638","K02010",0.608648648648649,"Positive"
"K01638","K02011",0.611550497866287,"Positive"
"K01638","K02012",0.600967283072546,"Positive"
"K01638","K02053",0.687624466571835,"Positive"
"K01638","K03181",0.738435277382646,"Positive"
"K01638","K03473",0.674708392603129,"Positive"
"K01638","K07639",0.673570412517781,"Positive"
"K01638","K07646",0.730099573257468,"Positive"
"K01638","K07661",0.673570412517781,"Positive"
"K01638","K07667",0.66651493598862,"Positive"
"K01638","K07678",0.673229018492176,"Positive"
"K01638","K08484",0.625433854907539,"Positive"
"K01638","K09913",0.690753911806543,"Positive"
"K01638","K10026",0.71402560455192,"Positive"
"K01638","K10804",0.77977240398293,"Positive"
"K01638","K11959",0.61425320056899,"Positive"
"K01638","K11961",0.612318634423898,"Positive"
"K01638","K12339",0.683271692745377,"Positive"
"K01639","K01699",0.747339971550498,"Positive"
"K01639","K01706",0.771948790896159,"Positive"
"K01639","K01708",0.826998577524893,"Positive"
"K01639","K01857",0.939715504978663,"Positive"
"K01639","K02007",0.783357041251778,"Positive"
"K01639","K02008",0.785234708392603,"Positive"
"K01639","K02009",0.90375533428165,"Positive"
"K01639","K02190",0.666600284495021,"Positive"
"K01639","K03780",0.88950213371266,"Positive"
"K01639","K07683",0.738065433854908,"Positive"
"K01639","K11623",0.731379800853485,"Positive"
"K01639","K11624",0.731379800853485,"Positive"
"K01639","K11625",0.738833570412518,"Positive"
"K01639","K13919",0.747339971550498,"Positive"
"K01639","K13920",0.747339971550498,"Positive"
"K01639","K14422",0.813769559032717,"Positive"
"K01639","K16937",0.716813655761024,"Positive"
"K01639","K16961",0.695220483641536,"Positive"
"K01639","K17722",0.7324893314367,"Positive"
"K01639","K17950",0.728933143669986,"Positive"
"K01639","K19349",0.731379800853485,"Positive"
"K01640","K01724",0.75601706970128,"Positive"
"K01640","K01800",0.643357041251778,"Positive"
"K01640","K01968",0.846258890469417,"Positive"
"K01640","K01969",0.844665718349929,"Positive"
"K01640","K02258",0.764295874822191,"Positive"
"K01640","K02275",0.760426742532006,"Positive"
"K01640","K02276",0.749928876244666,"Positive"
"K01640","K07516",0.856301564722617,"Positive"
"K01640","K08082",0.620938833570412,"Positive"
"K01640","K08083",0.624694167852063,"Positive"
"K01640","K09788",0.675846372688478,"Positive"
"K01640","K10747",0.627311522048364,"Positive"
"K01640","K13766",0.891749644381223,"Positive"
"K01640","K15371",0.641166429587482,"Positive"
"K01640","K16171",0.661877667140825,"Positive"
"K01654","K01677",0.942133712660028,"Positive"
"K01654","K01678",0.942133712660028,"Positive"
"K01654","K01847",0.854623044096728,"Positive"
"K01654","K01848",0.945291607396871,"Positive"
"K01654","K01849",0.945291607396871,"Positive"
"K01654","K01906",0.934310099573258,"Positive"
"K01654","K01912",0.683186344238976,"Positive"
"K01654","K02006",0.924295874822191,"Positive"
"K01654","K02765",0.640881934566145,"Positive"
"K01654","K03340",0.866315789473684,"Positive"
"K01654","K03404",0.723015647226174,"Positive"
"K01654","K03405",0.708392603129445,"Positive"
"K01654","K03409",0.878719772403983,"Positive"
"K01654","K03410",0.821337126600284,"Positive"
"K01654","K03429",0.810440967283073,"Positive"
"K01654","K03620",0.8625320056899,"Positive"
"K01654","K05606",0.803413940256046,"Positive"
"K01654","K06208",0.942133712660028,"Positive"
"K01654","K06209",0.644495021337127,"Positive"
"K01654","K06281",0.833001422475107,"Positive"
"K01654","K06282",0.833001422475107,"Positive"
"K01654","K07588",0.901650071123755,"Positive"
"K01654","K07590",0.800284495021337,"Positive"
"K01654","K07720",0.728079658605974,"Positive"
"K01654","K08384",0.942133712660028,"Positive"
"K01654","K10206",0.951152204836415,"Positive"
"K01654","K11358",0.881194879089616,"Positive"
"K01654","K11690",0.711152204836415,"Positive"
"K01654","K11782",0.92298719772404,"Positive"
"K01654","K11784",0.92298719772404,"Positive"
"K01654","K13818",0.914509246088194,"Positive"
"K01654","K15792",0.946344238975818,"Positive"
"K01654","K16651",0.929871977240398,"Positive"
"K01654","K18285",0.924807965860597,"Positive"
"K01654","K19353",0.685462304409673,"Positive"
"K01659","K01676",0.693229018492176,"Positive"
"K01659","K01692",0.802645803698435,"Positive"
"K01659","K01720",0.782560455192034,"Positive"
"K01659","K01941",0.749957325746799,"Positive"
"K01659","K02229",0.630469416785206,"Positive"
"K01659","K02230",0.639288762446657,"Positive"
"K01659","K02259",0.832403982930299,"Positive"
"K01659","K03205",0.679260312944523,"Positive"
"K01659","K03638",0.750128022759602,"Positive"
"K01659","K04719",0.637069701280228,"Positive"
"K01659","K07141",0.78153627311522,"Positive"
"K01659","K07165",0.709758179231863,"Positive"
"K01659","K07250",0.603300142247511,"Positive"
"K01659","K07708",0.69072546230441,"Positive"
"K01659","K08738",0.738805120910384,"Positive"
"K01659","K10806",0.65701280227596,"Positive"
"K01659","K11645",0.695675675675676,"Positive"
"K01659","K13481",0.731891891891892,"Positive"
"K01659","K13482",0.728193456614509,"Positive"
"K01659","K19743",0.645803698435277,"Positive"
"K01664","K01716",0.613655761024182,"Positive"
"K01664","K02062",0.98972972972973,"Positive"
"K01664","K02344",0.944409672830725,"Positive"
"K01664","K02345",0.671436699857752,"Positive"
"K01664","K02446",0.814879089615932,"Positive"
"K01664","K02472",0.672631578947368,"Positive"
"K01664","K02560",0.933627311522048,"Positive"
"K01664","K02784",0.944409672830725,"Positive"
"K01664","K02804",0.846685633001423,"Positive"
"K01664","K02805",0.634366998577525,"Positive"
"K01664","K02852",0.67647226173542,"Positive"
"K01664","K02858",0.876529160739687,"Positive"
"K01664","K03573",0.944409672830725,"Positive"
"K01664","K04067",0.940597439544808,"Positive"
"K01664","K05368",0.67647226173542,"Positive"
"K01664","K05776",0.921877667140825,"Positive"
"K01664","K05851",0.705633001422475,"Positive"
"K01664","K05939",0.807596017069701,"Positive"
"K01664","K06080",0.67647226173542,"Positive"
"K01664","K06211",0.93877667140825,"Positive"
"K01664","K06223",0.805092460881935,"Positive"
"K01664","K07236",0.616102418207681,"Positive"
"K01664","K07237",0.616102418207681,"Positive"
"K01664","K07251",0.67647226173542,"Positive"
"K01664","K07264",0.641394025604552,"Positive"
"K01664","K07640",0.944409672830725,"Positive"
"K01664","K07648",0.85203413940256,"Positive"
"K01664","K07676",0.67647226173542,"Positive"
"K01664","K07677",0.640199146514936,"Positive"
"K01664","K07687",0.66475106685633,"Positive"
"K01664","K07689",0.662162162162162,"Positive"
"K01664","K07715",0.656586059743954,"Positive"
"K01664","K07751",0.944409672830725,"Positive"
"K01664","K07771",0.66122332859175,"Positive"
"K01664","K07773",0.85203413940256,"Positive"
"K01664","K07806",0.643243243243243,"Positive"
"K01664","K07823",-0.610583214793741,"Negative"
"K01664","K08682",0.685718349928876,"Positive"
"K01664","K08722",0.870014224751067,"Positive"
"K01664","K09476",0.941650071123755,"Positive"
"K01664","K09997",0.944409672830725,"Positive"
"K01664","K09998",0.937667140825036,"Positive"
"K01664","K09999",0.937667140825036,"Positive"
"K01664","K10000",0.937667140825036,"Positive"
"K01664","K10004",0.614907539118065,"Positive"
"K01664","K10011",0.650640113798009,"Positive"
"K01664","K10012",0.643243243243243,"Positive"
"K01664","K11258",0.869559032716927,"Positive"
"K01664","K11604",0.740170697012802,"Positive"
"K01664","K11605",0.740170697012802,"Positive"
"K01664","K11606",0.740170697012802,"Positive"
"K01664","K11607",0.740170697012802,"Positive"
"K01664","K11751",0.838947368421053,"Positive"
"K01664","K11892",0.602674253200569,"Positive"
"K01664","K11903",0.610526315789474,"Positive"
"K01664","K12152",0.851891891891892,"Positive"
"K01664","K12368",0.764438122332859,"Positive"
"K01664","K12369",0.79172119487909,"Positive"
"K01664","K12370",0.79172119487909,"Positive"
"K01664","K12371",0.79172119487909,"Positive"
"K01664","K12372",0.79172119487909,"Positive"
"K01664","K12524",0.814623044096728,"Positive"
"K01664","K12525",0.67647226173542,"Positive"
"K01664","K12582",0.67647226173542,"Positive"
"K01664","K12962",0.643243243243243,"Positive"
"K01664","K12963",0.643243243243243,"Positive"
"K01664","K12974",0.63977240398293,"Positive"
"K01664","K12975",0.639914651493599,"Positive"
"K01664","K13014",0.643243243243243,"Positive"
"K01664","K13301",0.67647226173542,"Positive"
"K01664","K13498",0.940369843527738,"Positive"
"K01664","K14187",0.944409672830725,"Positive"
"K01664","K16704",0.67647226173542,"Positive"
"K01664","K18800",0.61172119487909,"Positive"
"K01664","K19222",0.605320056899004,"Positive"
"K01664","K19226",0.676614509246088,"Positive"
"K01664","K19227",0.944409672830725,"Positive"
"K01664","K19228",0.944409672830725,"Positive"
"K01664","K19229",0.944409672830725,"Positive"
"K01664","K19230",0.944637268847795,"Positive"
"K01664","K19270",0.658805120910384,"Positive"
"K01676","K01941",0.658862019914652,"Positive"
"K01676","K03205",0.61448079658606,"Positive"
"K01676","K03638",0.626116642958748,"Positive"
"K01676","K07141",0.644409672830725,"Positive"
"K01676","K07250",0.605206258890469,"Positive"
"K01676","K07708",0.831294452347084,"Positive"
"K01676","K10806",0.867425320056899,"Positive"
"K01676","K11645",0.60574679943101,"Positive"
"K01677","K01678",1,"Positive"
"K01677","K01847",0.854793741109531,"Positive"
"K01677","K01848",0.957411095305832,"Positive"
"K01677","K01849",0.957411095305832,"Positive"
"K01677","K01906",0.998378378378378,"Positive"
"K01677","K01912",0.728819345661451,"Positive"
"K01677","K02006",0.959829302987198,"Positive"
"K01677","K02007",0.600284495021337,"Positive"
"K01677","K02765",0.7075106685633,"Positive"
"K01677","K02783",0.623385490753912,"Positive"
"K01677","K03340",0.88122332859175,"Positive"
"K01677","K03404",0.761934566145092,"Positive"
"K01677","K03405",0.652062588904694,"Positive"
"K01677","K03409",0.895590327169275,"Positive"
"K01677","K03410",0.805092460881935,"Positive"
"K01677","K03429",0.872859174964438,"Positive"
"K01677","K03620",0.902418207681366,"Positive"
"K01677","K05606",0.809018492176387,"Positive"
"K01677","K06208",1,"Positive"
"K01677","K06209",0.666059743954481,"Positive"
"K01677","K06281",0.865376955903272,"Positive"
"K01677","K06282",0.865376955903272,"Positive"
"K01677","K07588",0.904153627311522,"Positive"
"K01677","K07590",0.840398293029872,"Positive"
"K01677","K07720",0.750469416785206,"Positive"
"K01677","K08384",1,"Positive"
"K01677","K10206",0.993997155049787,"Positive"
"K01677","K11358",0.908335704125178,"Positive"
"K01677","K11690",0.668933143669986,"Positive"
"K01677","K11782",0.9174679943101,"Positive"
"K01677","K11784",0.9174679943101,"Positive"
"K01677","K13818",0.945661450924609,"Positive"
"K01677","K15792",0.958634423897582,"Positive"
"K01677","K16651",0.969843527738265,"Positive"
"K01677","K18285",0.919118065433855,"Positive"
"K01677","K19353",0.679687055476529,"Positive"
"K01678","K01847",0.854793741109531,"Positive"
"K01678","K01848",0.957411095305832,"Positive"
"K01678","K01849",0.957411095305832,"Positive"
"K01678","K01906",0.998378378378378,"Positive"
"K01678","K01912",0.728819345661451,"Positive"
"K01678","K02006",0.959829302987198,"Positive"
"K01678","K02007",0.600284495021337,"Positive"
"K01678","K02765",0.7075106685633,"Positive"
"K01678","K02783",0.623385490753912,"Positive"
"K01678","K03340",0.88122332859175,"Positive"
"K01678","K03404",0.761934566145092,"Positive"
"K01678","K03405",0.652062588904694,"Positive"
"K01678","K03409",0.895590327169275,"Positive"
"K01678","K03410",0.805092460881935,"Positive"
"K01678","K03429",0.872859174964438,"Positive"
"K01678","K03620",0.902418207681366,"Positive"
"K01678","K05606",0.809018492176387,"Positive"
"K01678","K06208",1,"Positive"
"K01678","K06209",0.666059743954481,"Positive"
"K01678","K06281",0.865376955903272,"Positive"
"K01678","K06282",0.865376955903272,"Positive"
"K01678","K07588",0.904153627311522,"Positive"
"K01678","K07590",0.840398293029872,"Positive"
"K01678","K07720",0.750469416785206,"Positive"
"K01678","K08384",1,"Positive"
"K01678","K10206",0.993997155049787,"Positive"
"K01678","K11358",0.908335704125178,"Positive"
"K01678","K11690",0.668933143669986,"Positive"
"K01678","K11782",0.9174679943101,"Positive"
"K01678","K11784",0.9174679943101,"Positive"
"K01678","K13818",0.945661450924609,"Positive"
"K01678","K15792",0.958634423897582,"Positive"
"K01678","K16651",0.969843527738265,"Positive"
"K01678","K18285",0.919118065433855,"Positive"
"K01678","K19353",0.679687055476529,"Positive"
"K01684","K02054",0.643442389758179,"Positive"
"K01684","K03606",0.623300142247511,"Positive"
"K01684","K07232",0.686429587482219,"Positive"
"K01684","K07794",0.600682788051209,"Positive"
"K01684","K07795",0.614281650071124,"Positive"
"K01684","K13890",0.769843527738265,"Positive"
"K01684","K13891",0.647027027027027,"Positive"
"K01684","K17202",0.61348506401138,"Positive"
"K01684","K17203",0.61348506401138,"Positive"
"K01684","K17204",0.61348506401138,"Positive"
"K01685","K01686",0.711294452347084,"Positive"
"K01685","K01812",0.67877667140825,"Positive"
"K01685","K05780",0.660682788051209,"Positive"
"K01685","K06162",0.655220483641536,"Positive"
"K01686","K01812",0.853798008534851,"Positive"
"K01692","K01720",0.611095305832148,"Positive"
"K01692","K01941",0.66352773826458,"Positive"
"K01692","K02225",0.640426742532006,"Positive"
"K01692","K02230",0.61678520625889,"Positive"
"K01692","K02259",0.833798008534851,"Positive"
"K01692","K03638",0.66651493598862,"Positive"
"K01692","K07141",0.674765291607397,"Positive"
"K01692","K07165",0.710298719772404,"Positive"
"K01692","K08738",0.931522048364154,"Positive"
"K01692","K08967",0.602844950213371,"Positive"
"K01692","K13481",0.697439544807966,"Positive"
"K01692","K13482",0.701593172119488,"Positive"
"K01692","K19743",0.666770981507824,"Positive"
"K01697","K01715",0.622901849217639,"Positive"
"K01697","K01758",0.814310099573258,"Positive"
"K01697","K02613",0.667908961593172,"Positive"
"K01697","K03077",0.636984352773826,"Positive"
"K01697","K03079",0.631351351351351,"Positive"
"K01697","K03606",0.623357041251778,"Positive"
"K01697","K07641",0.746657183499289,"Positive"
"K01697","K07663",0.746372688477952,"Positive"
"K01699","K01706",0.657866287339972,"Positive"
"K01699","K01708",0.721365576102418,"Positive"
"K01699","K01857",0.745064011379801,"Positive"
"K01699","K02009",0.709416785206259,"Positive"
"K01699","K02190",0.840967283072546,"Positive"
"K01699","K03780",0.716216216216216,"Positive"
"K01699","K07271",0.754594594594595,"Positive"
"K01699","K07683",0.994850640113798,"Positive"
"K01699","K07717",0.650071123755334,"Positive"
"K01699","K07719",0.650071123755334,"Positive"
"K01699","K09692",0.744210526315789,"Positive"
"K01699","K09809",0.81547652916074,"Positive"
"K01699","K11618",0.745775248933144,"Positive"
"K01699","K11623",0.993883357041252,"Positive"
"K01699","K11624",0.993883357041252,"Positive"
"K01699","K11625",0.61547652916074,"Positive"
"K01699","K13919",1,"Positive"
"K01699","K13920",1,"Positive"
"K01699","K14422",0.70796586059744,"Positive"
"K01699","K16937",0.971607396870555,"Positive"
"K01699","K16961",0.961081081081081,"Positive"
"K01699","K17722",0.993598862019915,"Positive"
"K01699","K17950",0.99126600284495,"Positive"
"K01699","K19349",0.993883357041252,"Positive"
"K01706","K01708",0.942275960170697,"Positive"
"K01706","K01857",0.726230440967283,"Positive"
"K01706","K02009",0.723783783783784,"Positive"
"K01706","K03780",0.70375533428165,"Positive"
"K01706","K07683",0.665320056899004,"Positive"
"K01706","K11623",0.654310099573257,"Positive"
"K01706","K11624",0.654310099573257,"Positive"
"K01706","K11960",0.727823613086771,"Positive"
"K01706","K11962",0.727937411095306,"Positive"
"K01706","K11963",0.727937411095306,"Positive"
"K01706","K13919",0.657866287339972,"Positive"
"K01706","K13920",0.657866287339972,"Positive"
"K01706","K14422",0.684381223328592,"Positive"
"K01706","K16937",0.64452347083926,"Positive"
"K01706","K16961",0.721877667140825,"Positive"
"K01706","K17722",0.655732574679943,"Positive"
"K01706","K17950",0.661934566145092,"Positive"
"K01706","K19349",0.654310099573257,"Positive"
"K01707","K01724",0.721678520625889,"Positive"
"K01707","K01796",0.610469416785206,"Positive"
"K01707","K01800",0.886258890469417,"Positive"
"K01707","K01959",0.612944523470839,"Positive"
"K01707","K01971",0.684125177809388,"Positive"
"K01707","K02228",0.859203413940256,"Positive"
"K01707","K02258",0.742162162162162,"Positive"
"K01707","K02275",0.720483641536273,"Positive"
"K01707","K02276",0.711123755334282,"Positive"
"K01707","K02362",0.83027027027027,"Positive"
"K01707","K05343",0.641593172119488,"Positive"
"K01707","K06597",0.738207681365576,"Positive"
"K01707","K06598",0.765433854907539,"Positive"
"K01707","K06718",0.884182076813656,"Positive"
"K01707","K06720",0.884182076813656,"Positive"
"K01707","K07516",0.615391180654339,"Positive"
"K01707","K07649",0.624864864864865,"Positive"
"K01707","K07749",0.658378378378378,"Positive"
"K01707","K07774",0.619601706970128,"Positive"
"K01707","K07793",0.659658605974395,"Positive"
"K01707","K07794",0.602731152204836,"Positive"
"K01707","K07795",0.616813655761024,"Positive"
"K01707","K10229",0.705263157894737,"Positive"
"K01707","K10747",0.644153627311522,"Positive"
"K01707","K10941",0.765433854907539,"Positive"
"K01707","K10942",0.600853485064011,"Positive"
"K01707","K10979",0.696813655761024,"Positive"
"K01707","K11384",0.604267425320057,"Positive"
"K01707","K11472",0.88199146514936,"Positive"
"K01707","K11473",0.881564722617354,"Positive"
"K01707","K11614",0.673684210526316,"Positive"
"K01707","K11615",0.673684210526316,"Positive"
"K01707","K11688",0.84122332859175,"Positive"
"K01707","K12254",0.604267425320057,"Positive"
"K01707","K12976",0.950298719772404,"Positive"
"K01707","K13590",0.624182076813656,"Positive"
"K01707","K13938",0.769046941678521,"Positive"
"K01707","K14335",0.73072546230441,"Positive"
"K01707","K15011",0.780540540540541,"Positive"
"K01707","K15012",0.780483641536273,"Positive"
"K01707","K15371",0.747567567567568,"Positive"
"K01707","K15373",0.831152204836415,"Positive"
"K01707","K16171",0.795931721194879,"Positive"
"K01707","K17226",0.603641536273115,"Positive"
"K01707","K18135",0.618833570412518,"Positive"
"K01707","K18292",0.893229018492176,"Positive"
"K01707","K18981",0.649160739687055,"Positive"
"K01707","K19341",0.601422475106686,"Positive"
"K01707","K19609",0.63149359886202,"Positive"
"K01707","K19610",0.63149359886202,"Positive"
"K01707","K19696",0.738207681365576,"Positive"
"K01707","K19713",0.6425320056899,"Positive"
"K01708","K01857",0.786201991465149,"Positive"
"K01708","K02007",0.600028449502134,"Positive"
"K01708","K02008",0.600739687055477,"Positive"
"K01708","K02009",0.760284495021337,"Positive"
"K01708","K03780",0.741194879089616,"Positive"
"K01708","K07683",0.724836415362731,"Positive"
"K01708","K09809",0.628591749644381,"Positive"
"K01708","K11623",0.715533428165007,"Positive"
"K01708","K11624",0.715533428165007,"Positive"
"K01708","K11625",0.632745376955903,"Positive"
"K01708","K11960",0.686600284495021,"Positive"
"K01708","K11962",0.688421052631579,"Positive"
"K01708","K11963",0.688421052631579,"Positive"
"K01708","K13919",0.721365576102418,"Positive"
"K01708","K13920",0.721365576102418,"Positive"
"K01708","K14422",0.696671408250356,"Positive"
"K01708","K16937",0.688990042674253,"Positive"
"K01708","K16961",0.711351351351351,"Positive"
"K01708","K17722",0.717354196301565,"Positive"
"K01708","K17950",0.717155049786629,"Positive"
"K01708","K19349",0.715533428165007,"Positive"
"K01711","K03414",0.628250355618777,"Positive"
"K01711","K06163",0.67027027027027,"Positive"
"K01711","K06164",0.67027027027027,"Positive"
"K01711","K06165",0.67027027027027,"Positive"
"K01711","K06166",0.67027027027027,"Positive"
"K01712","K01745",0.963072546230441,"Positive"
"K01712","K01750",0.62199146514936,"Positive"
"K01712","K01782",0.604182076813656,"Positive"
"K01712","K01815",0.775533428165007,"Positive"
"K01712","K02779",0.752460881934566,"Positive"
"K01712","K02805",0.617041251778094,"Positive"
"K01712","K03184",0.679800853485064,"Positive"
"K01712","K05874",0.695903271692745,"Positive"
"K01712","K06447",0.648819345661451,"Positive"
"K01712","K07264",0.606344238975818,"Positive"
"K01712","K07806",0.600312944523471,"Positive"
"K01712","K10012",0.600312944523471,"Positive"
"K01712","K12962",0.600312944523471,"Positive"
"K01712","K12963",0.600312944523471,"Positive"
"K01712","K12974",0.653115220483642,"Positive"
"K01712","K12975",0.648477951635846,"Positive"
"K01712","K13014",0.600312944523471,"Positive"
"K01713","K01792",0.765661450924609,"Positive"
"K01713","K01856",-0.626372688477952,"Negative"
"K01713","K01959",-0.610213371266003,"Negative"
"K01713","K01960",-0.605775248933144,"Negative"
"K01713","K02848",-0.610469416785206,"Negative"
"K01713","K03381",-0.625291607396871,"Negative"
"K01713","K03464",-0.614907539118065,"Negative"
"K01713","K03651",0.712432432432432,"Positive"
"K01713","K03732",0.726884779516358,"Positive"
"K01713","K04093",0.815533428165007,"Positive"
"K01713","K05365",0.651920341394026,"Positive"
"K01713","K05549",-0.608421052631579,"Negative"
"K01713","K05550",-0.608421052631579,"Negative"
"K01713","K05783",-0.608421052631579,"Negative"
"K01713","K05784",-0.608421052631579,"Negative"
"K01713","K06133",0.657638691322902,"Positive"
"K01713","K06879",0.622361308677098,"Positive"
"K01713","K07235",0.712432432432432,"Positive"
"K01713","K07642",0.776842105263158,"Positive"
"K01713","K07664",0.77348506401138,"Positive"
"K01713","K07823",-0.617069701280228,"Negative"
"K01713","K08485",0.617524893314367,"Positive"
"K01713","K10001",0.825633001422475,"Positive"
"K01713","K10002",0.823499288762447,"Positive"
"K01713","K10003",0.823499288762447,"Positive"
"K01713","K10004",0.824153627311522,"Positive"
"K01713","K10014",0.618748221906117,"Positive"
"K01713","K10015",0.6350213371266,"Positive"
"K01713","K10016",0.63524893314367,"Positive"
"K01713","K10017",0.634452347083926,"Positive"
"K01713","K10036",0.677724039829303,"Positive"
"K01713","K10037",0.630953058321479,"Positive"
"K01713","K10038",0.632347083926031,"Positive"
"K01713","K10125",-0.632119487908962,"Negative"
"K01713","K10126",-0.631123755334282,"Negative"
"K01713","K10914",0.650867709815078,"Positive"
"K01713","K10942",-0.611778093883357,"Negative"
"K01713","K10943",-0.639886201991465,"Negative"
"K01713","K11179",0.712432432432432,"Positive"
"K01713","K11183",0.791379800853485,"Positive"
"K01713","K11384",-0.611806543385491,"Negative"
"K01713","K11604",0.662901849217639,"Positive"
"K01713","K11605",0.662901849217639,"Positive"
"K01713","K11606",0.662901849217639,"Positive"
"K01713","K11607",0.662901849217639,"Positive"
"K01713","K11751",0.600881934566145,"Positive"
"K01713","K12254",-0.611806543385491,"Negative"
"K01713","K13590",-0.609331436699858,"Negative"
"K01713","K15408",-0.63923186344239,"Negative"
"K01713","K15777",0.643954480796586,"Positive"
"K01713","K17226",-0.612347083926031,"Negative"
"K01713","K17315",-0.606600284495021,"Negative"
"K01713","K17316",-0.60896159317212,"Negative"
"K01713","K17317",-0.60896159317212,"Negative"
"K01715","K01908",0.620938833570412,"Positive"
"K01715","K03821",0.658264580369843,"Positive"
"K01715","K05973",0.745120910384068,"Positive"
"K01715","K06013",0.647539118065434,"Positive"
"K01715","K07710",0.661934566145092,"Positive"
"K01715","K07714",0.661934566145092,"Positive"
"K01715","K11003",0.620256045519203,"Positive"
"K01715","K11004",0.620256045519203,"Positive"
"K01715","K12688",0.671522048364154,"Positive"
"K01715","K14026",0.671522048364154,"Positive"
"K01715","K18148",0.651152204836415,"Positive"
"K01716","K01792",0.740398293029872,"Positive"
"K01716","K01912",-0.616842105263158,"Negative"
"K01716","K02062",0.622930298719772,"Positive"
"K01716","K02303",0.675647226173542,"Positive"
"K01716","K02858",0.637069701280228,"Positive"
"K01716","K03651",0.696671408250356,"Positive"
"K01716","K03732",0.723812233285917,"Positive"
"K01716","K04067",0.603129445234708,"Positive"
"K01716","K05365",0.664096728307255,"Positive"
"K01716","K05776",0.635391180654339,"Positive"
"K01716","K05851",0.814366998577525,"Positive"
"K01716","K06211",0.601450924608819,"Positive"
"K01716","K06223",0.732859174964438,"Positive"
"K01716","K06445",0.628591749644381,"Positive"
"K01716","K06879",0.638179231863442,"Positive"
"K01716","K07235",0.696671408250356,"Positive"
"K01716","K07236",0.934139402560455,"Positive"
"K01716","K07237",0.934139402560455,"Positive"
"K01716","K08312",0.876699857752489,"Positive"
"K01716","K09998",0.604011379800854,"Positive"
"K01716","K09999",0.604011379800854,"Positive"
"K01716","K10000",0.604011379800854,"Positive"
"K01716","K10914",0.652546230440967,"Positive"
"K01716","K11179",0.696671408250356,"Positive"
"K01716","K11183",0.722731152204836,"Positive"
"K01716","K11258",0.68375533428165,"Positive"
"K01716","K11604",0.641450924608819,"Positive"
"K01716","K11605",0.641450924608819,"Positive"
"K01716","K11606",0.641450924608819,"Positive"
"K01716","K11607",0.641450924608819,"Positive"
"K01716","K11900",0.724495021337127,"Positive"
"K01716","K11901",0.703954480796586,"Positive"
"K01716","K11903",0.702332859174964,"Positive"
"K01716","K11907",0.710440967283073,"Positive"
"K01716","K12524",0.63823613086771,"Positive"
"K01716","K13498",0.60176386913229,"Positive"
"K01716","K13893",0.772233285917496,"Positive"
"K01716","K13894",0.702702702702703,"Positive"
"K01716","K13895",0.702702702702703,"Positive"
"K01716","K13896",0.700881934566145,"Positive"
"K01716","K18800",0.941735419630157,"Positive"
"K01720","K01941",0.686685633001422,"Positive"
"K01720","K02259",0.772318634423898,"Positive"
"K01720","K03205",0.691920341394026,"Positive"
"K01720","K03638",0.662133712660028,"Positive"
"K01720","K07141",0.660085348506401,"Positive"
"K01720","K07165",0.66850640113798,"Positive"
"K01720","K07215",0.635533428165007,"Positive"
"K01720","K07250",0.76099573257468,"Positive"
"K01720","K08261",0.688762446657183,"Positive"
"K01720","K08738",0.624551920341394,"Positive"
"K01720","K09758",0.701251778093883,"Positive"
"K01720","K11645",0.754054054054054,"Positive"
"K01720","K13408",0.618975817923186,"Positive"
"K01720","K13409",0.604921763869132,"Positive"
"K01720","K13472",0.651550497866287,"Positive"
"K01720","K13481",0.738321479374111,"Positive"
"K01720","K13482",0.738890469416785,"Positive"
"K01720","K19743",0.749416785206259,"Positive"
"K01724","K01800",0.825661450924609,"Positive"
"K01724","K01968",0.868307254623044,"Positive"
"K01724","K01969",0.867368421052632,"Positive"
"K01724","K01971",0.848165007112376,"Positive"
"K01724","K02228",0.721507823613087,"Positive"
"K01724","K02258",0.991522048364154,"Positive"
"K01724","K02275",0.98773826458037,"Positive"
"K01724","K02276",0.997411095305832,"Positive"
"K01724","K05343",0.628221906116643,"Positive"
"K01724","K06597",0.769018492176387,"Positive"
"K01724","K06598",0.786628733997155,"Positive"
"K01724","K06718",0.703669985775249,"Positive"
"K01724","K06720",0.703669985775249,"Positive"
"K01724","K07516",0.824921763869132,"Positive"
"K01724","K10125",0.625917496443812,"Positive"
"K01724","K10126",0.626201991465149,"Positive"
"K01724","K10747",0.87701280227596,"Positive"
"K01724","K10941",0.786628733997155,"Positive"
"K01724","K10943",0.609985775248933,"Positive"
"K01724","K10979",0.850099573257468,"Positive"
"K01724","K11472",0.854281650071124,"Positive"
"K01724","K11473",0.852318634423898,"Positive"
"K01724","K11688",0.641166429587482,"Positive"
"K01724","K12976",0.736045519203414,"Positive"
"K01724","K13590",0.645206258890469,"Positive"
"K01724","K13766",0.610298719772404,"Positive"
"K01724","K14335",0.624352773826458,"Positive"
"K01724","K15011",0.769473684210526,"Positive"
"K01724","K15012",0.769530583214794,"Positive"
"K01724","K15371",0.905291607396871,"Positive"
"K01724","K15373",0.618577524893314,"Positive"
"K01724","K16171",0.879374110953058,"Positive"
"K01724","K17315",0.605035561877667,"Positive"
"K01724","K17316",0.604352773826458,"Positive"
"K01724","K17317",0.604352773826458,"Positive"
"K01724","K18292",0.698036984352774,"Positive"
"K01724","K19696",0.769018492176387,"Positive"
"K01725","K01796",0.640597439544808,"Positive"
"K01725","K04335",0.638349928876245,"Positive"
"K01725","K07589",0.610213371266003,"Positive"
"K01725","K11614",0.763641536273115,"Positive"
"K01725","K11615",0.763641536273115,"Positive"
"K01725","K15864",0.690697012802276,"Positive"
"K01725","K18135",0.721963015647226,"Positive"
"K01728","K02363",0.604495021337127,"Positive"
"K01728","K02566",0.617268847795164,"Positive"
"K01728","K02847",0.632204836415363,"Positive"
"K01728","K03425",0.629018492176387,"Positive"
"K01728","K10918",0.713883357041252,"Positive"
"K01728","K11935",0.658520625889047,"Positive"
"K01734","K02395",0.818719772403983,"Positive"
"K01734","K02413",0.701792318634424,"Positive"
"K01734","K02418",0.705007112375533,"Positive"
"K01734","K02804",0.60972972972973,"Positive"
"K01734","K02843",0.759032716927454,"Positive"
"K01734","K03563",0.729871977240398,"Positive"
"K01734","K07792",0.639573257467994,"Positive"
"K01734","K08722",0.621194879089616,"Positive"
"K01734","K11755",0.836130867709815,"Positive"
"K01734","K12524",0.676529160739687,"Positive"
"K01745","K01782",0.646401137980085,"Positive"
"K01745","K01815",0.734708392603129,"Positive"
"K01745","K02779",0.727709815078236,"Positive"
"K01745","K02805",0.60199146514936,"Positive"
"K01745","K03184",0.655277382645804,"Positive"
"K01745","K05874",0.68298719772404,"Positive"
"K01745","K06447",0.628819345661451,"Positive"
"K01745","K12974",0.638321479374111,"Positive"
"K01745","K12975",0.634708392603129,"Positive"
"K01758","K02510",0.627596017069701,"Positive"
"K01758","K03077",0.611351351351351,"Positive"
"K01758","K03079",0.674509246088193,"Positive"
"K01758","K07641",0.884608819345661,"Positive"
"K01758","K07663",0.922844950213371,"Positive"
"K01761","K01768",0.794537695590327,"Positive"
"K01761","K02274",0.76728307254623,"Positive"
"K01761","K03119",0.80221906116643,"Positive"
"K01761","K03782",0.853285917496444,"Positive"
"K01761","K05297",0.778492176386913,"Positive"
"K01761","K08325",0.921166429587482,"Positive"
"K01761","K09688",0.948904694167852,"Positive"
"K01761","K09689",0.967027027027027,"Positive"
"K01761","K10107",0.948933143669986,"Positive"
"K01761","K12979",0.936386913229018,"Positive"
"K01761","K13940",0.813342816500711,"Positive"
"K01761","K18240",0.954167852062589,"Positive"
"K01768","K02274",0.965376955903272,"Positive"
"K01768","K03119",0.953769559032717,"Positive"
"K01768","K03782",0.763328591749644,"Positive"
"K01768","K03862",0.680825035561878,"Positive"
"K01768","K05297",0.940113798008535,"Positive"
"K01768","K08325",0.778122332859175,"Positive"
"K01768","K09688",0.784580369843528,"Positive"
"K01768","K09689",0.778577524893314,"Positive"
"K01768","K10107",0.784068278805121,"Positive"
"K01768","K12979",0.762190611664296,"Positive"
"K01768","K13940",0.961906116642959,"Positive"
"K01768","K18240",0.776699857752489,"Positive"
"K01782","K01815",0.696216216216216,"Positive"
"K01782","K02345",0.721052631578947,"Positive"
"K01782","K02402",0.75877667140825,"Positive"
"K01782","K02403",0.758549075391181,"Positive"
"K01782","K02423",0.679743954480797,"Positive"
"K01782","K02472",0.718435277382646,"Positive"
"K01782","K02779",0.668933143669986,"Positive"
"K01782","K02805",0.76352773826458,"Positive"
"K01782","K02852",0.714082503556188,"Positive"
"K01782","K02858",0.621906116642959,"Positive"
"K01782","K03184",0.843243243243243,"Positive"
"K01782","K03472",0.64375533428165,"Positive"
"K01782","K03567",0.647140825035562,"Positive"
"K01782","K05368",0.714082503556188,"Positive"
"K01782","K05874",0.726401137980085,"Positive"
"K01782","K05939",0.623186344238976,"Positive"
"K01782","K06080",0.714082503556188,"Positive"
"K01782","K06445",0.725462304409673,"Positive"
"K01782","K06447",0.748563300142247,"Positive"
"K01782","K07251",0.714082503556188,"Positive"
"K01782","K07264",0.709416785206259,"Positive"
"K01782","K07345",0.647880512091038,"Positive"
"K01782","K07347",0.733684210526316,"Positive"
"K01782","K07637",0.680853485064011,"Positive"
"K01782","K07660",0.679487908961593,"Positive"
"K01782","K07676",0.714082503556188,"Positive"
"K01782","K07677",0.71402560455192,"Positive"
"K01782","K07687",0.71678520625889,"Positive"
"K01782","K07689",0.722645803698435,"Positive"
"K01782","K07711",0.771351351351351,"Positive"
"K01782","K07715",0.730184921763869,"Positive"
"K01782","K07771",0.674281650071124,"Positive"
"K01782","K07806",0.695761024182077,"Positive"
"K01782","K08485",0.672631578947368,"Positive"
"K01782","K08682",0.693741109530583,"Positive"
"K01782","K10011",0.686770981507824,"Positive"
"K01782","K10012",0.695761024182077,"Positive"
"K01782","K10026",0.610896159317212,"Positive"
"K01782","K11258",0.619943100995733,"Positive"
"K01782","K11891",0.698662873399716,"Positive"
"K01782","K11892",0.710184921763869,"Positive"
"K01782","K11893",0.708165007112376,"Positive"
"K01782","K12368",0.699317211948791,"Positive"
"K01782","K12369",0.712460881934566,"Positive"
"K01782","K12370",0.712460881934566,"Positive"
"K01782","K12371",0.712460881934566,"Positive"
"K01782","K12372",0.712460881934566,"Positive"
"K01782","K12525",0.714082503556188,"Positive"
"K01782","K12582",0.714082503556188,"Positive"
"K01782","K12962",0.695761024182077,"Positive"
"K01782","K12963",0.695761024182077,"Positive"
"K01782","K12974",0.665889046941678,"Positive"
"K01782","K12975",0.658549075391181,"Positive"
"K01782","K13014",0.695761024182077,"Positive"
"K01782","K13301",0.714082503556188,"Positive"
"K01782","K13378",0.632403982930299,"Positive"
"K01782","K15777",0.646714082503556,"Positive"
"K01782","K16704",0.714082503556188,"Positive"
"K01782","K18889",0.659118065433855,"Positive"
"K01782","K18890",0.659118065433855,"Positive"
"K01782","K19222",0.742816500711238,"Positive"
"K01782","K19226",0.713684210526316,"Positive"
"K01782","K19270",0.749644381223329,"Positive"
"K01792","K01825",0.608648648648649,"Positive"
"K01792","K02395",0.607226173541963,"Positive"
"K01792","K02619",0.778207681365576,"Positive"
"K01792","K03181",0.727027027027027,"Positive"
"K01792","K03473",0.650810810810811,"Positive"
"K01792","K03563",0.694964438122333,"Positive"
"K01792","K03651",0.958349928876245,"Positive"
"K01792","K03732",0.964950213371266,"Positive"
"K01792","K05365",0.907254623044097,"Positive"
"K01792","K05851",0.632062588904694,"Positive"
"K01792","K06879",0.849473684210526,"Positive"
"K01792","K07235",0.958349928876245,"Positive"
"K01792","K07236",0.762162162162162,"Positive"
"K01792","K07237",0.762162162162162,"Positive"
"K01792","K07639",0.811180654338549,"Positive"
"K01792","K07661",0.811180654338549,"Positive"
"K01792","K07678",0.648563300142248,"Positive"
"K01792","K08312",0.67325746799431,"Positive"
"K01792","K08484",0.704153627311522,"Positive"
"K01792","K09913",0.660796586059744,"Positive"
"K01792","K10001",0.657354196301565,"Positive"
"K01792","K10002",0.67678520625889,"Positive"
"K01792","K10003",0.67678520625889,"Positive"
"K01792","K10004",0.685889046941679,"Positive"
"K01792","K10026",0.669587482219061,"Positive"
"K01792","K10036",0.608677098150782,"Positive"
"K01792","K10914",0.913086770981508,"Positive"
"K01792","K11179",0.958349928876245,"Positive"
"K01792","K11183",0.960853485064011,"Positive"
"K01792","K11900",0.655732574679943,"Positive"
"K01792","K11901",0.636813655761024,"Positive"
"K01792","K11903",0.647368421052632,"Positive"
"K01792","K11907",0.642731152204836,"Positive"
"K01792","K12339",0.657297297297297,"Positive"
"K01792","K18800",0.752745376955903,"Positive"
"K01796","K01800",0.611664295874822,"Positive"
"K01796","K01856",0.605860597439545,"Positive"
"K01796","K01959",0.737553342816501,"Positive"
"K01796","K01960",0.74022759601707,"Positive"
"K01796","K02305",0.793513513513514,"Positive"
"K01796","K02848",0.77624466571835,"Positive"
"K01796","K03381",0.607339971550498,"Positive"
"K01796","K03464",0.729132290184922,"Positive"
"K01796","K03972",0.724409672830725,"Positive"
"K01796","K04335",0.654964438122333,"Positive"
"K01796","K04561",0.803698435277383,"Positive"
"K01796","K05549",0.645604551920341,"Positive"
"K01796","K05550",0.645604551920341,"Positive"
"K01796","K05783",0.645604551920341,"Positive"
"K01796","K05784",0.645604551920341,"Positive"
"K01796","K06001",0.648904694167852,"Positive"
"K01796","K06985",0.680654338549075,"Positive"
"K01796","K07589",0.613285917496444,"Positive"
"K01796","K07810",0.680825035561878,"Positive"
"K01796","K07823",0.726685633001423,"Positive"
"K01796","K10125",0.636500711237553,"Positive"
"K01796","K10126",0.636159317211949,"Positive"
"K01796","K10942",0.709103840682788,"Positive"
"K01796","K10943",0.649644381223329,"Positive"
"K01796","K11384",0.733513513513513,"Positive"
"K01796","K11689",0.809530583214794,"Positive"
"K01796","K11690",0.636955903271693,"Positive"
"K01796","K12254",0.733513513513513,"Positive"
"K01796","K12976",0.633541963015647,"Positive"
"K01796","K13541",0.634822190611664,"Positive"
"K01796","K13590",0.76199146514936,"Positive"
"K01796","K14268",0.670440967283073,"Positive"
"K01796","K14335",0.606714082503556,"Positive"
"K01796","K15373",0.634196301564723,"Positive"
"K01796","K15408",0.659459459459459,"Positive"
"K01796","K15864",0.810156472261735,"Positive"
"K01796","K16370",0.710014224751067,"Positive"
"K01796","K17226",0.73325746799431,"Positive"
"K01796","K17315",0.706031294452347,"Positive"
"K01796","K17316",0.706031294452347,"Positive"
"K01796","K17317",0.706031294452347,"Positive"
"K01796","K18135",0.603129445234708,"Positive"
"K01796","K18291",0.66298719772404,"Positive"
"K01796","K18930",0.75149359886202,"Positive"
"K01796","K18981",0.706059743954481,"Positive"
"K01796","K19340",0.764722617354196,"Positive"
"K01796","K19341",0.872290184921764,"Positive"
"K01796","K19609",0.708051209103841,"Positive"
"K01796","K19610",0.708051209103841,"Positive"
"K01796","K19713",0.865007112375533,"Positive"
"K01800","K01959",0.614338549075391,"Positive"
"K01800","K01968",0.67823613086771,"Positive"
"K01800","K01969",0.674651493598862,"Positive"
"K01800","K01971",0.791209103840683,"Positive"
"K01800","K02228",0.737098150782361,"Positive"
"K01800","K02258",0.837297297297297,"Positive"
"K01800","K02275",0.814366998577525,"Positive"
"K01800","K02276",0.815618776671408,"Positive"
"K01800","K02362",0.745604551920341,"Positive"
"K01800","K02457",0.630526315789474,"Positive"
"K01800","K02462",0.621365576102418,"Positive"
"K01800","K05343",0.741536273115221,"Positive"
"K01800","K06597",0.852859174964438,"Positive"
"K01800","K06598",0.878662873399715,"Positive"
"K01800","K06718",0.807852062588905,"Positive"
"K01800","K06720",0.807852062588905,"Positive"
"K01800","K07516",0.705149359886202,"Positive"
"K01800","K07823",0.6249786628734,"Positive"
"K01800","K08083",0.604267425320057,"Positive"
"K01800","K10747",0.730753911806543,"Positive"
"K01800","K10941",0.878662873399715,"Positive"
"K01800","K10942",0.601280227596017,"Positive"
"K01800","K10979",0.800483641536273,"Positive"
"K01800","K11384",0.606201991465149,"Positive"
"K01800","K11472",0.805718349928876,"Positive"
"K01800","K11473",0.804381223328592,"Positive"
"K01800","K11688",0.768221906116643,"Positive"
"K01800","K12254",0.606201991465149,"Positive"
"K01800","K12976",0.894594594594595,"Positive"
"K01800","K13590",0.625263157894737,"Positive"
"K01800","K13766",0.66574679943101,"Positive"
"K01800","K13938",0.661792318634424,"Positive"
"K01800","K14335",0.656756756756757,"Positive"
"K01800","K15011",0.800654338549075,"Positive"
"K01800","K15012",0.80076813655761,"Positive"
"K01800","K15371",0.744125177809388,"Positive"
"K01800","K15373",0.754765291607397,"Positive"
"K01800","K16171",0.883157894736842,"Positive"
"K01800","K17226",0.605547652916074,"Positive"
"K01800","K18292",0.816813655761024,"Positive"
"K01800","K18968",0.629928876244666,"Positive"
"K01800","K18981",0.600967283072546,"Positive"
"K01800","K19341",0.635618776671408,"Positive"
"K01800","K19696",0.852859174964438,"Positive"
"K01800","K19713",0.653684210526316,"Positive"
"K01801","K03194",0.697496443812233,"Positive"
"K01801","K03201",0.666657183499289,"Positive"
"K01801","K03203",0.722162162162162,"Positive"
"K01801","K05973",0.620113798008535,"Positive"
"K01801","K06048",0.702389758179232,"Positive"
"K01801","K09699",0.806685633001422,"Positive"
"K01801","K11081",0.621678520625889,"Positive"
"K01801","K11082",0.621678520625889,"Positive"
"K01801","K11083",0.621678520625889,"Positive"
"K01801","K11084",0.621678520625889,"Positive"
"K01801","K12527",0.690697012802276,"Positive"
"K01801","K15866",0.659829302987198,"Positive"
"K01801","K16165",0.809331436699858,"Positive"
"K01815","K02402",0.615732574679943,"Positive"
"K01815","K02403",0.620483641536273,"Positive"
"K01815","K02779",0.747254623044097,"Positive"
"K01815","K02805",0.615590327169275,"Positive"
"K01815","K03184",0.754310099573257,"Positive"
"K01815","K05874",0.749587482219061,"Positive"
"K01815","K06447",0.646116642958748,"Positive"
"K01815","K12524",0.601963015647226,"Positive"
"K01815","K12974",0.62275960170697,"Positive"
"K01815","K12975",0.617894736842105,"Positive"
"K01815","K19222",0.601792318634424,"Positive"
"K01825","K02619",0.701308677098151,"Positive"
"K01825","K03181",0.885547652916074,"Positive"
"K01825","K03472",0.705064011379801,"Positive"
"K01825","K03473",0.971322901849218,"Positive"
"K01825","K03651",0.678264580369843,"Positive"
"K01825","K03732",0.65900426742532,"Positive"
"K01825","K05365",0.7350213371266,"Positive"
"K01825","K06879",0.703926031294452,"Positive"
"K01825","K07235",0.678264580369843,"Positive"
"K01825","K07345",0.712091038406828,"Positive"
"K01825","K07347",0.65778093883357,"Positive"
"K01825","K07639",0.807197724039829,"Positive"
"K01825","K07661",0.807197724039829,"Positive"
"K01825","K07678",0.967709815078236,"Positive"
"K01825","K08484",0.906543385490754,"Positive"
"K01825","K08485",0.767453769559033,"Positive"
"K01825","K09913",0.82375533428165,"Positive"
"K01825","K10014",0.667852062588905,"Positive"
"K01825","K10015",0.63877667140825,"Positive"
"K01825","K10016",0.625320056899004,"Positive"
"K01825","K10017",0.640284495021337,"Positive"
"K01825","K10026",0.925889046941679,"Positive"
"K01825","K10036",0.611095305832148,"Positive"
"K01825","K10037",0.65172119487909,"Positive"
"K01825","K10038",0.647453769559033,"Positive"
"K01825","K10914",0.741678520625889,"Positive"
"K01825","K11179",0.678264580369843,"Positive"
"K01825","K12339",0.829786628733997,"Positive"
"K01825","K13378",0.71624466571835,"Positive"
"K01825","K13745",0.705263157894737,"Positive"
"K01826","K02657",0.659743954480797,"Positive"
"K01826","K02658",0.661109530583215,"Positive"
"K01826","K02659",0.66796586059744,"Positive"
"K01826","K02660",0.66796586059744,"Positive"
"K01826","K03863",0.774651493598862,"Positive"
"K01826","K06133",0.779715504978663,"Positive"
"K01826","K06134",0.644011379800853,"Positive"
"K01826","K06596",0.661308677098151,"Positive"
"K01826","K07346",0.649928876244666,"Positive"
"K01826","K07642",0.649302987197724,"Positive"
"K01826","K07664",0.650298719772404,"Positive"
"K01826","K10001",0.637041251778094,"Positive"
"K01826","K10013",0.677581792318634,"Positive"
"K01826","K10857",0.76275960170697,"Positive"
"K01826","K11931",0.843613086770981,"Positive"
"K01826","K12957",0.815590327169274,"Positive"
"K01826","K13522",0.878264580369844,"Positive"
"K01826","K14159",0.837041251778094,"Positive"
"K01826","K16839",0.772204836415363,"Positive"
"K01826","K16840",0.775135135135135,"Positive"
"K01826","K16841",0.755504978662873,"Positive"
"K01826","K16842",0.820881934566145,"Positive"
"K01826","K17228",0.76122332859175,"Positive"
"K01826","K18137",0.837041251778094,"Positive"
"K01826","K18147",0.837041251778094,"Positive"
"K01847","K01848",0.872347083926031,"Positive"
"K01847","K01849",0.872347083926031,"Positive"
"K01847","K01906",0.845689900426743,"Positive"
"K01847","K01912",0.753001422475107,"Positive"
"K01847","K02006",0.837724039829303,"Positive"
"K01847","K02765",0.624807965860597,"Positive"
"K01847","K02783",0.643328591749644,"Positive"
"K01847","K03340",0.804068278805121,"Positive"
"K01847","K03404",0.623470839260313,"Positive"
"K01847","K03405",0.628620199146515,"Positive"
"K01847","K03409",0.779715504978663,"Positive"
"K01847","K03410",0.707908961593172,"Positive"
"K01847","K03429",0.798349928876245,"Positive"
"K01847","K03620",0.854423897581792,"Positive"
"K01847","K05606",0.933143669985775,"Positive"
"K01847","K06208",0.854793741109531,"Positive"
"K01847","K06209",0.68850640113798,"Positive"
"K01847","K06281",0.824551920341394,"Positive"
"K01847","K06282",0.824551920341394,"Positive"
"K01847","K07588",0.926628733997155,"Positive"
"K01847","K07590",0.79271692745377,"Positive"
"K01847","K07720",0.725889046941679,"Positive"
"K01847","K08384",0.854793741109531,"Positive"
"K01847","K10206",0.860341394025605,"Positive"
"K01847","K11358",0.811038406827881,"Positive"
"K01847","K11782",0.861849217638691,"Positive"
"K01847","K11784",0.861849217638691,"Positive"
"K01847","K11895",-0.621450924608819,"Negative"
"K01847","K12257",0.633371266002845,"Positive"
"K01847","K13818",0.822361308677098,"Positive"
"K01847","K15792",0.892062588904694,"Positive"
"K01847","K16651",0.843300142247511,"Positive"
"K01847","K18285",0.865945945945946,"Positive"
"K01847","K19353",0.723072546230441,"Positive"
"K01848","K01849",1,"Positive"
"K01848","K01906",0.954765291607397,"Positive"
"K01848","K01912",0.743129445234708,"Positive"
"K01848","K02006",0.93027027027027,"Positive"
"K01848","K02765",0.677752489331437,"Positive"
"K01848","K02783",0.631891891891892,"Positive"
"K01848","K03340",0.871607396870555,"Positive"
"K01848","K03404",0.715391180654339,"Positive"
"K01848","K03405",0.681166429587482,"Positive"
"K01848","K03409",0.854822190611664,"Positive"
"K01848","K03410",0.756557610241821,"Positive"
"K01848","K03429",0.823613086770982,"Positive"
"K01848","K03620",0.86452347083926,"Positive"
"K01848","K05606",0.845263157894737,"Positive"
"K01848","K06208",0.957411095305832,"Positive"
"K01848","K06209",0.694452347083926,"Positive"
"K01848","K06281",0.833684210526316,"Positive"
"K01848","K06282",0.833684210526316,"Positive"
"K01848","K07588",0.937638691322902,"Positive"
"K01848","K07590",0.799089615931721,"Positive"
"K01848","K07720",0.771692745376956,"Positive"
"K01848","K08384",0.957411095305832,"Positive"
"K01848","K10206",0.9649786628734,"Positive"
"K01848","K11358",0.89203413940256,"Positive"
"K01848","K11690",0.634395448079659,"Positive"
"K01848","K11782",0.964779516358464,"Positive"
"K01848","K11784",0.964779516358464,"Positive"
"K01848","K13818",0.916443812233286,"Positive"
"K01848","K15792",0.93724039829303,"Positive"
"K01848","K16651",0.936842105263158,"Positive"
"K01848","K18285",0.964125177809388,"Positive"
"K01848","K19353",0.677268847795164,"Positive"
"K01849","K01906",0.954765291607397,"Positive"
"K01849","K01912",0.743129445234708,"Positive"
"K01849","K02006",0.93027027027027,"Positive"
"K01849","K02765",0.677752489331437,"Positive"
"K01849","K02783",0.631891891891892,"Positive"
"K01849","K03340",0.871607396870555,"Positive"
"K01849","K03404",0.715391180654339,"Positive"
"K01849","K03405",0.681166429587482,"Positive"
"K01849","K03409",0.854822190611664,"Positive"
"K01849","K03410",0.756557610241821,"Positive"
"K01849","K03429",0.823613086770982,"Positive"
"K01849","K03620",0.86452347083926,"Positive"
"K01849","K05606",0.845263157894737,"Positive"
"K01849","K06208",0.957411095305832,"Positive"
"K01849","K06209",0.694452347083926,"Positive"
"K01849","K06281",0.833684210526316,"Positive"
"K01849","K06282",0.833684210526316,"Positive"
"K01849","K07588",0.937638691322902,"Positive"
"K01849","K07590",0.799089615931721,"Positive"
"K01849","K07720",0.771692745376956,"Positive"
"K01849","K08384",0.957411095305832,"Positive"
"K01849","K10206",0.9649786628734,"Positive"
"K01849","K11358",0.89203413940256,"Positive"
"K01849","K11690",0.634395448079659,"Positive"
"K01849","K11782",0.964779516358464,"Positive"
"K01849","K11784",0.964779516358464,"Positive"
"K01849","K13818",0.916443812233286,"Positive"
"K01849","K15792",0.93724039829303,"Positive"
"K01849","K16651",0.936842105263158,"Positive"
"K01849","K18285",0.964125177809388,"Positive"
"K01849","K19353",0.677268847795164,"Positive"
"K01856","K01959",0.873513513513513,"Positive"
"K01856","K01960",0.692375533428165,"Positive"
"K01856","K01971",0.634736842105263,"Positive"
"K01856","K02203",0.631550497866287,"Positive"
"K01856","K02228",0.624324324324324,"Positive"
"K01856","K02305",0.714566145092461,"Positive"
"K01856","K02848",0.731066856330014,"Positive"
"K01856","K03381",0.999829302987198,"Positive"
"K01856","K03464",0.891436699857753,"Positive"
"K01856","K03972",0.711095305832148,"Positive"
"K01856","K04561",0.698321479374111,"Positive"
"K01856","K05549",0.936386913229018,"Positive"
"K01856","K05550",0.936386913229018,"Positive"
"K01856","K05783",0.936386913229018,"Positive"
"K01856","K05784",0.936386913229018,"Positive"
"K01856","K06985",0.742873399715505,"Positive"
"K01856","K07589",0.733826458036984,"Positive"
"K01856","K07810",0.758207681365576,"Positive"
"K01856","K07823",0.858748221906117,"Positive"
"K01856","K10125",0.915960170697013,"Positive"
"K01856","K10126",0.915903271692745,"Positive"
"K01856","K10942",0.867083926031294,"Positive"
"K01856","K10943",0.943954480796586,"Positive"
"K01856","K10979",0.644267425320057,"Positive"
"K01856","K11384",0.869302987197724,"Positive"
"K01856","K11688",0.627795163584637,"Positive"
"K01856","K11689",0.738122332859175,"Positive"
"K01856","K12254",0.869302987197724,"Positive"
"K01856","K13541",0.760825035561878,"Positive"
"K01856","K13590",0.841650071123755,"Positive"
"K01856","K14268",0.804210526315789,"Positive"
"K01856","K15408",0.92950213371266,"Positive"
"K01856","K16370",0.645689900426743,"Positive"
"K01856","K17226",0.868762446657183,"Positive"
"K01856","K17315",0.843129445234708,"Positive"
"K01856","K17316",0.842930298719772,"Positive"
"K01856","K17317",0.842930298719772,"Positive"
"K01856","K17838",0.62728307254623,"Positive"
"K01856","K18135",0.635533428165007,"Positive"
"K01856","K18291",0.788563300142248,"Positive"
"K01856","K18697",-0.622958748221906,"Negative"
"K01856","K18930",0.674338549075391,"Positive"
"K01856","K18981",0.846230440967283,"Positive"
"K01856","K19340",0.641593172119488,"Positive"
"K01856","K19341",0.647880512091038,"Positive"
"K01856","K19609",0.839061166429588,"Positive"
"K01856","K19610",0.839061166429588,"Positive"
"K01856","K19713",0.712403982930299,"Positive"
"K01857","K02007",0.807880512091038,"Positive"
"K01857","K02008",0.810753911806543,"Positive"
"K01857","K02009",0.927823613086771,"Positive"
"K01857","K02190",0.667681365576102,"Positive"
"K01857","K03780",0.898463726884779,"Positive"
"K01857","K07683",0.74176386913229,"Positive"
"K01857","K09809",0.600085348506401,"Positive"
"K01857","K11623",0.738748221906117,"Positive"
"K01857","K11624",0.738748221906117,"Positive"
"K01857","K11625",0.705007112375533,"Positive"
"K01857","K13919",0.745064011379801,"Positive"
"K01857","K13920",0.745064011379801,"Positive"
"K01857","K14422",0.836984352773826,"Positive"
"K01857","K16937",0.730412517780939,"Positive"
"K01857","K16961",0.700113798008535,"Positive"
"K01857","K17722",0.738805120910384,"Positive"
"K01857","K17950",0.738748221906117,"Positive"
"K01857","K19349",0.738748221906117,"Positive"
"K01906","K01912",0.738122332859175,"Positive"
"K01906","K02006",0.958719772403983,"Positive"
"K01906","K02765",0.7150213371266,"Positive"
"K01906","K02783",0.634537695590327,"Positive"
"K01906","K03340",0.867567567567568,"Positive"
"K01906","K03404",0.748819345661451,"Positive"
"K01906","K03405",0.644921763869132,"Positive"
"K01906","K03409",0.889871977240398,"Positive"
"K01906","K03410",0.803641536273115,"Positive"
"K01906","K03429",0.874651493598862,"Positive"
"K01906","K03620",0.887937411095306,"Positive"
"K01906","K05606",0.804381223328592,"Positive"
"K01906","K06208",0.998378378378378,"Positive"
"K01906","K06209",0.653684210526316,"Positive"
"K01906","K06281",0.851209103840683,"Positive"
"K01906","K06282",0.851209103840683,"Positive"
"K01906","K07588",0.903243243243243,"Positive"
"K01906","K07590",0.826770981507824,"Positive"
"K01906","K07720",0.736073968705548,"Positive"
"K01906","K08384",0.998378378378378,"Positive"
"K01906","K10206",0.991863442389758,"Positive"
"K01906","K11358",0.893655761024182,"Positive"
"K01906","K11690",0.664125177809388,"Positive"
"K01906","K11782",0.902844950213371,"Positive"
"K01906","K11784",0.902844950213371,"Positive"
"K01906","K13818",0.931095305832148,"Positive"
"K01906","K15792",0.949132290184922,"Positive"
"K01906","K16651",0.968961593172119,"Positive"
"K01906","K18285",0.904409672830725,"Positive"
"K01906","K19353",0.671095305832148,"Positive"
"K01908","K03204",0.600739687055477,"Positive"
"K01908","K03821",0.774623044096728,"Positive"
"K01908","K05973",0.787880512091038,"Positive"
"K01908","K06016",0.606543385490754,"Positive"
"K01908","K06858",-0.601166429587482,"Negative"
"K01908","K06998",0.655106685633001,"Positive"
"K01908","K07710",0.636728307254623,"Positive"
"K01908","K07714",0.636728307254623,"Positive"
"K01908","K12688",0.615618776671408,"Positive"
"K01908","K14026",0.615618776671408,"Positive"
"K01908","K16165",0.727596017069701,"Positive"
"K01912","K02006",0.7174679943101,"Positive"
"K01912","K02613",0.602617354196302,"Positive"
"K01912","K02614",0.637752489331437,"Positive"
"K01912","K02765",0.703129445234708,"Positive"
"K01912","K02783",0.891834992887624,"Positive"
"K01912","K03340",0.682588904694168,"Positive"
"K01912","K03409",0.62176386913229,"Positive"
"K01912","K03429",0.754964438122333,"Positive"
"K01912","K03620",0.731948790896159,"Positive"
"K01912","K05606",0.768335704125178,"Positive"
"K01912","K06208",0.728819345661451,"Positive"
"K01912","K06209",0.618036984352774,"Positive"
"K01912","K06281",0.715903271692745,"Positive"
"K01912","K06282",0.715903271692745,"Positive"
"K01912","K07588",0.821678520625889,"Positive"
"K01912","K07590",0.691920341394026,"Positive"
"K01912","K07720",0.619317211948791,"Positive"
"K01912","K08384",0.728819345661451,"Positive"
"K01912","K10206",0.735618776671408,"Positive"
"K01912","K11358",0.700910384068279,"Positive"
"K01912","K11782",0.697126600284495,"Positive"
"K01912","K11784",0.697126600284495,"Positive"
"K01912","K11900",-0.60398293029872,"Negative"
"K01912","K13818",0.654822190611664,"Positive"
"K01912","K15792",0.679118065433855,"Positive"
"K01912","K16651",0.727425320056899,"Positive"
"K01912","K18285",0.696586059743954,"Positive"
"K01922","K02746",0.854281650071124,"Positive"
"K01922","K04516",0.910981507823613,"Positive"
"K01922","K05362",0.999943100995733,"Positive"
"K01922","K05363",0.997411095305832,"Positive"
"K01922","K07717",0.661735419630156,"Positive"
"K01922","K07719",0.661735419630156,"Positive"
"K01922","K11041",0.965405405405405,"Positive"
"K01922","K11617",0.955135135135135,"Positive"
"K01922","K11618",0.608421052631579,"Positive"
"K01922","K12296",0.96298719772404,"Positive"
"K01922","K12554",0.695448079658606,"Positive"
"K01922","K12556",1,"Positive"
"K01922","K13677",0.791095305832148,"Positive"
"K01941","K02259",0.675362731152205,"Positive"
"K01941","K03638",0.812517780938834,"Positive"
"K01941","K03735",0.62022759601707,"Positive"
"K01941","K03736",0.62022759601707,"Positive"
"K01941","K07141",0.750184921763869,"Positive"
"K01941","K07248",0.643100995732575,"Positive"
"K01941","K07250",0.757951635846373,"Positive"
"K01941","K07708",0.602503556187767,"Positive"
"K01941","K08738",0.622844950213371,"Positive"
"K01941","K10806",0.658065433854908,"Positive"
"K01941","K11645",0.703641536273115,"Positive"
"K01941","K13481",0.795391180654339,"Positive"
"K01941","K13482",0.796415362731152,"Positive"
"K01947","K04782",0.75072546230441,"Positive"
"K01947","K06013",0.76475106685633,"Positive"
"K01947","K07684",0.659317211948791,"Positive"
"K01947","K07710",0.830583214793741,"Positive"
"K01947","K07714",0.830583214793741,"Positive"
"K01947","K11003",0.805405405405405,"Positive"
"K01947","K11004",0.805405405405405,"Positive"
"K01947","K12688",0.870953058321479,"Positive"
"K01947","K14026",0.870953058321479,"Positive"
"K01947","K18133",1,"Positive"
"K01947","K18148",0.732375533428165,"Positive"
"K01947","K18369",0.928591749644381,"Positive"
"K01958","K08177",0.791977240398293,"Positive"
"K01959","K01960",0.817923186344239,"Positive"
"K01959","K01971",0.655618776671408,"Positive"
"K01959","K02228",0.630355618776671,"Positive"
"K01959","K02305",0.835334281650071,"Positive"
"K01959","K02423",-0.627112375533428,"Negative"
"K01959","K02425",-0.622446657183499,"Negative"
"K01959","K02848",0.850440967283073,"Positive"
"K01959","K02849",-0.621251778093883,"Negative"
"K01959","K02858",-0.604864864864865,"Negative"
"K01959","K03381",0.873741109530583,"Positive"
"K01959","K03464",0.765206258890469,"Positive"
"K01959","K03972",0.734310099573257,"Positive"
"K01959","K04093",-0.62352773826458,"Negative"
"K01959","K04335",0.692204836415363,"Positive"
"K01959","K04561",0.73027027027027,"Positive"
"K01959","K05343",0.733570412517781,"Positive"
"K01959","K05549",0.914139402560455,"Positive"
"K01959","K05550",0.914139402560455,"Positive"
"K01959","K05783",0.914139402560455,"Positive"
"K01959","K05784",0.914139402560455,"Positive"
"K01959","K06001",0.612233285917496,"Positive"
"K01959","K06597",0.712574679943101,"Positive"
"K01959","K06598",0.731834992887624,"Positive"
"K01959","K06718",0.698748221906117,"Positive"
"K01959","K06720",0.698748221906117,"Positive"
"K01959","K06985",0.74972972972973,"Positive"
"K01959","K07589",0.739118065433855,"Positive"
"K01959","K07642",-0.631379800853485,"Negative"
"K01959","K07664",-0.616330014224751,"Negative"
"K01959","K07810",0.79800853485064,"Positive"
"K01959","K07823",0.987624466571835,"Positive"
"K01959","K10125",0.922901849217639,"Positive"
"K01959","K10126",0.922674253200569,"Positive"
"K01959","K10941",0.731834992887624,"Positive"
"K01959","K10942",0.993058321479374,"Positive"
"K01959","K10943",0.936984352773826,"Positive"
"K01959","K10979",0.667852062588905,"Positive"
"K01959","K11258",-0.610697012802276,"Negative"
"K01959","K11384",0.997211948790896,"Positive"
"K01959","K11472",0.624466571834993,"Positive"
"K01959","K11473",0.629701280227596,"Positive"
"K01959","K11604",-0.623271692745377,"Negative"
"K01959","K11605",-0.623271692745377,"Negative"
"K01959","K11606",-0.623271692745377,"Negative"
"K01959","K11607",-0.623271692745377,"Negative"
"K01959","K11688",0.741507823613087,"Positive"
"K01959","K11689",0.856130867709815,"Positive"
"K01959","K11751",-0.680796586059744,"Negative"
"K01959","K12254",0.997211948790896,"Positive"
"K01959","K12976",0.624921763869132,"Positive"
"K01959","K13541",0.900028449502134,"Positive"
"K01959","K13590",0.819573257467994,"Positive"
"K01959","K14268",0.93271692745377,"Positive"
"K01959","K14596",0.616358463726885,"Positive"
"K01959","K15373",0.638264580369844,"Positive"
"K01959","K15408",0.922560455192034,"Positive"
"K01959","K15864",0.704722617354196,"Positive"
"K01959","K16370",0.688221906116643,"Positive"
"K01959","K17226",0.996899004267425,"Positive"
"K01959","K17315",0.972460881934566,"Positive"
"K01959","K17316",0.973200568990043,"Positive"
"K01959","K17317",0.973200568990043,"Positive"
"K01959","K17838",0.723357041251778,"Positive"
"K01959","K18135",0.749189189189189,"Positive"
"K01959","K18291",0.926799431009957,"Positive"
"K01959","K18292",0.705689900426743,"Positive"
"K01959","K18889",-0.648392603129445,"Negative"
"K01959","K18890",-0.648392603129445,"Negative"
"K01959","K18930",0.790355618776671,"Positive"
"K01959","K18981",0.973200568990043,"Positive"
"K01959","K19236",-0.624153627311522,"Negative"
"K01959","K19340",0.677809388335704,"Positive"
"K01959","K19341",0.778577524893314,"Positive"
"K01959","K19609",0.966145092460882,"Positive"
"K01959","K19610",0.966145092460882,"Positive"
"K01959","K19696",0.712574679943101,"Positive"
"K01959","K19713",0.830867709815078,"Positive"
"K01960","K02305",0.62176386913229,"Positive"
"K01960","K02848",0.973854907539118,"Positive"
"K01960","K03381",0.692233285917496,"Positive"
"K01960","K03405",0.671778093883357,"Positive"
"K01960","K03464",0.731436699857753,"Positive"
"K01960","K03972",0.703926031294452,"Positive"
"K01960","K04561",0.664096728307255,"Positive"
"K01960","K05343",0.663300142247511,"Positive"
"K01960","K05549",0.73049786628734,"Positive"
"K01960","K05550",0.73049786628734,"Positive"
"K01960","K05783",0.73049786628734,"Positive"
"K01960","K05784",0.73049786628734,"Positive"
"K01960","K06001",0.792517780938834,"Positive"
"K01960","K06985",0.711834992887624,"Positive"
"K01960","K07589",0.763641536273115,"Positive"
"K01960","K07642",-0.60176386913229,"Negative"
"K01960","K07664",-0.609900426742532,"Negative"
"K01960","K07823",0.805007112375533,"Positive"
"K01960","K10125",0.751152204836415,"Positive"
"K01960","K10126",0.751152204836415,"Positive"
"K01960","K10942",0.820967283072546,"Positive"
"K01960","K10943",0.76475106685633,"Positive"
"K01960","K11384",0.815135135135135,"Positive"
"K01960","K11689",0.648221906116643,"Positive"
"K01960","K11690",0.665775248933144,"Positive"
"K01960","K11751",-0.609160739687056,"Negative"
"K01960","K12254",0.815135135135135,"Positive"
"K01960","K13541",0.721849217638691,"Positive"
"K01960","K13590",0.79524893314367,"Positive"
"K01960","K14268",0.748648648648649,"Positive"
"K01960","K15408",0.736842105263158,"Positive"
"K01960","K15864",0.65701280227596,"Positive"
"K01960","K16370",0.745803698435277,"Positive"
"K01960","K17226",0.814765291607397,"Positive"
"K01960","K17315",0.794167852062589,"Positive"
"K01960","K17316",0.794708392603129,"Positive"
"K01960","K17317",0.794708392603129,"Positive"
"K01960","K18291",0.746287339971551,"Positive"
"K01960","K18930",0.947453769559033,"Positive"
"K01960","K18981",0.795504978662873,"Positive"
"K01960","K19340",0.619800853485064,"Positive"
"K01960","K19341",0.729786628733997,"Positive"
"K01960","K19609",0.784779516358464,"Positive"
"K01960","K19610",0.784779516358464,"Positive"
"K01960","K19713",0.792802275960171,"Positive"
"K01968","K01969",0.997980085348506,"Positive"
"K01968","K01971",0.724495021337127,"Positive"
"K01968","K02203",0.644438122332859,"Positive"
"K01968","K02228",0.62275960170697,"Positive"
"K01968","K02258",0.883669985775249,"Positive"
"K01968","K02275",0.869189189189189,"Positive"
"K01968","K02276",0.861735419630156,"Positive"
"K01968","K03197",0.608079658605974,"Positive"
"K01968","K03821",0.624409672830725,"Positive"
"K01968","K06597",0.619317211948791,"Positive"
"K01968","K06598",0.63547652916074,"Positive"
"K01968","K07516",0.727226173541963,"Positive"
"K01968","K08082",0.707596017069701,"Positive"
"K01968","K08083",0.712204836415363,"Positive"
"K01968","K10747",0.767681365576102,"Positive"
"K01968","K10941",0.63547652916074,"Positive"
"K01968","K10979",0.734054054054054,"Positive"
"K01968","K11472",0.696671408250356,"Positive"
"K01968","K11473",0.695334281650071,"Positive"
"K01968","K13766",0.728449502133713,"Positive"
"K01968","K15011",0.707226173541963,"Positive"
"K01968","K15012",0.707226173541963,"Positive"
"K01968","K15371",0.811123755334282,"Positive"
"K01968","K16171",0.76153627311522,"Positive"
"K01968","K19696",0.619317211948791,"Positive"
"K01969","K01971",0.727140825035562,"Positive"
"K01969","K02203",0.642503556187767,"Positive"
"K01969","K02228",0.623271692745377,"Positive"
"K01969","K02258",0.880369843527738,"Positive"
"K01969","K02275",0.865832147937411,"Positive"
"K01969","K02276",0.861251778093883,"Positive"
"K01969","K03821",0.620625889046942,"Positive"
"K01969","K06597",0.615618776671408,"Positive"
"K01969","K06598",0.634196301564723,"Positive"
"K01969","K07516",0.722645803698435,"Positive"
"K01969","K08082",0.705576102418208,"Positive"
"K01969","K08083",0.710839260312945,"Positive"
"K01969","K10747",0.757809388335704,"Positive"
"K01969","K10941",0.634196301564723,"Positive"
"K01969","K10979",0.734793741109531,"Positive"
"K01969","K11472",0.693001422475107,"Positive"
"K01969","K11473",0.691948790896159,"Positive"
"K01969","K13766",0.729701280227596,"Positive"
"K01969","K15011",0.704381223328592,"Positive"
"K01969","K15012",0.70421052631579,"Positive"
"K01969","K15371",0.811322901849218,"Positive"
"K01969","K16171",0.755277382645804,"Positive"
"K01969","K19696",0.615618776671408,"Positive"
"K01971","K02228",0.777951635846373,"Positive"
"K01971","K02258",0.842133712660028,"Positive"
"K01971","K02275",0.828136557610242,"Positive"
"K01971","K02276",0.851066856330014,"Positive"
"K01971","K03381",0.63624466571835,"Positive"
"K01971","K05343",0.712603129445235,"Positive"
"K01971","K06597",0.862446657183499,"Positive"
"K01971","K06598",0.888876244665718,"Positive"
"K01971","K06718",0.74,"Positive"
"K01971","K06720",0.74,"Positive"
"K01971","K07823",0.668904694167852,"Positive"
"K01971","K08083",0.604864864864865,"Positive"
"K01971","K10125",0.709928876244666,"Positive"
"K01971","K10126",0.710213371266003,"Positive"
"K01971","K10747",0.757126600284495,"Positive"
"K01971","K10941",0.888876244665718,"Positive"
"K01971","K10942",0.643044096728307,"Positive"
"K01971","K10943",0.682901849217639,"Positive"
"K01971","K10979",0.995504978662873,"Positive"
"K01971","K11384",0.647254623044097,"Positive"
"K01971","K11472",0.687766714082504,"Positive"
"K01971","K11473",0.688591749644381,"Positive"
"K01971","K11688",0.719317211948791,"Positive"
"K01971","K12254",0.647254623044097,"Positive"
"K01971","K12976",0.686884779516359,"Positive"
"K01971","K14335",0.719032716927454,"Positive"
"K01971","K15011",0.773143669985775,"Positive"
"K01971","K15012",0.77302987197724,"Positive"
"K01971","K15371",0.835732574679943,"Positive"
"K01971","K15373",0.687795163584637,"Positive"
"K01971","K15408",0.65800853485064,"Positive"
"K01971","K16171",0.855817923186344,"Positive"
"K01971","K17226",0.646685633001422,"Positive"
"K01971","K17315",0.686856330014225,"Positive"
"K01971","K17316",0.685490753911807,"Positive"
"K01971","K17317",0.685490753911807,"Positive"
"K01971","K18292",0.744893314366999,"Positive"
"K01971","K18968",0.603641536273115,"Positive"
"K01971","K18981",0.642019914651494,"Positive"
"K01971","K19609",0.624779516358464,"Positive"
"K01971","K19610",0.624779516358464,"Positive"
"K01971","K19696",0.862446657183499,"Positive"
"K02001","K11604",0.609046941678521,"Positive"
"K02001","K11605",0.609046941678521,"Positive"
"K02001","K11606",0.609046941678521,"Positive"
"K02001","K11607",0.609046941678521,"Positive"
"K02006","K02765",0.75072546230441,"Positive"
"K02006","K02783",0.62221906116643,"Positive"
"K02006","K03340",0.901934566145092,"Positive"
"K02006","K03404",0.710697012802276,"Positive"
"K02006","K03405",0.647994310099573,"Positive"
"K02006","K03409",0.861650071123755,"Positive"
"K02006","K03410",0.84375533428165,"Positive"
"K02006","K03429",0.91271692745377,"Positive"
"K02006","K03620",0.875874822190612,"Positive"
"K02006","K05606",0.805405405405405,"Positive"
"K02006","K05992",0.611237553342816,"Positive"
"K02006","K06208",0.959829302987198,"Positive"
"K02006","K06209",0.701166429587482,"Positive"
"K02006","K06281",0.895391180654339,"Positive"
"K02006","K06282",0.895391180654339,"Positive"
"K02006","K07588",0.89172119487909,"Positive"
"K02006","K07590",0.875647226173542,"Positive"
"K02006","K07720",0.778321479374111,"Positive"
"K02006","K08384",0.959829302987198,"Positive"
"K02006","K10206",0.9649786628734,"Positive"
"K02006","K11358",0.86850640113798,"Positive"
"K02006","K11690",0.647539118065434,"Positive"
"K02006","K11782",0.889217638691323,"Positive"
"K02006","K11784",0.889217638691323,"Positive"
"K02006","K13818",0.953911806543385,"Positive"
"K02006","K15792",0.93027027027027,"Positive"
"K02006","K16651",0.99877667140825,"Positive"
"K02006","K18285",0.890469416785206,"Positive"
"K02006","K19353",0.675334281650071,"Positive"
"K02007","K02008",0.999800853485064,"Positive"
"K02007","K02009",0.867425320056899,"Positive"
"K02007","K02190",0.753798008534851,"Positive"
"K02007","K03340",0.625633001422475,"Positive"
"K02007","K03780",0.845576102418208,"Positive"
"K02007","K06208",0.600284495021337,"Positive"
"K02007","K08384",0.600284495021337,"Positive"
"K02007","K11625",0.642958748221906,"Positive"
"K02007","K13818",0.621792318634424,"Positive"
"K02007","K14422",0.819431009957326,"Positive"
"K02008","K02009",0.867396870554765,"Positive"
"K02008","K02190",0.754793741109531,"Positive"
"K02008","K03340",0.624722617354196,"Positive"
"K02008","K03780",0.847197724039829,"Positive"
"K02008","K11625",0.645064011379801,"Positive"
"K02008","K13818",0.619317211948791,"Positive"
"K02008","K14422",0.819914651493599,"Positive"
"K02009","K02190",0.65800853485064,"Positive"
"K02009","K03780",0.950981507823613,"Positive"
"K02009","K07683",0.699914651493599,"Positive"
"K02009","K09809",0.609246088193457,"Positive"
"K02009","K11623",0.70628733997155,"Positive"
"K02009","K11624",0.70628733997155,"Positive"
"K02009","K11625",0.755220483641536,"Positive"
"K02009","K13919",0.709416785206259,"Positive"
"K02009","K13920",0.709416785206259,"Positive"
"K02009","K14422",0.933769559032717,"Positive"
"K02009","K16937",0.684580369843528,"Positive"
"K02009","K16961",0.663812233285918,"Positive"
"K02009","K17722",0.702503556187767,"Positive"
"K02009","K17950",0.705689900426743,"Positive"
"K02009","K19349",0.70628733997155,"Positive"
"K02010","K02011",0.991322901849218,"Positive"
"K02010","K02012",0.951123755334282,"Positive"
"K02010","K02398",0.628990042674253,"Positive"
"K02010","K03563",0.623954480796586,"Positive"
"K02011","K02012",0.961564722617354,"Positive"
"K02011","K02398",0.620881934566145,"Positive"
"K02011","K03563",0.631066856330014,"Positive"
"K02012","K02398",0.669302987197724,"Positive"
"K02012","K02843",0.612460881934566,"Positive"
"K02012","K03563",0.670583214793741,"Positive"
"K02053","K04093",0.656130867709815,"Positive"
"K02053","K10804",0.676870554765292,"Positive"
"K02053","K11959",0.630071123755334,"Positive"
"K02053","K11961",0.631408250355619,"Positive"
"K02054","K05522",0.628790896159317,"Positive"
"K02054","K06044",0.628136557610242,"Positive"
"K02054","K07649",0.66796586059744,"Positive"
"K02054","K07774",0.632830725462304,"Positive"
"K02054","K07793",0.843300142247511,"Positive"
"K02054","K07794",0.858719772403983,"Positive"
"K02054","K07795",0.861137980085348,"Positive"
"K02054","K09969",0.762958748221906,"Positive"
"K02054","K09970",0.751379800853485,"Positive"
"K02054","K09971",0.751379800853485,"Positive"
"K02054","K09972",0.627567567567568,"Positive"
"K02054","K10227",0.612745376955903,"Positive"
"K02054","K15576",0.766998577524893,"Positive"
"K02054","K15577",0.667795163584637,"Positive"
"K02054","K15578",0.667795163584637,"Positive"
"K02062","K02344",0.963840682788051,"Positive"
"K02062","K02345",0.693798008534851,"Positive"
"K02062","K02446",0.830668563300142,"Positive"
"K02062","K02472",0.703584637268848,"Positive"
"K02062","K02560",0.954110953058321,"Positive"
"K02062","K02784",0.963840682788051,"Positive"
"K02062","K02804",0.861450924608819,"Positive"
"K02062","K02805",0.669900426742532,"Positive"
"K02062","K02849",0.605035561877667,"Positive"
"K02062","K02852",0.698179231863442,"Positive"
"K02062","K02858",0.894879089615932,"Positive"
"K02062","K03184",0.623641536273115,"Positive"
"K02062","K03573",0.963840682788051,"Positive"
"K02062","K04067",0.967709815078236,"Positive"
"K02062","K05368",0.698179231863442,"Positive"
"K02062","K05776",0.937354196301565,"Positive"
"K02062","K05851",0.729871977240398,"Positive"
"K02062","K05939",0.830640113798009,"Positive"
"K02062","K06080",0.698179231863442,"Positive"
"K02062","K06211",0.958975817923186,"Positive"
"K02062","K06223",0.836557610241821,"Positive"
"K02062","K07236",0.634679943100996,"Positive"
"K02062","K07237",0.634679943100996,"Positive"
"K02062","K07251",0.698179231863442,"Positive"
"K02062","K07264",0.671209103840683,"Positive"
"K02062","K07640",0.963840682788051,"Positive"
"K02062","K07648",0.873940256045519,"Positive"
"K02062","K07676",0.698179231863442,"Positive"
"K02062","K07677",0.681934566145093,"Positive"
"K02062","K07687",0.694196301564723,"Positive"
"K02062","K07689",0.694537695590327,"Positive"
"K02062","K07715",0.690440967283073,"Positive"
"K02062","K07751",0.963840682788051,"Positive"
"K02062","K07771",0.686002844950213,"Positive"
"K02062","K07773",0.873940256045519,"Positive"
"K02062","K07806",0.674054054054054,"Positive"
"K02062","K08682",0.706543385490754,"Positive"
"K02062","K08722",0.890213371266003,"Positive"
"K02062","K09476",0.960568990042674,"Positive"
"K02062","K09997",0.963840682788051,"Positive"
"K02062","K09998",0.960256045519203,"Positive"
"K02062","K09999",0.960256045519203,"Positive"
"K02062","K10000",0.960256045519203,"Positive"
"K02062","K10004",0.618975817923186,"Positive"
"K02062","K10011",0.680398293029872,"Positive"
"K02062","K10012",0.674054054054054,"Positive"
"K02062","K11258",0.893997155049787,"Positive"
"K02062","K11604",0.730241820768137,"Positive"
"K02062","K11605",0.730241820768137,"Positive"
"K02062","K11606",0.730241820768137,"Positive"
"K02062","K11607",0.730241820768137,"Positive"
"K02062","K11751",0.84475106685633,"Positive"
"K02062","K11891",0.624438122332859,"Positive"
"K02062","K11892",0.632603129445235,"Positive"
"K02062","K11893",0.627482219061166,"Positive"
"K02062","K11901",0.621450924608819,"Positive"
"K02062","K11903",0.637496443812233,"Positive"
"K02062","K11907",0.617695590327169,"Positive"
"K02062","K12152",0.873854907539118,"Positive"
"K02062","K12368",0.770384068278805,"Positive"
"K02062","K12369",0.797553342816501,"Positive"
"K02062","K12370",0.797553342816501,"Positive"
"K02062","K12371",0.797553342816501,"Positive"
"K02062","K12372",0.797553342816501,"Positive"
"K02062","K12524",0.822190611664296,"Positive"
"K02062","K12525",0.698179231863442,"Positive"
"K02062","K12582",0.698179231863442,"Positive"
"K02062","K12962",0.674054054054054,"Positive"
"K02062","K12963",0.674054054054054,"Positive"
"K02062","K12974",0.657183499288762,"Positive"
"K02062","K12975",0.659601706970128,"Positive"
"K02062","K13014",0.674054054054054,"Positive"
"K02062","K13301",0.698179231863442,"Positive"
"K02062","K13498",0.959800853485064,"Positive"
"K02062","K14187",0.963840682788051,"Positive"
"K02062","K16704",0.698179231863442,"Positive"
"K02062","K18800",0.63103840682788,"Positive"
"K02062","K19222",0.626145092460882,"Positive"
"K02062","K19226",0.698264580369844,"Positive"
"K02062","K19227",0.963840682788051,"Positive"
"K02062","K19228",0.963840682788051,"Positive"
"K02062","K19229",0.963840682788051,"Positive"
"K02062","K19230",0.96298719772404,"Positive"
"K02062","K19236",0.603726884779516,"Positive"
"K02062","K19270",0.668705547652916,"Positive"
"K02082","K02747",0.801820768136558,"Positive"
"K02082","K05306",0.762788051209104,"Positive"
"K02082","K07306",0.622588904694168,"Positive"
"K02082","K07307",0.619317211948791,"Positive"
"K02082","K08302",0.677268847795164,"Positive"
"K02082","K12111",0.828677098150782,"Positive"
"K02106","K03776",0.639630156472262,"Positive"
"K02106","K07226",0.731351351351351,"Positive"
"K02106","K07684",0.711209103840683,"Positive"
"K02106","K07710",0.710156472261735,"Positive"
"K02106","K07714",0.710156472261735,"Positive"
"K02106","K09471",0.70773826458037,"Positive"
"K02106","K12256",0.787908961593172,"Positive"
"K02106","K12688",0.692972972972973,"Positive"
"K02106","K14026",0.692972972972973,"Positive"
"K02106","K18148",0.612005689900427,"Positive"
"K02106","K18369",0.610953058321479,"Positive"
"K02190","K03780",0.665917496443812,"Positive"
"K02190","K05364",0.609359886201991,"Positive"
"K02190","K07271",0.689530583214794,"Positive"
"K02190","K07683",0.825433854907539,"Positive"
"K02190","K07717",0.811863442389758,"Positive"
"K02190","K07719",0.811863442389758,"Positive"
"K02190","K09692",0.624722617354196,"Positive"
"K02190","K09809",0.676102418207681,"Positive"
"K02190","K11618",0.672062588904694,"Positive"
"K02190","K11623",0.825490753911807,"Positive"
"K02190","K11624",0.825490753911807,"Positive"
"K02190","K13919",0.840967283072546,"Positive"
"K02190","K13920",0.840967283072546,"Positive"
"K02190","K14422",0.657069701280228,"Positive"
"K02190","K16937",0.826884779516358,"Positive"
"K02190","K16961",0.783328591749644,"Positive"
"K02190","K17722",0.824893314366999,"Positive"
"K02190","K17950",0.823328591749644,"Positive"
"K02190","K19349",0.825490753911807,"Positive"
"K02196","K02455",0.62375533428165,"Positive"
"K02196","K07693",0.615533428165007,"Positive"
"K02196","K07778",0.618492176386913,"Positive"
"K02203","K03381",0.627197724039829,"Positive"
"K02203","K06597",0.646770981507824,"Positive"
"K02203","K06598",0.605832147937411,"Positive"
"K02203","K08082",0.637268847795164,"Positive"
"K02203","K08083",0.627083926031294,"Positive"
"K02203","K09996",-0.646856330014225,"Negative"
"K02203","K10941",0.605832147937411,"Positive"
"K02203","K10943",0.640910384068279,"Positive"
"K02203","K15408",0.686458036984353,"Positive"
"K02203","K19696",0.646770981507824,"Positive"
"K02225","K02229",0.955448079658606,"Positive"
"K02225","K02230",0.962901849217639,"Positive"
"K02225","K02259",0.673940256045519,"Positive"
"K02225","K03205",0.628108108108108,"Positive"
"K02225","K04719",0.961564722617354,"Positive"
"K02225","K07215",0.606116642958748,"Positive"
"K02225","K08261",0.604352773826458,"Positive"
"K02225","K08738",0.63448079658606,"Positive"
"K02225","K08964",0.911522048364154,"Positive"
"K02225","K08967",0.946315789473684,"Positive"
"K02225","K09474",0.896330014224751,"Positive"
"K02225","K09690",0.901422475106686,"Positive"
"K02225","K09691",0.901422475106686,"Positive"
"K02225","K09880",0.911522048364154,"Positive"
"K02225","K13485",0.93027027027027,"Positive"
"K02228","K02258",0.737268847795164,"Positive"
"K02228","K02275",0.722048364153627,"Positive"
"K02228","K02276",0.716756756756757,"Positive"
"K02228","K02362",0.766173541963016,"Positive"
"K02228","K03381",0.625007112375533,"Positive"
"K02228","K05343",0.60076813655761,"Positive"
"K02228","K06597",0.755106685633001,"Positive"
"K02228","K06598",0.766059743954481,"Positive"
"K02228","K06718",0.908051209103841,"Positive"
"K02228","K06720",0.908051209103841,"Positive"
"K02228","K07774",0.624039829302987,"Positive"
"K02228","K07823",0.614964438122333,"Positive"
"K02228","K10125",0.628193456614509,"Positive"
"K02228","K10126",0.627567567567568,"Positive"
"K02228","K10227",0.611635846372689,"Positive"
"K02228","K10229",0.732432432432432,"Positive"
"K02228","K10747",0.639260312944523,"Positive"
"K02228","K10941",0.766059743954481,"Positive"
"K02228","K10942",0.626458036984353,"Positive"
"K02228","K10943",0.668307254623044,"Positive"
"K02228","K10979",0.788392603129445,"Positive"
"K02228","K11384",0.63049786628734,"Positive"
"K02228","K11472",0.772204836415363,"Positive"
"K02228","K11473",0.773371266002845,"Positive"
"K02228","K11614",0.65601706970128,"Positive"
"K02228","K11615",0.65601706970128,"Positive"
"K02228","K11688",0.855078236130868,"Positive"
"K02228","K12254",0.63049786628734,"Positive"
"K02228","K12976",0.836529160739687,"Positive"
"K02228","K13590",0.628904694167852,"Positive"
"K02228","K13938",0.758549075391181,"Positive"
"K02228","K14335",0.881906116642959,"Positive"
"K02228","K15011",0.760284495021337,"Positive"
"K02228","K15012",0.761024182076814,"Positive"
"K02228","K15371",0.844409672830725,"Positive"
"K02228","K15373",0.854054054054054,"Positive"
"K02228","K15408",0.661877667140825,"Positive"
"K02228","K16171",0.764068278805121,"Positive"
"K02228","K17226",0.630469416785206,"Positive"
"K02228","K17316",0.600398293029872,"Positive"
"K02228","K17317",0.600398293029872,"Positive"
"K02228","K18135",0.684182076813656,"Positive"
"K02228","K18292",0.917126600284495,"Positive"
"K02228","K18981",0.653655761024182,"Positive"
"K02228","K19609",0.647396870554765,"Positive"
"K02228","K19610",0.647396870554765,"Positive"
"K02228","K19696",0.755106685633001,"Positive"
"K02229","K02230",0.985718349928876,"Positive"
"K02229","K02259",0.654054054054054,"Positive"
"K02229","K03205",0.623954480796586,"Positive"
"K02229","K03638",0.600796586059744,"Positive"
"K02229","K04719",0.993769559032717,"Positive"
"K02229","K07215",0.646429587482219,"Positive"
"K02229","K08261",0.602247510668563,"Positive"
"K02229","K08964",0.919516358463727,"Positive"
"K02229","K08967",0.932859174964438,"Positive"
"K02229","K09474",0.890611664295875,"Positive"
"K02229","K09690",0.887596017069701,"Positive"
"K02229","K09691",0.887596017069701,"Positive"
"K02229","K09880",0.919516358463727,"Positive"
"K02229","K13485",0.946458036984353,"Positive"
"K02229","K19743",0.622162162162162,"Positive"
"K02230","K02259",0.685832147937411,"Positive"
"K02230","K03205",0.624182076813656,"Positive"
"K02230","K03638",0.604495021337127,"Positive"
"K02230","K04719",0.99624466571835,"Positive"
"K02230","K07215",0.616642958748222,"Positive"
"K02230","K08738",0.616045519203414,"Positive"
"K02230","K08964",0.89371266002845,"Positive"
"K02230","K08967",0.935135135135135,"Positive"
"K02230","K09474",0.864864864864865,"Positive"
"K02230","K09690",0.887567567567568,"Positive"
"K02230","K09691",0.887567567567568,"Positive"
"K02230","K09880",0.89371266002845,"Positive"
"K02230","K13481",0.607908961593172,"Positive"
"K02230","K13485",0.924267425320057,"Positive"
"K02230","K19743",0.605149359886202,"Positive"
"K02258","K02275",0.982361308677098,"Positive"
"K02258","K02276",0.984409672830725,"Positive"
"K02258","K03197",0.604381223328592,"Positive"
"K02258","K05343",0.635277382645804,"Positive"
"K02258","K06597",0.779174964438122,"Positive"
"K02258","K06598",0.796045519203414,"Positive"
"K02258","K06718",0.716586059743955,"Positive"
"K02258","K06720",0.716586059743955,"Positive"
"K02258","K07516",0.825177809388336,"Positive"
"K02258","K10015",-0.607937411095306,"Negative"
"K02258","K10016",-0.601166429587482,"Negative"
"K02258","K10017",-0.600512091038407,"Negative"
"K02258","K10036",-0.611550497866287,"Negative"
"K02258","K10037",-0.614679943100996,"Negative"
"K02258","K10038",-0.618520625889047,"Negative"
"K02258","K10125",0.620455192034139,"Positive"
"K02258","K10126",0.620739687055477,"Positive"
"K02258","K10747",0.878605974395448,"Positive"
"K02258","K10941",0.796045519203414,"Positive"
"K02258","K10943",0.611351351351351,"Positive"
"K02258","K10979",0.849559032716927,"Positive"
"K02258","K11472",0.865547652916074,"Positive"
"K02258","K11473",0.864324324324324,"Positive"
"K02258","K11688",0.644864864864865,"Positive"
"K02258","K12976",0.748022759601707,"Positive"
"K02258","K13590",0.645120910384068,"Positive"
"K02258","K13766",0.618293029871977,"Positive"
"K02258","K14335",0.635874822190612,"Positive"
"K02258","K15011",0.786201991465149,"Positive"
"K02258","K15012",0.786315789473684,"Positive"
"K02258","K15371",0.915647226173542,"Positive"
"K02258","K15373",0.631664295874822,"Positive"
"K02258","K16171",0.877411095305832,"Positive"
"K02258","K17315",0.608136557610242,"Positive"
"K02258","K17316",0.607624466571835,"Positive"
"K02258","K17317",0.607624466571835,"Positive"
"K02258","K18292",0.711038406827881,"Positive"
"K02258","K19696",0.779174964438122,"Positive"
"K02259","K03205",0.720312944523471,"Positive"
"K02259","K03638",0.737041251778094,"Positive"
"K02259","K04719",0.665462304409673,"Positive"
"K02259","K07141",0.75647226173542,"Positive"
"K02259","K07165",0.800426742532006,"Positive"
"K02259","K07215",0.601137980085348,"Positive"
"K02259","K07248",0.61126600284495,"Positive"
"K02259","K08261",0.668392603129445,"Positive"
"K02259","K08738",0.895817923186344,"Positive"
"K02259","K08967",0.630896159317212,"Positive"
"K02259","K09690",0.60122332859175,"Positive"
"K02259","K09691",0.60122332859175,"Positive"
"K02259","K09758",0.634054054054054,"Positive"
"K02259","K12973",-0.60551920341394,"Negative"
"K02259","K13472",0.604295874822191,"Positive"
"K02259","K13481",0.799886201991465,"Positive"
"K02259","K13482",0.797695590327169,"Positive"
"K02259","K19743",0.731692745376956,"Positive"
"K02274","K03119",0.948250355618777,"Positive"
"K02274","K03782",0.77072546230441,"Positive"
"K02274","K03862",0.670526315789474,"Positive"
"K02274","K05297",0.95823613086771,"Positive"
"K02274","K08325",0.751920341394026,"Positive"
"K02274","K09688",0.771806543385491,"Positive"
"K02274","K09689",0.765775248933144,"Positive"
"K02274","K10107",0.771322901849218,"Positive"
"K02274","K12979",0.75325746799431,"Positive"
"K02274","K13940",0.941792318634424,"Positive"
"K02274","K18240",0.766173541963016,"Positive"
"K02275","K02276",0.988677098150782,"Positive"
"K02275","K03464",0.63271692745377,"Positive"
"K02275","K05343",0.630611664295875,"Positive"
"K02275","K06597",0.746116642958748,"Positive"
"K02275","K06598",0.759743954480797,"Positive"
"K02275","K06718",0.694765291607397,"Positive"
"K02275","K06720",0.694765291607397,"Positive"
"K02275","K06985",0.629615931721195,"Positive"
"K02275","K07516",0.825405405405405,"Positive"
"K02275","K07793",0.629388335704125,"Positive"
"K02275","K10125",0.641194879089616,"Positive"
"K02275","K10126",0.641052631578947,"Positive"
"K02275","K10747",0.876273115220484,"Positive"
"K02275","K10941",0.759743954480797,"Positive"
"K02275","K10943",0.618947368421053,"Positive"
"K02275","K10979",0.831436699857752,"Positive"
"K02275","K11472",0.850697012802276,"Positive"
"K02275","K11473",0.852972972972973,"Positive"
"K02275","K11688",0.648534850640114,"Positive"
"K02275","K12976",0.742247510668563,"Positive"
"K02275","K13590",0.679943100995733,"Positive"
"K02275","K13766",0.605035561877667,"Positive"
"K02275","K14335",0.624551920341394,"Positive"
"K02275","K15011",0.752688477951636,"Positive"
"K02275","K15012",0.75302987197724,"Positive"
"K02275","K15371",0.884836415362731,"Positive"
"K02275","K15373",0.6124893314367,"Positive"
"K02275","K16171",0.878179231863442,"Positive"
"K02275","K17315",0.60551920341394,"Positive"
"K02275","K17316",0.606173541963016,"Positive"
"K02275","K17317",0.606173541963016,"Positive"
"K02275","K18292",0.69072546230441,"Positive"
"K02275","K19696",0.746116642958748,"Positive"
"K02276","K05343",0.629473684210526,"Positive"
"K02276","K06597",0.765433854907539,"Positive"
"K02276","K06598",0.78352773826458,"Positive"
"K02276","K06718",0.697980085348506,"Positive"
"K02276","K06720",0.697980085348506,"Positive"
"K02276","K07516",0.821365576102418,"Positive"
"K02276","K10125",0.632631578947368,"Positive"
"K02276","K10126",0.63302987197724,"Positive"
"K02276","K10747",0.870953058321479,"Positive"
"K02276","K10941",0.78352773826458,"Positive"
"K02276","K10943",0.612176386913229,"Positive"
"K02276","K10979",0.85302987197724,"Positive"
"K02276","K11472",0.847539118065434,"Positive"
"K02276","K11473",0.847453769559033,"Positive"
"K02276","K11688",0.645149359886202,"Positive"
"K02276","K12976",0.728193456614509,"Positive"
"K02276","K13590",0.645291607396871,"Positive"
"K02276","K13766",0.603442389758179,"Positive"
"K02276","K14335",0.617411095305832,"Positive"
"K02276","K15011",0.755362731152205,"Positive"
"K02276","K15012",0.755334281650071,"Positive"
"K02276","K15371",0.902190611664296,"Positive"
"K02276","K15373",0.611436699857753,"Positive"
"K02276","K16171",0.874822190611664,"Positive"
"K02276","K17315",0.605860597439545,"Positive"
"K02276","K17316",0.604950213371266,"Positive"
"K02276","K17317",0.604950213371266,"Positive"
"K02276","K18292",0.693058321479374,"Positive"
"K02276","K19696",0.765433854907539,"Positive"
"K02279","K02282",0.693741109530583,"Positive"
"K02279","K19353",0.73302987197724,"Positive"
"K02280","K02282",0.758748221906117,"Positive"
"K02280","K02651",0.882304409672831,"Positive"
"K02280","K12511",0.696842105263158,"Positive"
"K02282","K02651",0.874850640113798,"Positive"
"K02282","K12511",0.786002844950213,"Positive"
"K02303","K02414",0.60475106685633,"Positive"
"K02303","K02439",0.704068278805121,"Positive"
"K02303","K03414",0.609302987197724,"Positive"
"K02303","K03472",0.611635846372689,"Positive"
"K02303","K03567",0.637211948790896,"Positive"
"K02303","K05526",0.724011379800854,"Positive"
"K02303","K05774",0.724352773826458,"Positive"
"K02303","K06445",0.667339971550498,"Positive"
"K02303","K07119",0.70122332859175,"Positive"
"K02303","K07236",0.613570412517781,"Positive"
"K02303","K07237",0.613570412517781,"Positive"
"K02303","K07637",0.624381223328592,"Positive"
"K02303","K07660",0.624950213371266,"Positive"
"K02303","K08312",0.760113798008535,"Positive"
"K02303","K10111",0.623100995732575,"Positive"
"K02303","K12251",0.682873399715505,"Positive"
"K02303","K18800",0.61049786628734,"Positive"
"K02305","K02423",-0.616415362731152,"Negative"
"K02305","K02848",0.707766714082504,"Positive"
"K02305","K03381",0.717041251778094,"Positive"
"K02305","K04335",0.881650071123755,"Positive"
"K02305","K04561",0.715618776671408,"Positive"
"K02305","K05343",0.60352773826458,"Positive"
"K02305","K05549",0.749587482219061,"Positive"
"K02305","K05550",0.749587482219061,"Positive"
"K02305","K05783",0.749587482219061,"Positive"
"K02305","K05784",0.749587482219061,"Positive"
"K02305","K07589",0.627226173541963,"Positive"
"K02305","K07810",0.788392603129445,"Positive"
"K02305","K07823",0.825348506401138,"Positive"
"K02305","K10125",0.756642958748222,"Positive"
"K02305","K10126",0.754765291607397,"Positive"
"K02305","K10942",0.822788051209104,"Positive"
"K02305","K10943",0.760483641536273,"Positive"
"K02305","K11384",0.847027027027027,"Positive"
"K02305","K11688",0.60298719772404,"Positive"
"K02305","K11689",0.892375533428165,"Positive"
"K02305","K11751",-0.618036984352774,"Negative"
"K02305","K12254",0.847027027027027,"Positive"
"K02305","K13541",0.739402560455192,"Positive"
"K02305","K13590",0.641507823613087,"Positive"
"K02305","K14268",0.810355618776671,"Positive"
"K02305","K14335",0.641877667140825,"Positive"
"K02305","K14596",0.72674253200569,"Positive"
"K02305","K15373",0.63103840682788,"Positive"
"K02305","K15408",0.794708392603129,"Positive"
"K02305","K15864",0.735220483641536,"Positive"
"K02305","K16370",0.678321479374111,"Positive"
"K02305","K17226",0.848193456614509,"Positive"
"K02305","K17315",0.79877667140825,"Positive"
"K02305","K17316",0.807482219061166,"Positive"
"K02305","K17317",0.807482219061166,"Positive"
"K02305","K17838",0.697951635846373,"Positive"
"K02305","K18135",0.700455192034139,"Positive"
"K02305","K18291",0.782133712660028,"Positive"
"K02305","K18930",0.624864864864865,"Positive"
"K02305","K18981",0.783669985775249,"Positive"
"K02305","K19340",0.718406827880512,"Positive"
"K02305","K19341",0.812944523470839,"Positive"
"K02305","K19609",0.814082503556188,"Positive"
"K02305","K19610",0.814082503556188,"Positive"
"K02305","K19713",0.715846372688478,"Positive"
"K02317","K02753",0.914110953058321,"Positive"
"K02317","K03335",0.612887624466572,"Positive"
"K02317","K03336",0.711379800853485,"Positive"
"K02317","K03337",0.727396870554765,"Positive"
"K02317","K03338",0.727396870554765,"Positive"
"K02317","K03649",0.778520625889047,"Positive"
"K02317","K06159",0.80221906116643,"Positive"
"K02317","K06606",0.752318634423898,"Positive"
"K02317","K07674",0.733741109530583,"Positive"
"K02317","K07679",0.759914651493599,"Positive"
"K02317","K07690",0.682247510668563,"Positive"
"K02317","K07701",0.803044096728307,"Positive"
"K02317","K07703",0.802019914651494,"Positive"
"K02317","K07781",0.848136557610242,"Positive"
"K02317","K07782",0.783413940256045,"Positive"
"K02317","K07784",0.637837837837838,"Positive"
"K02317","K08322",0.856870554765292,"Positive"
"K02317","K08351",0.688705547652916,"Positive"
"K02317","K08723",0.999800853485064,"Positive"
"K02317","K09470",0.628335704125178,"Positive"
"K02317","K09473",0.693001422475107,"Positive"
"K02317","K09475",0.604807965860597,"Positive"
"K02317","K09988",0.835761024182077,"Positive"
"K02317","K10537",0.980085348506401,"Positive"
"K02317","K10538",0.980085348506401,"Positive"
"K02317","K10539",0.980085348506401,"Positive"
"K02317","K10543",0.904295874822191,"Positive"
"K02317","K10544",0.905149359886202,"Positive"
"K02317","K10545",0.905149359886202,"Positive"
"K02317","K10556",0.638463726884779,"Positive"
"K02317","K11192",0.600056899004267,"Positive"
"K02317","K11890",0.836415362731152,"Positive"
"K02317","K13632",0.995362731152205,"Positive"
"K02317","K13892",0.617268847795164,"Positive"
"K02317","K14051",0.733883357041252,"Positive"
"K02317","K16703",0.85547652916074,"Positive"
"K02317","K16710",0.85547652916074,"Positive"
"K02317","K17195",0.653285917496444,"Positive"
"K02317","K17202",0.684153627311522,"Positive"
"K02317","K17203",0.684153627311522,"Positive"
"K02317","K17204",0.684153627311522,"Positive"
"K02317","K17213",0.684409672830726,"Positive"
"K02317","K17214",0.732347083926031,"Positive"
"K02317","K17215",0.732347083926031,"Positive"
"K02317","K18324",0.882332859174964,"Positive"
"K02317","K18326",0.871180654338549,"Positive"
"K02317","K19354",0.653854907539118,"Positive"
"K02344","K02345",0.734850640113798,"Positive"
"K02344","K02402",0.60176386913229,"Positive"
"K02344","K02403",0.604381223328592,"Positive"
"K02344","K02425",0.624466571834993,"Positive"
"K02344","K02446",0.869416785206259,"Positive"
"K02344","K02472",0.736415362731152,"Positive"
"K02344","K02560",0.991009957325747,"Positive"
"K02344","K02784",1,"Positive"
"K02344","K02804",0.901593172119488,"Positive"
"K02344","K02805",0.700312944523471,"Positive"
"K02344","K02849",0.645860597439545,"Positive"
"K02344","K02852",0.74076813655761,"Positive"
"K02344","K02858",0.931379800853485,"Positive"
"K02344","K03184",0.657724039829303,"Positive"
"K02344","K03573",1,"Positive"
"K02344","K04067",0.995903271692745,"Positive"
"K02344","K05368",0.74076813655761,"Positive"
"K02344","K05776",0.97425320056899,"Positive"
"K02344","K05851",0.757894736842105,"Positive"
"K02344","K05939",0.864210526315789,"Positive"
"K02344","K06080",0.74076813655761,"Positive"
"K02344","K06211",0.991209103840683,"Positive"
"K02344","K06223",0.863669985775249,"Positive"
"K02344","K07236",0.668648648648649,"Positive"
"K02344","K07237",0.668648648648649,"Positive"
"K02344","K07251",0.74076813655761,"Positive"
"K02344","K07264",0.703357041251778,"Positive"
"K02344","K07640",1,"Positive"
"K02344","K07648",0.913456614509246,"Positive"
"K02344","K07676",0.74076813655761,"Positive"
"K02344","K07677",0.704125177809388,"Positive"
"K02344","K07687",0.726714082503556,"Positive"
"K02344","K07689",0.726856330014225,"Positive"
"K02344","K07711",0.62099573257468,"Positive"
"K02344","K07715",0.719886201991465,"Positive"
"K02344","K07751",1,"Positive"
"K02344","K07771",0.720825035561878,"Positive"
"K02344","K07773",0.913456614509246,"Positive"
"K02344","K07806",0.706145092460882,"Positive"
"K02344","K08682",0.748392603129445,"Positive"
"K02344","K08722",0.919061166429587,"Positive"
"K02344","K09476",0.993968705547653,"Positive"
"K02344","K09997",1,"Positive"
"K02344","K09998",0.9924893314367,"Positive"
"K02344","K09999",0.9924893314367,"Positive"
"K02344","K10000",0.9924893314367,"Positive"
"K02344","K10004",0.620483641536273,"Positive"
"K02344","K10011",0.713371266002845,"Positive"
"K02344","K10012",0.706145092460882,"Positive"
"K02344","K11258",0.923641536273115,"Positive"
"K02344","K11604",0.68950213371266,"Positive"
"K02344","K11605",0.68950213371266,"Positive"
"K02344","K11606",0.68950213371266,"Positive"
"K02344","K11607",0.68950213371266,"Positive"
"K02344","K11751",0.880825035561878,"Positive"
"K02344","K11891",0.651607396870555,"Positive"
"K02344","K11892",0.664722617354196,"Positive"
"K02344","K11893",0.655988620199146,"Positive"
"K02344","K11900",0.626685633001422,"Positive"
"K02344","K11901",0.650583214793741,"Positive"
"K02344","K11903",0.667823613086771,"Positive"
"K02344","K11907",0.646230440967283,"Positive"
"K02344","K12152",0.913371266002845,"Positive"
"K02344","K12368",0.727880512091038,"Positive"
"K02344","K12369",0.753541963015647,"Positive"
"K02344","K12370",0.753541963015647,"Positive"
"K02344","K12371",0.753541963015647,"Positive"
"K02344","K12372",0.753541963015647,"Positive"
"K02344","K12524",0.85647226173542,"Positive"
"K02344","K12525",0.74076813655761,"Positive"
"K02344","K12582",0.74076813655761,"Positive"
"K02344","K12962",0.706145092460882,"Positive"
"K02344","K12963",0.706145092460882,"Positive"
"K02344","K12973",0.635533428165007,"Positive"
"K02344","K12974",0.698947368421053,"Positive"
"K02344","K12975",0.701337126600284,"Positive"
"K02344","K13014",0.706145092460882,"Positive"
"K02344","K13301",0.74076813655761,"Positive"
"K02344","K13498",0.99203413940256,"Positive"
"K02344","K14187",1,"Positive"
"K02344","K15125",0.616443812233286,"Positive"
"K02344","K16704",0.74076813655761,"Positive"
"K02344","K18800",0.662901849217639,"Positive"
"K02344","K19222",0.667112375533428,"Positive"
"K02344","K19226",0.740853485064011,"Positive"
"K02344","K19227",1,"Positive"
"K02344","K19228",1,"Positive"
"K02344","K19229",1,"Positive"
"K02344","K19230",0.999146514935989,"Positive"
"K02344","K19236",0.644637268847795,"Positive"
"K02344","K19270",0.636984352773826,"Positive"
"K02345","K02399",0.635305832147937,"Positive"
"K02345","K02402",0.846543385490754,"Positive"
"K02345","K02403",0.849644381223329,"Positive"
"K02345","K02423",0.713854907539118,"Positive"
"K02345","K02425",0.785803698435277,"Positive"
"K02345","K02446",0.776927453769559,"Positive"
"K02345","K02472",0.991834992887624,"Positive"
"K02345","K02560",0.745775248933144,"Positive"
"K02345","K02779",0.798691322901849,"Positive"
"K02345","K02784",0.734850640113798,"Positive"
"K02345","K02804",0.637837837837838,"Positive"
"K02345","K02805",0.972432432432432,"Positive"
"K02345","K02844",0.622418207681366,"Positive"
"K02345","K02849",0.851891891891892,"Positive"
"K02345","K02852",0.997581792318634,"Positive"
"K02345","K02858",0.654281650071124,"Positive"
"K02345","K03150",0.606714082503556,"Positive"
"K02345","K03184",0.877155049786629,"Positive"
"K02345","K03425",0.669473684210526,"Positive"
"K02345","K03472",0.612859174964438,"Positive"
"K02345","K03573",0.734850640113798,"Positive"
"K02345","K04067",0.731465149359886,"Positive"
"K02345","K05368",0.997581792318634,"Positive"
"K02345","K05601",0.610981507823613,"Positive"
"K02345","K05776",0.716045519203414,"Positive"
"K02345","K05874",0.787197724039829,"Positive"
"K02345","K05939",0.861963015647226,"Positive"
"K02345","K06073",0.61524893314367,"Positive"
"K02345","K06074",0.61524893314367,"Positive"
"K02345","K06080",0.997581792318634,"Positive"
"K02345","K06211",0.717069701280228,"Positive"
"K02345","K06223",0.613513513513513,"Positive"
"K02345","K06447",0.804182076813656,"Positive"
"K02345","K07251",0.997581792318634,"Positive"
"K02345","K07264",0.966344238975818,"Positive"
"K02345","K07345",0.740199146514936,"Positive"
"K02345","K07347",0.661963015647226,"Positive"
"K02345","K07637",0.607311522048364,"Positive"
"K02345","K07640",0.734850640113798,"Positive"
"K02345","K07643",0.635362731152205,"Positive"
"K02345","K07648",0.8275106685633,"Positive"
"K02345","K07660",0.604324324324324,"Positive"
"K02345","K07676",0.997581792318634,"Positive"
"K02345","K07677",0.970440967283072,"Positive"
"K02345","K07687",0.99271692745377,"Positive"
"K02345","K07689",0.992660028449502,"Positive"
"K02345","K07711",0.873513513513513,"Positive"
"K02345","K07715",0.988990042674253,"Positive"
"K02345","K07751",0.734850640113798,"Positive"
"K02345","K07771",0.957724039829303,"Positive"
"K02345","K07773",0.8275106685633,"Positive"
"K02345","K07806",0.96574679943101,"Positive"
"K02345","K08682",0.985775248933144,"Positive"
"K02345","K08722",0.646628733997155,"Positive"
"K02345","K08738",-0.604238975817923,"Negative"
"K02345","K09475",0.634196301564723,"Positive"
"K02345","K09476",0.739800853485064,"Positive"
"K02345","K09996",0.618122332859175,"Positive"
"K02345","K09997",0.734850640113798,"Positive"
"K02345","K09998",0.728847795163585,"Positive"
"K02345","K09999",0.728847795163585,"Positive"
"K02345","K10000",0.728847795163585,"Positive"
"K02345","K10011",0.966372688477952,"Positive"
"K02345","K10012",0.96574679943101,"Positive"
"K02345","K10014",0.63624466571835,"Positive"
"K02345","K10015",0.626600284495021,"Positive"
"K02345","K10016",0.629445234708393,"Positive"
"K02345","K10017",0.624779516358464,"Positive"
"K02345","K10037",0.629132290184922,"Positive"
"K02345","K10038",0.62950213371266,"Positive"
"K02345","K11258",0.64850640113798,"Positive"
"K02345","K11891",0.686429587482219,"Positive"
"K02345","K11892",0.696671408250356,"Positive"
"K02345","K11893",0.678862019914651,"Positive"
"K02345","K12152",0.827311522048364,"Positive"
"K02345","K12368",0.754736842105263,"Positive"
"K02345","K12369",0.787539118065434,"Positive"
"K02345","K12370",0.787539118065434,"Positive"
"K02345","K12371",0.787539118065434,"Positive"
"K02345","K12372",0.787539118065434,"Positive"
"K02345","K12525",0.997581792318634,"Positive"
"K02345","K12582",0.997581792318634,"Positive"
"K02345","K12962",0.96574679943101,"Positive"
"K02345","K12963",0.96574679943101,"Positive"
"K02345","K12973",0.85823613086771,"Positive"
"K02345","K12974",0.949815078236131,"Positive"
"K02345","K12975",0.951749644381223,"Positive"
"K02345","K13014",0.96574679943101,"Positive"
"K02345","K13301",0.997581792318634,"Positive"
"K02345","K13498",0.726401137980085,"Positive"
"K02345","K14187",0.734850640113798,"Positive"
"K02345","K16704",0.997581792318634,"Positive"
"K02345","K18889",0.754196301564723,"Positive"
"K02345","K18890",0.754196301564723,"Positive"
"K02345","K19222",0.960910384068279,"Positive"
"K02345","K19226",0.99778093883357,"Positive"
"K02345","K19227",0.734850640113798,"Positive"
"K02345","K19228",0.734850640113798,"Positive"
"K02345","K19229",0.734850640113798,"Positive"
"K02345","K19230",0.734594594594595,"Positive"
"K02345","K19236",0.849815078236131,"Positive"
"K02345","K19270",0.904580369843528,"Positive"
"K02361","K02363",0.783897581792319,"Positive"
"K02361","K02566",0.711522048364154,"Positive"
"K02361","K02847",0.624267425320057,"Positive"
"K02361","K03425",0.680967283072546,"Positive"
"K02361","K06447",0.614452347083926,"Positive"
"K02361","K07643",0.619630156472262,"Positive"
"K02361","K09470",0.640426742532006,"Positive"
"K02361","K09473",0.602361308677098,"Positive"
"K02362","K02457",0.604608819345661,"Positive"
"K02362","K05343",0.735334281650071,"Positive"
"K02362","K05522",0.616415362731152,"Positive"
"K02362","K06597",0.674139402560455,"Positive"
"K02362","K06598",0.693285917496444,"Positive"
"K02362","K06718",0.845376955903272,"Positive"
"K02362","K06720",0.845376955903272,"Positive"
"K02362","K07649",0.649359886201991,"Positive"
"K02362","K07774",0.691664295874822,"Positive"
"K02362","K07793",0.71149359886202,"Positive"
"K02362","K07794",0.671038406827881,"Positive"
"K02362","K07795",0.681792318634424,"Positive"
"K02362","K10229",0.677837837837838,"Positive"
"K02362","K10941",0.693285917496444,"Positive"
"K02362","K10979",0.606116642958748,"Positive"
"K02362","K11472",0.759658605974395,"Positive"
"K02362","K11473",0.763470839260313,"Positive"
"K02362","K11614",0.6849786628734,"Positive"
"K02362","K11615",0.6849786628734,"Positive"
"K02362","K11688",0.850099573257468,"Positive"
"K02362","K12976",0.840938833570413,"Positive"
"K02362","K13938",0.91448079658606,"Positive"
"K02362","K14268",0.614651493598862,"Positive"
"K02362","K14335",0.700113798008535,"Positive"
"K02362","K15011",0.629075391180654,"Positive"
"K02362","K15012",0.629388335704125,"Positive"
"K02362","K15371",0.657183499288762,"Positive"
"K02362","K15373",0.806685633001422,"Positive"
"K02362","K15576",0.686714082503556,"Positive"
"K02362","K16171",0.602645803698435,"Positive"
"K02362","K18135",0.613684210526316,"Positive"
"K02362","K18292",0.856557610241821,"Positive"
"K02362","K18968",0.714651493598862,"Positive"
"K02362","K19696",0.674139402560455,"Positive"
"K02363","K02364",0.643726884779516,"Positive"
"K02363","K02566",0.889473684210526,"Positive"
"K02363","K02847",0.66651493598862,"Positive"
"K02363","K03425",0.806600284495021,"Positive"
"K02363","K05522",0.616386913229019,"Positive"
"K02363","K07643",0.726344238975818,"Positive"
"K02363","K07711",0.606770981507824,"Positive"
"K02363","K08351",0.713115220483642,"Positive"
"K02363","K09470",0.711920341394026,"Positive"
"K02363","K09473",0.714594594594595,"Positive"
"K02363","K09475",0.736443812233286,"Positive"
"K02363","K17202",0.611635846372689,"Positive"
"K02363","K17203",0.611635846372689,"Positive"
"K02363","K17204",0.611635846372689,"Positive"
"K02363","K18676",0.754281650071124,"Positive"
"K02364","K02566",0.645433854907539,"Positive"
"K02364","K03336",0.713058321479374,"Positive"
"K02364","K03337",0.716130867709815,"Positive"
"K02364","K03338",0.716130867709815,"Positive"
"K02364","K03606",0.601678520625889,"Positive"
"K02364","K03649",0.726600284495021,"Positive"
"K02364","K06159",0.739857752489331,"Positive"
"K02364","K06606",0.635874822190612,"Positive"
"K02364","K07026",0.642674253200569,"Positive"
"K02364","K07232",0.604324324324324,"Positive"
"K02364","K07246",0.76176386913229,"Positive"
"K02364","K07679",0.612660028449502,"Positive"
"K02364","K07688",0.696330014224751,"Positive"
"K02364","K07701",0.747112375533428,"Positive"
"K02364","K07703",0.748563300142247,"Positive"
"K02364","K07781",0.664324324324324,"Positive"
"K02364","K07782",0.739146514935989,"Positive"
"K02364","K08322",0.645433854907539,"Positive"
"K02364","K08323",0.740142247510669,"Positive"
"K02364","K08351",0.859118065433855,"Positive"
"K02364","K09470",0.882588904694168,"Positive"
"K02364","K09473",0.882958748221906,"Positive"
"K02364","K11890",0.680341394025605,"Positive"
"K02364","K12255",0.619118065433855,"Positive"
"K02364","K13051",0.633115220483642,"Positive"
"K02364","K13529",0.693428165007112,"Positive"
"K02364","K13574",0.601479374110953,"Positive"
"K02364","K13816",0.691522048364154,"Positive"
"K02364","K15598",0.67800853485064,"Positive"
"K02364","K15599",0.67800853485064,"Positive"
"K02364","K15600",0.688620199146515,"Positive"
"K02364","K17202",0.789160739687055,"Positive"
"K02364","K17203",0.789160739687055,"Positive"
"K02364","K17204",0.789160739687055,"Positive"
"K02364","K18324",0.663499288762447,"Positive"
"K02364","K18326",0.682247510668563,"Positive"
"K02364","K18697",0.660654338549075,"Positive"
"K02377","K02613",0.637041251778094,"Positive"
"K02377","K06048",0.674623044096728,"Positive"
"K02377","K07306",0.614850640113798,"Positive"
"K02395","K02398",0.727396870554765,"Positive"
"K02395","K02411",0.637098150782361,"Positive"
"K02395","K02413",0.955846372688478,"Positive"
"K02395","K02418",0.954082503556188,"Positive"
"K02395","K02841",0.758406827880512,"Positive"
"K02395","K02843",0.967027027027027,"Positive"
"K02395","K03415",0.624495021337127,"Positive"
"K02395","K03563",0.876955903271693,"Positive"
"K02395","K11755",0.717411095305832,"Positive"
"K02398","K02411",0.921308677098151,"Positive"
"K02398","K02413",0.72076813655761,"Positive"
"K02398","K02418",0.719886201991465,"Positive"
"K02398","K02843",0.713627311522048,"Positive"
"K02398","K03150",0.645945945945946,"Positive"
"K02398","K03415",0.884836415362731,"Positive"
"K02398","K03563",0.606116642958748,"Positive"
"K02398","K05601",0.618975817923186,"Positive"
"K02398","K12251",0.611977240398293,"Positive"
"K02399","K02414",0.823186344238976,"Positive"
"K02399","K02439",0.844779516358464,"Positive"
"K02399","K02472",0.625860597439545,"Positive"
"K02399","K02805",0.602019914651494,"Positive"
"K02399","K02844",0.945120910384068,"Positive"
"K02399","K02852",0.628335704125178,"Positive"
"K02399","K03087",0.69877667140825,"Positive"
"K02399","K03472",0.893513513513513,"Positive"
"K02399","K03473",0.616159317211949,"Positive"
"K02399","K03567",0.847226173541963,"Positive"
"K02399","K03825",0.639743954480797,"Positive"
"K02399","K05368",0.628335704125178,"Positive"
"K02399","K05526",0.762418207681366,"Positive"
"K02399","K05851",0.660910384068279,"Positive"
"K02399","K06080",0.628335704125178,"Positive"
"K02399","K06163",0.685405405405405,"Positive"
"K02399","K06164",0.685405405405405,"Positive"
"K02399","K06165",0.685405405405405,"Positive"
"K02399","K06166",0.685405405405405,"Positive"
"K02399","K06445",0.716358463726885,"Positive"
"K02399","K06858",0.899943100995733,"Positive"
"K02399","K07251",0.628335704125178,"Positive"
"K02399","K07264",0.62896159317212,"Positive"
"K02399","K07637",0.838293029871977,"Positive"
"K02399","K07660",0.832802275960171,"Positive"
"K02399","K07676",0.628335704125178,"Positive"
"K02399","K07677",0.6075106685633,"Positive"
"K02399","K07678",0.608221906116643,"Positive"
"K02399","K07687",0.625376955903272,"Positive"
"K02399","K07689",0.626628733997155,"Positive"
"K02399","K07715",0.629615931721195,"Positive"
"K02399","K07771",0.625917496443812,"Positive"
"K02399","K07787",0.690412517780939,"Positive"
"K02399","K07798",0.690810810810811,"Positive"
"K02399","K07806",0.615988620199146,"Positive"
"K02399","K08682",0.636557610241821,"Positive"
"K02399","K10011",0.6124893314367,"Positive"
"K02399","K10012",0.615988620199146,"Positive"
"K02399","K11895",0.668961593172119,"Positive"
"K02399","K12251",0.63402560455192,"Positive"
"K02399","K12525",0.628335704125178,"Positive"
"K02399","K12582",0.628335704125178,"Positive"
"K02399","K12962",0.615988620199146,"Positive"
"K02399","K12963",0.615988620199146,"Positive"
"K02399","K13014",0.615988620199146,"Positive"
"K02399","K13301",0.628335704125178,"Positive"
"K02399","K16704",0.628335704125178,"Positive"
"K02399","K19222",0.625576102418208,"Positive"
"K02399","K19226",0.628250355618777,"Positive"
"K02402","K02403",0.999260312944523,"Positive"
"K02402","K02423",0.86950213371266,"Positive"
"K02402","K02425",0.67524893314367,"Positive"
"K02402","K02439",0.680369843527738,"Positive"
"K02402","K02446",0.624238975817923,"Positive"
"K02402","K02472",0.843669985775249,"Positive"
"K02402","K02566",0.657155049786629,"Positive"
"K02402","K02779",0.678293029871977,"Positive"
"K02402","K02784",0.60176386913229,"Positive"
"K02402","K02805",0.894196301564723,"Positive"
"K02402","K02849",0.720085348506401,"Positive"
"K02402","K02852",0.839687055476529,"Positive"
"K02402","K02858",0.642162162162162,"Positive"
"K02402","K03184",0.884921763869132,"Positive"
"K02402","K03567",0.601877667140825,"Positive"
"K02402","K03573",0.60176386913229,"Positive"
"K02402","K04067",0.60827880512091,"Positive"
"K02402","K05368",0.839687055476529,"Positive"
"K02402","K05526",0.631607396870555,"Positive"
"K02402","K05874",0.816756756756757,"Positive"
"K02402","K05939",0.726429587482219,"Positive"
"K02402","K06080",0.839687055476529,"Positive"
"K02402","K06223",0.635135135135135,"Positive"
"K02402","K06445",0.655334281650071,"Positive"
"K02402","K06447",0.909672830725462,"Positive"
"K02402","K07251",0.839687055476529,"Positive"
"K02402","K07264",0.803726884779516,"Positive"
"K02402","K07345",0.602588904694168,"Positive"
"K02402","K07347",0.622560455192034,"Positive"
"K02402","K07637",0.607425320056899,"Positive"
"K02402","K07640",0.60176386913229,"Positive"
"K02402","K07648",0.665462304409673,"Positive"
"K02402","K07660",0.60651493598862,"Positive"
"K02402","K07676",0.839687055476529,"Positive"
"K02402","K07677",0.836415362731152,"Positive"
"K02402","K07687",0.847169274537696,"Positive"
"K02402","K07689",0.84651493598862,"Positive"
"K02402","K07711",0.966230440967283,"Positive"
"K02402","K07715",0.849445234708393,"Positive"
"K02402","K07751",0.60176386913229,"Positive"
"K02402","K07771",0.813314366998578,"Positive"
"K02402","K07773",0.665462304409673,"Positive"
"K02402","K07806",0.802190611664296,"Positive"
"K02402","K08682",0.849985775248933,"Positive"
"K02402","K08738",-0.607937411095306,"Negative"
"K02402","K09476",0.609445234708393,"Positive"
"K02402","K09997",0.60176386913229,"Positive"
"K02402","K10011",0.80153627311522,"Positive"
"K02402","K10012",0.802190611664296,"Positive"
"K02402","K11258",0.655448079658606,"Positive"
"K02402","K11891",0.642816500711238,"Positive"
"K02402","K11892",0.647027027027027,"Positive"
"K02402","K11893",0.635988620199146,"Positive"
"K02402","K12152",0.665263157894737,"Positive"
"K02402","K12368",0.661194879089616,"Positive"
"K02402","K12369",0.688136557610242,"Positive"
"K02402","K12370",0.688136557610242,"Positive"
"K02402","K12371",0.688136557610242,"Positive"
"K02402","K12372",0.688136557610242,"Positive"
"K02402","K12525",0.839687055476529,"Positive"
"K02402","K12582",0.839687055476529,"Positive"
"K02402","K12962",0.802190611664296,"Positive"
"K02402","K12963",0.802190611664296,"Positive"
"K02402","K12973",0.732062588904694,"Positive"
"K02402","K12974",0.804807965860597,"Positive"
"K02402","K12975",0.800170697012802,"Positive"
"K02402","K13014",0.802190611664296,"Positive"
"K02402","K13301",0.839687055476529,"Positive"
"K02402","K14187",0.60176386913229,"Positive"
"K02402","K16704",0.839687055476529,"Positive"
"K02402","K18889",0.857325746799431,"Positive"
"K02402","K18890",0.857325746799431,"Positive"
"K02402","K19222",0.844182076813656,"Positive"
"K02402","K19226",0.839886201991465,"Positive"
"K02402","K19227",0.60176386913229,"Positive"
"K02402","K19228",0.60176386913229,"Positive"
"K02402","K19229",0.60176386913229,"Positive"
"K02402","K19230",0.601081081081081,"Positive"
"K02402","K19236",0.718890469416785,"Positive"
"K02402","K19270",0.755561877667141,"Positive"
"K02403","K02423",0.866486486486487,"Positive"
"K02403","K02425",0.67348506401138,"Positive"
"K02403","K02439",0.680825035561878,"Positive"
"K02403","K02446",0.625604551920341,"Positive"
"K02403","K02472",0.846941678520626,"Positive"
"K02403","K02566",0.657155049786629,"Positive"
"K02403","K02779",0.680426742532006,"Positive"
"K02403","K02784",0.604381223328592,"Positive"
"K02403","K02805",0.897411095305832,"Positive"
"K02403","K02847",0.601109530583215,"Positive"
"K02403","K02849",0.720455192034139,"Positive"
"K02403","K02852",0.842930298719772,"Positive"
"K02403","K02858",0.641479374110953,"Positive"
"K02403","K03184",0.887766714082504,"Positive"
"K02403","K03567",0.606031294452347,"Positive"
"K02403","K03573",0.604381223328592,"Positive"
"K02403","K04067",0.610896159317212,"Positive"
"K02403","K05368",0.842930298719772,"Positive"
"K02403","K05526",0.631550497866287,"Positive"
"K02403","K05874",0.815817923186344,"Positive"
"K02403","K05939",0.730355618776671,"Positive"
"K02403","K06080",0.842930298719772,"Positive"
"K02403","K06223",0.637894736842105,"Positive"
"K02403","K06445",0.653627311522048,"Positive"
"K02403","K06447",0.909445234708393,"Positive"
"K02403","K07251",0.842930298719772,"Positive"
"K02403","K07264",0.813428165007112,"Positive"
"K02403","K07345",0.602048364153627,"Positive"
"K02403","K07347",0.620568990042674,"Positive"
"K02403","K07637",0.611692745376956,"Positive"
"K02403","K07640",0.604381223328592,"Positive"
"K02403","K07648",0.667368421052632,"Positive"
"K02403","K07660",0.610924608819346,"Positive"
"K02403","K07676",0.842930298719772,"Positive"
"K02403","K07677",0.840256045519203,"Positive"
"K02403","K07687",0.850583214793741,"Positive"
"K02403","K07689",0.849758179231863,"Positive"
"K02403","K07711",0.965945945945946,"Positive"
"K02403","K07715",0.85271692745377,"Positive"
"K02403","K07751",0.604381223328592,"Positive"
"K02403","K07771",0.823698435277383,"Positive"
"K02403","K07773",0.667368421052632,"Positive"
"K02403","K07806",0.811948790896159,"Positive"
"K02403","K08682",0.854196301564723,"Positive"
"K02403","K08738",-0.603869132290185,"Negative"
"K02403","K09476",0.612546230440967,"Positive"
"K02403","K09997",0.604381223328592,"Positive"
"K02403","K10011",0.811123755334282,"Positive"
"K02403","K10012",0.811948790896159,"Positive"
"K02403","K11258",0.657524893314367,"Positive"
"K02403","K11891",0.642503556187767,"Positive"
"K02403","K11892",0.646145092460882,"Positive"
"K02403","K11893",0.634850640113798,"Positive"
"K02403","K12152",0.667226173541963,"Positive"
"K02403","K12368",0.666031294452347,"Positive"
"K02403","K12369",0.691692745376956,"Positive"
"K02403","K12370",0.691692745376956,"Positive"
"K02403","K12371",0.691692745376956,"Positive"
"K02403","K12372",0.691692745376956,"Positive"
"K02403","K12525",0.842930298719772,"Positive"
"K02403","K12582",0.842930298719772,"Positive"
"K02403","K12962",0.811948790896159,"Positive"
"K02403","K12963",0.811948790896159,"Positive"
"K02403","K12973",0.732830725462304,"Positive"
"K02403","K12974",0.805832147937411,"Positive"
"K02403","K12975",0.802332859174964,"Positive"
"K02403","K13014",0.811948790896159,"Positive"
"K02403","K13301",0.842930298719772,"Positive"
"K02403","K14187",0.604381223328592,"Positive"
"K02403","K16704",0.842930298719772,"Positive"
"K02403","K18889",0.854196301564723,"Positive"
"K02403","K18890",0.854196301564723,"Positive"
"K02403","K19222",0.845775248933144,"Positive"
"K02403","K19226",0.843072546230441,"Positive"
"K02403","K19227",0.604381223328592,"Positive"
"K02403","K19228",0.604381223328592,"Positive"
"K02403","K19229",0.604381223328592,"Positive"
"K02403","K19230",0.603698435277383,"Positive"
"K02403","K19236",0.718947368421053,"Positive"
"K02403","K19270",0.758435277382646,"Positive"
"K02411","K02413",0.625263157894737,"Positive"
"K02411","K02418",0.623328591749644,"Positive"
"K02411","K02843",0.620028449502134,"Positive"
"K02411","K03150",0.608392603129445,"Positive"
"K02411","K03415",0.821194879089616,"Positive"
"K02413","K02418",0.997211948790896,"Positive"
"K02413","K02841",0.728648648648649,"Positive"
"K02413","K02843",0.932005689900427,"Positive"
"K02413","K03415",0.645149359886202,"Positive"
"K02413","K03563",0.82697012802276,"Positive"
"K02413","K11755",0.612574679943101,"Positive"
"K02414","K02439",0.805547652916074,"Positive"
"K02414","K02452",0.633940256045519,"Positive"
"K02414","K02458",0.639829302987198,"Positive"
"K02414","K02459",0.641906116642959,"Positive"
"K02414","K02460",0.641906116642959,"Positive"
"K02414","K02461",0.640312944523471,"Positive"
"K02414","K02844",0.831351351351351,"Positive"
"K02414","K03087",0.655448079658606,"Positive"
"K02414","K03414",0.643499288762447,"Positive"
"K02414","K03472",0.810896159317212,"Positive"
"K02414","K03567",0.902873399715505,"Positive"
"K02414","K05526",0.727169274537696,"Positive"
"K02414","K06445",0.786941678520626,"Positive"
"K02414","K06858",0.697724039829303,"Positive"
"K02414","K07637",0.894679943100996,"Positive"
"K02414","K07660",0.89371266002845,"Positive"
"K02414","K08312",0.648449502133713,"Positive"
"K02414","K12251",0.720256045519203,"Positive"
"K02418","K02841",0.729046941678521,"Positive"
"K02418","K02843",0.933342816500711,"Positive"
"K02418","K03415",0.634879089615932,"Positive"
"K02418","K03563",0.831977240398293,"Positive"
"K02418","K11755",0.61647226173542,"Positive"
"K02423","K02425",0.748990042674253,"Positive"
"K02423","K02472",0.71402560455192,"Positive"
"K02423","K02805",0.75402560455192,"Positive"
"K02423","K02849",0.829331436699858,"Positive"
"K02423","K02852",0.699487908961593,"Positive"
"K02423","K03184",0.769871977240398,"Positive"
"K02423","K03219",0.670014224751067,"Positive"
"K02423","K03222",0.668990042674253,"Positive"
"K02423","K03224",0.66873399715505,"Positive"
"K02423","K03225",0.665547652916074,"Positive"
"K02423","K03226",0.670099573257468,"Positive"
"K02423","K03227",0.670327169274538,"Positive"
"K02423","K03228",0.670554765291607,"Positive"
"K02423","K03229",0.670554765291607,"Positive"
"K02423","K03230",0.670327169274538,"Positive"
"K02423","K05368",0.699487908961593,"Positive"
"K02423","K05874",0.72728307254623,"Positive"
"K02423","K05875",0.675761024182077,"Positive"
"K02423","K05939",0.618349928876245,"Positive"
"K02423","K06080",0.699487908961593,"Positive"
"K02423","K06447",0.795220483641536,"Positive"
"K02423","K07251",0.699487908961593,"Positive"
"K02423","K07264",0.668421052631579,"Positive"
"K02423","K07676",0.699487908961593,"Positive"
"K02423","K07677",0.713627311522048,"Positive"
"K02423","K07687",0.717354196301565,"Positive"
"K02423","K07689",0.708591749644381,"Positive"
"K02423","K07711",0.841507823613087,"Positive"
"K02423","K07715",0.71547652916074,"Positive"
"K02423","K07771",0.658378378378378,"Positive"
"K02423","K07806",0.664409672830725,"Positive"
"K02423","K07823",-0.647311522048364,"Negative"
"K02423","K08682",0.693371266002845,"Positive"
"K02423","K08738",-0.623186344238976,"Negative"
"K02423","K09996",0.618634423897582,"Positive"
"K02423","K10011",0.669985775248933,"Positive"
"K02423","K10012",0.664409672830725,"Positive"
"K02423","K10942",-0.623015647226174,"Negative"
"K02423","K11384",-0.630241820768137,"Negative"
"K02423","K11604",0.632091038406828,"Positive"
"K02423","K11605",0.632091038406828,"Positive"
"K02423","K11606",0.632091038406828,"Positive"
"K02423","K11607",0.632091038406828,"Positive"
"K02423","K11689",-0.639743954480797,"Negative"
"K02423","K11751",0.619089615931721,"Positive"
"K02423","K12254",-0.630241820768137,"Negative"
"K02423","K12368",0.602162162162162,"Positive"
"K02423","K12525",0.699487908961593,"Positive"
"K02423","K12582",0.699487908961593,"Positive"
"K02423","K12962",0.664409672830725,"Positive"
"K02423","K12963",0.664409672830725,"Positive"
"K02423","K12973",0.838264580369844,"Positive"
"K02423","K12974",0.647482219061166,"Positive"
"K02423","K12975",0.641024182076814,"Positive"
"K02423","K13014",0.664409672830725,"Positive"
"K02423","K13301",0.699487908961593,"Positive"
"K02423","K13541",-0.65624466571835,"Negative"
"K02423","K16704",0.699487908961593,"Positive"
"K02423","K17226",-0.630697012802276,"Negative"
"K02423","K17315",-0.645120910384068,"Negative"
"K02423","K17316",-0.648990042674253,"Negative"
"K02423","K17317",-0.648990042674253,"Negative"
"K02423","K18291",-0.668165007112376,"Negative"
"K02423","K18697",0.712887624466572,"Positive"
"K02423","K18889",0.959630156472262,"Positive"
"K02423","K18890",0.959630156472262,"Positive"
"K02423","K18981",-0.615590327169275,"Negative"
"K02423","K19222",0.709331436699858,"Positive"
"K02423","K19226",0.70076813655761,"Positive"
"K02423","K19236",0.829246088193457,"Positive"
"K02423","K19270",0.629786628733997,"Positive"
"K02423","K19609",-0.608051209103841,"Negative"
"K02423","K19610",-0.608051209103841,"Negative"
"K02425","K02472",0.772972972972973,"Positive"
"K02425","K02560",0.619374110953058,"Positive"
"K02425","K02784",0.624466571834993,"Positive"
"K02425","K02805",0.735817923186344,"Positive"
"K02425","K02849",0.909416785206259,"Positive"
"K02425","K02852",0.78275960170697,"Positive"
"K02425","K03184",0.67923186344239,"Positive"
"K02425","K03219",0.658805120910384,"Positive"
"K02425","K03222",0.662617354196302,"Positive"
"K02425","K03224",0.645263157894737,"Positive"
"K02425","K03225",0.684694167852063,"Positive"
"K02425","K03226",0.659032716927454,"Positive"
"K02425","K03227",0.653229018492176,"Positive"
"K02425","K03228",0.654964438122333,"Positive"
"K02425","K03229",0.654964438122333,"Positive"
"K02425","K03230",0.653229018492176,"Positive"
"K02425","K03516",0.712773826458037,"Positive"
"K02425","K03573",0.624466571834993,"Positive"
"K02425","K04058",0.668705547652916,"Positive"
"K02425","K04067",0.607596017069701,"Positive"
"K02425","K05368",0.78275960170697,"Positive"
"K02425","K05549",-0.613854907539118,"Negative"
"K02425","K05550",-0.613854907539118,"Negative"
"K02425","K05776",0.612517780938834,"Positive"
"K02425","K05783",-0.613854907539118,"Negative"
"K02425","K05784",-0.613854907539118,"Negative"
"K02425","K05874",0.600654338549075,"Positive"
"K02425","K05875",0.647197724039829,"Positive"
"K02425","K05876",0.68972972972973,"Positive"
"K02425","K05939",0.699630156472262,"Positive"
"K02425","K06073",0.641792318634424,"Positive"
"K02425","K06074",0.641792318634424,"Positive"
"K02425","K06080",0.78275960170697,"Positive"
"K02425","K07251",0.78275960170697,"Positive"
"K02425","K07264",0.716955903271693,"Positive"
"K02425","K07640",0.624466571834993,"Positive"
"K02425","K07648",0.665889046941678,"Positive"
"K02425","K07676",0.78275960170697,"Positive"
"K02425","K07677",0.732091038406828,"Positive"
"K02425","K07685",0.662560455192034,"Positive"
"K02425","K07687",0.772403982930299,"Positive"
"K02425","K07689",0.759345661450925,"Positive"
"K02425","K07711",0.669189189189189,"Positive"
"K02425","K07715",0.747425320056899,"Positive"
"K02425","K07751",0.624466571834993,"Positive"
"K02425","K07771",0.733598862019915,"Positive"
"K02425","K07773",0.665889046941678,"Positive"
"K02425","K07806",0.716529160739687,"Positive"
"K02425","K07823",-0.640142247510669,"Negative"
"K02425","K08682",0.788477951635846,"Positive"
"K02425","K09476",0.647027027027027,"Positive"
"K02425","K09996",0.605263157894737,"Positive"
"K02425","K09997",0.624466571834993,"Positive"
"K02425","K10011",0.728990042674253,"Positive"
"K02425","K10012",0.716529160739687,"Positive"
"K02425","K11384",-0.609587482219061,"Negative"
"K02425","K11751",0.71547652916074,"Positive"
"K02425","K12152",0.664608819345661,"Positive"
"K02425","K12254",-0.609587482219061,"Negative"
"K02425","K12525",0.78275960170697,"Positive"
"K02425","K12582",0.78275960170697,"Positive"
"K02425","K12962",0.716529160739687,"Positive"
"K02425","K12963",0.716529160739687,"Positive"
"K02425","K12973",0.890668563300142,"Positive"
"K02425","K12974",0.70850640113798,"Positive"
"K02425","K12975",0.710384068278805,"Positive"
"K02425","K13014",0.716529160739687,"Positive"
"K02425","K13301",0.78275960170697,"Positive"
"K02425","K13498",0.601650071123755,"Positive"
"K02425","K13541",-0.650014224751067,"Negative"
"K02425","K14187",0.624466571834993,"Positive"
"K02425","K16704",0.78275960170697,"Positive"
"K02425","K17226",-0.608677098150782,"Negative"
"K02425","K17315",-0.646401137980085,"Negative"
"K02425","K17316",-0.639971550497866,"Negative"
"K02425","K17317",-0.639971550497866,"Negative"
"K02425","K18291",-0.656187766714083,"Negative"
"K02425","K18697",0.600512091038407,"Positive"
"K02425","K18889",0.78950213371266,"Positive"
"K02425","K18890",0.78950213371266,"Positive"
"K02425","K18981",-0.623271692745377,"Negative"
"K02425","K19222",0.728705547652916,"Positive"
"K02425","K19226",0.784039829302987,"Positive"
"K02425","K19227",0.624466571834993,"Positive"
"K02425","K19228",0.624466571834993,"Positive"
"K02425","K19229",0.624466571834993,"Positive"
"K02425","K19230",0.628620199146515,"Positive"
"K02425","K19236",0.907567567567568,"Positive"
"K02425","K19270",0.701479374110953,"Positive"
"K02438","K02439",0.602645803698435,"Positive"
"K02438","K03087",0.630953058321479,"Positive"
"K02438","K03414",0.813285917496444,"Positive"
"K02438","K03566",0.81923186344239,"Positive"
"K02438","K05526",0.664950213371266,"Positive"
"K02438","K06044",0.610896159317212,"Positive"
"K02438","K10111",0.721081081081081,"Positive"
"K02438","K10680",0.664352773826458,"Positive"
"K02438","K19353",-0.605576102418208,"Negative"
"K02439","K02805",0.626685633001422,"Positive"
"K02439","K02844",0.793229018492176,"Positive"
"K02439","K03087",0.878805120910384,"Positive"
"K02439","K03181",0.701251778093883,"Positive"
"K02439","K03414",0.753229018492176,"Positive"
"K02439","K03472",0.914907539118065,"Positive"
"K02439","K03473",0.621820768136558,"Positive"
"K02439","K03566",0.63823613086771,"Positive"
"K02439","K03567",0.870810810810811,"Positive"
"K02439","K05526",0.924950213371266,"Positive"
"K02439","K06445",0.902389758179232,"Positive"
"K02439","K06447",0.704665718349929,"Positive"
"K02439","K06858",0.758150782361309,"Positive"
"K02439","K07236",0.67149359886202,"Positive"
"K02439","K07237",0.67149359886202,"Positive"
"K02439","K07637",0.875448079658606,"Positive"
"K02439","K07660",0.872944523470839,"Positive"
"K02439","K07678",0.610554765291607,"Positive"
"K02439","K07711",0.704096728307255,"Positive"
"K02439","K08312",0.751408250355619,"Positive"
"K02439","K09913",0.620426742532006,"Positive"
"K02439","K10111",0.633229018492176,"Positive"
"K02439","K11895",0.633285917496444,"Positive"
"K02439","K12251",0.76352773826458,"Positive"
"K02439","K12339",0.630640113798009,"Positive"
"K02439","K18800",0.666031294452347,"Positive"
"K02446","K02472",0.777894736842105,"Positive"
"K02446","K02560",0.876842105263158,"Positive"
"K02446","K02779",0.673940256045519,"Positive"
"K02446","K02784",0.869416785206259,"Positive"
"K02446","K02804",0.77203413940256,"Positive"
"K02446","K02805",0.74796586059744,"Positive"
"K02446","K02849",0.651237553342817,"Positive"
"K02446","K02852",0.779800853485064,"Positive"
"K02446","K02858",0.793200568990043,"Positive"
"K02446","K03184",0.649473684210526,"Positive"
"K02446","K03516",0.622190611664296,"Positive"
"K02446","K03573",0.869416785206259,"Positive"
"K02446","K04067",0.866372688477952,"Positive"
"K02446","K05368",0.779800853485064,"Positive"
"K02446","K05776",0.842873399715505,"Positive"
"K02446","K05851",0.614765291607397,"Positive"
"K02446","K05874",0.680455192034139,"Positive"
"K02446","K05939",0.734395448079659,"Positive"
"K02446","K06073",0.614765291607397,"Positive"
"K02446","K06074",0.614765291607397,"Positive"
"K02446","K06080",0.779800853485064,"Positive"
"K02446","K06211",0.859402560455192,"Positive"
"K02446","K06223",0.752460881934566,"Positive"
"K02446","K06447",0.650014224751067,"Positive"
"K02446","K07251",0.779800853485064,"Positive"
"K02446","K07264",0.737268847795164,"Positive"
"K02446","K07640",0.869416785206259,"Positive"
"K02446","K07648",0.951180654338549,"Positive"
"K02446","K07676",0.779800853485064,"Positive"
"K02446","K07677",0.749217638691323,"Positive"
"K02446","K07687",0.773883357041252,"Positive"
"K02446","K07689",0.771550497866287,"Positive"
"K02446","K07711",0.651237553342817,"Positive"
"K02446","K07715",0.764637268847795,"Positive"
"K02446","K07751",0.869416785206259,"Positive"
"K02446","K07771",0.739203413940256,"Positive"
"K02446","K07773",0.951180654338549,"Positive"
"K02446","K07806",0.742190611664296,"Positive"
"K02446","K08682",0.770753911806543,"Positive"
"K02446","K08722",0.793513513513514,"Positive"
"K02446","K09476",0.86176386913229,"Positive"
"K02446","K09996",0.627994310099573,"Positive"
"K02446","K09997",0.869416785206259,"Positive"
"K02446","K09998",0.865263157894737,"Positive"
"K02446","K09999",0.865263157894737,"Positive"
"K02446","K10000",0.865263157894737,"Positive"
"K02446","K10011",0.750298719772404,"Positive"
"K02446","K10012",0.742190611664296,"Positive"
"K02446","K11258",0.790042674253201,"Positive"
"K02446","K11751",0.728136557610242,"Positive"
"K02446","K12152",0.95049786628734,"Positive"
"K02446","K12368",0.779146514935989,"Positive"
"K02446","K12369",0.799601706970128,"Positive"
"K02446","K12370",0.799601706970128,"Positive"
"K02446","K12371",0.799601706970128,"Positive"
"K02446","K12372",0.799601706970128,"Positive"
"K02446","K12524",0.733058321479374,"Positive"
"K02446","K12525",0.779800853485064,"Positive"
"K02446","K12582",0.779800853485064,"Positive"
"K02446","K12962",0.742190611664296,"Positive"
"K02446","K12963",0.742190611664296,"Positive"
"K02446","K12973",0.648136557610242,"Positive"
"K02446","K12974",0.830071123755334,"Positive"
"K02446","K12975",0.831692745376956,"Positive"
"K02446","K13014",0.742190611664296,"Positive"
"K02446","K13301",0.779800853485064,"Positive"
"K02446","K13498",0.866827880512091,"Positive"
"K02446","K14187",0.869416785206259,"Positive"
"K02446","K16704",0.779800853485064,"Positive"
"K02446","K19222",0.705860597439545,"Positive"
"K02446","K19226",0.780483641536273,"Positive"
"K02446","K19227",0.869416785206259,"Positive"
"K02446","K19228",0.869416785206259,"Positive"
"K02446","K19229",0.869416785206259,"Positive"
"K02446","K19230",0.869445234708393,"Positive"
"K02446","K19236",0.649843527738265,"Positive"
"K02446","K19270",0.684381223328592,"Positive"
"K02452","K02458",0.907482219061166,"Positive"
"K02452","K02459",0.907681365576102,"Positive"
"K02452","K02460",0.907681365576102,"Positive"
"K02452","K02461",0.907567567567568,"Positive"
"K02452","K06445",0.64221906116643,"Positive"
"K02452","K08082",0.690184921763869,"Positive"
"K02452","K08083",0.68927453769559,"Positive"
"K02452","K09788",0.752233285917496,"Positive"
"K02453","K02454",0.72022759601707,"Positive"
"K02453","K02455",0.964836415362731,"Positive"
"K02453","K02456",0.770355618776671,"Positive"
"K02453","K07693",0.709559032716927,"Positive"
"K02453","K07778",0.672432432432432,"Positive"
"K02454","K02455",0.675675675675676,"Positive"
"K02454","K02456",0.935135135135135,"Positive"
"K02455","K02456",0.726372688477952,"Positive"
"K02455","K07693",0.709672830725462,"Positive"
"K02455","K07778",0.677980085348506,"Positive"
"K02455","K12972",0.628933143669986,"Positive"
"K02457","K02458",0.631009957325747,"Positive"
"K02457","K02459",0.631436699857753,"Positive"
"K02457","K02460",0.631436699857753,"Positive"
"K02457","K02461",0.631607396870555,"Positive"
"K02457","K02462",0.951038406827881,"Positive"
"K02457","K07178",0.609530583214794,"Positive"
"K02457","K07774",0.613086770981508,"Positive"
"K02457","K08082",0.652347083926031,"Positive"
"K02457","K08083",0.653769559032717,"Positive"
"K02457","K09788",0.631152204836415,"Positive"
"K02457","K10229",0.619260312944523,"Positive"
"K02457","K16171",0.621280227596017,"Positive"
"K02458","K02459",0.999743954480797,"Positive"
"K02458","K02460",0.999743954480797,"Positive"
"K02458","K02461",0.999800853485064,"Positive"
"K02458","K02462",0.68122332859175,"Positive"
"K02458","K06445",0.665889046941678,"Positive"
"K02458","K08082",0.692887624466572,"Positive"
"K02458","K08083",0.690953058321479,"Positive"
"K02458","K09788",0.734992887624467,"Positive"
"K02459","K02460",1,"Positive"
"K02459","K02461",0.999658605974395,"Positive"
"K02459","K02462",0.680853485064011,"Positive"
"K02459","K06445",0.666173541963016,"Positive"
"K02459","K08082",0.691834992887625,"Positive"
"K02459","K08083",0.689644381223329,"Positive"
"K02459","K09788",0.734281650071124,"Positive"
"K02460","K02461",0.999658605974395,"Positive"
"K02460","K02462",0.680853485064011,"Positive"
"K02460","K06445",0.666173541963016,"Positive"
"K02460","K08082",0.691834992887625,"Positive"
"K02460","K08083",0.689644381223329,"Positive"
"K02460","K09788",0.734281650071124,"Positive"
"K02461","K02462",0.681394025604552,"Positive"
"K02461","K06445",0.665576102418208,"Positive"
"K02461","K08082",0.69325746799431,"Positive"
"K02461","K08083",0.691749644381223,"Positive"
"K02461","K09788",0.734082503556188,"Positive"
"K02462","K07749",0.613627311522048,"Positive"
"K02462","K08082",0.721678520625889,"Positive"
"K02462","K08083",0.721052631578947,"Positive"
"K02462","K09788",0.687994310099573,"Positive"
"K02462","K10229",0.609189189189189,"Positive"
"K02462","K16171",0.607652916073969,"Positive"
"K02463","K03821",0.723157894736842,"Positive"
"K02463","K05710",0.741422475106686,"Positive"
"K02463","K05973",0.651408250355619,"Positive"
"K02471","K19353",0.680312944523471,"Positive"
"K02472","K02560",0.748193456614509,"Positive"
"K02472","K02779",0.784836415362731,"Positive"
"K02472","K02784",0.736415362731152,"Positive"
"K02472","K02804",0.637354196301565,"Positive"
"K02472","K02805",0.979800853485064,"Positive"
"K02472","K02844",0.613285917496444,"Positive"
"K02472","K02849",0.845320056899004,"Positive"
"K02472","K02852",0.992062588904694,"Positive"
"K02472","K02858",0.654679943100996,"Positive"
"K02472","K03184",0.876443812233286,"Positive"
"K02472","K03425",0.667254623044097,"Positive"
"K02472","K03573",0.736415362731152,"Positive"
"K02472","K04067",0.74099573257468,"Positive"
"K02472","K05368",0.992062588904694,"Positive"
"K02472","K05776",0.710440967283073,"Positive"
"K02472","K05874",0.792375533428165,"Positive"
"K02472","K05939",0.866088193456614,"Positive"
"K02472","K06073",0.604950213371266,"Positive"
"K02472","K06074",0.604950213371266,"Positive"
"K02472","K06080",0.992062588904694,"Positive"
"K02472","K06211",0.721024182076814,"Positive"
"K02472","K06223",0.622674253200569,"Positive"
"K02472","K06447",0.798093883357041,"Positive"
"K02472","K07251",0.992062588904694,"Positive"
"K02472","K07264",0.970554765291607,"Positive"
"K02472","K07345",0.737866287339972,"Positive"
"K02472","K07347",0.664495021337127,"Positive"
"K02472","K07640",0.736415362731152,"Positive"
"K02472","K07643",0.636358463726885,"Positive"
"K02472","K07648",0.830412517780939,"Positive"
"K02472","K07676",0.992062588904694,"Positive"
"K02472","K07677",0.984324324324324,"Positive"
"K02472","K07687",0.996614509246088,"Positive"
"K02472","K07689",0.997155049786629,"Positive"
"K02472","K07711",0.877041251778094,"Positive"
"K02472","K07715",0.994964438122333,"Positive"
"K02472","K07751",0.736415362731152,"Positive"
"K02472","K07771",0.959402560455192,"Positive"
"K02472","K07773",0.830412517780939,"Positive"
"K02472","K07806",0.972432432432432,"Positive"
"K02472","K08682",0.978890469416785,"Positive"
"K02472","K08722",0.656529160739687,"Positive"
"K02472","K09475",0.637980085348506,"Positive"
"K02472","K09476",0.743157894736842,"Positive"
"K02472","K09996",0.615817923186344,"Positive"
"K02472","K09997",0.736415362731152,"Positive"
"K02472","K09998",0.733001422475107,"Positive"
"K02472","K09999",0.733001422475107,"Positive"
"K02472","K10000",0.733001422475107,"Positive"
"K02472","K10011",0.973399715504979,"Positive"
"K02472","K10012",0.972432432432432,"Positive"
"K02472","K10014",0.616415362731152,"Positive"
"K02472","K10015",0.614366998577525,"Positive"
"K02472","K10016",0.620711237553343,"Positive"
"K02472","K10017",0.612916073968706,"Positive"
"K02472","K10037",0.622275960170697,"Positive"
"K02472","K10038",0.623783783783784,"Positive"
"K02472","K11258",0.655448079658606,"Positive"
"K02472","K11891",0.691152204836415,"Positive"
"K02472","K11892",0.698549075391181,"Positive"
"K02472","K11893",0.685263157894737,"Positive"
"K02472","K12152",0.830440967283073,"Positive"
"K02472","K12368",0.754196301564723,"Positive"
"K02472","K12369",0.785120910384068,"Positive"
"K02472","K12370",0.785120910384068,"Positive"
"K02472","K12371",0.785120910384068,"Positive"
"K02472","K12372",0.785120910384068,"Positive"
"K02472","K12525",0.992062588904694,"Positive"
"K02472","K12582",0.992062588904694,"Positive"
"K02472","K12962",0.972432432432432,"Positive"
"K02472","K12963",0.972432432432432,"Positive"
"K02472","K12973",0.85149359886202,"Positive"
"K02472","K12974",0.939971550497866,"Positive"
"K02472","K12975",0.943641536273115,"Positive"
"K02472","K13014",0.972432432432432,"Positive"
"K02472","K13301",0.992062588904694,"Positive"
"K02472","K13498",0.73072546230441,"Positive"
"K02472","K14187",0.736415362731152,"Positive"
"K02472","K16704",0.992062588904694,"Positive"
"K02472","K18889",0.753598862019915,"Positive"
"K02472","K18890",0.753598862019915,"Positive"
"K02472","K19222",0.940540540540541,"Positive"
"K02472","K19226",0.99203413940256,"Positive"
"K02472","K19227",0.736415362731152,"Positive"
"K02472","K19228",0.736415362731152,"Positive"
"K02472","K19229",0.736415362731152,"Positive"
"K02472","K19230",0.737354196301565,"Positive"
"K02472","K19236",0.843186344238976,"Positive"
"K02472","K19270",0.904039829302987,"Positive"
"K02474","K09007",0.612887624466572,"Positive"
"K02474","K11755",0.604381223328592,"Positive"
"K02474","K11931",0.649985775248933,"Positive"
"K02474","K13522",0.641706970128023,"Positive"
"K02474","K14159",0.602788051209104,"Positive"
"K02474","K18137",0.602788051209104,"Positive"
"K02474","K18147",0.602788051209104,"Positive"
"K02510","K07232",0.668165007112376,"Positive"
"K02510","K07641",0.614708392603129,"Positive"
"K02510","K07663",0.629644381223329,"Positive"
"K02510","K09472",0.637553342816501,"Positive"
"K02510","K12658",0.673285917496444,"Positive"
"K02510","K14519",0.645576102418208,"Positive"
"K02510","K18335",0.615448079658606,"Positive"
"K02552","K08680",0.997211948790896,"Positive"
"K02560","K02784",0.991009957325747,"Positive"
"K02560","K02804",0.893968705547653,"Positive"
"K02560","K02805",0.712859174964438,"Positive"
"K02560","K02849",0.645576102418208,"Positive"
"K02560","K02852",0.751550497866287,"Positive"
"K02560","K02858",0.920938833570413,"Positive"
"K02560","K03184",0.670697012802276,"Positive"
"K02560","K03573",0.991009957325747,"Positive"
"K02560","K04067",0.986827880512091,"Positive"
"K02560","K05368",0.751550497866287,"Positive"
"K02560","K05776",0.966372688477952,"Positive"
"K02560","K05851",0.749331436699858,"Positive"
"K02560","K05939",0.855561877667141,"Positive"
"K02560","K06080",0.751550497866287,"Positive"
"K02560","K06211",0.977297297297297,"Positive"
"K02560","K06223",0.859544807965861,"Positive"
"K02560","K07236",0.66352773826458,"Positive"
"K02560","K07237",0.66352773826458,"Positive"
"K02560","K07251",0.751550497866287,"Positive"
"K02560","K07264",0.713513513513514,"Positive"
"K02560","K07640",0.991009957325747,"Positive"
"K02560","K07648",0.923556187766714,"Positive"
"K02560","K07676",0.751550497866287,"Positive"
"K02560","K07677",0.715135135135135,"Positive"
"K02560","K07687",0.737297297297297,"Positive"
"K02560","K07689",0.738719772403983,"Positive"
"K02560","K07711",0.63348506401138,"Positive"
"K02560","K07715",0.731664295874822,"Positive"
"K02560","K07751",0.991009957325747,"Positive"
"K02560","K07771",0.709302987197724,"Positive"
"K02560","K07773",0.923556187766714,"Positive"
"K02560","K07806",0.716159317211949,"Positive"
"K02560","K08682",0.738577524893314,"Positive"
"K02560","K08722",0.907254623044097,"Positive"
"K02560","K09476",0.986201991465149,"Positive"
"K02560","K09997",0.991009957325747,"Positive"
"K02560","K09998",0.983840682788051,"Positive"
"K02560","K09999",0.983840682788051,"Positive"
"K02560","K10000",0.983840682788051,"Positive"
"K02560","K10004",0.610298719772404,"Positive"
"K02560","K10011",0.723442389758179,"Positive"
"K02560","K10012",0.716159317211949,"Positive"
"K02560","K11258",0.913826458036984,"Positive"
"K02560","K11604",0.672887624466572,"Positive"
"K02560","K11605",0.672887624466572,"Positive"
"K02560","K11606",0.672887624466572,"Positive"
"K02560","K11607",0.672887624466572,"Positive"
"K02560","K11751",0.863897581792319,"Positive"
"K02560","K11891",0.650469416785206,"Positive"
"K02560","K11892",0.663271692745377,"Positive"
"K02560","K11893",0.653684210526316,"Positive"
"K02560","K11900",0.62796586059744,"Positive"
"K02560","K11901",0.651550497866287,"Positive"
"K02560","K11903",0.66927453769559,"Positive"
"K02560","K11907",0.647169274537696,"Positive"
"K02560","K12152",0.923470839260313,"Positive"
"K02560","K12368",0.739402560455192,"Positive"
"K02560","K12369",0.763698435277383,"Positive"
"K02560","K12370",0.763698435277383,"Positive"
"K02560","K12371",0.763698435277383,"Positive"
"K02560","K12372",0.763698435277383,"Positive"
"K02560","K12524",0.844182076813656,"Positive"
"K02560","K12525",0.751550497866287,"Positive"
"K02560","K12582",0.751550497866287,"Positive"
"K02560","K12962",0.716159317211949,"Positive"
"K02560","K12963",0.716159317211949,"Positive"
"K02560","K12973",0.635903271692745,"Positive"
"K02560","K12974",0.709530583214794,"Positive"
"K02560","K12975",0.712290184921764,"Positive"
"K02560","K13014",0.716159317211949,"Positive"
"K02560","K13301",0.751550497866287,"Positive"
"K02560","K13498",0.981735419630156,"Positive"
"K02560","K14187",0.991009957325747,"Positive"
"K02560","K15125",0.607169274537696,"Positive"
"K02560","K16704",0.751550497866287,"Positive"
"K02560","K18800",0.657980085348506,"Positive"
"K02560","K19222",0.678293029871977,"Positive"
"K02560","K19226",0.751635846372688,"Positive"
"K02560","K19227",0.991009957325747,"Positive"
"K02560","K19228",0.991009957325747,"Positive"
"K02560","K19229",0.991009957325747,"Positive"
"K02560","K19230",0.99049786628734,"Positive"
"K02560","K19236",0.644324324324324,"Positive"
"K02560","K19270",0.65049786628734,"Positive"
"K02566","K02847",0.813798008534851,"Positive"
"K02566","K03184",0.626799431009957,"Positive"
"K02566","K03425",0.829957325746799,"Positive"
"K02566","K06447",0.631749644381223,"Positive"
"K02566","K07246",0.615732574679943,"Positive"
"K02566","K07643",0.774310099573257,"Positive"
"K02566","K07711",0.661365576102418,"Positive"
"K02566","K08323",0.627652916073969,"Positive"
"K02566","K08351",0.740312944523471,"Positive"
"K02566","K09470",0.738634423897582,"Positive"
"K02566","K09473",0.742076813655761,"Positive"
"K02566","K09475",0.795960170697013,"Positive"
"K02566","K13051",0.621479374110953,"Positive"
"K02566","K13529",0.6150213371266,"Positive"
"K02566","K13816",0.634879089615932,"Positive"
"K02566","K17202",0.634992887624467,"Positive"
"K02566","K17203",0.634992887624467,"Positive"
"K02566","K17204",0.634992887624467,"Positive"
"K02566","K18676",0.798947368421053,"Positive"
"K02567","K02568",1,"Positive"
"K02567","K03825",0.769957325746799,"Positive"
"K02567","K06443",0.702560455192034,"Positive"
"K02567","K07178",0.624295874822191,"Positive"
"K02567","K10108",0.684580369843528,"Positive"
"K02567","K10109",0.702133712660028,"Positive"
"K02567","K10110",0.702133712660028,"Positive"
"K02567","K14596",0.618065433854908,"Positive"
"K02567","K17838",0.724779516358464,"Positive"
"K02568","K03825",0.769957325746799,"Positive"
"K02568","K06443",0.702560455192034,"Positive"
"K02568","K07178",0.624295874822191,"Positive"
"K02568","K10108",0.684580369843528,"Positive"
"K02568","K10109",0.702133712660028,"Positive"
"K02568","K10110",0.702133712660028,"Positive"
"K02568","K14596",0.618065433854908,"Positive"
"K02568","K17838",0.724779516358464,"Positive"
"K02609","K02610",1,"Positive"
"K02609","K02611",1,"Positive"
"K02609","K02612",1,"Positive"
"K02609","K02613",0.906714082503556,"Positive"
"K02609","K02615",0.859658605974395,"Positive"
"K02609","K02618",0.958264580369844,"Positive"
"K02609","K02747",0.663840682788051,"Positive"
"K02609","K05877",0.603243243243243,"Positive"
"K02609","K05881",0.77103840682788,"Positive"
"K02609","K05921",0.864779516358464,"Positive"
"K02609","K06048",0.714167852062589,"Positive"
"K02609","K06897",0.771379800853485,"Positive"
"K02609","K06989",0.87103840682788,"Positive"
"K02609","K07306",0.618378378378378,"Positive"
"K02609","K07307",0.628847795163585,"Positive"
"K02609","K08302",0.73977240398293,"Positive"
"K02609","K08320",0.859402560455192,"Positive"
"K02609","K10824",0.604495021337127,"Positive"
"K02609","K11081",0.755960170697013,"Positive"
"K02609","K11082",0.755960170697013,"Positive"
"K02609","K11083",0.755960170697013,"Positive"
"K02609","K11084",0.755960170697013,"Positive"
"K02609","K11216",0.773570412517781,"Positive"
"K02609","K11530",0.773570412517781,"Positive"
"K02609","K12112",0.707169274537696,"Positive"
"K02609","K15584",0.604495021337127,"Positive"
"K02609","K15585",0.604495021337127,"Positive"
"K02609","K15586",0.600199146514936,"Positive"
"K02609","K15587",0.604495021337127,"Positive"
"K02609","K15866",0.675704125177809,"Positive"
"K02609","K17850",0.602731152204836,"Positive"
"K02610","K02611",1,"Positive"
"K02610","K02612",1,"Positive"
"K02610","K02613",0.906714082503556,"Positive"
"K02610","K02615",0.859658605974395,"Positive"
"K02610","K02618",0.958264580369844,"Positive"
"K02610","K02747",0.663840682788051,"Positive"
"K02610","K05877",0.603243243243243,"Positive"
"K02610","K05881",0.77103840682788,"Positive"
"K02610","K05921",0.864779516358464,"Positive"
"K02610","K06048",0.714167852062589,"Positive"
"K02610","K06897",0.771379800853485,"Positive"
"K02610","K06989",0.87103840682788,"Positive"
"K02610","K07306",0.618378378378378,"Positive"
"K02610","K07307",0.628847795163585,"Positive"
"K02610","K08302",0.73977240398293,"Positive"
"K02610","K08320",0.859402560455192,"Positive"
"K02610","K10824",0.604495021337127,"Positive"
"K02610","K11081",0.755960170697013,"Positive"
"K02610","K11082",0.755960170697013,"Positive"
"K02610","K11083",0.755960170697013,"Positive"
"K02610","K11084",0.755960170697013,"Positive"
"K02610","K11216",0.773570412517781,"Positive"
"K02610","K11530",0.773570412517781,"Positive"
"K02610","K12112",0.707169274537696,"Positive"
"K02610","K15584",0.604495021337127,"Positive"
"K02610","K15585",0.604495021337127,"Positive"
"K02610","K15586",0.600199146514936,"Positive"
"K02610","K15587",0.604495021337127,"Positive"
"K02610","K15866",0.675704125177809,"Positive"
"K02610","K17850",0.602731152204836,"Positive"
"K02611","K02612",1,"Positive"
"K02611","K02613",0.906714082503556,"Positive"
"K02611","K02615",0.859658605974395,"Positive"
"K02611","K02618",0.958264580369844,"Positive"
"K02611","K02747",0.663840682788051,"Positive"
"K02611","K05877",0.603243243243243,"Positive"
"K02611","K05881",0.77103840682788,"Positive"
"K02611","K05921",0.864779516358464,"Positive"
"K02611","K06048",0.714167852062589,"Positive"
"K02611","K06897",0.771379800853485,"Positive"
"K02611","K06989",0.87103840682788,"Positive"
"K02611","K07306",0.618378378378378,"Positive"
"K02611","K07307",0.628847795163585,"Positive"
"K02611","K08302",0.73977240398293,"Positive"
"K02611","K08320",0.859402560455192,"Positive"
"K02611","K10824",0.604495021337127,"Positive"
"K02611","K11081",0.755960170697013,"Positive"
"K02611","K11082",0.755960170697013,"Positive"
"K02611","K11083",0.755960170697013,"Positive"
"K02611","K11084",0.755960170697013,"Positive"
"K02611","K11216",0.773570412517781,"Positive"
"K02611","K11530",0.773570412517781,"Positive"
"K02611","K12112",0.707169274537696,"Positive"
"K02611","K15584",0.604495021337127,"Positive"
"K02611","K15585",0.604495021337127,"Positive"
"K02611","K15586",0.600199146514936,"Positive"
"K02611","K15587",0.604495021337127,"Positive"
"K02611","K15866",0.675704125177809,"Positive"
"K02611","K17850",0.602731152204836,"Positive"
"K02612","K02613",0.906714082503556,"Positive"
"K02612","K02615",0.859658605974395,"Positive"
"K02612","K02618",0.958264580369844,"Positive"
"K02612","K02747",0.663840682788051,"Positive"
"K02612","K05877",0.603243243243243,"Positive"
"K02612","K05881",0.77103840682788,"Positive"
"K02612","K05921",0.864779516358464,"Positive"
"K02612","K06048",0.714167852062589,"Positive"
"K02612","K06897",0.771379800853485,"Positive"
"K02612","K06989",0.87103840682788,"Positive"
"K02612","K07306",0.618378378378378,"Positive"
"K02612","K07307",0.628847795163585,"Positive"
"K02612","K08302",0.73977240398293,"Positive"
"K02612","K08320",0.859402560455192,"Positive"
"K02612","K10824",0.604495021337127,"Positive"
"K02612","K11081",0.755960170697013,"Positive"
"K02612","K11082",0.755960170697013,"Positive"
"K02612","K11083",0.755960170697013,"Positive"
"K02612","K11084",0.755960170697013,"Positive"
"K02612","K11216",0.773570412517781,"Positive"
"K02612","K11530",0.773570412517781,"Positive"
"K02612","K12112",0.707169274537696,"Positive"
"K02612","K15584",0.604495021337127,"Positive"
"K02612","K15585",0.604495021337127,"Positive"
"K02612","K15586",0.600199146514936,"Positive"
"K02612","K15587",0.604495021337127,"Positive"
"K02612","K15866",0.675704125177809,"Positive"
"K02612","K17850",0.602731152204836,"Positive"
"K02613","K02615",0.794765291607397,"Positive"
"K02613","K02618",0.874281650071124,"Positive"
"K02613","K02747",0.651009957325747,"Positive"
"K02613","K05881",0.778093883357041,"Positive"
"K02613","K05921",0.814139402560455,"Positive"
"K02613","K06048",0.741849217638691,"Positive"
"K02613","K06897",0.719459459459459,"Positive"
"K02613","K06989",0.834594594594595,"Positive"
"K02613","K07306",0.63800853485064,"Positive"
"K02613","K07307",0.637411095305832,"Positive"
"K02613","K08302",0.699743954480797,"Positive"
"K02613","K08320",0.79448079658606,"Positive"
"K02613","K10824",0.617667140825036,"Positive"
"K02613","K11081",0.709075391180654,"Positive"
"K02613","K11082",0.709075391180654,"Positive"
"K02613","K11083",0.709075391180654,"Positive"
"K02613","K11084",0.709075391180654,"Positive"
"K02613","K11216",0.682731152204836,"Positive"
"K02613","K11530",0.682731152204836,"Positive"
"K02613","K12112",0.66153627311522,"Positive"
"K02613","K15584",0.617667140825036,"Positive"
"K02613","K15585",0.617667140825036,"Positive"
"K02613","K15586",0.621507823613087,"Positive"
"K02613","K15587",0.617667140825036,"Positive"
"K02613","K15866",0.649815078236131,"Positive"
"K02613","K17850",0.63923186344239,"Positive"
"K02613","K18333",0.638918918918919,"Positive"
"K02614","K02765",0.696159317211949,"Positive"
"K02614","K02783",0.722475106685633,"Positive"
"K02614","K03405",0.859089615931721,"Positive"
"K02614","K03410",0.627766714082504,"Positive"
"K02614","K11690",0.845604551920341,"Positive"
"K02614","K12960",0.703840682788051,"Positive"
"K02614","K13747",0.621621621621622,"Positive"
"K02614","K16370",0.612347083926031,"Positive"
"K02615","K02618",0.897923186344239,"Positive"
"K02615","K02747",0.698805120910384,"Positive"
"K02615","K03079",0.624153627311522,"Positive"
"K02615","K03532",0.686344238975818,"Positive"
"K02615","K05306",0.630611664295875,"Positive"
"K02615","K05877",0.612688477951636,"Positive"
"K02615","K05881",0.771152204836415,"Positive"
"K02615","K05921",0.985376955903272,"Positive"
"K02615","K06897",0.811607396870555,"Positive"
"K02615","K06989",0.908335704125178,"Positive"
"K02615","K07306",0.656728307254623,"Positive"
"K02615","K07307",0.651664295874822,"Positive"
"K02615","K07784",0.679715504978663,"Positive"
"K02615","K07812",0.677752489331437,"Positive"
"K02615","K08302",0.60321479374111,"Positive"
"K02615","K08320",0.999743954480797,"Positive"
"K02615","K10824",0.65149359886202,"Positive"
"K02615","K11081",0.89348506401138,"Positive"
"K02615","K11082",0.89348506401138,"Positive"
"K02615","K11083",0.89348506401138,"Positive"
"K02615","K11084",0.89348506401138,"Positive"
"K02615","K11216",0.633058321479374,"Positive"
"K02615","K11530",0.633058321479374,"Positive"
"K02615","K12112",0.770896159317212,"Positive"
"K02615","K14977",0.604551920341394,"Positive"
"K02615","K15584",0.65149359886202,"Positive"
"K02615","K15585",0.65149359886202,"Positive"
"K02615","K15586",0.650924608819346,"Positive"
"K02615","K15587",0.65149359886202,"Positive"
"K02615","K15866",0.603385490753912,"Positive"
"K02615","K18333",0.626002844950213,"Positive"
"K02618","K02747",0.701934566145092,"Positive"
"K02618","K05523",0.623726884779516,"Positive"
"K02618","K05877",0.648079658605974,"Positive"
"K02618","K05881",0.808165007112375,"Positive"
"K02618","K05921",0.891920341394026,"Positive"
"K02618","K06048",0.679345661450925,"Positive"
"K02618","K06897",0.809359886201992,"Positive"
"K02618","K06989",0.905547652916074,"Positive"
"K02618","K07306",0.653200568990043,"Positive"
"K02618","K07307",0.658605974395448,"Positive"
"K02618","K07784",0.619089615931721,"Positive"
"K02618","K07812",0.611351351351351,"Positive"
"K02618","K08302",0.701337126600284,"Positive"
"K02618","K08320",0.897667140825036,"Positive"
"K02618","K10824",0.640199146514936,"Positive"
"K02618","K11081",0.785490753911807,"Positive"
"K02618","K11082",0.785490753911807,"Positive"
"K02618","K11083",0.785490753911807,"Positive"
"K02618","K11084",0.785490753911807,"Positive"
"K02618","K11216",0.722190611664296,"Positive"
"K02618","K11530",0.722190611664296,"Positive"
"K02618","K12112",0.743243243243243,"Positive"
"K02618","K15584",0.640199146514936,"Positive"
"K02618","K15585",0.640199146514936,"Positive"
"K02618","K15586",0.636187766714083,"Positive"
"K02618","K15587",0.640199146514936,"Positive"
"K02618","K15866",0.651920341394026,"Positive"
"K02618","K17850",0.647880512091038,"Positive"
"K02619","K03181",0.783926031294452,"Positive"
"K02619","K03473",0.738918918918919,"Positive"
"K02619","K03563",0.602304409672831,"Positive"
"K02619","K03651",0.828990042674253,"Positive"
"K02619","K03732",0.814651493598862,"Positive"
"K02619","K05365",0.765291607396871,"Positive"
"K02619","K06879",0.828392603129445,"Positive"
"K02619","K07235",0.828990042674253,"Positive"
"K02619","K07639",0.840312944523471,"Positive"
"K02619","K07642",0.66076813655761,"Positive"
"K02619","K07661",0.840312944523471,"Positive"
"K02619","K07664",0.649871977240398,"Positive"
"K02619","K07678",0.727339971550498,"Positive"
"K02619","K08312",0.627311522048364,"Positive"
"K02619","K08484",0.75325746799431,"Positive"
"K02619","K08485",0.65203413940256,"Positive"
"K02619","K09913",0.720028449502134,"Positive"
"K02619","K10026",0.702475106685633,"Positive"
"K02619","K10914",0.76551920341394,"Positive"
"K02619","K11179",0.828990042674253,"Positive"
"K02619","K11183",0.737126600284495,"Positive"
"K02619","K12339",0.712887624466572,"Positive"
"K02619","K13378",0.696813655761024,"Positive"
"K02619","K15777",0.737667140825036,"Positive"
"K02650","K09007",0.658862019914652,"Positive"
"K02650","K12256",0.637382645803698,"Positive"
"K02650","K18369",0.610554765291607,"Positive"
"K02651","K12511",0.656273115220484,"Positive"
"K02657","K02658",0.99524893314367,"Positive"
"K02657","K02659",0.984352773826458,"Positive"
"K02657","K02660",0.984352773826458,"Positive"
"K02657","K04565",0.708762446657183,"Positive"
"K02657","K06134",0.888307254623044,"Positive"
"K02657","K06596",0.983897581792319,"Positive"
"K02657","K07644",0.800682788051209,"Positive"
"K02657","K07665",0.799431009957326,"Positive"
"K02657","K08082",0.684836415362731,"Positive"
"K02657","K08083",0.685490753911807,"Positive"
"K02657","K11959",0.600312944523471,"Positive"
"K02657","K11961",0.601706970128023,"Positive"
"K02657","K13522",0.646913229018492,"Positive"
"K02657","K13745",0.686258890469417,"Positive"
"K02657","K14475",0.721365576102418,"Positive"
"K02657","K16692",0.655078236130868,"Positive"
"K02658","K02659",0.98022759601707,"Positive"
"K02658","K02660",0.98022759601707,"Positive"
"K02658","K04565",0.707908961593172,"Positive"
"K02658","K06134",0.889359886201991,"Positive"
"K02658","K06596",0.979658605974395,"Positive"
"K02658","K07644",0.77877667140825,"Positive"
"K02658","K07665",0.778691322901849,"Positive"
"K02658","K08082",0.693143669985775,"Positive"
"K02658","K08083",0.693826458036984,"Positive"
"K02658","K13522",0.649388335704125,"Positive"
"K02658","K13745",0.667027027027027,"Positive"
"K02658","K14475",0.694679943100996,"Positive"
"K02658","K16692",0.649046941678521,"Positive"
"K02659","K02660",1,"Positive"
"K02659","K04565",0.718065433854908,"Positive"
"K02659","K06134",0.90773826458037,"Positive"
"K02659","K06596",0.993741109530583,"Positive"
"K02659","K07644",0.770953058321479,"Positive"
"K02659","K07665",0.769900426742532,"Positive"
"K02659","K08082",0.690298719772404,"Positive"
"K02659","K08083",0.689928876244666,"Positive"
"K02659","K11959",0.610953058321479,"Positive"
"K02659","K11961",0.608933143669986,"Positive"
"K02659","K13522",0.665433854907539,"Positive"
"K02659","K13745",0.6849786628734,"Positive"
"K02659","K14159",0.622019914651494,"Positive"
"K02659","K14475",0.741194879089616,"Positive"
"K02659","K16692",0.667994310099573,"Positive"
"K02659","K18137",0.622019914651494,"Positive"
"K02659","K18147",0.622019914651494,"Positive"
"K02660","K04565",0.718065433854908,"Positive"
"K02660","K06134",0.90773826458037,"Positive"
"K02660","K06596",0.993741109530583,"Positive"
"K02660","K07644",0.770953058321479,"Positive"
"K02660","K07665",0.769900426742532,"Positive"
"K02660","K08082",0.690298719772404,"Positive"
"K02660","K08083",0.689928876244666,"Positive"
"K02660","K11959",0.610953058321479,"Positive"
"K02660","K11961",0.608933143669986,"Positive"
"K02660","K13522",0.665433854907539,"Positive"
"K02660","K13745",0.6849786628734,"Positive"
"K02660","K14159",0.622019914651494,"Positive"
"K02660","K14475",0.741194879089616,"Positive"
"K02660","K16692",0.667994310099573,"Positive"
"K02660","K18137",0.622019914651494,"Positive"
"K02660","K18147",0.622019914651494,"Positive"
"K02746","K04516",0.90176386913229,"Positive"
"K02746","K05362",0.854310099573257,"Positive"
"K02746","K05363",0.856671408250356,"Positive"
"K02746","K07717",0.612773826458037,"Positive"
"K02746","K07719",0.612773826458037,"Positive"
"K02746","K11041",0.893627311522048,"Positive"
"K02746","K11617",0.895761024182077,"Positive"
"K02746","K12296",0.878549075391181,"Positive"
"K02746","K12554",0.733229018492176,"Positive"
"K02746","K12556",0.854281650071124,"Positive"
"K02746","K13677",0.695960170697013,"Positive"
"K02747","K05306",0.627396870554765,"Positive"
"K02747","K05881",0.600796586059744,"Positive"
"K02747","K05921",0.70022759601707,"Positive"
"K02747","K06897",0.797894736842105,"Positive"
"K02747","K06989",0.754850640113798,"Positive"
"K02747","K07306",0.749445234708393,"Positive"
"K02747","K07307",0.746173541963016,"Positive"
"K02747","K08302",0.706458036984353,"Positive"
"K02747","K08320",0.698549075391181,"Positive"
"K02747","K08321",0.610440967283073,"Positive"
"K02747","K10824",0.713968705547653,"Positive"
"K02747","K12111",0.711351351351351,"Positive"
"K02747","K12112",0.71172119487909,"Positive"
"K02747","K15584",0.713968705547653,"Positive"
"K02747","K15585",0.713968705547653,"Positive"
"K02747","K15586",0.71524893314367,"Positive"
"K02747","K15587",0.713968705547653,"Positive"
"K02753","K02791",0.66674253200569,"Positive"
"K02753","K03335",0.655931721194879,"Positive"
"K02753","K03336",0.737951635846373,"Positive"
"K02753","K03337",0.759516358463727,"Positive"
"K02753","K03338",0.759516358463727,"Positive"
"K02753","K03516",0.628421052631579,"Positive"
"K02753","K03649",0.796614509246088,"Positive"
"K02753","K05523",0.637724039829303,"Positive"
"K02753","K05876",0.600113798008535,"Positive"
"K02753","K06073",0.690184921763869,"Positive"
"K02753","K06074",0.690184921763869,"Positive"
"K02753","K06159",0.818975817923186,"Positive"
"K02753","K06606",0.774452347083926,"Positive"
"K02753","K07643",0.617866287339972,"Positive"
"K02753","K07674",0.775590327169275,"Positive"
"K02753","K07679",0.815988620199147,"Positive"
"K02753","K07688",0.60827880512091,"Positive"
"K02753","K07690",0.707652916073969,"Positive"
"K02753","K07701",0.822105263157895,"Positive"
"K02753","K07703",0.819573257467994,"Positive"
"K02753","K07781",0.902247510668563,"Positive"
"K02753","K07782",0.794082503556188,"Positive"
"K02753","K08322",0.913229018492176,"Positive"
"K02753","K08351",0.682019914651494,"Positive"
"K02753","K08723",0.914110953058321,"Positive"
"K02753","K09470",0.665120910384068,"Positive"
"K02753","K09473",0.693342816500711,"Positive"
"K02753","K09475",0.606145092460882,"Positive"
"K02753","K09988",0.745092460881935,"Positive"
"K02753","K09996",0.683641536273115,"Positive"
"K02753","K10537",0.891834992887624,"Positive"
"K02753","K10538",0.891834992887624,"Positive"
"K02753","K10539",0.891834992887624,"Positive"
"K02753","K10540",0.663271692745377,"Positive"
"K02753","K10541",0.663271692745377,"Positive"
"K02753","K10542",0.663271692745377,"Positive"
"K02753","K10543",0.810981507823613,"Positive"
"K02753","K10544",0.811351351351351,"Positive"
"K02753","K10545",0.811351351351351,"Positive"
"K02753","K11890",0.864409672830725,"Positive"
"K02753","K13632",0.908392603129445,"Positive"
"K02753","K13892",0.637610241820768,"Positive"
"K02753","K14051",0.775533428165007,"Positive"
"K02753","K16703",0.777894736842105,"Positive"
"K02753","K16710",0.777894736842105,"Positive"
"K02753","K17195",0.716301564722617,"Positive"
"K02753","K17202",0.684722617354196,"Positive"
"K02753","K17203",0.684722617354196,"Positive"
"K02753","K17204",0.684722617354196,"Positive"
"K02753","K17213",0.746145092460882,"Positive"
"K02753","K17214",0.766002844950213,"Positive"
"K02753","K17215",0.766002844950213,"Positive"
"K02753","K18324",0.915192034139403,"Positive"
"K02753","K18326",0.896756756756757,"Positive"
"K02753","K19354",0.69724039829303,"Positive"
"K02765","K02783",0.716557610241821,"Positive"
"K02765","K03340",0.637524893314367,"Positive"
"K02765","K03405",0.715391180654339,"Positive"
"K02765","K03410",0.618805120910384,"Positive"
"K02765","K03429",0.830924608819346,"Positive"
"K02765","K03620",0.736301564722617,"Positive"
"K02765","K05606",0.606002844950213,"Positive"
"K02765","K06208",0.7075106685633,"Positive"
"K02765","K06209",0.680455192034139,"Positive"
"K02765","K06281",0.767197724039829,"Positive"
"K02765","K06282",0.767197724039829,"Positive"
"K02765","K07588",0.719573257467994,"Positive"
"K02765","K07590",0.773143669985775,"Positive"
"K02765","K07720",0.632005689900427,"Positive"
"K02765","K08384",0.7075106685633,"Positive"
"K02765","K10206",0.713229018492176,"Positive"
"K02765","K11358",0.636728307254623,"Positive"
"K02765","K11690",0.697126600284495,"Positive"
"K02765","K11782",0.623072546230441,"Positive"
"K02765","K11784",0.623072546230441,"Positive"
"K02765","K13818",0.679971550497866,"Positive"
"K02765","K15792",0.651635846372688,"Positive"
"K02765","K16651",0.750640113798009,"Positive"
"K02765","K18285",0.62697012802276,"Positive"
"K02765","K19508",0.67425320056899,"Positive"
"K02765","K19509",0.716927453769559,"Positive"
"K02779","K02804",0.62697012802276,"Positive"
"K02779","K02805",0.764836415362731,"Positive"
"K02779","K02849",0.623385490753912,"Positive"
"K02779","K02852",0.797069701280228,"Positive"
"K02779","K03184",0.748677098150782,"Positive"
"K02779","K05368",0.797069701280228,"Positive"
"K02779","K05874",0.774423897581792,"Positive"
"K02779","K05939",0.647766714082504,"Positive"
"K02779","K06073",0.607567567567568,"Positive"
"K02779","K06074",0.607567567567568,"Positive"
"K02779","K06080",0.797069701280228,"Positive"
"K02779","K06447",0.72298719772404,"Positive"
"K02779","K07251",0.797069701280228,"Positive"
"K02779","K07264",0.774594594594595,"Positive"
"K02779","K07648",0.629644381223329,"Positive"
"K02779","K07676",0.797069701280228,"Positive"
"K02779","K07677",0.760625889046942,"Positive"
"K02779","K07687",0.786884779516358,"Positive"
"K02779","K07689",0.788762446657184,"Positive"
"K02779","K07711",0.666230440967283,"Positive"
"K02779","K07715",0.786571834992888,"Positive"
"K02779","K07771",0.752972972972973,"Positive"
"K02779","K07773",0.629644381223329,"Positive"
"K02779","K07806",0.76475106685633,"Positive"
"K02779","K08682",0.781479374110953,"Positive"
"K02779","K10011",0.761849217638691,"Positive"
"K02779","K10012",0.76475106685633,"Positive"
"K02779","K12152",0.628904694167852,"Positive"
"K02779","K12368",0.712859174964438,"Positive"
"K02779","K12369",0.733883357041252,"Positive"
"K02779","K12370",0.733883357041252,"Positive"
"K02779","K12371",0.733883357041252,"Positive"
"K02779","K12372",0.733883357041252,"Positive"
"K02779","K12525",0.797069701280228,"Positive"
"K02779","K12582",0.797069701280228,"Positive"
"K02779","K12962",0.76475106685633,"Positive"
"K02779","K12963",0.76475106685633,"Positive"
"K02779","K12973",0.631408250355619,"Positive"
"K02779","K12974",0.8625320056899,"Positive"
"K02779","K12975",0.856073968705548,"Positive"
"K02779","K13014",0.76475106685633,"Positive"
"K02779","K13301",0.797069701280228,"Positive"
"K02779","K16704",0.797069701280228,"Positive"
"K02779","K19222",0.818549075391181,"Positive"
"K02779","K19226",0.797809388335704,"Positive"
"K02779","K19236",0.621308677098151,"Positive"
"K02779","K19270",0.766173541963016,"Positive"
"K02783","K03340",0.603698435277383,"Positive"
"K02783","K03429",0.712631578947368,"Positive"
"K02783","K03620",0.667169274537696,"Positive"
"K02783","K05606",0.679374110953058,"Positive"
"K02783","K06208",0.623385490753912,"Positive"
"K02783","K06281",0.65800853485064,"Positive"
"K02783","K06282",0.65800853485064,"Positive"
"K02783","K07588",0.707339971550498,"Positive"
"K02783","K07590",0.652972972972973,"Positive"
"K02783","K08384",0.623385490753912,"Positive"
"K02783","K10206",0.630867709815078,"Positive"
"K02783","K11358",0.62076813655761,"Positive"
"K02783","K16651",0.627652916073969,"Positive"
"K02783","K18285",0.60099573257468,"Positive"
"K02784","K02804",0.901593172119488,"Positive"
"K02784","K02805",0.700312944523471,"Positive"
"K02784","K02849",0.645860597439545,"Positive"
"K02784","K02852",0.74076813655761,"Positive"
"K02784","K02858",0.931379800853485,"Positive"
"K02784","K03184",0.657724039829303,"Positive"
"K02784","K03573",1,"Positive"
"K02784","K04067",0.995903271692745,"Positive"
"K02784","K05368",0.74076813655761,"Positive"
"K02784","K05776",0.97425320056899,"Positive"
"K02784","K05851",0.757894736842105,"Positive"
"K02784","K05939",0.864210526315789,"Positive"
"K02784","K06080",0.74076813655761,"Positive"
"K02784","K06211",0.991209103840683,"Positive"
"K02784","K06223",0.863669985775249,"Positive"
"K02784","K07236",0.668648648648649,"Positive"
"K02784","K07237",0.668648648648649,"Positive"
"K02784","K07251",0.74076813655761,"Positive"
"K02784","K07264",0.703357041251778,"Positive"
"K02784","K07640",1,"Positive"
"K02784","K07648",0.913456614509246,"Positive"
"K02784","K07676",0.74076813655761,"Positive"
"K02784","K07677",0.704125177809388,"Positive"
"K02784","K07687",0.726714082503556,"Positive"
"K02784","K07689",0.726856330014225,"Positive"
"K02784","K07711",0.62099573257468,"Positive"
"K02784","K07715",0.719886201991465,"Positive"
"K02784","K07751",1,"Positive"
"K02784","K07771",0.720825035561878,"Positive"
"K02784","K07773",0.913456614509246,"Positive"
"K02784","K07806",0.706145092460882,"Positive"
"K02784","K08682",0.748392603129445,"Positive"
"K02784","K08722",0.919061166429587,"Positive"
"K02784","K09476",0.993968705547653,"Positive"
"K02784","K09997",1,"Positive"
"K02784","K09998",0.9924893314367,"Positive"
"K02784","K09999",0.9924893314367,"Positive"
"K02784","K10000",0.9924893314367,"Positive"
"K02784","K10004",0.620483641536273,"Positive"
"K02784","K10011",0.713371266002845,"Positive"
"K02784","K10012",0.706145092460882,"Positive"
"K02784","K11258",0.923641536273115,"Positive"
"K02784","K11604",0.68950213371266,"Positive"
"K02784","K11605",0.68950213371266,"Positive"
"K02784","K11606",0.68950213371266,"Positive"
"K02784","K11607",0.68950213371266,"Positive"
"K02784","K11751",0.880825035561878,"Positive"
"K02784","K11891",0.651607396870555,"Positive"
"K02784","K11892",0.664722617354196,"Positive"
"K02784","K11893",0.655988620199146,"Positive"
"K02784","K11900",0.626685633001422,"Positive"
"K02784","K11901",0.650583214793741,"Positive"
"K02784","K11903",0.667823613086771,"Positive"
"K02784","K11907",0.646230440967283,"Positive"
"K02784","K12152",0.913371266002845,"Positive"
"K02784","K12368",0.727880512091038,"Positive"
"K02784","K12369",0.753541963015647,"Positive"
"K02784","K12370",0.753541963015647,"Positive"
"K02784","K12371",0.753541963015647,"Positive"
"K02784","K12372",0.753541963015647,"Positive"
"K02784","K12524",0.85647226173542,"Positive"
"K02784","K12525",0.74076813655761,"Positive"
"K02784","K12582",0.74076813655761,"Positive"
"K02784","K12962",0.706145092460882,"Positive"
"K02784","K12963",0.706145092460882,"Positive"
"K02784","K12973",0.635533428165007,"Positive"
"K02784","K12974",0.698947368421053,"Positive"
"K02784","K12975",0.701337126600284,"Positive"
"K02784","K13014",0.706145092460882,"Positive"
"K02784","K13301",0.74076813655761,"Positive"
"K02784","K13498",0.99203413940256,"Positive"
"K02784","K14187",1,"Positive"
"K02784","K15125",0.616443812233286,"Positive"
"K02784","K16704",0.74076813655761,"Positive"
"K02784","K18800",0.662901849217639,"Positive"
"K02784","K19222",0.667112375533428,"Positive"
"K02784","K19226",0.740853485064011,"Positive"
"K02784","K19227",1,"Positive"
"K02784","K19228",1,"Positive"
"K02784","K19229",1,"Positive"
"K02784","K19230",0.999146514935989,"Positive"
"K02784","K19236",0.644637268847795,"Positive"
"K02784","K19270",0.636984352773826,"Positive"
"K02791","K03649",0.763897581792319,"Positive"
"K02791","K05874",0.60221906116643,"Positive"
"K02791","K05875",0.690753911806543,"Positive"
"K02791","K06073",0.64697012802276,"Positive"
"K02791","K06074",0.64697012802276,"Positive"
"K02791","K06159",0.715960170697013,"Positive"
"K02791","K07679",0.615647226173542,"Positive"
"K02791","K07701",0.72773826458037,"Positive"
"K02791","K07703",0.727140825035562,"Positive"
"K02791","K07781",0.674281650071124,"Positive"
"K02791","K07782",0.740170697012802,"Positive"
"K02791","K08322",0.610014224751067,"Positive"
"K02791","K08351",0.601194879089616,"Positive"
"K02791","K09470",0.626201991465149,"Positive"
"K02791","K09473",0.604665718349929,"Positive"
"K02791","K09996",0.621394025604552,"Positive"
"K02791","K10540",0.693541963015647,"Positive"
"K02791","K10541",0.693541963015647,"Positive"
"K02791","K10542",0.693541963015647,"Positive"
"K02791","K13889",0.626059743954481,"Positive"
"K02791","K13892",0.670184921763869,"Positive"
"K02791","K18324",0.6625320056899,"Positive"
"K02791","K18326",0.680170697012802,"Positive"
"K02804","K02852",0.642702702702703,"Positive"
"K02804","K02858",0.854679943100996,"Positive"
"K02804","K03184",0.64199146514936,"Positive"
"K02804","K03573",0.901593172119488,"Positive"
"K02804","K04067",0.895590327169275,"Positive"
"K02804","K05368",0.642702702702703,"Positive"
"K02804","K05776",0.920028449502134,"Positive"
"K02804","K05851",0.658748221906117,"Positive"
"K02804","K05939",0.767624466571835,"Positive"
"K02804","K06080",0.642702702702703,"Positive"
"K02804","K06211",0.891294452347084,"Positive"
"K02804","K06223",0.807567567567568,"Positive"
"K02804","K07251",0.642702702702703,"Positive"
"K02804","K07640",0.901593172119488,"Positive"
"K02804","K07648",0.814566145092461,"Positive"
"K02804","K07676",0.642702702702703,"Positive"
"K02804","K07677",0.604608819345661,"Positive"
"K02804","K07687",0.626770981507824,"Positive"
"K02804","K07689",0.626827880512091,"Positive"
"K02804","K07715",0.622930298719772,"Positive"
"K02804","K07751",0.901593172119488,"Positive"
"K02804","K07771",0.607055476529161,"Positive"
"K02804","K07773",0.814566145092461,"Positive"
"K02804","K08682",0.648534850640114,"Positive"
"K02804","K08722",0.816102418207681,"Positive"
"K02804","K09476",0.898890469416785,"Positive"
"K02804","K09997",0.901593172119488,"Positive"
"K02804","K09998",0.892546230440967,"Positive"
"K02804","K09999",0.892546230440967,"Positive"
"K02804","K10000",0.892546230440967,"Positive"
"K02804","K10002",0.612603129445235,"Positive"
"K02804","K10003",0.612603129445235,"Positive"
"K02804","K10004",0.635334281650071,"Positive"
"K02804","K10011",0.60099573257468,"Positive"
"K02804","K11258",0.89524893314367,"Positive"
"K02804","K11604",0.683243243243243,"Positive"
"K02804","K11605",0.683243243243243,"Positive"
"K02804","K11606",0.683243243243243,"Positive"
"K02804","K11607",0.683243243243243,"Positive"
"K02804","K11751",0.815704125177809,"Positive"
"K02804","K11892",0.607083926031294,"Positive"
"K02804","K11893",0.600312944523471,"Positive"
"K02804","K11903",0.60221906116643,"Positive"
"K02804","K12152",0.814623044096728,"Positive"
"K02804","K12368",0.713968705547653,"Positive"
"K02804","K12369",0.724722617354196,"Positive"
"K02804","K12370",0.724722617354196,"Positive"
"K02804","K12371",0.724722617354196,"Positive"
"K02804","K12372",0.724722617354196,"Positive"
"K02804","K12524",0.910640113798009,"Positive"
"K02804","K12525",0.642702702702703,"Positive"
"K02804","K12582",0.642702702702703,"Positive"
"K02804","K12974",0.610896159317212,"Positive"
"K02804","K12975",0.608165007112376,"Positive"
"K02804","K13301",0.642702702702703,"Positive"
"K02804","K13498",0.891607396870555,"Positive"
"K02804","K14187",0.901593172119488,"Positive"
"K02804","K15125",0.661934566145092,"Positive"
"K02804","K16704",0.642702702702703,"Positive"
"K02804","K19222",0.61647226173542,"Positive"
"K02804","K19226",0.642645803698435,"Positive"
"K02804","K19227",0.901593172119488,"Positive"
"K02804","K19228",0.901593172119488,"Positive"
"K02804","K19229",0.901593172119488,"Positive"
"K02804","K19230",0.902076813655761,"Positive"
"K02805","K02847",0.605547652916074,"Positive"
"K02805","K02849",0.813627311522048,"Positive"
"K02805","K02852",0.972062588904694,"Positive"
"K02805","K02858",0.665490753911807,"Positive"
"K02805","K03184",0.919914651493599,"Positive"
"K02805","K03425",0.654594594594595,"Positive"
"K02805","K03472",0.630469416785206,"Positive"
"K02805","K03567",0.627994310099573,"Positive"
"K02805","K03573",0.700312944523471,"Positive"
"K02805","K04067",0.708534850640114,"Positive"
"K02805","K05368",0.972062588904694,"Positive"
"K02805","K05776",0.672403982930299,"Positive"
"K02805","K05874",0.832972972972973,"Positive"
"K02805","K05939",0.835988620199147,"Positive"
"K02805","K06080",0.972062588904694,"Positive"
"K02805","K06211",0.688250355618777,"Positive"
"K02805","K06223",0.629701280227596,"Positive"
"K02805","K06447",0.850640113798009,"Positive"
"K02805","K07251",0.972062588904694,"Positive"
"K02805","K07264",0.953399715504979,"Positive"
"K02805","K07345",0.722105263157895,"Positive"
"K02805","K07347",0.684665718349929,"Positive"
"K02805","K07637",0.635078236130868,"Positive"
"K02805","K07640",0.700312944523471,"Positive"
"K02805","K07643",0.61425320056899,"Positive"
"K02805","K07648",0.798520625889047,"Positive"
"K02805","K07660",0.635590327169275,"Positive"
"K02805","K07676",0.972062588904694,"Positive"
"K02805","K07677",0.974850640113798,"Positive"
"K02805","K07687",0.98076813655761,"Positive"
"K02805","K07689",0.982702702702703,"Positive"
"K02805","K07711",0.929843527738265,"Positive"
"K02805","K07715",0.981877667140825,"Positive"
"K02805","K07751",0.700312944523471,"Positive"
"K02805","K07771",0.940028449502134,"Positive"
"K02805","K07773",0.798520625889047,"Positive"
"K02805","K07806",0.955704125177809,"Positive"
"K02805","K08485",0.602048364153627,"Positive"
"K02805","K08682",0.958264580369844,"Positive"
"K02805","K08722",0.621280227596017,"Positive"
"K02805","K09475",0.613712660028449,"Positive"
"K02805","K09476",0.707140825035562,"Positive"
"K02805","K09997",0.700312944523471,"Positive"
"K02805","K09998",0.700711237553343,"Positive"
"K02805","K09999",0.700711237553343,"Positive"
"K02805","K10000",0.700711237553343,"Positive"
"K02805","K10011",0.952147937411095,"Positive"
"K02805","K10012",0.955704125177809,"Positive"
"K02805","K11258",0.676443812233286,"Positive"
"K02805","K11891",0.685490753911807,"Positive"
"K02805","K11892",0.690071123755334,"Positive"
"K02805","K11893",0.679146514935989,"Positive"
"K02805","K12152",0.798605974395448,"Positive"
"K02805","K12368",0.73647226173542,"Positive"
"K02805","K12369",0.767027027027027,"Positive"
"K02805","K12370",0.767027027027027,"Positive"
"K02805","K12371",0.767027027027027,"Positive"
"K02805","K12372",0.767027027027027,"Positive"
"K02805","K12525",0.972062588904694,"Positive"
"K02805","K12582",0.972062588904694,"Positive"
"K02805","K12962",0.955704125177809,"Positive"
"K02805","K12963",0.955704125177809,"Positive"
"K02805","K12973",0.823357041251778,"Positive"
"K02805","K12974",0.921194879089616,"Positive"
"K02805","K12975",0.924381223328592,"Positive"
"K02805","K13014",0.955704125177809,"Positive"
"K02805","K13301",0.972062588904694,"Positive"
"K02805","K13498",0.698036984352774,"Positive"
"K02805","K14187",0.700312944523471,"Positive"
"K02805","K16704",0.972062588904694,"Positive"
"K02805","K18889",0.793086770981508,"Positive"
"K02805","K18890",0.793086770981508,"Positive"
"K02805","K19222",0.93271692745377,"Positive"
"K02805","K19226",0.971977240398293,"Positive"
"K02805","K19227",0.700312944523471,"Positive"
"K02805","K19228",0.700312944523471,"Positive"
"K02805","K19229",0.700312944523471,"Positive"
"K02805","K19230",0.69977240398293,"Positive"
"K02805","K19236",0.812062588904694,"Positive"
"K02805","K19270",0.886685633001422,"Positive"
"K02841","K02843",0.795761024182077,"Positive"
"K02841","K03563",0.757695590327169,"Positive"
"K02841","K11755",0.656301564722617,"Positive"
"K02841","K11903",0.608904694167852,"Positive"
"K02843","K03415",0.611408250355619,"Positive"
"K02843","K03563",0.848620199146515,"Positive"
"K02843","K11755",0.659487908961593,"Positive"
"K02844","K02852",0.612403982930299,"Positive"
"K02844","K03087",0.663072546230441,"Positive"
"K02844","K03472",0.830867709815078,"Positive"
"K02844","K03567",0.799431009957326,"Positive"
"K02844","K05368",0.612403982930299,"Positive"
"K02844","K05526",0.715049786628734,"Positive"
"K02844","K05851",0.633570412517781,"Positive"
"K02844","K06080",0.612403982930299,"Positive"
"K02844","K06163",0.734822190611664,"Positive"
"K02844","K06164",0.734822190611664,"Positive"
"K02844","K06165",0.734822190611664,"Positive"
"K02844","K06166",0.734822190611664,"Positive"
"K02844","K06445",0.666941678520626,"Positive"
"K02844","K06858",0.842332859174964,"Positive"
"K02844","K07251",0.612403982930299,"Positive"
"K02844","K07637",0.772631578947368,"Positive"
"K02844","K07660",0.770526315789474,"Positive"
"K02844","K07676",0.612403982930299,"Positive"
"K02844","K07677",0.601337126600284,"Positive"
"K02844","K07687",0.616870554765292,"Positive"
"K02844","K07689",0.613371266002845,"Positive"
"K02844","K07715",0.619715504978663,"Positive"
"K02844","K07771",0.604153627311522,"Positive"
"K02844","K07787",0.602332859174964,"Positive"
"K02844","K07798",0.602674253200569,"Positive"
"K02844","K08682",0.630640113798009,"Positive"
"K02844","K11895",0.608022759601707,"Positive"
"K02844","K12525",0.612403982930299,"Positive"
"K02844","K12582",0.612403982930299,"Positive"
"K02844","K13301",0.612403982930299,"Positive"
"K02844","K16704",0.612403982930299,"Positive"
"K02844","K19222",0.615504978662873,"Positive"
"K02844","K19226",0.612546230440967,"Positive"
"K02847","K03184",0.703413940256046,"Positive"
"K02847","K03425",0.69647226173542,"Positive"
"K02847","K07643",0.701365576102418,"Positive"
"K02847","K09475",0.723044096728307,"Positive"
"K02847","K13816",0.661706970128023,"Positive"
"K02847","K18676",0.706770981507824,"Positive"
"K02848","K03381",0.730953058321479,"Positive"
"K02848","K03405",0.649843527738265,"Positive"
"K02848","K03464",0.749018492176387,"Positive"
"K02848","K03972",0.716557610241821,"Positive"
"K02848","K04561",0.713513513513514,"Positive"
"K02848","K05343",0.67524893314367,"Positive"
"K02848","K05549",0.778264580369843,"Positive"
"K02848","K05550",0.778264580369843,"Positive"
"K02848","K05783",0.778264580369843,"Positive"
"K02848","K05784",0.778264580369843,"Positive"
"K02848","K06001",0.803641536273115,"Positive"
"K02848","K06985",0.706600284495021,"Positive"
"K02848","K07347",-0.613712660028449,"Negative"
"K02848","K07589",0.803812233285917,"Positive"
"K02848","K07642",-0.62850640113798,"Negative"
"K02848","K07664",-0.635590327169275,"Negative"
"K02848","K07810",0.662645803698435,"Positive"
"K02848","K07823",0.837069701280228,"Positive"
"K02848","K10125",0.770924608819346,"Positive"
"K02848","K10126",0.770327169274538,"Positive"
"K02848","K10942",0.850213371266003,"Positive"
"K02848","K10943",0.785803698435277,"Positive"
"K02848","K11384",0.85425320056899,"Positive"
"K02848","K11689",0.702105263157895,"Positive"
"K02848","K11690",0.639658605974395,"Positive"
"K02848","K11751",-0.614679943100996,"Negative"
"K02848","K12254",0.85425320056899,"Positive"
"K02848","K12976",0.603300142247511,"Positive"
"K02848","K13541",0.752859174964438,"Positive"
"K02848","K13590",0.793172119487909,"Positive"
"K02848","K14268",0.788421052631579,"Positive"
"K02848","K15408",0.783300142247511,"Positive"
"K02848","K15864",0.737667140825036,"Positive"
"K02848","K16370",0.799971550497866,"Positive"
"K02848","K17226",0.854224751066856,"Positive"
"K02848","K17315",0.818065433854907,"Positive"
"K02848","K17316",0.821166429587482,"Positive"
"K02848","K17317",0.821166429587482,"Positive"
"K02848","K18135",0.630981507823613,"Positive"
"K02848","K18291",0.777837837837838,"Positive"
"K02848","K18930",0.923897581792319,"Positive"
"K02848","K18981",0.824495021337127,"Positive"
"K02848","K19340",0.681194879089616,"Positive"
"K02848","K19341",0.792944523470839,"Positive"
"K02848","K19609",0.828136557610242,"Positive"
"K02848","K19610",0.828136557610242,"Positive"
"K02848","K19713",0.810526315789474,"Positive"
"K02849","K02852",0.846059743954481,"Positive"
"K02849","K03184",0.722930298719772,"Positive"
"K02849","K03219",0.655362731152205,"Positive"
"K02849","K03222",0.653399715504979,"Positive"
"K02849","K03224",0.6524893314367,"Positive"
"K02849","K03225",0.657724039829303,"Positive"
"K02849","K03226",0.655561877667141,"Positive"
"K02849","K03227",0.652688477951636,"Positive"
"K02849","K03228",0.653854907539118,"Positive"
"K02849","K03229",0.653854907539118,"Positive"
"K02849","K03230",0.652688477951636,"Positive"
"K02849","K03516",0.715988620199147,"Positive"
"K02849","K03573",0.645860597439545,"Positive"
"K02849","K04058",0.663186344238976,"Positive"
"K02849","K04067",0.640085348506401,"Positive"
"K02849","K05368",0.846059743954481,"Positive"
"K02849","K05776",0.631322901849218,"Positive"
"K02849","K05780",0.627795163584637,"Positive"
"K02849","K05874",0.665291607396871,"Positive"
"K02849","K05875",0.660711237553343,"Positive"
"K02849","K05939",0.761450924608819,"Positive"
"K02849","K06073",0.740938833570413,"Positive"
"K02849","K06074",0.740938833570413,"Positive"
"K02849","K06080",0.846059743954481,"Positive"
"K02849","K06162",0.617155049786629,"Positive"
"K02849","K06211",0.640938833570412,"Positive"
"K02849","K06447",0.652972972972973,"Positive"
"K02849","K07251",0.846059743954481,"Positive"
"K02849","K07264",0.798805120910384,"Positive"
"K02849","K07640",0.645860597439545,"Positive"
"K02849","K07648",0.711607396870555,"Positive"
"K02849","K07676",0.846059743954481,"Positive"
"K02849","K07677",0.828221906116643,"Positive"
"K02849","K07687",0.848819345661451,"Positive"
"K02849","K07689",0.837894736842105,"Positive"
"K02849","K07711",0.730640113798009,"Positive"
"K02849","K07715",0.833229018492176,"Positive"
"K02849","K07751",0.645860597439545,"Positive"
"K02849","K07771",0.807539118065434,"Positive"
"K02849","K07773",0.711607396870555,"Positive"
"K02849","K07806",0.800256045519203,"Positive"
"K02849","K07823",-0.641194879089616,"Negative"
"K02849","K08682",0.847112375533428,"Positive"
"K02849","K08738",-0.627994310099573,"Negative"
"K02849","K09476",0.670953058321479,"Positive"
"K02849","K09996",0.741109530583215,"Positive"
"K02849","K09997",0.645860597439545,"Positive"
"K02849","K09998",0.643726884779516,"Positive"
"K02849","K09999",0.643726884779516,"Positive"
"K02849","K10000",0.643726884779516,"Positive"
"K02849","K10011",0.808648648648649,"Positive"
"K02849","K10012",0.800256045519203,"Positive"
"K02849","K10942",-0.612005689900427,"Negative"
"K02849","K11384",-0.622446657183499,"Negative"
"K02849","K11751",0.757553342816501,"Positive"
"K02849","K12152",0.710213371266003,"Positive"
"K02849","K12254",-0.622446657183499,"Negative"
"K02849","K12368",0.654054054054054,"Positive"
"K02849","K12369",0.646429587482219,"Positive"
"K02849","K12370",0.646429587482219,"Positive"
"K02849","K12371",0.646429587482219,"Positive"
"K02849","K12372",0.646429587482219,"Positive"
"K02849","K12525",0.846059743954481,"Positive"
"K02849","K12582",0.846059743954481,"Positive"
"K02849","K12962",0.800256045519203,"Positive"
"K02849","K12963",0.800256045519203,"Positive"
"K02849","K12973",0.993940256045519,"Positive"
"K02849","K12974",0.780113798008535,"Positive"
"K02849","K12975",0.780739687055477,"Positive"
"K02849","K13014",0.800256045519203,"Positive"
"K02849","K13301",0.846059743954481,"Positive"
"K02849","K13497",0.635704125177809,"Positive"
"K02849","K13498",0.647197724039829,"Positive"
"K02849","K13541",-0.67823613086771,"Negative"
"K02849","K14187",0.645860597439545,"Positive"
"K02849","K16704",0.846059743954481,"Positive"
"K02849","K17226",-0.622958748221906,"Negative"
"K02849","K17315",-0.641906116642959,"Negative"
"K02849","K17316",-0.644722617354196,"Negative"
"K02849","K17317",-0.644722617354196,"Negative"
"K02849","K18291",-0.684068278805121,"Negative"
"K02849","K18697",0.660085348506401,"Positive"
"K02849","K18889",0.867539118065434,"Positive"
"K02849","K18890",0.867539118065434,"Positive"
"K02849","K18981",-0.618207681365576,"Negative"
"K02849","K19222",0.799943100995733,"Positive"
"K02849","K19226",0.847453769559033,"Positive"
"K02849","K19227",0.645860597439545,"Positive"
"K02849","K19228",0.645860597439545,"Positive"
"K02849","K19229",0.645860597439545,"Positive"
"K02849","K19230",0.650241820768137,"Positive"
"K02849","K19236",0.999573257467994,"Positive"
"K02849","K19270",0.760085348506401,"Positive"
"K02849","K19609",-0.602076813655761,"Negative"
"K02849","K19610",-0.602076813655761,"Negative"
"K02852","K02858",0.659402560455192,"Positive"
"K02852","K03150",0.602503556187767,"Positive"
"K02852","K03184",0.876102418207681,"Positive"
"K02852","K03425",0.674082503556188,"Positive"
"K02852","K03472",0.605718349928876,"Positive"
"K02852","K03573",0.74076813655761,"Positive"
"K02852","K04067",0.735846372688478,"Positive"
"K02852","K05368",1,"Positive"
"K02852","K05601",0.606856330014225,"Positive"
"K02852","K05776",0.716386913229018,"Positive"
"K02852","K05874",0.773997155049787,"Positive"
"K02852","K05939",0.866315789473684,"Positive"
"K02852","K06073",0.603897581792319,"Positive"
"K02852","K06074",0.603897581792319,"Positive"
"K02852","K06080",1,"Positive"
"K02852","K06211",0.721621621621622,"Positive"
"K02852","K06223",0.614679943100996,"Positive"
"K02852","K06447",0.793229018492176,"Positive"
"K02852","K07251",1,"Positive"
"K02852","K07264",0.964125177809388,"Positive"
"K02852","K07345",0.739402560455192,"Positive"
"K02852","K07347",0.662389758179232,"Positive"
"K02852","K07640",0.74076813655761,"Positive"
"K02852","K07643",0.639829302987198,"Positive"
"K02852","K07648",0.831522048364154,"Positive"
"K02852","K07676",1,"Positive"
"K02852","K07677",0.966941678520626,"Positive"
"K02852","K07687",0.991578947368421,"Positive"
"K02852","K07689",0.99271692745377,"Positive"
"K02852","K07711",0.871607396870555,"Positive"
"K02852","K07715",0.986714082503556,"Positive"
"K02852","K07751",0.74076813655761,"Positive"
"K02852","K07771",0.958264580369844,"Positive"
"K02852","K07773",0.831522048364154,"Positive"
"K02852","K07806",0.965604551920341,"Positive"
"K02852","K08682",0.988022759601707,"Positive"
"K02852","K08722",0.651379800853485,"Positive"
"K02852","K09475",0.638520625889047,"Positive"
"K02852","K09476",0.7425320056899,"Positive"
"K02852","K09996",0.604921763869132,"Positive"
"K02852","K09997",0.74076813655761,"Positive"
"K02852","K09998",0.733229018492176,"Positive"
"K02852","K09999",0.733229018492176,"Positive"
"K02852","K10000",0.733229018492176,"Positive"
"K02852","K10011",0.964381223328592,"Positive"
"K02852","K10012",0.965604551920341,"Positive"
"K02852","K10014",0.628307254623044,"Positive"
"K02852","K10015",0.62927453769559,"Positive"
"K02852","K10016",0.63049786628734,"Positive"
"K02852","K10017",0.627339971550498,"Positive"
"K02852","K10037",0.631294452347084,"Positive"
"K02852","K10038",0.63149359886202,"Positive"
"K02852","K11258",0.652204836415363,"Positive"
"K02852","K11891",0.678605974395448,"Positive"
"K02852","K11892",0.692318634423898,"Positive"
"K02852","K11893",0.676073968705548,"Positive"
"K02852","K12152",0.831607396870555,"Positive"
"K02852","K12368",0.741593172119488,"Positive"
"K02852","K12369",0.778463726884779,"Positive"
"K02852","K12370",0.778463726884779,"Positive"
"K02852","K12371",0.778463726884779,"Positive"
"K02852","K12372",0.778463726884779,"Positive"
"K02852","K12525",1,"Positive"
"K02852","K12582",1,"Positive"
"K02852","K12962",0.965604551920341,"Positive"
"K02852","K12963",0.965604551920341,"Positive"
"K02852","K12973",0.847795163584637,"Positive"
"K02852","K12974",0.94873399715505,"Positive"
"K02852","K12975",0.95172119487909,"Positive"
"K02852","K13014",0.965604551920341,"Positive"
"K02852","K13301",1,"Positive"
"K02852","K13498",0.731009957325747,"Positive"
"K02852","K14187",0.74076813655761,"Positive"
"K02852","K16704",1,"Positive"
"K02852","K18889",0.747055476529161,"Positive"
"K02852","K18890",0.747055476529161,"Positive"
"K02852","K19222",0.95724039829303,"Positive"
"K02852","K19226",0.999914651493599,"Positive"
"K02852","K19227",0.74076813655761,"Positive"
"K02852","K19228",0.74076813655761,"Positive"
"K02852","K19229",0.74076813655761,"Positive"
"K02852","K19230",0.74022759601707,"Positive"
"K02852","K19236",0.844495021337127,"Positive"
"K02852","K19270",0.902617354196302,"Positive"
"K02858","K03184",0.67846372688478,"Positive"
"K02858","K03573",0.931379800853485,"Positive"
"K02858","K03651",0.622901849217639,"Positive"
"K02858","K03732",0.622560455192034,"Positive"
"K02858","K04067",0.926884779516359,"Positive"
"K02858","K05365",0.637809388335704,"Positive"
"K02858","K05368",0.659402560455192,"Positive"
"K02858","K05776",0.909786628733997,"Positive"
"K02858","K05851",0.693001422475107,"Positive"
"K02858","K05939",0.791834992887624,"Positive"
"K02858","K06080",0.659402560455192,"Positive"
"K02858","K06211",0.921422475106686,"Positive"
"K02858","K06223",0.851209103840683,"Positive"
"K02858","K07235",0.622901849217639,"Positive"
"K02858","K07236",0.705832147937411,"Positive"
"K02858","K07237",0.705832147937411,"Positive"
"K02858","K07251",0.659402560455192,"Positive"
"K02858","K07264",0.622788051209104,"Positive"
"K02858","K07640",0.931379800853485,"Positive"
"K02858","K07648",0.838662873399715,"Positive"
"K02858","K07676",0.659402560455192,"Positive"
"K02858","K07677",0.621536273115221,"Positive"
"K02858","K07687",0.643783783783784,"Positive"
"K02858","K07689",0.644694167852063,"Positive"
"K02858","K07711",0.659174964438122,"Positive"
"K02858","K07715",0.639032716927454,"Positive"
"K02858","K07751",0.931379800853485,"Positive"
"K02858","K07771",0.639118065433855,"Positive"
"K02858","K07773",0.838662873399715,"Positive"
"K02858","K07806",0.623072546230441,"Positive"
"K02858","K07823",-0.626031294452347,"Negative"
"K02858","K08682",0.66850640113798,"Positive"
"K02858","K08722",0.847766714082504,"Positive"
"K02858","K09476",0.928193456614509,"Positive"
"K02858","K09997",0.931379800853485,"Positive"
"K02858","K09998",0.922816500711238,"Positive"
"K02858","K09999",0.922816500711238,"Positive"
"K02858","K10000",0.922816500711238,"Positive"
"K02858","K10004",0.619459459459459,"Positive"
"K02858","K10011",0.630298719772404,"Positive"
"K02858","K10012",0.623072546230441,"Positive"
"K02858","K10914",0.635988620199146,"Positive"
"K02858","K10942",-0.600483641536273,"Negative"
"K02858","K11179",0.622901849217639,"Positive"
"K02858","K11258",0.943726884779516,"Positive"
"K02858","K11384",-0.60275960170697,"Negative"
"K02858","K11604",0.727112375533428,"Positive"
"K02858","K11605",0.727112375533428,"Positive"
"K02858","K11606",0.727112375533428,"Positive"
"K02858","K11607",0.727112375533428,"Positive"
"K02858","K11751",0.846827880512091,"Positive"
"K02858","K11891",0.687596017069701,"Positive"
"K02858","K11892",0.702076813655761,"Positive"
"K02858","K11893",0.69402560455192,"Positive"
"K02858","K11900",0.704495021337127,"Positive"
"K02858","K11901",0.686401137980085,"Positive"
"K02858","K11903",0.702844950213371,"Positive"
"K02858","K11907",0.687368421052632,"Positive"
"K02858","K12152",0.838549075391181,"Positive"
"K02858","K12254",-0.60275960170697,"Negative"
"K02858","K12368",0.656642958748222,"Positive"
"K02858","K12369",0.682844950213371,"Positive"
"K02858","K12370",0.682844950213371,"Positive"
"K02858","K12371",0.682844950213371,"Positive"
"K02858","K12372",0.682844950213371,"Positive"
"K02858","K12524",0.86574679943101,"Positive"
"K02858","K12525",0.659402560455192,"Positive"
"K02858","K12582",0.659402560455192,"Positive"
"K02858","K12962",0.623072546230441,"Positive"
"K02858","K12963",0.623072546230441,"Positive"
"K02858","K12974",0.620312944523471,"Positive"
"K02858","K12975",0.620170697012802,"Positive"
"K02858","K13014",0.623072546230441,"Positive"
"K02858","K13301",0.659402560455192,"Positive"
"K02858","K13498",0.922105263157895,"Positive"
"K02858","K14187",0.931379800853485,"Positive"
"K02858","K15125",0.70728307254623,"Positive"
"K02858","K16704",0.659402560455192,"Positive"
"K02858","K17226",-0.603100995732575,"Negative"
"K02858","K17315",-0.639402560455192,"Negative"
"K02858","K17316",-0.637951635846373,"Negative"
"K02858","K17317",-0.637951635846373,"Negative"
"K02858","K18800",0.699203413940256,"Positive"
"K02858","K18981",-0.603328591749644,"Negative"
"K02858","K19226",0.659516358463727,"Positive"
"K02858","K19227",0.931379800853485,"Positive"
"K02858","K19228",0.931379800853485,"Positive"
"K02858","K19229",0.931379800853485,"Positive"
"K02858","K19230",0.93049786628734,"Positive"
"K03077","K03078",0.746258890469417,"Positive"
"K03077","K03079",0.736756756756757,"Positive"
"K03077","K06989",0.605206258890469,"Positive"
"K03077","K07308",0.70153627311522,"Positive"
"K03077","K07641",0.617183499288762,"Positive"
"K03077","K07700",0.824153627311522,"Positive"
"K03077","K07702",0.834395448079659,"Positive"
"K03077","K08349",0.782105263157895,"Positive"
"K03078","K03079",0.648051209103841,"Positive"
"K03078","K07308",0.635305832147937,"Positive"
"K03078","K07700",0.774679943100996,"Positive"
"K03078","K07702",0.785803698435277,"Positive"
"K03079","K05921",0.625064011379801,"Positive"
"K03079","K07641",0.65601706970128,"Positive"
"K03079","K07663",0.622475106685633,"Positive"
"K03079","K07700",0.71778093883357,"Positive"
"K03079","K07702",0.72950213371266,"Positive"
"K03079","K08320",0.624409672830725,"Positive"
"K03087","K03181",0.685291607396871,"Positive"
"K03087","K03414",0.623897581792319,"Positive"
"K03087","K03472",0.839317211948791,"Positive"
"K03087","K03473",0.604438122332859,"Positive"
"K03087","K03566",0.758833570412518,"Positive"
"K03087","K03567",0.730156472261735,"Positive"
"K03087","K05526",0.810440967283073,"Positive"
"K03087","K06445",0.858036984352774,"Positive"
"K03087","K06447",0.615106685633001,"Positive"
"K03087","K06858",0.630440967283073,"Positive"
"K03087","K07637",0.729018492176387,"Positive"
"K03087","K07660",0.731237553342816,"Positive"
"K03087","K07711",0.624807965860597,"Positive"
"K03087","K08312",0.650953058321479,"Positive"
"K03087","K09913",0.73647226173542,"Positive"
"K03087","K10111",0.675277382645804,"Positive"
"K03087","K11891",0.621109530583215,"Positive"
"K03087","K11892",0.638463726884779,"Positive"
"K03087","K11893",0.63877667140825,"Positive"
"K03087","K11895",0.757752489331437,"Positive"
"K03087","K11900",0.63701280227596,"Positive"
"K03087","K11901",0.622105263157895,"Positive"
"K03087","K11903",0.618890469416785,"Positive"
"K03087","K11907",0.627624466571835,"Positive"
"K03087","K12251",0.617411095305832,"Positive"
"K03087","K12339",0.747055476529161,"Positive"
"K03119","K03782",0.767880512091038,"Positive"
"K03119","K03862",0.751209103840683,"Positive"
"K03119","K05297",0.938748221906117,"Positive"
"K03119","K08325",0.767027027027027,"Positive"
"K03119","K09688",0.783954480796586,"Positive"
"K03119","K09689",0.776386913229019,"Positive"
"K03119","K10107",0.783669985775249,"Positive"
"K03119","K12979",0.803442389758179,"Positive"
"K03119","K13940",0.940170697012802,"Positive"
"K03119","K18240",0.779829302987198,"Positive"
"K03150","K03415",0.601564722617354,"Positive"
"K03150","K05368",0.602503556187767,"Positive"
"K03150","K05601",0.970042674253201,"Positive"
"K03150","K06080",0.602503556187767,"Positive"
"K03150","K07251",0.602503556187767,"Positive"
"K03150","K07676",0.602503556187767,"Positive"
"K03150","K07792",0.701849217638691,"Positive"
"K03150","K12525",0.602503556187767,"Positive"
"K03150","K12582",0.602503556187767,"Positive"
"K03150","K13301",0.602503556187767,"Positive"
"K03150","K16704",0.602503556187767,"Positive"
"K03150","K19222",0.605320056899004,"Positive"
"K03150","K19226",0.602361308677098,"Positive"
"K03181","K03472",0.695419630156472,"Positive"
"K03181","K03473",0.926827880512091,"Positive"
"K03181","K03651",0.783897581792319,"Positive"
"K03181","K03732",0.766998577524893,"Positive"
"K03181","K05365",0.714054054054054,"Positive"
"K03181","K06445",0.729530583214794,"Positive"
"K03181","K06879",0.813769559032717,"Positive"
"K03181","K07235",0.783897581792319,"Positive"
"K03181","K07345",0.678862019914651,"Positive"
"K03181","K07347",0.659573257467994,"Positive"
"K03181","K07639",0.915931721194879,"Positive"
"K03181","K07642",0.719260312944523,"Positive"
"K03181","K07661",0.915931721194879,"Positive"
"K03181","K07664",0.722133712660028,"Positive"
"K03181","K07678",0.927027027027027,"Positive"
"K03181","K08484",0.853285917496444,"Positive"
"K03181","K08485",0.758293029871977,"Positive"
"K03181","K09913",0.934110953058321,"Positive"
"K03181","K10014",0.652432432432432,"Positive"
"K03181","K10015",0.628421052631579,"Positive"
"K03181","K10016",0.612972972972973,"Positive"
"K03181","K10017",0.629928876244666,"Positive"
"K03181","K10026",0.894082503556188,"Positive"
"K03181","K10037",0.616216216216216,"Positive"
"K03181","K10038",0.611863442389758,"Positive"
"K03181","K10804",0.667169274537696,"Positive"
"K03181","K10914",0.719516358463727,"Positive"
"K03181","K11179",0.783897581792319,"Positive"
"K03181","K11183",0.666059743954481,"Positive"
"K03181","K12339",0.938207681365576,"Positive"
"K03181","K13378",0.819829302987198,"Positive"
"K03181","K13745",0.611351351351351,"Positive"
"K03181","K15777",0.696728307254623,"Positive"
"K03181","K16692",0.695903271692745,"Positive"
"K03184","K03567",0.702560455192034,"Positive"
"K03184","K03573",0.657724039829303,"Positive"
"K03184","K04067",0.660853485064011,"Positive"
"K03184","K05368",0.876102418207681,"Positive"
"K03184","K05776",0.652318634423898,"Positive"
"K03184","K05874",0.851123755334282,"Positive"
"K03184","K05939",0.788421052631579,"Positive"
"K03184","K06080",0.876102418207681,"Positive"
"K03184","K06211",0.641479374110953,"Positive"
"K03184","K06223",0.630184921763869,"Positive"
"K03184","K06445",0.638662873399716,"Positive"
"K03184","K06447",0.825092460881935,"Positive"
"K03184","K07251",0.876102418207681,"Positive"
"K03184","K07264",0.851550497866287,"Positive"
"K03184","K07345",0.620483641536273,"Positive"
"K03184","K07347",0.682019914651494,"Positive"
"K03184","K07637",0.709189189189189,"Positive"
"K03184","K07640",0.657724039829303,"Positive"
"K03184","K07648",0.700910384068279,"Positive"
"K03184","K07660",0.708307254623044,"Positive"
"K03184","K07676",0.876102418207681,"Positive"
"K03184","K07677",0.86298719772404,"Positive"
"K03184","K07687",0.876557610241821,"Positive"
"K03184","K07689",0.878093883357041,"Positive"
"K03184","K07711",0.89724039829303,"Positive"
"K03184","K07715",0.876728307254623,"Positive"
"K03184","K07751",0.657724039829303,"Positive"
"K03184","K07771",0.837325746799431,"Positive"
"K03184","K07773",0.700910384068279,"Positive"
"K03184","K07806",0.851664295874822,"Positive"
"K03184","K08682",0.860028449502134,"Positive"
"K03184","K08722",0.623243243243243,"Positive"
"K03184","K09476",0.662332859174964,"Positive"
"K03184","K09997",0.657724039829303,"Positive"
"K03184","K09998",0.654537695590327,"Positive"
"K03184","K09999",0.654537695590327,"Positive"
"K03184","K10000",0.654537695590327,"Positive"
"K03184","K10011",0.848563300142247,"Positive"
"K03184","K10012",0.851664295874822,"Positive"
"K03184","K11258",0.743897581792319,"Positive"
"K03184","K11891",0.649445234708393,"Positive"
"K03184","K11892",0.658577524893314,"Positive"
"K03184","K11893",0.646884779516358,"Positive"
"K03184","K12152",0.70076813655761,"Positive"
"K03184","K12368",0.689758179231863,"Positive"
"K03184","K12369",0.714822190611664,"Positive"
"K03184","K12370",0.714822190611664,"Positive"
"K03184","K12371",0.714822190611664,"Positive"
"K03184","K12372",0.714822190611664,"Positive"
"K03184","K12524",0.67425320056899,"Positive"
"K03184","K12525",0.876102418207681,"Positive"
"K03184","K12582",0.876102418207681,"Positive"
"K03184","K12962",0.851664295874822,"Positive"
"K03184","K12963",0.851664295874822,"Positive"
"K03184","K12973",0.727624466571835,"Positive"
"K03184","K12974",0.827624466571835,"Positive"
"K03184","K12975",0.82850640113798,"Positive"
"K03184","K13014",0.851664295874822,"Positive"
"K03184","K13301",0.876102418207681,"Positive"
"K03184","K13498",0.652062588904694,"Positive"
"K03184","K13541",-0.608990042674253,"Negative"
"K03184","K14187",0.657724039829303,"Positive"
"K03184","K16704",0.876102418207681,"Positive"
"K03184","K18291",-0.60827880512091,"Negative"
"K03184","K18697",0.660967283072546,"Positive"
"K03184","K18889",0.774651493598862,"Positive"
"K03184","K18890",0.774651493598862,"Positive"
"K03184","K19222",0.868904694167852,"Positive"
"K03184","K19226",0.87624466571835,"Positive"
"K03184","K19227",0.657724039829303,"Positive"
"K03184","K19228",0.657724039829303,"Positive"
"K03184","K19229",0.657724039829303,"Positive"
"K03184","K19230",0.657041251778094,"Positive"
"K03184","K19236",0.721280227596017,"Positive"
"K03184","K19270",0.7849786628734,"Positive"
"K03194","K03197",0.603499288762447,"Positive"
"K03194","K03201",0.927937411095306,"Positive"
"K03194","K03203",0.984495021337127,"Positive"
"K03194","K05973",0.641564722617354,"Positive"
"K03194","K09251",0.622901849217639,"Positive"
"K03195","K03198",0.60176386913229,"Positive"
"K03195","K03199",0.844039829302987,"Positive"
"K03195","K03200",0.708563300142248,"Positive"
"K03195","K03204",0.80674253200569,"Positive"
"K03195","K07344",0.671749644381223,"Positive"
"K03196","K03197",0.855163584637269,"Positive"
"K03196","K03198",0.970327169274538,"Positive"
"K03196","K03199",0.731778093883357,"Positive"
"K03196","K03200",0.810042674253201,"Positive"
"K03196","K03204",0.785689900426743,"Positive"
"K03196","K05973",0.610099573257468,"Positive"
"K03196","K07344",0.683385490753912,"Positive"
"K03197","K03198",0.815590327169274,"Positive"
"K03197","K03199",0.609388335704125,"Positive"
"K03197","K03200",0.686401137980085,"Positive"
"K03197","K03203",0.61524893314367,"Positive"
"K03197","K03204",0.658293029871977,"Positive"
"K03197","K03821",0.704096728307255,"Positive"
"K03197","K05973",0.738492176386913,"Positive"
"K03197","K16171",0.621109530583215,"Positive"
"K03198","K03199",0.721934566145092,"Positive"
"K03198","K03200",0.793655761024182,"Positive"
"K03198","K03204",0.784836415362731,"Positive"
"K03198","K05973",0.637638691322902,"Positive"
"K03198","K07344",0.739345661450925,"Positive"
"K03198","K10228",0.636899004267425,"Positive"
"K03198","K18447",0.603385490753912,"Positive"
"K03199","K03204",0.652859174964438,"Positive"
"K03200","K03204",0.89072546230441,"Positive"
"K03200","K07344",0.848022759601707,"Positive"
"K03201","K03203",0.948051209103841,"Positive"
"K03201","K03821",0.607226173541963,"Positive"
"K03201","K05973",0.630384068278805,"Positive"
"K03201","K16165",0.616216216216216,"Positive"
"K03203","K05973",0.66298719772404,"Positive"
"K03203","K09251",0.649758179231863,"Positive"
"K03203","K16165",0.605035561877667,"Positive"
"K03204","K03821",0.612347083926031,"Positive"
"K03204","K06016",0.683641536273115,"Positive"
"K03204","K07344",0.7849786628734,"Positive"
"K03205","K03638",0.686770981507824,"Positive"
"K03205","K04719",0.629075391180654,"Positive"
"K03205","K07141",0.612660028449502,"Positive"
"K03205","K07215",0.810867709815078,"Positive"
"K03205","K07250",0.613655761024182,"Positive"
"K03205","K07708",0.624068278805121,"Positive"
"K03205","K08261",0.789843527738265,"Positive"
"K03205","K08738",0.642873399715505,"Positive"
"K03205","K09474",0.61226173541963,"Positive"
"K03205","K09690",0.654281650071124,"Positive"
"K03205","K09691",0.654281650071124,"Positive"
"K03205","K09758",0.744608819345661,"Positive"
"K03205","K11645",0.667027027027027,"Positive"
"K03205","K13409",0.616273115220484,"Positive"
"K03205","K13472",0.668591749644381,"Positive"
"K03205","K13481",0.727339971550498,"Positive"
"K03205","K13482",0.711522048364154,"Positive"
"K03205","K13485",0.672887624466572,"Positive"
"K03205","K19743",0.713769559032717,"Positive"
"K03219","K03222",0.99900426742532,"Positive"
"K03219","K03224",0.997581792318634,"Positive"
"K03219","K03225",0.99325746799431,"Positive"
"K03219","K03226",0.99977240398293,"Positive"
"K03219","K03227",0.999687055476529,"Positive"
"K03219","K03228",0.999544807965861,"Positive"
"K03219","K03229",0.999544807965861,"Positive"
"K03219","K03230",0.999687055476529,"Positive"
"K03219","K04058",0.923783783783784,"Positive"
"K03219","K04335",-0.644039829302987,"Negative"
"K03219","K07810",-0.655675675675676,"Negative"
"K03219","K12536",0.662332859174964,"Positive"
"K03219","K12973",0.65724039829303,"Positive"
"K03219","K13060",0.642418207681366,"Positive"
"K03219","K18889",0.680654338549075,"Positive"
"K03219","K18890",0.680654338549075,"Positive"
"K03219","K19236",0.652119487908962,"Positive"
"K03222","K03224",0.993997155049787,"Positive"
"K03222","K03225",0.994907539118065,"Positive"
"K03222","K03226",0.99877667140825,"Positive"
"K03222","K03227",0.997980085348506,"Positive"
"K03222","K03228",0.997923186344239,"Positive"
"K03222","K03229",0.997923186344239,"Positive"
"K03222","K03230",0.997980085348506,"Positive"
"K03222","K04058",0.919601706970128,"Positive"
"K03222","K04335",-0.635078236130868,"Negative"
"K03222","K07810",-0.662133712660028,"Negative"
"K03222","K12536",0.657354196301565,"Positive"
"K03222","K12973",0.653598862019915,"Positive"
"K03222","K13060",0.634992887624467,"Positive"
"K03222","K14268",-0.60076813655761,"Negative"
"K03222","K18291",-0.60099573257468,"Negative"
"K03222","K18889",0.680398293029872,"Positive"
"K03222","K18890",0.680398293029872,"Positive"
"K03222","K19236",0.650156472261735,"Positive"
"K03223","K07690",0.719715504978663,"Positive"
"K03223","K08092",0.701877667140825,"Positive"
"K03223","K10218",0.632631578947368,"Positive"
"K03223","K13060",0.611749644381223,"Positive"
"K03223","K13529",0.606856330014225,"Positive"
"K03223","K17202",0.659487908961593,"Positive"
"K03223","K17203",0.659487908961593,"Positive"
"K03223","K17204",0.659487908961593,"Positive"
"K03224","K03225",0.986770981507824,"Positive"
"K03224","K03226",0.997354196301565,"Positive"
"K03224","K03227",0.998691322901849,"Positive"
"K03224","K03228",0.998321479374111,"Positive"
"K03224","K03229",0.998321479374111,"Positive"
"K03224","K03230",0.998691322901849,"Positive"
"K03224","K04058",0.926770981507824,"Positive"
"K03224","K04335",-0.654765291607397,"Negative"
"K03224","K07810",-0.638321479374111,"Negative"
"K03224","K12536",0.676187766714083,"Positive"
"K03224","K12973",0.658321479374111,"Positive"
"K03224","K13060",0.652005689900427,"Positive"
"K03224","K18889",0.6774679943101,"Positive"
"K03224","K18890",0.6774679943101,"Positive"
"K03224","K19236",0.64927453769559,"Positive"
"K03225","K03226",0.99348506401138,"Positive"
"K03225","K03227",0.99203413940256,"Positive"
"K03225","K03228",0.992517780938834,"Positive"
"K03225","K03229",0.992517780938834,"Positive"
"K03225","K03230",0.99203413940256,"Positive"
"K03225","K04058",0.917695590327169,"Positive"
"K03225","K04335",-0.605064011379801,"Negative"
"K03225","K05549",-0.606230440967283,"Negative"
"K03225","K05550",-0.606230440967283,"Negative"
"K03225","K05783",-0.606230440967283,"Negative"
"K03225","K05784",-0.606230440967283,"Negative"
"K03225","K07810",-0.661706970128023,"Negative"
"K03225","K12536",0.648250355618777,"Positive"
"K03225","K12973",0.652517780938834,"Positive"
"K03225","K13060",0.648193456614509,"Positive"
"K03225","K13541",-0.60674253200569,"Negative"
"K03225","K14268",-0.607112375533428,"Negative"
"K03225","K18291",-0.607795163584637,"Negative"
"K03225","K18889",0.683783783783784,"Positive"
"K03225","K18890",0.683783783783784,"Positive"
"K03225","K19236",0.65448079658606,"Positive"
"K03226","K03227",0.999431009957326,"Positive"
"K03226","K03228",0.99977240398293,"Positive"
"K03226","K03229",0.99977240398293,"Positive"
"K03226","K03230",0.999431009957326,"Positive"
"K03226","K04058",0.923613086770982,"Positive"
"K03226","K04335",-0.642332859174964,"Negative"
"K03226","K07810",-0.654879089615932,"Negative"
"K03226","K12536",0.65678520625889,"Positive"
"K03226","K12973",0.657524893314367,"Positive"
"K03226","K13060",0.642389758179232,"Positive"
"K03226","K18889",0.680711237553343,"Positive"
"K03226","K18890",0.680711237553343,"Positive"
"K03226","K19236",0.65226173541963,"Positive"
"K03227","K03228",0.999715504978663,"Positive"
"K03227","K03229",0.999715504978663,"Positive"
"K03227","K03230",1,"Positive"
"K03227","K04058",0.923926031294452,"Positive"
"K03227","K04335",-0.648933143669986,"Negative"
"K03227","K07810",-0.652204836415363,"Negative"
"K03227","K12536",0.667908961593172,"Positive"
"K03227","K12973",0.655704125177809,"Positive"
"K03227","K13060",0.646258890469417,"Positive"
"K03227","K18889",0.679829302987198,"Positive"
"K03227","K18890",0.679829302987198,"Positive"
"K03227","K19236",0.649416785206259,"Positive"
"K03228","K03229",1,"Positive"
"K03228","K03230",0.999715504978663,"Positive"
"K03228","K04058",0.923783783783784,"Positive"
"K03228","K04335",-0.646486486486486,"Negative"
"K03228","K07810",-0.652603129445235,"Negative"
"K03228","K12536",0.660825035561878,"Positive"
"K03228","K12973",0.656813655761024,"Positive"
"K03228","K13060",0.646002844950213,"Positive"
"K03228","K18889",0.680341394025605,"Positive"
"K03228","K18890",0.680341394025605,"Positive"
"K03228","K19236",0.65049786628734,"Positive"
"K03229","K03230",0.999715504978663,"Positive"
"K03229","K04058",0.923783783783784,"Positive"
"K03229","K04335",-0.646486486486486,"Negative"
"K03229","K07810",-0.652603129445235,"Negative"
"K03229","K12536",0.660825035561878,"Positive"
"K03229","K12973",0.656813655761024,"Positive"
"K03229","K13060",0.646002844950213,"Positive"
"K03229","K18889",0.680341394025605,"Positive"
"K03229","K18890",0.680341394025605,"Positive"
"K03229","K19236",0.65049786628734,"Positive"
"K03230","K04058",0.923926031294452,"Positive"
"K03230","K04335",-0.648933143669986,"Negative"
"K03230","K07810",-0.652204836415363,"Negative"
"K03230","K12536",0.667908961593172,"Positive"
"K03230","K12973",0.655704125177809,"Positive"
"K03230","K13060",0.646258890469417,"Positive"
"K03230","K18889",0.679829302987198,"Positive"
"K03230","K18890",0.679829302987198,"Positive"
"K03230","K19236",0.649416785206259,"Positive"
"K03335","K03336",0.801109530583215,"Positive"
"K03335","K03337",0.796073968705548,"Positive"
"K03335","K03338",0.796073968705548,"Positive"
"K03335","K03649",0.634736842105263,"Positive"
"K03335","K06159",0.624950213371266,"Positive"
"K03335","K07679",0.615931721194879,"Positive"
"K03335","K07701",0.627311522048364,"Positive"
"K03335","K07703",0.631066856330014,"Positive"
"K03335","K07781",0.630839260312945,"Positive"
"K03335","K07782",0.637411095305832,"Positive"
"K03335","K08723",0.613200568990043,"Positive"
"K03335","K10537",0.637411095305832,"Positive"
"K03335","K10538",0.637411095305832,"Positive"
"K03335","K10539",0.637411095305832,"Positive"
"K03335","K10543",0.63601706970128,"Positive"
"K03335","K10544",0.637183499288763,"Positive"
"K03335","K10545",0.637183499288763,"Positive"
"K03335","K11890",0.620483641536273,"Positive"
"K03335","K13632",0.61027027027027,"Positive"
"K03335","K18009",0.694992887624467,"Positive"
"K03335","K18324",0.635761024182077,"Positive"
"K03335","K18326",0.655504978662873,"Positive"
"K03336","K03337",0.99226173541963,"Positive"
"K03336","K03338",0.99226173541963,"Positive"
"K03336","K03649",0.756187766714082,"Positive"
"K03336","K06073",0.616586059743955,"Positive"
"K03336","K06074",0.616586059743955,"Positive"
"K03336","K06159",0.764779516358464,"Positive"
"K03336","K06606",0.723072546230441,"Positive"
"K03336","K07674",0.68574679943101,"Positive"
"K03336","K07679",0.778207681365576,"Positive"
"K03336","K07701",0.745007112375533,"Positive"
"K03336","K07703",0.747596017069701,"Positive"
"K03336","K07781",0.804580369843528,"Positive"
"K03336","K07782",0.742162162162162,"Positive"
"K03336","K08322",0.732062588904694,"Positive"
"K03336","K08351",0.649644381223329,"Positive"
"K03336","K08723",0.711578947368421,"Positive"
"K03336","K09470",0.647083926031294,"Positive"
"K03336","K09473",0.649046941678521,"Positive"
"K03336","K09988",0.681308677098151,"Positive"
"K03336","K10537",0.725832147937411,"Positive"
"K03336","K10538",0.725832147937411,"Positive"
"K03336","K10539",0.725832147937411,"Positive"
"K03336","K10543",0.731692745376956,"Positive"
"K03336","K10544",0.732375533428165,"Positive"
"K03336","K10545",0.732375533428165,"Positive"
"K03336","K11890",0.776443812233286,"Positive"
"K03336","K13632",0.69877667140825,"Positive"
"K03336","K13892",0.68176386913229,"Positive"
"K03336","K14051",0.685803698435277,"Positive"
"K03336","K17195",0.665092460881935,"Positive"
"K03336","K17213",0.70950213371266,"Positive"
"K03336","K17214",0.704011379800853,"Positive"
"K03336","K17215",0.704011379800853,"Positive"
"K03336","K18324",0.804096728307255,"Positive"
"K03336","K18326",0.808051209103841,"Positive"
"K03336","K19354",0.625462304409673,"Positive"
"K03337","K03338",1,"Positive"
"K03337","K03649",0.785633001422475,"Positive"
"K03337","K06073",0.627908961593172,"Positive"
"K03337","K06074",0.627908961593172,"Positive"
"K03337","K06159",0.795448079658606,"Positive"
"K03337","K06606",0.750611664295875,"Positive"
"K03337","K07674",0.709559032716927,"Positive"
"K03337","K07679",0.801963015647226,"Positive"
"K03337","K07688",0.607169274537696,"Positive"
"K03337","K07690",0.609587482219061,"Positive"
"K03337","K07701",0.776813655761024,"Positive"
"K03337","K07703",0.778179231863442,"Positive"
"K03337","K07781",0.830953058321479,"Positive"
"K03337","K07782",0.770839260312944,"Positive"
"K03337","K08322",0.755448079658606,"Positive"
"K03337","K08351",0.662019914651494,"Positive"
"K03337","K08723",0.727539118065434,"Positive"
"K03337","K09470",0.664864864864865,"Positive"
"K03337","K09473",0.663300142247511,"Positive"
"K03337","K09988",0.697297297297297,"Positive"
"K03337","K10537",0.746059743954481,"Positive"
"K03337","K10538",0.746059743954481,"Positive"
"K03337","K10539",0.746059743954481,"Positive"
"K03337","K10543",0.745320056899004,"Positive"
"K03337","K10544",0.746059743954481,"Positive"
"K03337","K10545",0.746059743954481,"Positive"
"K03337","K11890",0.79900426742532,"Positive"
"K03337","K13632",0.714793741109531,"Positive"
"K03337","K13892",0.711408250355619,"Positive"
"K03337","K14051",0.709530583214794,"Positive"
"K03337","K16703",0.614196301564723,"Positive"
"K03337","K16710",0.614196301564723,"Positive"
"K03337","K17195",0.69325746799431,"Positive"
"K03337","K17213",0.731806543385491,"Positive"
"K03337","K17214",0.722873399715505,"Positive"
"K03337","K17215",0.722873399715505,"Positive"
"K03337","K18324",0.828819345661451,"Positive"
"K03337","K18326",0.838321479374111,"Positive"
"K03337","K19354",0.650924608819346,"Positive"
"K03338","K03649",0.785633001422475,"Positive"
"K03338","K06073",0.627908961593172,"Positive"
"K03338","K06074",0.627908961593172,"Positive"
"K03338","K06159",0.795448079658606,"Positive"
"K03338","K06606",0.750611664295875,"Positive"
"K03338","K07674",0.709559032716927,"Positive"
"K03338","K07679",0.801963015647226,"Positive"
"K03338","K07688",0.607169274537696,"Positive"
"K03338","K07690",0.609587482219061,"Positive"
"K03338","K07701",0.776813655761024,"Positive"
"K03338","K07703",0.778179231863442,"Positive"
"K03338","K07781",0.830953058321479,"Positive"
"K03338","K07782",0.770839260312944,"Positive"
"K03338","K08322",0.755448079658606,"Positive"
"K03338","K08351",0.662019914651494,"Positive"
"K03338","K08723",0.727539118065434,"Positive"
"K03338","K09470",0.664864864864865,"Positive"
"K03338","K09473",0.663300142247511,"Positive"
"K03338","K09988",0.697297297297297,"Positive"
"K03338","K10537",0.746059743954481,"Positive"
"K03338","K10538",0.746059743954481,"Positive"
"K03338","K10539",0.746059743954481,"Positive"
"K03338","K10543",0.745320056899004,"Positive"
"K03338","K10544",0.746059743954481,"Positive"
"K03338","K10545",0.746059743954481,"Positive"
"K03338","K11890",0.79900426742532,"Positive"
"K03338","K13632",0.714793741109531,"Positive"
"K03338","K13892",0.711408250355619,"Positive"
"K03338","K14051",0.709530583214794,"Positive"
"K03338","K16703",0.614196301564723,"Positive"
"K03338","K16710",0.614196301564723,"Positive"
"K03338","K17195",0.69325746799431,"Positive"
"K03338","K17213",0.731806543385491,"Positive"
"K03338","K17214",0.722873399715505,"Positive"
"K03338","K17215",0.722873399715505,"Positive"
"K03338","K18324",0.828819345661451,"Positive"
"K03338","K18326",0.838321479374111,"Positive"
"K03338","K19354",0.650924608819346,"Positive"
"K03340","K03404",0.707083926031294,"Positive"
"K03340","K03405",0.686941678520626,"Positive"
"K03340","K03409",0.798435277382646,"Positive"
"K03340","K03410",0.796984352773827,"Positive"
"K03340","K03429",0.808904694167852,"Positive"
"K03340","K03620",0.869900426742532,"Positive"
"K03340","K05606",0.737297297297297,"Positive"
"K03340","K06208",0.88122332859175,"Positive"
"K03340","K06209",0.706315789473684,"Positive"
"K03340","K06281",0.87601706970128,"Positive"
"K03340","K06282",0.87601706970128,"Positive"
"K03340","K07588",0.835960170697013,"Positive"
"K03340","K07590",0.85678520625889,"Positive"
"K03340","K07720",0.779146514935989,"Positive"
"K03340","K08384",0.88122332859175,"Positive"
"K03340","K10206",0.891351351351351,"Positive"
"K03340","K11358",0.866031294452347,"Positive"
"K03340","K11690",0.685064011379801,"Positive"
"K03340","K11782",0.913684210526316,"Positive"
"K03340","K11784",0.913684210526316,"Positive"
"K03340","K13818",0.936642958748222,"Positive"
"K03340","K15792",0.876330014224751,"Positive"
"K03340","K16651",0.900170697012802,"Positive"
"K03340","K18285",0.911351351351351,"Positive"
"K03340","K19353",0.643698435277383,"Positive"
"K03381","K03464",0.891180654338549,"Positive"
"K03381","K03972",0.708876244665718,"Positive"
"K03381","K04561",0.699829302987198,"Positive"
"K03381","K05549",0.934110953058321,"Positive"
"K03381","K05550",0.934110953058321,"Positive"
"K03381","K05783",0.934110953058321,"Positive"
"K03381","K05784",0.934110953058321,"Positive"
"K03381","K06985",0.742844950213371,"Positive"
"K03381","K07589",0.731209103840683,"Positive"
"K03381","K07810",0.758150782361309,"Positive"
"K03381","K07823",0.858975817923186,"Positive"
"K03381","K10125",0.915960170697013,"Positive"
"K03381","K10126",0.915931721194879,"Positive"
"K03381","K10942",0.866571834992888,"Positive"
"K03381","K10943",0.943641536273115,"Positive"
"K03381","K10979",0.645576102418208,"Positive"
"K03381","K11384",0.869217638691323,"Positive"
"K03381","K11688",0.627055476529161,"Positive"
"K03381","K11689",0.739402560455192,"Positive"
"K03381","K12254",0.869217638691323,"Positive"
"K03381","K13541",0.760682788051209,"Positive"
"K03381","K13590",0.841963015647226,"Positive"
"K03381","K14268",0.804125177809388,"Positive"
"K03381","K15408",0.927908961593172,"Positive"
"K03381","K16370",0.646770981507824,"Positive"
"K03381","K17226",0.868705547652916,"Positive"
"K03381","K17315",0.843869132290185,"Positive"
"K03381","K17316",0.843613086770981,"Positive"
"K03381","K17317",0.843613086770981,"Positive"
"K03381","K17838",0.628591749644381,"Positive"
"K03381","K18135",0.631095305832148,"Positive"
"K03381","K18291",0.788335704125178,"Positive"
"K03381","K18697",-0.621536273115221,"Negative"
"K03381","K18930",0.672546230440967,"Positive"
"K03381","K18981",0.846543385490754,"Positive"
"K03381","K19340",0.644039829302987,"Positive"
"K03381","K19341",0.650384068278805,"Positive"
"K03381","K19609",0.838833570412518,"Positive"
"K03381","K19610",0.838833570412518,"Positive"
"K03381","K19713",0.712660028449502,"Positive"
"K03404","K03409",0.858549075391181,"Positive"
"K03404","K03429",0.635732574679943,"Positive"
"K03404","K03620",0.757809388335704,"Positive"
"K03404","K06208",0.761934566145092,"Positive"
"K03404","K06281",0.722731152204836,"Positive"
"K03404","K06282",0.722731152204836,"Positive"
"K03404","K07588",0.651408250355619,"Positive"
"K03404","K07590",0.6875106685633,"Positive"
"K03404","K07720",0.621877667140825,"Positive"
"K03404","K08384",0.761934566145092,"Positive"
"K03404","K10206",0.756642958748222,"Positive"
"K03404","K11358",0.740113798008535,"Positive"
"K03404","K11782",0.746258890469417,"Positive"
"K03404","K11784",0.746258890469417,"Positive"
"K03404","K12960",0.608022759601707,"Positive"
"K03404","K13747",0.659317211948791,"Positive"
"K03404","K13818",0.780853485064011,"Positive"
"K03404","K15792",0.745689900426743,"Positive"
"K03404","K16651",0.719174964438122,"Positive"
"K03404","K18285",0.745576102418208,"Positive"
"K03405","K03410",0.709587482219061,"Positive"
"K03405","K03429",0.645547652916074,"Positive"
"K03405","K03620",0.666714082503556,"Positive"
"K03405","K06001",0.674423897581792,"Positive"
"K03405","K06208",0.652062588904694,"Positive"
"K03405","K06281",0.645633001422475,"Positive"
"K03405","K06282",0.645633001422475,"Positive"
"K03405","K07588",0.703044096728307,"Positive"
"K03405","K07590",0.656159317211949,"Positive"
"K03405","K07704",0.62221906116643,"Positive"
"K03405","K07717",0.603413940256046,"Positive"
"K03405","K07719",0.603413940256046,"Positive"
"K03405","K08384",0.652062588904694,"Positive"
"K03405","K10206",0.664210526315789,"Positive"
"K03405","K11358",0.658890469416785,"Positive"
"K03405","K11690",0.938036984352774,"Positive"
"K03405","K11782",0.695106685633001,"Positive"
"K03405","K11784",0.695106685633001,"Positive"
"K03405","K12960",0.768933143669986,"Positive"
"K03405","K13747",0.761621621621622,"Positive"
"K03405","K13818",0.64076813655761,"Positive"
"K03405","K15792",0.662816500711238,"Positive"
"K03405","K16651",0.651351351351351,"Positive"
"K03405","K18285",0.698321479374111,"Positive"
"K03405","K18930",0.639886201991465,"Positive"
"K03405","K19509",0.628904694167852,"Positive"
"K03405","K19713",0.602901849217639,"Positive"
"K03409","K03410",0.70950213371266,"Positive"
"K03409","K03429",0.766173541963016,"Positive"
"K03409","K03620",0.812688477951636,"Positive"
"K03409","K05606",0.718691322901849,"Positive"
"K03409","K06208",0.895590327169275,"Positive"
"K03409","K06281",0.775732574679943,"Positive"
"K03409","K06282",0.775732574679943,"Positive"
"K03409","K07588",0.812318634423898,"Positive"
"K03409","K07590",0.751863442389758,"Positive"
"K03409","K07720",0.656614509246088,"Positive"
"K03409","K08384",0.895590327169275,"Positive"
"K03409","K10206",0.889246088193457,"Positive"
"K03409","K11358",0.83325746799431,"Positive"
"K03409","K11782",0.831436699857752,"Positive"
"K03409","K11784",0.831436699857752,"Positive"
"K03409","K12960",0.602247510668563,"Positive"
"K03409","K13747",0.600398293029872,"Positive"
"K03409","K13818",0.857325746799431,"Positive"
"K03409","K15792",0.888335704125178,"Positive"
"K03409","K16651",0.871322901849218,"Positive"
"K03409","K18285",0.834964438122333,"Positive"
"K03409","K19353",0.741166429587482,"Positive"
"K03410","K03429",0.800568990042674,"Positive"
"K03410","K03620",0.771607396870555,"Positive"
"K03410","K05606",0.648477951635846,"Positive"
"K03410","K06208",0.805092460881935,"Positive"
"K03410","K06281",0.786799431009957,"Positive"
"K03410","K06282",0.786799431009957,"Positive"
"K03410","K07588",0.776642958748222,"Positive"
"K03410","K07590",0.773997155049787,"Positive"
"K03410","K07704",0.682019914651494,"Positive"
"K03410","K07705",0.637183499288763,"Positive"
"K03410","K07720",0.6124893314367,"Positive"
"K03410","K08384",0.805092460881935,"Positive"
"K03410","K10206",0.797752489331437,"Positive"
"K03410","K11358",0.718890469416785,"Positive"
"K03410","K11690",0.77547652916074,"Positive"
"K03410","K11782",0.742702702702703,"Positive"
"K03410","K11784",0.742702702702703,"Positive"
"K03410","K13818",0.801337126600284,"Positive"
"K03410","K15792",0.773997155049787,"Positive"
"K03410","K16651",0.842930298719772,"Positive"
"K03410","K18285",0.743186344238976,"Positive"
"K03414","K03472",0.654822190611664,"Positive"
"K03414","K03566",0.720654338549075,"Positive"
"K03414","K03567",0.711009957325747,"Positive"
"K03414","K05526",0.816899004267425,"Positive"
"K03414","K06445",0.693229018492176,"Positive"
"K03414","K06447",0.608990042674253,"Positive"
"K03414","K06858",0.637496443812233,"Positive"
"K03414","K07637",0.714708392603129,"Positive"
"K03414","K07660",0.714879089615932,"Positive"
"K03414","K10111",0.630839260312945,"Positive"
"K03414","K12251",0.706201991465149,"Positive"
"K03414","K13893",0.626998577524893,"Positive"
"K03415","K05601",0.600853485064011,"Positive"
"K03415","K12960",0.601735419630156,"Positive"
"K03425","K03649",0.69601706970128,"Positive"
"K03425","K05368",0.674082503556188,"Positive"
"K03425","K06080",0.674082503556188,"Positive"
"K03425","K06159",0.700625889046942,"Positive"
"K03425","K07251",0.674082503556188,"Positive"
"K03425","K07264",0.613684210526316,"Positive"
"K03425","K07643",0.928051209103841,"Positive"
"K03425","K07676",0.674082503556188,"Positive"
"K03425","K07677",0.647197724039829,"Positive"
"K03425","K07687",0.670412517780939,"Positive"
"K03425","K07689",0.669957325746799,"Positive"
"K03425","K07701",0.722418207681366,"Positive"
"K03425","K07703",0.717951635846373,"Positive"
"K03425","K07715",0.661735419630156,"Positive"
"K03425","K07771",0.645405405405405,"Positive"
"K03425","K07781",0.633314366998578,"Positive"
"K03425","K07782",0.663954480796586,"Positive"
"K03425","K07806",0.628933143669986,"Positive"
"K03425","K08351",0.677155049786629,"Positive"
"K03425","K08682",0.686173541963016,"Positive"
"K03425","K09470",0.685291607396871,"Positive"
"K03425","K09473",0.673798008534851,"Positive"
"K03425","K09475",0.908591749644381,"Positive"
"K03425","K10011",0.63149359886202,"Positive"
"K03425","K10012",0.628933143669986,"Positive"
"K03425","K12525",0.674082503556188,"Positive"
"K03425","K12582",0.674082503556188,"Positive"
"K03425","K12962",0.628933143669986,"Positive"
"K03425","K12963",0.628933143669986,"Positive"
"K03425","K12974",0.711237553342816,"Positive"
"K03425","K12975",0.715647226173542,"Positive"
"K03425","K13014",0.628933143669986,"Positive"
"K03425","K13301",0.674082503556188,"Positive"
"K03425","K16704",0.674082503556188,"Positive"
"K03425","K18324",0.627482219061166,"Positive"
"K03425","K18326",0.65701280227596,"Positive"
"K03425","K18676",0.669388335704125,"Positive"
"K03425","K19222",0.622617354196302,"Positive"
"K03425","K19226",0.674765291607397,"Positive"
"K03429","K03620",0.904096728307255,"Positive"
"K03429","K05606",0.762645803698435,"Positive"
"K03429","K05992",0.63823613086771,"Positive"
"K03429","K06208",0.872859174964438,"Positive"
"K03429","K06209",0.75724039829303,"Positive"
"K03429","K06281",0.928477951635846,"Positive"
"K03429","K06282",0.928477951635846,"Positive"
"K03429","K07588",0.865689900426743,"Positive"
"K03429","K07590",0.955362731152205,"Positive"
"K03429","K07720",0.685177809388336,"Positive"
"K03429","K08384",0.872859174964438,"Positive"
"K03429","K10206",0.865490753911807,"Positive"
"K03429","K11358",0.772318634423898,"Positive"
"K03429","K11690",0.662361308677098,"Positive"
"K03429","K11782",0.777951635846373,"Positive"
"K03429","K11784",0.777951635846373,"Positive"
"K03429","K13818",0.852290184921764,"Positive"
"K03429","K15792",0.826315789473684,"Positive"
"K03429","K16651",0.915362731152205,"Positive"
"K03429","K18285",0.780056899004267,"Positive"
"K03429","K19353",0.624608819345661,"Positive"
"K03464","K03972",0.786429587482219,"Positive"
"K03464","K04561",0.800056899004267,"Positive"
"K03464","K05549",0.826856330014225,"Positive"
"K03464","K05550",0.826856330014225,"Positive"
"K03464","K05783",0.826856330014225,"Positive"
"K03464","K05784",0.826856330014225,"Positive"
"K03464","K06001",0.685120910384068,"Positive"
"K03464","K06985",0.830981507823613,"Positive"
"K03464","K07589",0.697211948790896,"Positive"
"K03464","K07810",0.6425320056899,"Positive"
"K03464","K07823",0.749359886201991,"Positive"
"K03464","K10125",0.802361308677098,"Positive"
"K03464","K10126",0.802304409672831,"Positive"
"K03464","K10942",0.757667140825036,"Positive"
"K03464","K10943",0.832802275960171,"Positive"
"K03464","K11384",0.760028449502134,"Positive"
"K03464","K11689",0.627254623044097,"Positive"
"K03464","K12254",0.760028449502134,"Positive"
"K03464","K13541",0.67601706970128,"Positive"
"K03464","K13590",0.93877667140825,"Positive"
"K03464","K14268",0.689928876244666,"Positive"
"K03464","K15408",0.817126600284495,"Positive"
"K03464","K15864",0.697809388335704,"Positive"
"K03464","K16370",0.638065433854908,"Positive"
"K03464","K17226",0.759402560455192,"Positive"
"K03464","K17315",0.732631578947368,"Positive"
"K03464","K17316",0.732403982930299,"Positive"
"K03464","K17317",0.732403982930299,"Positive"
"K03464","K18135",0.600398293029872,"Positive"
"K03464","K18291",0.702475106685633,"Positive"
"K03464","K18930",0.70697012802276,"Positive"
"K03464","K18981",0.740284495021337,"Positive"
"K03464","K19340",0.755106685633001,"Positive"
"K03464","K19341",0.766315789473684,"Positive"
"K03464","K19609",0.73126600284495,"Positive"
"K03464","K19610",0.73126600284495,"Positive"
"K03464","K19713",0.810469416785206,"Positive"
"K03472","K03473",0.740056899004267,"Positive"
"K03472","K03567",0.897553342816501,"Positive"
"K03472","K05368",0.605718349928876,"Positive"
"K03472","K05526",0.834281650071124,"Positive"
"K03472","K06080",0.605718349928876,"Positive"
"K03472","K06163",0.625490753911807,"Positive"
"K03472","K06164",0.625490753911807,"Positive"
"K03472","K06165",0.625490753911807,"Positive"
"K03472","K06166",0.625490753911807,"Positive"
"K03472","K06445",0.863840682788051,"Positive"
"K03472","K06447",0.606315789473684,"Positive"
"K03472","K06858",0.822958748221906,"Positive"
"K03472","K07251",0.605718349928876,"Positive"
"K03472","K07264",0.600825035561878,"Positive"
"K03472","K07637",0.895163584637269,"Positive"
"K03472","K07660",0.891891891891892,"Positive"
"K03472","K07676",0.605718349928876,"Positive"
"K03472","K07678",0.731778093883357,"Positive"
"K03472","K07687",0.600654338549075,"Positive"
"K03472","K07689",0.60475106685633,"Positive"
"K03472","K07711",0.612147937411095,"Positive"
"K03472","K07715",0.60896159317212,"Positive"
"K03472","K07787",0.612347083926031,"Positive"
"K03472","K07798",0.613428165007112,"Positive"
"K03472","K08312",0.67203413940256,"Positive"
"K03472","K09913",0.617382645803698,"Positive"
"K03472","K10026",0.688193456614509,"Positive"
"K03472","K11895",0.724665718349929,"Positive"
"K03472","K12251",0.675590327169275,"Positive"
"K03472","K12339",0.629103840682788,"Positive"
"K03472","K12525",0.605718349928876,"Positive"
"K03472","K12582",0.605718349928876,"Positive"
"K03472","K13301",0.605718349928876,"Positive"
"K03472","K16165",-0.614196301564723,"Negative"
"K03472","K16704",0.605718349928876,"Positive"
"K03472","K19222",0.613570412517781,"Positive"
"K03472","K19226",0.60551920341394,"Positive"
"K03473","K03651",0.715220483641536,"Positive"
"K03473","K03732",0.697809388335704,"Positive"
"K03473","K05365",0.759544807965861,"Positive"
"K03473","K06445",0.636102418207681,"Positive"
"K03473","K06879",0.742475106685633,"Positive"
"K03473","K07235",0.715220483641536,"Positive"
"K03473","K07345",0.73977240398293,"Positive"
"K03473","K07347",0.688933143669986,"Positive"
"K03473","K07637",0.604125177809388,"Positive"
"K03473","K07639",0.843186344238976,"Positive"
"K03473","K07642",0.625291607396871,"Positive"
"K03473","K07661",0.843186344238976,"Positive"
"K03473","K07664",0.628250355618777,"Positive"
"K03473","K07678",0.992631578947368,"Positive"
"K03473","K08484",0.924466571834993,"Positive"
"K03473","K08485",0.789473684210526,"Positive"
"K03473","K09913",0.862844950213371,"Positive"
"K03473","K10014",0.711436699857752,"Positive"
"K03473","K10015",0.674623044096728,"Positive"
"K03473","K10016",0.659317211948791,"Positive"
"K03473","K10017",0.676159317211949,"Positive"
"K03473","K10026",0.93877667140825,"Positive"
"K03473","K10036",0.628335704125178,"Positive"
"K03473","K10037",0.669644381223329,"Positive"
"K03473","K10038",0.665120910384068,"Positive"
"K03473","K10914",0.766600284495021,"Positive"
"K03473","K11179",0.715220483641536,"Positive"
"K03473","K12339",0.868677098150782,"Positive"
"K03473","K13378",0.76153627311522,"Positive"
"K03473","K13745",0.657638691322902,"Positive"
"K03473","K15777",0.633826458036984,"Positive"
"K03476","K19286",0.609758179231863,"Positive"
"K03516","K03649",0.677496443812233,"Positive"
"K03516","K05603",0.679544807965861,"Positive"
"K03516","K05780",0.735988620199147,"Positive"
"K03516","K05874",0.612318634423898,"Positive"
"K03516","K05875",0.74896159317212,"Positive"
"K03516","K05876",0.897439544807966,"Positive"
"K03516","K06073",0.8174679943101,"Positive"
"K03516","K06074",0.8174679943101,"Positive"
"K03516","K06159",0.665234708392603,"Positive"
"K03516","K06162",0.725661450924609,"Positive"
"K03516","K07674",0.655618776671408,"Positive"
"K03516","K07688",0.61172119487909,"Positive"
"K03516","K07701",0.705689900426743,"Positive"
"K03516","K07703",0.691351351351351,"Positive"
"K03516","K07781",0.628364153627312,"Positive"
"K03516","K07782",0.616728307254623,"Positive"
"K03516","K08682",0.608136557610242,"Positive"
"K03516","K09996",0.906884779516358,"Positive"
"K03516","K10540",0.785775248933144,"Positive"
"K03516","K10541",0.785775248933144,"Positive"
"K03516","K10542",0.785775248933144,"Positive"
"K03516","K12973",0.696102418207681,"Positive"
"K03516","K12974",0.679573257467994,"Positive"
"K03516","K12975",0.690412517780939,"Positive"
"K03516","K14051",0.655192034139403,"Positive"
"K03516","K18324",0.617439544807966,"Positive"
"K03516","K18326",0.646230440967283,"Positive"
"K03516","K18697",0.686116642958748,"Positive"
"K03516","K18889",0.601081081081081,"Positive"
"K03516","K18890",0.601081081081081,"Positive"
"K03516","K19226",0.600199146514936,"Positive"
"K03516","K19236",0.713940256045519,"Positive"
"K03516","K19354",0.605689900426743,"Positive"
"K03516","K19734",0.66927453769559,"Positive"
"K03532","K05877",0.715106685633001,"Positive"
"K03532","K05881",0.659743954480797,"Positive"
"K03532","K05921",0.649644381223329,"Positive"
"K03532","K06897",0.608847795163585,"Positive"
"K03532","K06989",0.603357041251778,"Positive"
"K03532","K07046",0.755106685633001,"Positive"
"K03532","K07812",0.767567567567568,"Positive"
"K03532","K08320",0.686372688477952,"Positive"
"K03532","K11081",0.770611664295875,"Positive"
"K03532","K11082",0.770611664295875,"Positive"
"K03532","K11083",0.770611664295875,"Positive"
"K03532","K11084",0.770611664295875,"Positive"
"K03532","K12112",0.687652916073969,"Positive"
"K03532","K18333",0.856756756756757,"Positive"
"K03532","K18334",0.665718349928876,"Positive"
"K03563","K03651",0.701906116642959,"Positive"
"K03563","K03732",0.704096728307255,"Positive"
"K03563","K05365",0.665291607396871,"Positive"
"K03563","K07235",0.701906116642959,"Positive"
"K03563","K10914",0.675817923186344,"Positive"
"K03563","K11179",0.701906116642959,"Positive"
"K03563","K11183",0.684836415362731,"Positive"
"K03563","K11755",0.845291607396871,"Positive"
"K03566","K05526",0.624495021337127,"Positive"
"K03566","K06445",0.634509246088193,"Positive"
"K03566","K10111",0.635163584637269,"Positive"
"K03567","K05526",0.803926031294452,"Positive"
"K03567","K05851",0.625149359886202,"Positive"
"K03567","K06445",0.867226173541963,"Positive"
"K03567","K06858",0.791123755334282,"Positive"
"K03567","K07637",0.970753911806543,"Positive"
"K03567","K07660",0.968819345661451,"Positive"
"K03567","K07711",0.607880512091038,"Positive"
"K03567","K08312",0.718378378378378,"Positive"
"K03567","K10026",0.630753911806543,"Positive"
"K03567","K11895",0.653143669985775,"Positive"
"K03567","K12251",0.748705547652916,"Positive"
"K03567","K16165",-0.666884779516358,"Negative"
"K03567","K19222",0.615192034139403,"Positive"
"K03573","K04067",0.995903271692745,"Positive"
"K03573","K05368",0.74076813655761,"Positive"
"K03573","K05776",0.97425320056899,"Positive"
"K03573","K05851",0.757894736842105,"Positive"
"K03573","K05939",0.864210526315789,"Positive"
"K03573","K06080",0.74076813655761,"Positive"
"K03573","K06211",0.991209103840683,"Positive"
"K03573","K06223",0.863669985775249,"Positive"
"K03573","K07236",0.668648648648649,"Positive"
"K03573","K07237",0.668648648648649,"Positive"
"K03573","K07251",0.74076813655761,"Positive"
"K03573","K07264",0.703357041251778,"Positive"
"K03573","K07640",1,"Positive"
"K03573","K07648",0.913456614509246,"Positive"
"K03573","K07676",0.74076813655761,"Positive"
"K03573","K07677",0.704125177809388,"Positive"
"K03573","K07687",0.726714082503556,"Positive"
"K03573","K07689",0.726856330014225,"Positive"
"K03573","K07711",0.62099573257468,"Positive"
"K03573","K07715",0.719886201991465,"Positive"
"K03573","K07751",1,"Positive"
"K03573","K07771",0.720825035561878,"Positive"
"K03573","K07773",0.913456614509246,"Positive"
"K03573","K07806",0.706145092460882,"Positive"
"K03573","K08682",0.748392603129445,"Positive"
"K03573","K08722",0.919061166429587,"Positive"
"K03573","K09476",0.993968705547653,"Positive"
"K03573","K09997",1,"Positive"
"K03573","K09998",0.9924893314367,"Positive"
"K03573","K09999",0.9924893314367,"Positive"
"K03573","K10000",0.9924893314367,"Positive"
"K03573","K10004",0.620483641536273,"Positive"
"K03573","K10011",0.713371266002845,"Positive"
"K03573","K10012",0.706145092460882,"Positive"
"K03573","K11258",0.923641536273115,"Positive"
"K03573","K11604",0.68950213371266,"Positive"
"K03573","K11605",0.68950213371266,"Positive"
"K03573","K11606",0.68950213371266,"Positive"
"K03573","K11607",0.68950213371266,"Positive"
"K03573","K11751",0.880825035561878,"Positive"
"K03573","K11891",0.651607396870555,"Positive"
"K03573","K11892",0.664722617354196,"Positive"
"K03573","K11893",0.655988620199146,"Positive"
"K03573","K11900",0.626685633001422,"Positive"
"K03573","K11901",0.650583214793741,"Positive"
"K03573","K11903",0.667823613086771,"Positive"
"K03573","K11907",0.646230440967283,"Positive"
"K03573","K12152",0.913371266002845,"Positive"
"K03573","K12368",0.727880512091038,"Positive"
"K03573","K12369",0.753541963015647,"Positive"
"K03573","K12370",0.753541963015647,"Positive"
"K03573","K12371",0.753541963015647,"Positive"
"K03573","K12372",0.753541963015647,"Positive"
"K03573","K12524",0.85647226173542,"Positive"
"K03573","K12525",0.74076813655761,"Positive"
"K03573","K12582",0.74076813655761,"Positive"
"K03573","K12962",0.706145092460882,"Positive"
"K03573","K12963",0.706145092460882,"Positive"
"K03573","K12973",0.635533428165007,"Positive"
"K03573","K12974",0.698947368421053,"Positive"
"K03573","K12975",0.701337126600284,"Positive"
"K03573","K13014",0.706145092460882,"Positive"
"K03573","K13301",0.74076813655761,"Positive"
"K03573","K13498",0.99203413940256,"Positive"
"K03573","K14187",1,"Positive"
"K03573","K15125",0.616443812233286,"Positive"
"K03573","K16704",0.74076813655761,"Positive"
"K03573","K18800",0.662901849217639,"Positive"
"K03573","K19222",0.667112375533428,"Positive"
"K03573","K19226",0.740853485064011,"Positive"
"K03573","K19227",1,"Positive"
"K03573","K19228",1,"Positive"
"K03573","K19229",1,"Positive"
"K03573","K19230",0.999146514935989,"Positive"
"K03573","K19236",0.644637268847795,"Positive"
"K03573","K19270",0.636984352773826,"Positive"
"K03606","K07232",0.62298719772404,"Positive"
"K03606","K07246",0.685832147937411,"Positive"
"K03606","K08323",0.653115220483642,"Positive"
"K03606","K08351",0.661337126600285,"Positive"
"K03606","K09470",0.655761024182077,"Positive"
"K03606","K09473",0.666230440967283,"Positive"
"K03606","K12255",0.613741109530583,"Positive"
"K03606","K13051",0.610896159317212,"Positive"
"K03606","K15598",0.609473684210526,"Positive"
"K03606","K15599",0.609473684210526,"Positive"
"K03606","K15600",0.600199146514936,"Positive"
"K03606","K17202",0.694935988620199,"Positive"
"K03606","K17203",0.694935988620199,"Positive"
"K03606","K17204",0.694935988620199,"Positive"
"K03620","K05606",0.792233285917496,"Positive"
"K03620","K05992",0.602332859174964,"Positive"
"K03620","K06208",0.902418207681366,"Positive"
"K03620","K06209",0.755106685633001,"Positive"
"K03620","K06281",0.97624466571835,"Positive"
"K03620","K06282",0.97624466571835,"Positive"
"K03620","K07588",0.887709815078236,"Positive"
"K03620","K07590",0.949103840682788,"Positive"
"K03620","K07720",0.736358463726885,"Positive"
"K03620","K08384",0.902418207681366,"Positive"
"K03620","K10206",0.898093883357041,"Positive"
"K03620","K11358",0.878805120910384,"Positive"
"K03620","K11690",0.668648648648649,"Positive"
"K03620","K11782",0.888392603129445,"Positive"
"K03620","K11784",0.888392603129445,"Positive"
"K03620","K13818",0.916130867709815,"Positive"
"K03620","K15792",0.886884779516358,"Positive"
"K03620","K16651",0.884637268847795,"Positive"
"K03620","K18285",0.890156472261735,"Positive"
"K03620","K19353",0.676557610241821,"Positive"
"K03620","K19509",0.613229018492176,"Positive"
"K03638","K03735",0.641820768136558,"Positive"
"K03638","K03736",0.641820768136558,"Positive"
"K03638","K04719",0.605376955903272,"Positive"
"K03638","K07141",0.845092460881935,"Positive"
"K03638","K07165",0.625462304409673,"Positive"
"K03638","K07215",0.625547652916074,"Positive"
"K03638","K07248",0.654224751066856,"Positive"
"K03638","K07250",0.758293029871977,"Positive"
"K03638","K07708",0.602162162162162,"Positive"
"K03638","K08261",0.63226173541963,"Positive"
"K03638","K08738",0.655362731152205,"Positive"
"K03638","K08967",0.61348506401138,"Positive"
"K03638","K09690",0.637041251778094,"Positive"
"K03638","K09691",0.637041251778094,"Positive"
"K03638","K11645",0.742588904694168,"Positive"
"K03638","K13408",0.620967283072546,"Positive"
"K03638","K13409",0.621678520625889,"Positive"
"K03638","K13472",0.634224751066856,"Positive"
"K03638","K13481",0.888307254623044,"Positive"
"K03638","K13482",0.881109530583215,"Positive"
"K03649","K05780",0.606657183499289,"Positive"
"K03649","K06073",0.663470839260313,"Positive"
"K03649","K06074",0.663470839260313,"Positive"
"K03649","K06159",0.95724039829303,"Positive"
"K03649","K06606",0.770384068278805,"Positive"
"K03649","K07026",0.625376955903272,"Positive"
"K03649","K07232",0.624438122332859,"Positive"
"K03649","K07246",0.704665718349929,"Positive"
"K03649","K07643",0.627055476529161,"Positive"
"K03649","K07674",0.737980085348506,"Positive"
"K03649","K07679",0.792603129445235,"Positive"
"K03649","K07688",0.775533428165007,"Positive"
"K03649","K07690",0.726201991465149,"Positive"
"K03649","K07701",0.978492176386913,"Positive"
"K03649","K07703",0.97778093883357,"Positive"
"K03649","K07781",0.877923186344239,"Positive"
"K03649","K07782",0.928563300142248,"Positive"
"K03649","K08322",0.770071123755334,"Positive"
"K03649","K08323",0.661337126600285,"Positive"
"K03649","K08351",0.82375533428165,"Positive"
"K03649","K08723",0.778833570412518,"Positive"
"K03649","K09470",0.825206258890469,"Positive"
"K03649","K09473",0.82850640113798,"Positive"
"K03649","K09475",0.625718349928876,"Positive"
"K03649","K09988",0.649416785206259,"Positive"
"K03649","K09996",0.733342816500711,"Positive"
"K03649","K10537",0.801081081081081,"Positive"
"K03649","K10538",0.801081081081081,"Positive"
"K03649","K10539",0.801081081081081,"Positive"
"K03649","K10543",0.722958748221906,"Positive"
"K03649","K10544",0.724551920341394,"Positive"
"K03649","K10545",0.724551920341394,"Positive"
"K03649","K11890",0.8225320056899,"Positive"
"K03649","K13574",0.76153627311522,"Positive"
"K03649","K13632",0.786088193456615,"Positive"
"K03649","K13816",0.628790896159317,"Positive"
"K03649","K13889",0.675448079658606,"Positive"
"K03649","K13891",0.677382645803698,"Positive"
"K03649","K13892",0.816529160739687,"Positive"
"K03649","K14051",0.737809388335704,"Positive"
"K03649","K15598",0.604096728307255,"Positive"
"K03649","K15599",0.604096728307255,"Positive"
"K03649","K15600",0.607396870554765,"Positive"
"K03649","K16703",0.644466571834993,"Positive"
"K03649","K16710",0.644466571834993,"Positive"
"K03649","K17195",0.737524893314367,"Positive"
"K03649","K17202",0.71823613086771,"Positive"
"K03649","K17203",0.71823613086771,"Positive"
"K03649","K17204",0.71823613086771,"Positive"
"K03649","K17213",0.72176386913229,"Positive"
"K03649","K17214",0.716330014224751,"Positive"
"K03649","K17215",0.716330014224751,"Positive"
"K03649","K18324",0.881820768136558,"Positive"
"K03649","K18326",0.915675675675676,"Positive"
"K03649","K19354",0.676671408250356,"Positive"
"K03651","K03732",0.98674253200569,"Positive"
"K03651","K05365",0.932830725462304,"Positive"
"K03651","K05851",0.642275960170697,"Positive"
"K03651","K06879",0.872432432432432,"Positive"
"K03651","K07235",1,"Positive"
"K03651","K07236",0.760483641536273,"Positive"
"K03651","K07237",0.760483641536273,"Positive"
"K03651","K07639",0.832347083926031,"Positive"
"K03651","K07642",0.653143669985775,"Positive"
"K03651","K07661",0.832347083926031,"Positive"
"K03651","K07664",0.652091038406828,"Positive"
"K03651","K07678",0.711607396870555,"Positive"
"K03651","K08312",0.646059743954481,"Positive"
"K03651","K08484",0.737183499288762,"Positive"
"K03651","K08485",0.655618776671408,"Positive"
"K03651","K09913",0.713940256045519,"Positive"
"K03651","K10001",0.674196301564723,"Positive"
"K03651","K10002",0.695988620199147,"Positive"
"K03651","K10003",0.695988620199147,"Positive"
"K03651","K10004",0.702901849217639,"Positive"
"K03651","K10026",0.707197724039829,"Positive"
"K03651","K10914",0.939743954480797,"Positive"
"K03651","K11179",1,"Positive"
"K03651","K11183",0.915874822190612,"Positive"
"K03651","K11900",0.697411095305832,"Positive"
"K03651","K11901",0.67425320056899,"Positive"
"K03651","K11903",0.681024182076814,"Positive"
"K03651","K11907",0.67977240398293,"Positive"
"K03651","K12339",0.713541963015647,"Positive"
"K03651","K13378",0.661109530583215,"Positive"
"K03651","K18800",0.749530583214794,"Positive"
"K03732","K05365",0.948591749644381,"Positive"
"K03732","K05851",0.635618776671408,"Positive"
"K03732","K06879",0.86927453769559,"Positive"
"K03732","K07235",0.98674253200569,"Positive"
"K03732","K07236",0.754879089615932,"Positive"
"K03732","K07237",0.754879089615932,"Positive"
"K03732","K07639",0.844068278805121,"Positive"
"K03732","K07642",0.64651493598862,"Positive"
"K03732","K07661",0.844068278805121,"Positive"
"K03732","K07664",0.646884779516358,"Positive"
"K03732","K07678",0.694992887624467,"Positive"
"K03732","K08312",0.659743954480797,"Positive"
"K03732","K08484",0.734110953058322,"Positive"
"K03732","K08485",0.637980085348506,"Positive"
"K03732","K09913",0.702958748221906,"Positive"
"K03732","K10001",0.682304409672831,"Positive"
"K03732","K10002",0.704637268847795,"Positive"
"K03732","K10003",0.704637268847795,"Positive"
"K03732","K10004",0.711408250355619,"Positive"
"K03732","K10026",0.719573257467994,"Positive"
"K03732","K10914",0.941137980085349,"Positive"
"K03732","K11179",0.98674253200569,"Positive"
"K03732","K11183",0.936216216216216,"Positive"
"K03732","K11900",0.691806543385491,"Positive"
"K03732","K11901",0.665120910384068,"Positive"
"K03732","K11903",0.671379800853485,"Positive"
"K03732","K11907",0.67126600284495,"Positive"
"K03732","K12339",0.702844950213371,"Positive"
"K03732","K13378",0.639971550497866,"Positive"
"K03732","K15777",0.602332859174964,"Positive"
"K03732","K18800",0.754708392603129,"Positive"
"K03735","K03736",1,"Positive"
"K03735","K07248",0.965917496443812,"Positive"
"K03735","K07250",0.618947368421053,"Positive"
"K03735","K08261",0.619971550497866,"Positive"
"K03735","K08738",0.626998577524893,"Positive"
"K03735","K13481",0.755675675675676,"Positive"
"K03735","K13482",0.760085348506401,"Positive"
"K03735","K19743",0.678378378378378,"Positive"
"K03736","K07248",0.965917496443812,"Positive"
"K03736","K07250",0.618947368421053,"Positive"
"K03736","K08261",0.619971550497866,"Positive"
"K03736","K08738",0.626998577524893,"Positive"
"K03736","K13481",0.755675675675676,"Positive"
"K03736","K13482",0.760085348506401,"Positive"
"K03736","K19743",0.678378378378378,"Positive"
"K03776","K07226",0.643584637268848,"Positive"
"K03776","K09471",0.626913229018492,"Positive"
"K03776","K12256",0.740312944523471,"Positive"
"K03776","K15125",0.632688477951636,"Positive"
"K03780","K07683",0.70099573257468,"Positive"
"K03780","K11623",0.70421052631579,"Positive"
"K03780","K11624",0.70421052631579,"Positive"
"K03780","K11625",0.821308677098151,"Positive"
"K03780","K13919",0.716216216216216,"Positive"
"K03780","K13920",0.716216216216216,"Positive"
"K03780","K14422",0.954110953058321,"Positive"
"K03780","K16937",0.658918918918919,"Positive"
"K03780","K16961",0.672603129445235,"Positive"
"K03780","K17722",0.703499288762447,"Positive"
"K03780","K17950",0.700654338549075,"Positive"
"K03780","K19349",0.70421052631579,"Positive"
"K03782","K05297",0.803698435277383,"Positive"
"K03782","K08325",0.876529160739687,"Positive"
"K03782","K09688",0.834139402560455,"Positive"
"K03782","K09689",0.856557610241821,"Positive"
"K03782","K10107",0.834651493598862,"Positive"
"K03782","K12979",0.839743954480797,"Positive"
"K03782","K13940",0.801906116642959,"Positive"
"K03782","K18240",0.852204836415363,"Positive"
"K03788","K08350",0.650753911806543,"Positive"
"K03788","K10555",0.661877667140825,"Positive"
"K03788","K10557",0.661877667140825,"Positive"
"K03788","K10558",0.661877667140825,"Positive"
"K03788","K11531",0.661877667140825,"Positive"
"K03821","K05973",0.916130867709815,"Positive"
"K03825","K05522",0.611123755334282,"Positive"
"K03825","K06443",0.708648648648649,"Positive"
"K03825","K06858",0.726002844950213,"Positive"
"K03825","K07178",0.664438122332859,"Positive"
"K03825","K07643",0.669046941678521,"Positive"
"K03825","K09475",0.688591749644381,"Positive"
"K03825","K10108",0.808534850640114,"Positive"
"K03825","K10109",0.813342816500711,"Positive"
"K03825","K10110",0.813342816500711,"Positive"
"K03825","K15577",0.728392603129445,"Positive"
"K03825","K15578",0.728392603129445,"Positive"
"K03862","K05297",0.679914651493599,"Positive"
"K03862","K13940",0.663413940256045,"Positive"
"K03863","K07346",0.635647226173542,"Positive"
"K03863","K10013",0.756443812233286,"Positive"
"K03863","K10857",0.746856330014225,"Positive"
"K03863","K11931",0.763556187766714,"Positive"
"K03863","K12957",0.842560455192034,"Positive"
"K03863","K13522",0.836102418207681,"Positive"
"K03863","K14159",0.741422475106686,"Positive"
"K03863","K16839",0.79348506401138,"Positive"
"K03863","K16840",0.889786628733997,"Positive"
"K03863","K16841",0.786031294452347,"Positive"
"K03863","K16842",0.855163584637269,"Positive"
"K03863","K17228",0.774196301564723,"Positive"
"K03863","K18137",0.741422475106686,"Positive"
"K03863","K18147",0.741422475106686,"Positive"
"K03972","K04561",0.866059743954481,"Positive"
"K03972","K05549",0.696500711237553,"Positive"
"K03972","K05550",0.696500711237553,"Positive"
"K03972","K05783",0.696500711237553,"Positive"
"K03972","K05784",0.696500711237553,"Positive"
"K03972","K06001",0.609189189189189,"Positive"
"K03972","K06985",0.708307254623044,"Positive"
"K03972","K07589",0.652859174964438,"Positive"
"K03972","K07810",0.641280227596017,"Positive"
"K03972","K07823",0.719431009957326,"Positive"
"K03972","K10125",0.719487908961593,"Positive"
"K03972","K10126",0.719118065433855,"Positive"
"K03972","K10942",0.727083926031294,"Positive"
"K03972","K10943",0.751066856330014,"Positive"
"K03972","K11384",0.731351351351351,"Positive"
"K03972","K11689",0.678406827880512,"Positive"
"K03972","K12254",0.731351351351351,"Positive"
"K03972","K13541",0.627567567567568,"Positive"
"K03972","K13590",0.814850640113798,"Positive"
"K03972","K14268",0.714793741109531,"Positive"
"K03972","K15408",0.747766714082504,"Positive"
"K03972","K15864",0.687567567567568,"Positive"
"K03972","K16370",0.621792318634424,"Positive"
"K03972","K17226",0.730583214793741,"Positive"
"K03972","K17315",0.697610241820768,"Positive"
"K03972","K17316",0.697183499288762,"Positive"
"K03972","K17317",0.697183499288762,"Positive"
"K03972","K18291",0.645718349928876,"Positive"
"K03972","K18930",0.765889046941678,"Positive"
"K03972","K18981",0.716415362731152,"Positive"
"K03972","K19340",0.81823613086771,"Positive"
"K03972","K19341",0.706344238975818,"Positive"
"K03972","K19609",0.71402560455192,"Positive"
"K03972","K19610",0.71402560455192,"Positive"
"K03972","K19713",0.844637268847795,"Positive"
"K04058","K12536",0.710697012802276,"Positive"
"K04058","K12973",0.658492176386913,"Positive"
"K04058","K13060",0.710697012802276,"Positive"
"K04058","K19236",0.659715504978663,"Positive"
"K04067","K05368",0.735846372688478,"Positive"
"K04067","K05776",0.967937411095306,"Positive"
"K04067","K05851",0.762446657183499,"Positive"
"K04067","K05939",0.865547652916074,"Positive"
"K04067","K06080",0.735846372688478,"Positive"
"K04067","K06211",0.992546230440967,"Positive"
"K04067","K06223",0.869530583214794,"Positive"
"K04067","K07236",0.666884779516358,"Positive"
"K04067","K07237",0.666884779516358,"Positive"
"K04067","K07251",0.735846372688478,"Positive"
"K04067","K07264",0.709046941678521,"Positive"
"K04067","K07640",0.995903271692745,"Positive"
"K04067","K07648",0.908790896159317,"Positive"
"K04067","K07676",0.735846372688478,"Positive"
"K04067","K07677",0.720654338549075,"Positive"
"K04067","K07687",0.732375533428165,"Positive"
"K04067","K07689",0.732631578947368,"Positive"
"K04067","K07711",0.628307254623044,"Positive"
"K04067","K07715",0.728705547652916,"Positive"
"K04067","K07751",0.995903271692745,"Positive"
"K04067","K07771",0.723584637268848,"Positive"
"K04067","K07773",0.908790896159317,"Positive"
"K04067","K07806",0.712432432432432,"Positive"
"K04067","K08682",0.743556187766714,"Positive"
"K04067","K08722",0.923385490753912,"Positive"
"K04067","K09476",0.992660028449502,"Positive"
"K04067","K09997",0.995903271692745,"Positive"
"K04067","K09998",0.993826458036984,"Positive"
"K04067","K09999",0.993826458036984,"Positive"
"K04067","K10000",0.993826458036984,"Positive"
"K04067","K10002",0.600426742532006,"Positive"
"K04067","K10003",0.600426742532006,"Positive"
"K04067","K10004",0.623669985775249,"Positive"
"K04067","K10011",0.718520625889047,"Positive"
"K04067","K10012",0.712432432432432,"Positive"
"K04067","K11258",0.926287339971551,"Positive"
"K04067","K11604",0.694879089615932,"Positive"
"K04067","K11605",0.694879089615932,"Positive"
"K04067","K11606",0.694879089615932,"Positive"
"K04067","K11607",0.694879089615932,"Positive"
"K04067","K11751",0.876102418207681,"Positive"
"K04067","K11891",0.66022759601707,"Positive"
"K04067","K11892",0.667908961593172,"Positive"
"K04067","K11893",0.662844950213371,"Positive"
"K04067","K11900",0.630213371266003,"Positive"
"K04067","K11901",0.654992887624467,"Positive"
"K04067","K11903",0.671123755334282,"Positive"
"K04067","K11907",0.651038406827881,"Positive"
"K04067","K12152",0.908705547652916,"Positive"
"K04067","K12368",0.738691322901849,"Positive"
"K04067","K12369",0.760398293029872,"Positive"
"K04067","K12370",0.760398293029872,"Positive"
"K04067","K12371",0.760398293029872,"Positive"
"K04067","K12372",0.760398293029872,"Positive"
"K04067","K12524",0.854366998577525,"Positive"
"K04067","K12525",0.735846372688478,"Positive"
"K04067","K12582",0.735846372688478,"Positive"
"K04067","K12962",0.712432432432432,"Positive"
"K04067","K12963",0.712432432432432,"Positive"
"K04067","K12973",0.634281650071124,"Positive"
"K04067","K12974",0.694736842105263,"Positive"
"K04067","K12975",0.697211948790896,"Positive"
"K04067","K13014",0.712432432432432,"Positive"
"K04067","K13301",0.735846372688478,"Positive"
"K04067","K13498",0.993371266002845,"Positive"
"K04067","K14187",0.995903271692745,"Positive"
"K04067","K15125",0.633115220483642,"Positive"
"K04067","K16704",0.735846372688478,"Positive"
"K04067","K18800",0.664580369843528,"Positive"
"K04067","K19222",0.663442389758179,"Positive"
"K04067","K19226",0.735931721194879,"Positive"
"K04067","K19227",0.995903271692745,"Positive"
"K04067","K19228",0.995903271692745,"Positive"
"K04067","K19229",0.995903271692745,"Positive"
"K04067","K19230",0.995049786628734,"Positive"
"K04067","K19236",0.638862019914652,"Positive"
"K04067","K19270",0.640256045519203,"Positive"
"K04093","K07345",0.694679943100996,"Positive"
"K04093","K07347",0.678492176386913,"Positive"
"K04093","K07642",0.854566145092461,"Positive"
"K04093","K07664",0.851806543385491,"Positive"
"K04093","K07823",-0.625291607396871,"Negative"
"K04093","K08485",0.821849217638691,"Positive"
"K04093","K10001",0.776130867709815,"Positive"
"K04093","K10002",0.755647226173542,"Positive"
"K04093","K10003",0.755647226173542,"Positive"
"K04093","K10004",0.739800853485064,"Positive"
"K04093","K10013",0.65402560455192,"Positive"
"K04093","K10014",0.817496443812233,"Positive"
"K04093","K10015",0.831834992887624,"Positive"
"K04093","K10016",0.816216216216216,"Positive"
"K04093","K10017",0.830753911806543,"Positive"
"K04093","K10036",0.790156472261735,"Positive"
"K04093","K10037",0.823840682788051,"Positive"
"K04093","K10038",0.823328591749644,"Positive"
"K04093","K10942",-0.619658605974395,"Negative"
"K04093","K10943",-0.628307254623044,"Negative"
"K04093","K11384",-0.619630156472262,"Negative"
"K04093","K11931",0.63647226173542,"Positive"
"K04093","K12254",-0.619630156472262,"Negative"
"K04093","K12957",0.653513513513513,"Positive"
"K04093","K13378",0.660170697012802,"Positive"
"K04093","K15408",-0.621137980085348,"Negative"
"K04093","K15777",0.711607396870555,"Positive"
"K04093","K16841",0.610896159317212,"Positive"
"K04093","K16842",0.657610241820768,"Positive"
"K04093","K17226",-0.619658605974395,"Negative"
"K04093","K17228",0.674167852062589,"Positive"
"K04093","K17315",-0.610327169274538,"Negative"
"K04093","K17316",-0.608449502133713,"Negative"
"K04093","K17317",-0.608449502133713,"Negative"
"K04093","K18291",-0.603641536273115,"Negative"
"K04335","K04561",0.611778093883357,"Positive"
"K04335","K05549",0.680199146514936,"Positive"
"K04335","K05550",0.680199146514936,"Positive"
"K04335","K05783",0.680199146514936,"Positive"
"K04335","K05784",0.680199146514936,"Positive"
"K04335","K07589",0.675448079658606,"Positive"
"K04335","K07810",0.825263157894737,"Positive"
"K04335","K07823",0.683926031294452,"Positive"
"K04335","K10125",0.613342816500711,"Positive"
"K04335","K10126",0.610071123755334,"Positive"
"K04335","K10942",0.692802275960171,"Positive"
"K04335","K10943",0.617809388335704,"Positive"
"K04335","K11384",0.715334281650071,"Positive"
"K04335","K11689",0.750896159317212,"Positive"
"K04335","K12254",0.715334281650071,"Positive"
"K04335","K13541",0.637211948790896,"Positive"
"K04335","K14268",0.779857752489331,"Positive"
"K04335","K14596",0.620284495021337,"Positive"
"K04335","K15408",0.696899004267425,"Positive"
"K04335","K15864",0.741678520625889,"Positive"
"K04335","K16370",0.651550497866287,"Positive"
"K04335","K17226",0.716529160739687,"Positive"
"K04335","K17315",0.644580369843528,"Positive"
"K04335","K17316",0.657126600284495,"Positive"
"K04335","K17317",0.657126600284495,"Positive"
"K04335","K18135",0.719886201991465,"Positive"
"K04335","K18291",0.660170697012802,"Positive"
"K04335","K18981",0.658862019914652,"Positive"
"K04335","K19340",0.622076813655761,"Positive"
"K04335","K19341",0.668990042674253,"Positive"
"K04335","K19609",0.724068278805121,"Positive"
"K04335","K19610",0.724068278805121,"Positive"
"K04516","K05362",0.910640113798009,"Positive"
"K04516","K05363",0.914850640113798,"Positive"
"K04516","K07717",0.71724039829303,"Positive"
"K04516","K07719",0.71724039829303,"Positive"
"K04516","K11041",0.897382645803698,"Positive"
"K04516","K11617",0.973684210526316,"Positive"
"K04516","K12296",0.87678520625889,"Positive"
"K04516","K12554",0.627425320056899,"Positive"
"K04516","K12556",0.910981507823613,"Positive"
"K04516","K13677",0.769928876244666,"Positive"
"K04561","K05549",0.66,"Positive"
"K04561","K05550",0.66,"Positive"
"K04561","K05783",0.66,"Positive"
"K04561","K05784",0.66,"Positive"
"K04561","K06985",0.731522048364154,"Positive"
"K04561","K07589",0.641251778093883,"Positive"
"K04561","K07810",0.683499288762447,"Positive"
"K04561","K07823",0.716330014224751,"Positive"
"K04561","K10125",0.709018492176387,"Positive"
"K04561","K10126",0.708250355618777,"Positive"
"K04561","K10747",0.621365576102418,"Positive"
"K04561","K10942",0.70153627311522,"Positive"
"K04561","K10943",0.726913229018492,"Positive"
"K04561","K11384",0.727795163584637,"Positive"
"K04561","K11689",0.676330014224751,"Positive"
"K04561","K12254",0.727795163584637,"Positive"
"K04561","K13541",0.624836415362731,"Positive"
"K04561","K13590",0.828051209103841,"Positive"
"K04561","K14268",0.716159317211949,"Positive"
"K04561","K15408",0.742446657183499,"Positive"
"K04561","K15864",0.776187766714083,"Positive"
"K04561","K16370",0.700398293029872,"Positive"
"K04561","K17226",0.727652916073969,"Positive"
"K04561","K17315",0.688534850640114,"Positive"
"K04561","K17316",0.689900426742532,"Positive"
"K04561","K17317",0.689900426742532,"Positive"
"K04561","K18291",0.663783783783784,"Positive"
"K04561","K18930",0.627624466571835,"Positive"
"K04561","K18981",0.686998577524893,"Positive"
"K04561","K19340",0.969530583214794,"Positive"
"K04561","K19341",0.857524893314367,"Positive"
"K04561","K19609",0.697581792318634,"Positive"
"K04561","K19610",0.697581792318634,"Positive"
"K04561","K19713",0.809871977240398,"Positive"
"K04565","K06134",0.744011379800854,"Positive"
"K04565","K06596",0.719914651493599,"Positive"
"K04565","K07346",0.655334281650071,"Positive"
"K04565","K07639",0.618833570412518,"Positive"
"K04565","K07661",0.618833570412518,"Positive"
"K04565","K09020",0.665945945945946,"Positive"
"K04565","K09913",0.658634423897582,"Positive"
"K04565","K10857",0.626002844950213,"Positive"
"K04565","K11959",0.601536273115221,"Positive"
"K04565","K11961",0.603385490753912,"Positive"
"K04565","K12339",0.664608819345661,"Positive"
"K04565","K13745",0.687226173541963,"Positive"
"K04565","K15553",0.61348506401138,"Positive"
"K04565","K16692",0.758662873399715,"Positive"
"K04565","K16839",0.629359886201991,"Positive"
"K04565","K16841",0.636415362731152,"Positive"
"K04719","K07215",0.633285917496444,"Positive"
"K04719","K08964",0.905945945945946,"Positive"
"K04719","K08967",0.938577524893314,"Positive"
"K04719","K09474",0.881906116642959,"Positive"
"K04719","K09690",0.896443812233286,"Positive"
"K04719","K09691",0.896443812233286,"Positive"
"K04719","K09880",0.905945945945946,"Positive"
"K04719","K13485",0.941194879089616,"Positive"
"K04719","K19743",0.606856330014225,"Positive"
"K04782","K06013",0.703897581792319,"Positive"
"K04782","K07684",0.611778093883357,"Positive"
"K04782","K07710",0.753883357041252,"Positive"
"K04782","K07714",0.753883357041252,"Positive"
"K04782","K08324",0.691351351351351,"Positive"
"K04782","K11003",0.666059743954481,"Positive"
"K04782","K11004",0.666059743954481,"Positive"
"K04782","K12688",0.762788051209104,"Positive"
"K04782","K14026",0.762788051209104,"Positive"
"K04782","K18133",0.75072546230441,"Positive"
"K04782","K18148",0.623271692745377,"Positive"
"K04782","K18369",0.688534850640114,"Positive"
"K05297","K08325",0.736415362731152,"Positive"
"K05297","K09688",0.747994310099573,"Positive"
"K05297","K09689",0.767709815078236,"Positive"
"K05297","K10107",0.747852062588905,"Positive"
"K05297","K12979",0.780853485064011,"Positive"
"K05297","K13940",0.967226173541963,"Positive"
"K05297","K18240",0.767823613086771,"Positive"
"K05306","K05881",0.631550497866287,"Positive"
"K05306","K05921",0.640711237553343,"Positive"
"K05306","K06897",0.645661450924609,"Positive"
"K05306","K08302",0.604182076813656,"Positive"
"K05306","K08320",0.630128022759602,"Positive"
"K05306","K11081",0.672944523470839,"Positive"
"K05306","K11082",0.672944523470839,"Positive"
"K05306","K11083",0.672944523470839,"Positive"
"K05306","K11084",0.672944523470839,"Positive"
"K05306","K12111",0.924694167852063,"Positive"
"K05306","K12112",0.630782361308677,"Positive"
"K05343","K05549",0.635761024182077,"Positive"
"K05343","K05550",0.635761024182077,"Positive"
"K05343","K05783",0.635761024182077,"Positive"
"K05343","K05784",0.635761024182077,"Positive"
"K05343","K06597",0.765433854907539,"Positive"
"K05343","K06598",0.785718349928876,"Positive"
"K05343","K06718",0.668335704125178,"Positive"
"K05343","K06720",0.668335704125178,"Positive"
"K05343","K07589",0.645120910384068,"Positive"
"K05343","K07810",0.671123755334282,"Positive"
"K05343","K07823",0.743129445234708,"Positive"
"K05343","K10125",0.656102418207681,"Positive"
"K05343","K10126",0.655988620199146,"Positive"
"K05343","K10941",0.785718349928876,"Positive"
"K05343","K10942",0.721365576102418,"Positive"
"K05343","K10943",0.66076813655761,"Positive"
"K05343","K10979",0.720853485064011,"Positive"
"K05343","K11384",0.728165007112376,"Positive"
"K05343","K11688",0.711948790896159,"Positive"
"K05343","K11689",0.606884779516358,"Positive"
"K05343","K12254",0.728165007112376,"Positive"
"K05343","K12976",0.642275960170697,"Positive"
"K05343","K13541",0.630355618776671,"Positive"
"K05343","K13590",0.604722617354196,"Positive"
"K05343","K13938",0.652460881934566,"Positive"
"K05343","K14268",0.786770981507824,"Positive"
"K05343","K15373",0.616586059743955,"Positive"
"K05343","K15408",0.642788051209104,"Positive"
"K05343","K16171",0.623897581792319,"Positive"
"K05343","K16370",0.66850640113798,"Positive"
"K05343","K17226",0.727596017069701,"Positive"
"K05343","K17315",0.701621621621622,"Positive"
"K05343","K17316",0.70122332859175,"Positive"
"K05343","K17317",0.70122332859175,"Positive"
"K05343","K18291",0.644409672830725,"Positive"
"K05343","K18292",0.678150782361309,"Positive"
"K05343","K18930",0.623186344238976,"Positive"
"K05343","K18968",0.705405405405405,"Positive"
"K05343","K18981",0.720256045519203,"Positive"
"K05343","K19609",0.726315789473684,"Positive"
"K05343","K19610",0.726315789473684,"Positive"
"K05343","K19696",0.765433854907539,"Positive"
"K05343","K19713",0.617951635846373,"Positive"
"K05362","K05363",0.997297297297297,"Positive"
"K05362","K07717",0.661507823613087,"Positive"
"K05362","K07719",0.661507823613087,"Positive"
"K05362","K11041",0.965433854907539,"Positive"
"K05362","K11617",0.955078236130868,"Positive"
"K05362","K11618",0.608165007112376,"Positive"
"K05362","K12296",0.963015647226173,"Positive"
"K05362","K12554",0.695334281650071,"Positive"
"K05362","K12556",0.999943100995733,"Positive"
"K05362","K13677",0.791578947368421,"Positive"
"K05363","K07717",0.660739687055476,"Positive"
"K05363","K07719",0.660739687055476,"Positive"
"K05363","K11041",0.967652916073969,"Positive"
"K05363","K11617",0.953598862019915,"Positive"
"K05363","K11618",0.6150213371266,"Positive"
"K05363","K12296",0.964665718349929,"Positive"
"K05363","K12554",0.69402560455192,"Positive"
"K05363","K12556",0.997411095305832,"Positive"
"K05363","K13677",0.781706970128023,"Positive"
"K05364","K07717",0.668022759601707,"Positive"
"K05364","K07719",0.668022759601707,"Positive"
"K05365","K05851",0.691209103840683,"Positive"
"K05365","K06879",0.816073968705548,"Positive"
"K05365","K07235",0.932830725462304,"Positive"
"K05365","K07236",0.694366998577525,"Positive"
"K05365","K07237",0.694366998577525,"Positive"
"K05365","K07639",0.788335704125178,"Positive"
"K05365","K07661",0.788335704125178,"Positive"
"K05365","K07665",0.608335704125178,"Positive"
"K05365","K07678",0.756756756756757,"Positive"
"K05365","K08484",0.797667140825036,"Positive"
"K05365","K08485",0.672005689900427,"Positive"
"K05365","K09913",0.651351351351351,"Positive"
"K05365","K10001",0.720028449502134,"Positive"
"K05365","K10002",0.744580369843528,"Positive"
"K05365","K10003",0.744580369843528,"Positive"
"K05365","K10004",0.75027027027027,"Positive"
"K05365","K10026",0.778691322901849,"Positive"
"K05365","K10036",0.629615931721195,"Positive"
"K05365","K10914",0.990640113798009,"Positive"
"K05365","K11179",0.932830725462304,"Positive"
"K05365","K11183",0.876301564722617,"Positive"
"K05365","K11900",0.743186344238976,"Positive"
"K05365","K11901",0.724637268847795,"Positive"
"K05365","K11903",0.726657183499289,"Positive"
"K05365","K11907",0.727652916073969,"Positive"
"K05365","K12339",0.652347083926031,"Positive"
"K05365","K18800",0.693911806543385,"Positive"
"K05368","K05601",0.606856330014225,"Positive"
"K05368","K05776",0.716386913229018,"Positive"
"K05368","K05874",0.773997155049787,"Positive"
"K05368","K05939",0.866315789473684,"Positive"
"K05368","K06073",0.603897581792319,"Positive"
"K05368","K06074",0.603897581792319,"Positive"
"K05368","K06080",1,"Positive"
"K05368","K06211",0.721621621621622,"Positive"
"K05368","K06223",0.614679943100996,"Positive"
"K05368","K06447",0.793229018492176,"Positive"
"K05368","K07251",1,"Positive"
"K05368","K07264",0.964125177809388,"Positive"
"K05368","K07345",0.739402560455192,"Positive"
"K05368","K07347",0.662389758179232,"Positive"
"K05368","K07640",0.74076813655761,"Positive"
"K05368","K07643",0.639829302987198,"Positive"
"K05368","K07648",0.831522048364154,"Positive"
"K05368","K07676",1,"Positive"
"K05368","K07677",0.966941678520626,"Positive"
"K05368","K07687",0.991578947368421,"Positive"
"K05368","K07689",0.99271692745377,"Positive"
"K05368","K07711",0.871607396870555,"Positive"
"K05368","K07715",0.986714082503556,"Positive"
"K05368","K07751",0.74076813655761,"Positive"
"K05368","K07771",0.958264580369844,"Positive"
"K05368","K07773",0.831522048364154,"Positive"
"K05368","K07806",0.965604551920341,"Positive"
"K05368","K08682",0.988022759601707,"Positive"
"K05368","K08722",0.651379800853485,"Positive"
"K05368","K09475",0.638520625889047,"Positive"
"K05368","K09476",0.7425320056899,"Positive"
"K05368","K09996",0.604921763869132,"Positive"
"K05368","K09997",0.74076813655761,"Positive"
"K05368","K09998",0.733229018492176,"Positive"
"K05368","K09999",0.733229018492176,"Positive"
"K05368","K10000",0.733229018492176,"Positive"
"K05368","K10011",0.964381223328592,"Positive"
"K05368","K10012",0.965604551920341,"Positive"
"K05368","K10014",0.628307254623044,"Positive"
"K05368","K10015",0.62927453769559,"Positive"
"K05368","K10016",0.63049786628734,"Positive"
"K05368","K10017",0.627339971550498,"Positive"
"K05368","K10037",0.631294452347084,"Positive"
"K05368","K10038",0.63149359886202,"Positive"
"K05368","K11258",0.652204836415363,"Positive"
"K05368","K11891",0.678605974395448,"Positive"
"K05368","K11892",0.692318634423898,"Positive"
"K05368","K11893",0.676073968705548,"Positive"
"K05368","K12152",0.831607396870555,"Positive"
"K05368","K12368",0.741593172119488,"Positive"
"K05368","K12369",0.778463726884779,"Positive"
"K05368","K12370",0.778463726884779,"Positive"
"K05368","K12371",0.778463726884779,"Positive"
"K05368","K12372",0.778463726884779,"Positive"
"K05368","K12525",1,"Positive"
"K05368","K12582",1,"Positive"
"K05368","K12962",0.965604551920341,"Positive"
"K05368","K12963",0.965604551920341,"Positive"
"K05368","K12973",0.847795163584637,"Positive"
"K05368","K12974",0.94873399715505,"Positive"
"K05368","K12975",0.95172119487909,"Positive"
"K05368","K13014",0.965604551920341,"Positive"
"K05368","K13301",1,"Positive"
"K05368","K13498",0.731009957325747,"Positive"
"K05368","K14187",0.74076813655761,"Positive"
"K05368","K16704",1,"Positive"
"K05368","K18889",0.747055476529161,"Positive"
"K05368","K18890",0.747055476529161,"Positive"
"K05368","K19222",0.95724039829303,"Positive"
"K05368","K19226",0.999914651493599,"Positive"
"K05368","K19227",0.74076813655761,"Positive"
"K05368","K19228",0.74076813655761,"Positive"
"K05368","K19229",0.74076813655761,"Positive"
"K05368","K19230",0.74022759601707,"Positive"
"K05368","K19236",0.844495021337127,"Positive"
"K05368","K19270",0.902617354196302,"Positive"
"K05522","K06443",0.617268847795164,"Positive"
"K05522","K07119",0.689957325746799,"Positive"
"K05522","K07178",0.659914651493599,"Positive"
"K05522","K07649",0.70375533428165,"Positive"
"K05522","K07774",0.79072546230441,"Positive"
"K05522","K07793",0.687852062588905,"Positive"
"K05522","K07794",0.676671408250356,"Positive"
"K05522","K07795",0.678862019914651,"Positive"
"K05522","K09969",0.611379800853485,"Positive"
"K05522","K09970",0.622133712660028,"Positive"
"K05522","K09971",0.622133712660028,"Positive"
"K05522","K10108",0.643300142247511,"Positive"
"K05522","K10109",0.65072546230441,"Positive"
"K05522","K10110",0.65072546230441,"Positive"
"K05522","K10227",0.617439544807966,"Positive"
"K05522","K13938",0.69877667140825,"Positive"
"K05522","K15576",0.818833570412518,"Positive"
"K05522","K15577",0.692432432432432,"Positive"
"K05522","K15578",0.692432432432432,"Positive"
"K05523","K05881",0.656614509246088,"Positive"
"K05523","K05921",0.607937411095306,"Positive"
"K05523","K06159",0.639118065433855,"Positive"
"K05523","K06606",0.74597439544808,"Positive"
"K05523","K07679",0.619573257467994,"Positive"
"K05523","K07701",0.610184921763869,"Positive"
"K05523","K07703",0.616756756756757,"Positive"
"K05523","K07781",0.726657183499289,"Positive"
"K05523","K07782",0.631351351351351,"Positive"
"K05523","K08322",0.609445234708393,"Positive"
"K05523","K11081",0.649587482219061,"Positive"
"K05523","K11082",0.649587482219061,"Positive"
"K05523","K11083",0.649587482219061,"Positive"
"K05523","K11084",0.649587482219061,"Positive"
"K05523","K11890",0.67800853485064,"Positive"
"K05523","K13574",0.729331436699858,"Positive"
"K05523","K17195",0.884495021337127,"Positive"
"K05523","K17213",0.725348506401138,"Positive"
"K05523","K17214",0.740654338549075,"Positive"
"K05523","K17215",0.740654338549075,"Positive"
"K05523","K17850",0.656927453769559,"Positive"
"K05523","K18324",0.72674253200569,"Positive"
"K05523","K18326",0.680825035561878,"Positive"
"K05523","K18334",0.662162162162162,"Positive"
"K05523","K19354",0.627994310099573,"Positive"
"K05526","K06163",0.712688477951636,"Positive"
"K05526","K06164",0.712688477951636,"Positive"
"K05526","K06165",0.712688477951636,"Positive"
"K05526","K06166",0.712688477951636,"Positive"
"K05526","K06445",0.816159317211949,"Positive"
"K05526","K06447",0.736870554765292,"Positive"
"K05526","K06858",0.797354196301565,"Positive"
"K05526","K07236",0.612176386913229,"Positive"
"K05526","K07237",0.612176386913229,"Positive"
"K05526","K07637",0.829189189189189,"Positive"
"K05526","K07660",0.826571834992888,"Positive"
"K05526","K07711",0.64773826458037,"Positive"
"K05526","K08312",0.689672830725462,"Positive"
"K05526","K10111",0.762275960170697,"Positive"
"K05526","K12251",0.743726884779516,"Positive"
"K05526","K18800",0.609672830725462,"Positive"
"K05549","K05550",1,"Positive"
"K05549","K05783",1,"Positive"
"K05549","K05784",1,"Positive"
"K05549","K06001",0.635988620199146,"Positive"
"K05549","K06597",0.643840682788051,"Positive"
"K05549","K06598",0.650241820768137,"Positive"
"K05549","K06718",0.624409672830725,"Positive"
"K05549","K06720",0.624409672830725,"Positive"
"K05549","K06985",0.676813655761024,"Positive"
"K05549","K07589",0.775106685633001,"Positive"
"K05549","K07810",0.817496443812233,"Positive"
"K05549","K07823",0.899288762446657,"Positive"
"K05549","K10125",0.862105263157895,"Positive"
"K05549","K10126",0.861308677098151,"Positive"
"K05549","K10941",0.650241820768137,"Positive"
"K05549","K10942",0.91348506401138,"Positive"
"K05549","K10943",0.881792318634424,"Positive"
"K05549","K11384",0.914879089615932,"Positive"
"K05549","K11604",-0.623044096728307,"Negative"
"K05549","K11605",-0.623044096728307,"Negative"
"K05549","K11606",-0.623044096728307,"Negative"
"K05549","K11607",-0.623044096728307,"Negative"
"K05549","K11688",0.680113798008535,"Positive"
"K05549","K11689",0.775305832147937,"Positive"
"K05549","K11751",-0.640853485064011,"Negative"
"K05549","K12254",0.914879089615932,"Positive"
"K05549","K13541",0.814964438122333,"Positive"
"K05549","K13590",0.76221906116643,"Positive"
"K05549","K14268",0.847908961593172,"Positive"
"K05549","K15408",0.882389758179232,"Positive"
"K05549","K15864",0.670896159317212,"Positive"
"K05549","K16370",0.679345661450925,"Positive"
"K05549","K17226",0.914452347083926,"Positive"
"K05549","K17315",0.878150782361309,"Positive"
"K05549","K17316",0.880142247510669,"Positive"
"K05549","K17317",0.880142247510669,"Positive"
"K05549","K17838",0.655078236130868,"Positive"
"K05549","K18135",0.737894736842105,"Positive"
"K05549","K18291",0.837667140825036,"Positive"
"K05549","K18292",0.628193456614509,"Positive"
"K05549","K18889",-0.601024182076814,"Negative"
"K05549","K18890",-0.601024182076814,"Negative"
"K05549","K18930",0.722674253200569,"Positive"
"K05549","K18981",0.890782361308677,"Positive"
"K05549","K19340",0.601877667140825,"Positive"
"K05549","K19341",0.680568990042674,"Positive"
"K05549","K19609",0.894167852062589,"Positive"
"K05549","K19610",0.894167852062589,"Positive"
"K05549","K19696",0.643840682788051,"Positive"
"K05549","K19713",0.745234708392603,"Positive"
"K05550","K05783",1,"Positive"
"K05550","K05784",1,"Positive"
"K05550","K06001",0.635988620199146,"Positive"
"K05550","K06597",0.643840682788051,"Positive"
"K05550","K06598",0.650241820768137,"Positive"
"K05550","K06718",0.624409672830725,"Positive"
"K05550","K06720",0.624409672830725,"Positive"
"K05550","K06985",0.676813655761024,"Positive"
"K05550","K07589",0.775106685633001,"Positive"
"K05550","K07810",0.817496443812233,"Positive"
"K05550","K07823",0.899288762446657,"Positive"
"K05550","K10125",0.862105263157895,"Positive"
"K05550","K10126",0.861308677098151,"Positive"
"K05550","K10941",0.650241820768137,"Positive"
"K05550","K10942",0.91348506401138,"Positive"
"K05550","K10943",0.881792318634424,"Positive"
"K05550","K11384",0.914879089615932,"Positive"
"K05550","K11604",-0.623044096728307,"Negative"
"K05550","K11605",-0.623044096728307,"Negative"
"K05550","K11606",-0.623044096728307,"Negative"
"K05550","K11607",-0.623044096728307,"Negative"
"K05550","K11688",0.680113798008535,"Positive"
"K05550","K11689",0.775305832147937,"Positive"
"K05550","K11751",-0.640853485064011,"Negative"
"K05550","K12254",0.914879089615932,"Positive"
"K05550","K13541",0.814964438122333,"Positive"
"K05550","K13590",0.76221906116643,"Positive"
"K05550","K14268",0.847908961593172,"Positive"
"K05550","K15408",0.882389758179232,"Positive"
"K05550","K15864",0.670896159317212,"Positive"
"K05550","K16370",0.679345661450925,"Positive"
"K05550","K17226",0.914452347083926,"Positive"
"K05550","K17315",0.878150782361309,"Positive"
"K05550","K17316",0.880142247510669,"Positive"
"K05550","K17317",0.880142247510669,"Positive"
"K05550","K17838",0.655078236130868,"Positive"
"K05550","K18135",0.737894736842105,"Positive"
"K05550","K18291",0.837667140825036,"Positive"
"K05550","K18292",0.628193456614509,"Positive"
"K05550","K18889",-0.601024182076814,"Negative"
"K05550","K18890",-0.601024182076814,"Negative"
"K05550","K18930",0.722674253200569,"Positive"
"K05550","K18981",0.890782361308677,"Positive"
"K05550","K19340",0.601877667140825,"Positive"
"K05550","K19341",0.680568990042674,"Positive"
"K05550","K19609",0.894167852062589,"Positive"
"K05550","K19610",0.894167852062589,"Positive"
"K05550","K19696",0.643840682788051,"Positive"
"K05550","K19713",0.745234708392603,"Positive"
"K05601","K06080",0.606856330014225,"Positive"
"K05601","K07251",0.606856330014225,"Positive"
"K05601","K07264",0.629160739687055,"Positive"
"K05601","K07676",0.606856330014225,"Positive"
"K05601","K07687",0.603357041251778,"Positive"
"K05601","K07689",0.600113798008535,"Positive"
"K05601","K07771",0.625462304409673,"Positive"
"K05601","K07792",0.690014224751067,"Positive"
"K05601","K07806",0.624096728307255,"Positive"
"K05601","K08682",0.60298719772404,"Positive"
"K05601","K10011",0.625234708392603,"Positive"
"K05601","K10012",0.624096728307255,"Positive"
"K05601","K12525",0.606856330014225,"Positive"
"K05601","K12582",0.606856330014225,"Positive"
"K05601","K12962",0.624096728307255,"Positive"
"K05601","K12963",0.624096728307255,"Positive"
"K05601","K13014",0.624096728307255,"Positive"
"K05601","K13301",0.606856330014225,"Positive"
"K05601","K16704",0.606856330014225,"Positive"
"K05601","K19226",0.606770981507824,"Positive"
"K05603","K05780",0.668136557610242,"Positive"
"K05603","K05875",0.784779516358464,"Positive"
"K05603","K05876",0.649018492176387,"Positive"
"K05603","K06073",0.737211948790896,"Positive"
"K05603","K06074",0.737211948790896,"Positive"
"K05603","K06162",0.671550497866287,"Positive"
"K05603","K06606",0.611209103840683,"Positive"
"K05603","K07679",0.603015647226174,"Positive"
"K05603","K09996",0.770298719772404,"Positive"
"K05603","K10540",0.708051209103841,"Positive"
"K05603","K10541",0.708051209103841,"Positive"
"K05603","K10542",0.708051209103841,"Positive"
"K05603","K12973",0.600881934566145,"Positive"
"K05603","K13060",0.634167852062589,"Positive"
"K05603","K17213",0.702503556187767,"Positive"
"K05603","K17214",0.677695590327169,"Positive"
"K05603","K17215",0.677695590327169,"Positive"
"K05603","K18697",0.687567567567568,"Positive"
"K05606","K06208",0.809018492176387,"Positive"
"K05606","K06209",0.650355618776671,"Positive"
"K05606","K06281",0.764694167852063,"Positive"
"K05606","K06282",0.764694167852063,"Positive"
"K05606","K07588",0.869843527738265,"Positive"
"K05606","K07590",0.741109530583215,"Positive"
"K05606","K07720",0.690298719772404,"Positive"
"K05606","K08384",0.809018492176387,"Positive"
"K05606","K10206",0.816500711237553,"Positive"
"K05606","K11358",0.748904694167852,"Positive"
"K05606","K11782",0.808193456614509,"Positive"
"K05606","K11784",0.808193456614509,"Positive"
"K05606","K12257",0.600113798008535,"Positive"
"K05606","K13818",0.763328591749644,"Positive"
"K05606","K15792",0.832517780938834,"Positive"
"K05606","K16651",0.810298719772404,"Positive"
"K05606","K18285",0.811152204836415,"Positive"
"K05606","K19353",0.681877667140825,"Positive"
"K05710","K06998",0.660568990042674,"Positive"
"K05774","K06163",0.848335704125178,"Positive"
"K05774","K06164",0.848335704125178,"Positive"
"K05774","K06165",0.848335704125178,"Positive"
"K05774","K06166",0.848335704125178,"Positive"
"K05774","K06858",0.619601706970128,"Positive"
"K05774","K10111",0.64375533428165,"Positive"
"K05776","K05851",0.746116642958748,"Positive"
"K05776","K05939",0.836045519203414,"Positive"
"K05776","K06080",0.716386913229018,"Positive"
"K05776","K06211",0.963044096728307,"Positive"
"K05776","K06223",0.853968705547653,"Positive"
"K05776","K07236",0.681934566145093,"Positive"
"K05776","K07237",0.681934566145093,"Positive"
"K05776","K07251",0.716386913229018,"Positive"
"K05776","K07264",0.690753911806543,"Positive"
"K05776","K07640",0.97425320056899,"Positive"
"K05776","K07648",0.889758179231863,"Positive"
"K05776","K07676",0.716386913229018,"Positive"
"K05776","K07677",0.676045519203414,"Positive"
"K05776","K07687",0.700028449502134,"Positive"
"K05776","K07689",0.700056899004267,"Positive"
"K05776","K07715",0.696927453769559,"Positive"
"K05776","K07751",0.97425320056899,"Positive"
"K05776","K07771",0.695533428165007,"Positive"
"K05776","K07773",0.889758179231863,"Positive"
"K05776","K07806",0.681194879089616,"Positive"
"K05776","K08682",0.72275960170697,"Positive"
"K05776","K08722",0.892147937411095,"Positive"
"K05776","K09476",0.977382645803698,"Positive"
"K05776","K09997",0.97425320056899,"Positive"
"K05776","K09998",0.964324324324324,"Positive"
"K05776","K09999",0.964324324324324,"Positive"
"K05776","K10000",0.964324324324324,"Positive"
"K05776","K10002",0.612375533428165,"Positive"
"K05776","K10003",0.612375533428165,"Positive"
"K05776","K10004",0.635448079658606,"Positive"
"K05776","K10011",0.688136557610242,"Positive"
"K05776","K10012",0.681194879089616,"Positive"
"K05776","K11258",0.915049786628734,"Positive"
"K05776","K11604",0.700881934566145,"Positive"
"K05776","K11605",0.700881934566145,"Positive"
"K05776","K11606",0.700881934566145,"Positive"
"K05776","K11607",0.700881934566145,"Positive"
"K05776","K11751",0.864210526315789,"Positive"
"K05776","K11891",0.658065433854908,"Positive"
"K05776","K11892",0.672972972972973,"Positive"
"K05776","K11893",0.666714082503556,"Positive"
"K05776","K11900",0.636130867709815,"Positive"
"K05776","K11901",0.656813655761024,"Positive"
"K05776","K11903",0.672660028449502,"Positive"
"K05776","K11907",0.65302987197724,"Positive"
"K05776","K12152",0.889672830725462,"Positive"
"K05776","K12368",0.761081081081081,"Positive"
"K05776","K12369",0.777325746799431,"Positive"
"K05776","K12370",0.777325746799431,"Positive"
"K05776","K12371",0.777325746799431,"Positive"
"K05776","K12372",0.777325746799431,"Positive"
"K05776","K12524",0.889445234708393,"Positive"
"K05776","K12525",0.716386913229018,"Positive"
"K05776","K12582",0.716386913229018,"Positive"
"K05776","K12962",0.681194879089616,"Positive"
"K05776","K12963",0.681194879089616,"Positive"
"K05776","K12973",0.623157894736842,"Positive"
"K05776","K12974",0.68375533428165,"Positive"
"K05776","K12975",0.680455192034139,"Positive"
"K05776","K13014",0.681194879089616,"Positive"
"K05776","K13301",0.716386913229018,"Positive"
"K05776","K13498",0.964125177809388,"Positive"
"K05776","K14187",0.97425320056899,"Positive"
"K05776","K16704",0.716386913229018,"Positive"
"K05776","K18800",0.675419630156472,"Positive"
"K05776","K19222",0.671607396870555,"Positive"
"K05776","K19226",0.71647226173542,"Positive"
"K05776","K19227",0.97425320056899,"Positive"
"K05776","K19228",0.97425320056899,"Positive"
"K05776","K19229",0.97425320056899,"Positive"
"K05776","K19230",0.973399715504979,"Positive"
"K05776","K19236",0.630156472261735,"Positive"
"K05776","K19270",0.618122332859175,"Positive"
"K05780","K05875",0.766059743954481,"Positive"
"K05780","K05876",0.65578947368421,"Positive"
"K05780","K06073",0.764580369843528,"Positive"
"K05780","K06074",0.764580369843528,"Positive"
"K05780","K06162",0.995618776671408,"Positive"
"K05780","K06163",0.676273115220484,"Positive"
"K05780","K06164",0.676273115220484,"Positive"
"K05780","K06165",0.676273115220484,"Positive"
"K05780","K06166",0.676273115220484,"Positive"
"K05780","K07783",0.618719772403983,"Positive"
"K05780","K09996",0.838748221906117,"Positive"
"K05780","K10540",0.63448079658606,"Positive"
"K05780","K10541",0.63448079658606,"Positive"
"K05780","K10542",0.63448079658606,"Positive"
"K05780","K12973",0.644210526315789,"Positive"
"K05780","K18697",0.613399715504979,"Positive"
"K05780","K19236",0.627482219061166,"Positive"
"K05783","K05784",1,"Positive"
"K05783","K06001",0.635988620199146,"Positive"
"K05783","K06597",0.643840682788051,"Positive"
"K05783","K06598",0.650241820768137,"Positive"
"K05783","K06718",0.624409672830725,"Positive"
"K05783","K06720",0.624409672830725,"Positive"
"K05783","K06985",0.676813655761024,"Positive"
"K05783","K07589",0.775106685633001,"Positive"
"K05783","K07810",0.817496443812233,"Positive"
"K05783","K07823",0.899288762446657,"Positive"
"K05783","K10125",0.862105263157895,"Positive"
"K05783","K10126",0.861308677098151,"Positive"
"K05783","K10941",0.650241820768137,"Positive"
"K05783","K10942",0.91348506401138,"Positive"
"K05783","K10943",0.881792318634424,"Positive"
"K05783","K11384",0.914879089615932,"Positive"
"K05783","K11604",-0.623044096728307,"Negative"
"K05783","K11605",-0.623044096728307,"Negative"
"K05783","K11606",-0.623044096728307,"Negative"
"K05783","K11607",-0.623044096728307,"Negative"
"K05783","K11688",0.680113798008535,"Positive"
"K05783","K11689",0.775305832147937,"Positive"
"K05783","K11751",-0.640853485064011,"Negative"
"K05783","K12254",0.914879089615932,"Positive"
"K05783","K13541",0.814964438122333,"Positive"
"K05783","K13590",0.76221906116643,"Positive"
"K05783","K14268",0.847908961593172,"Positive"
"K05783","K15408",0.882389758179232,"Positive"
"K05783","K15864",0.670896159317212,"Positive"
"K05783","K16370",0.679345661450925,"Positive"
"K05783","K17226",0.914452347083926,"Positive"
"K05783","K17315",0.878150782361309,"Positive"
"K05783","K17316",0.880142247510669,"Positive"
"K05783","K17317",0.880142247510669,"Positive"
"K05783","K17838",0.655078236130868,"Positive"
"K05783","K18135",0.737894736842105,"Positive"
"K05783","K18291",0.837667140825036,"Positive"
"K05783","K18292",0.628193456614509,"Positive"
"K05783","K18889",-0.601024182076814,"Negative"
"K05783","K18890",-0.601024182076814,"Negative"
"K05783","K18930",0.722674253200569,"Positive"
"K05783","K18981",0.890782361308677,"Positive"
"K05783","K19340",0.601877667140825,"Positive"
"K05783","K19341",0.680568990042674,"Positive"
"K05783","K19609",0.894167852062589,"Positive"
"K05783","K19610",0.894167852062589,"Positive"
"K05783","K19696",0.643840682788051,"Positive"
"K05783","K19713",0.745234708392603,"Positive"
"K05784","K06001",0.635988620199146,"Positive"
"K05784","K06597",0.643840682788051,"Positive"
"K05784","K06598",0.650241820768137,"Positive"
"K05784","K06718",0.624409672830725,"Positive"
"K05784","K06720",0.624409672830725,"Positive"
"K05784","K06985",0.676813655761024,"Positive"
"K05784","K07589",0.775106685633001,"Positive"
"K05784","K07810",0.817496443812233,"Positive"
"K05784","K07823",0.899288762446657,"Positive"
"K05784","K10125",0.862105263157895,"Positive"
"K05784","K10126",0.861308677098151,"Positive"
"K05784","K10941",0.650241820768137,"Positive"
"K05784","K10942",0.91348506401138,"Positive"
"K05784","K10943",0.881792318634424,"Positive"
"K05784","K11384",0.914879089615932,"Positive"
"K05784","K11604",-0.623044096728307,"Negative"
"K05784","K11605",-0.623044096728307,"Negative"
"K05784","K11606",-0.623044096728307,"Negative"
"K05784","K11607",-0.623044096728307,"Negative"
"K05784","K11688",0.680113798008535,"Positive"
"K05784","K11689",0.775305832147937,"Positive"
"K05784","K11751",-0.640853485064011,"Negative"
"K05784","K12254",0.914879089615932,"Positive"
"K05784","K13541",0.814964438122333,"Positive"
"K05784","K13590",0.76221906116643,"Positive"
"K05784","K14268",0.847908961593172,"Positive"
"K05784","K15408",0.882389758179232,"Positive"
"K05784","K15864",0.670896159317212,"Positive"
"K05784","K16370",0.679345661450925,"Positive"
"K05784","K17226",0.914452347083926,"Positive"
"K05784","K17315",0.878150782361309,"Positive"
"K05784","K17316",0.880142247510669,"Positive"
"K05784","K17317",0.880142247510669,"Positive"
"K05784","K17838",0.655078236130868,"Positive"
"K05784","K18135",0.737894736842105,"Positive"
"K05784","K18291",0.837667140825036,"Positive"
"K05784","K18292",0.628193456614509,"Positive"
"K05784","K18889",-0.601024182076814,"Negative"
"K05784","K18890",-0.601024182076814,"Negative"
"K05784","K18930",0.722674253200569,"Positive"
"K05784","K18981",0.890782361308677,"Positive"
"K05784","K19340",0.601877667140825,"Positive"
"K05784","K19341",0.680568990042674,"Positive"
"K05784","K19609",0.894167852062589,"Positive"
"K05784","K19610",0.894167852062589,"Positive"
"K05784","K19696",0.643840682788051,"Positive"
"K05784","K19713",0.745234708392603,"Positive"
"K05851","K05939",0.620256045519203,"Positive"
"K05851","K06211",0.752944523470839,"Positive"
"K05851","K06223",0.748677098150782,"Positive"
"K05851","K06858",0.605035561877667,"Positive"
"K05851","K07235",0.642275960170697,"Positive"
"K05851","K07236",0.877923186344239,"Positive"
"K05851","K07237",0.877923186344239,"Positive"
"K05851","K07637",0.602048364153627,"Positive"
"K05851","K07640",0.757894736842105,"Positive"
"K05851","K07648",0.655618776671408,"Positive"
"K05851","K07660",0.601308677098151,"Positive"
"K05851","K07751",0.757894736842105,"Positive"
"K05851","K07773",0.655618776671408,"Positive"
"K05851","K08312",0.760284495021337,"Positive"
"K05851","K08722",0.700341394025605,"Positive"
"K05851","K09476",0.758122332859175,"Positive"
"K05851","K09997",0.757894736842105,"Positive"
"K05851","K09998",0.755362731152205,"Positive"
"K05851","K09999",0.755362731152205,"Positive"
"K05851","K10000",0.755362731152205,"Positive"
"K05851","K10914",0.686941678520626,"Positive"
"K05851","K11179",0.642275960170697,"Positive"
"K05851","K11183",0.624836415362731,"Positive"
"K05851","K11258",0.689701280227596,"Positive"
"K05851","K11751",0.619573257467994,"Positive"
"K05851","K11895",0.689957325746799,"Positive"
"K05851","K11900",0.800682788051209,"Positive"
"K05851","K11901",0.826088193456615,"Positive"
"K05851","K11903",0.819857752489331,"Positive"
"K05851","K11907",0.82275960170697,"Positive"
"K05851","K12152",0.655590327169275,"Positive"
"K05851","K12524",0.619203413940256,"Positive"
"K05851","K13498",0.753541963015647,"Positive"
"K05851","K13893",0.659260312944523,"Positive"
"K05851","K14187",0.757894736842105,"Positive"
"K05851","K18800",0.873513513513513,"Positive"
"K05851","K19227",0.757894736842105,"Positive"
"K05851","K19228",0.757894736842105,"Positive"
"K05851","K19229",0.757894736842105,"Positive"
"K05851","K19230",0.756728307254623,"Positive"
"K05874","K05875",0.805689900426742,"Positive"
"K05874","K05939",0.652916073968706,"Positive"
"K05874","K06073",0.641450924608819,"Positive"
"K05874","K06074",0.641450924608819,"Positive"
"K05874","K06080",0.773997155049787,"Positive"
"K05874","K06162",0.602019914651494,"Positive"
"K05874","K06447",0.855049786628734,"Positive"
"K05874","K07251",0.773997155049787,"Positive"
"K05874","K07264",0.755163584637269,"Positive"
"K05874","K07648",0.623300142247511,"Positive"
"K05874","K07676",0.773997155049787,"Positive"
"K05874","K07677",0.79624466571835,"Positive"
"K05874","K07687",0.795846372688478,"Positive"
"K05874","K07689",0.79226173541963,"Positive"
"K05874","K07711",0.80827880512091,"Positive"
"K05874","K07715",0.799715504978663,"Positive"
"K05874","K07771",0.731948790896159,"Positive"
"K05874","K07773",0.623300142247511,"Positive"
"K05874","K07806",0.751522048364154,"Positive"
"K05874","K08682",0.758435277382646,"Positive"
"K05874","K09996",0.68,"Positive"
"K05874","K10011",0.757496443812233,"Positive"
"K05874","K10012",0.751522048364154,"Positive"
"K05874","K10540",0.645832147937411,"Positive"
"K05874","K10541",0.645832147937411,"Positive"
"K05874","K10542",0.645832147937411,"Positive"
"K05874","K11258",0.617041251778094,"Positive"
"K05874","K11891",0.616500711237553,"Positive"
"K05874","K12152",0.622247510668563,"Positive"
"K05874","K12368",0.6449786628734,"Positive"
"K05874","K12369",0.641564722617354,"Positive"
"K05874","K12370",0.641564722617354,"Positive"
"K05874","K12371",0.641564722617354,"Positive"
"K05874","K12372",0.641564722617354,"Positive"
"K05874","K12525",0.773997155049787,"Positive"
"K05874","K12582",0.773997155049787,"Positive"
"K05874","K12962",0.751522048364154,"Positive"
"K05874","K12963",0.751522048364154,"Positive"
"K05874","K12973",0.688051209103841,"Positive"
"K05874","K12974",0.843897581792319,"Positive"
"K05874","K12975",0.838605974395448,"Positive"
"K05874","K13014",0.751522048364154,"Positive"
"K05874","K13301",0.773997155049787,"Positive"
"K05874","K16704",0.773997155049787,"Positive"
"K05874","K18697",0.702105263157895,"Positive"
"K05874","K18889",0.702816500711238,"Positive"
"K05874","K18890",0.702816500711238,"Positive"
"K05874","K19222",0.760455192034139,"Positive"
"K05874","K19226",0.775049786628734,"Positive"
"K05874","K19236",0.66275960170697,"Positive"
"K05874","K19270",0.706998577524893,"Positive"
"K05875","K05876",0.752375533428165,"Positive"
"K05875","K06073",0.793854907539118,"Positive"
"K05875","K06074",0.793854907539118,"Positive"
"K05875","K06162",0.775561877667141,"Positive"
"K05875","K06447",0.632802275960171,"Positive"
"K05875","K09996",0.814452347083926,"Positive"
"K05875","K10540",0.739374110953058,"Positive"
"K05875","K10541",0.739374110953058,"Positive"
"K05875","K10542",0.739374110953058,"Positive"
"K05875","K12973",0.680398293029872,"Positive"
"K05875","K12974",0.647908961593172,"Positive"
"K05875","K12975",0.639971550497866,"Positive"
"K05875","K18697",0.735704125177809,"Positive"
"K05875","K18889",0.627596017069701,"Positive"
"K05875","K18890",0.627596017069701,"Positive"
"K05875","K19236",0.657553342816501,"Positive"
"K05876","K06073",0.693001422475107,"Positive"
"K05876","K06074",0.693001422475107,"Positive"
"K05876","K06162",0.653456614509246,"Positive"
"K05876","K07674",0.642475106685633,"Positive"
"K05876","K07688",0.611408250355619,"Positive"
"K05876","K07690",0.629672830725462,"Positive"
"K05876","K09996",0.776102418207681,"Positive"
"K05876","K10540",0.691237553342816,"Positive"
"K05876","K10541",0.691237553342816,"Positive"
"K05876","K10542",0.691237553342816,"Positive"
"K05876","K13060",0.671550497866287,"Positive"
"K05876","K14051",0.642361308677098,"Positive"
"K05876","K16703",0.607482219061166,"Positive"
"K05876","K16710",0.607482219061166,"Positive"
"K05876","K18697",0.637809388335704,"Positive"
"K05876","K19734",0.677496443812233,"Positive"
"K05877","K06897",0.653997155049787,"Positive"
"K05877","K06989",0.671948790896159,"Positive"
"K05877","K08302",0.693001422475107,"Positive"
"K05877","K08320",0.61348506401138,"Positive"
"K05877","K11216",0.803869132290185,"Positive"
"K05877","K11530",0.803869132290185,"Positive"
"K05877","K12112",0.627994310099573,"Positive"
"K05877","K17850",0.649928876244666,"Positive"
"K05877","K18333",0.697041251778094,"Positive"
"K05881","K05921",0.762361308677098,"Positive"
"K05881","K06897",0.854964438122333,"Positive"
"K05881","K06989",0.826372688477952,"Positive"
"K05881","K07812",0.761081081081081,"Positive"
"K05881","K08320",0.771408250355619,"Positive"
"K05881","K10824",0.703926031294452,"Positive"
"K05881","K11081",0.867197724039829,"Positive"
"K05881","K11082",0.867197724039829,"Positive"
"K05881","K11083",0.867197724039829,"Positive"
"K05881","K11084",0.867197724039829,"Positive"
"K05881","K12111",0.618605974395448,"Positive"
"K05881","K12112",0.870554765291607,"Positive"
"K05881","K12527",0.633769559032717,"Positive"
"K05881","K14977",0.715362731152205,"Positive"
"K05881","K15584",0.703926031294452,"Positive"
"K05881","K15585",0.703926031294452,"Positive"
"K05881","K15586",0.699288762446657,"Positive"
"K05881","K15587",0.703926031294452,"Positive"
"K05881","K18333",0.675106685633001,"Positive"
"K05921","K06897",0.803157894736842,"Positive"
"K05921","K06989",0.900426742532006,"Positive"
"K05921","K07306",0.640312944523471,"Positive"
"K05921","K07307",0.651436699857753,"Positive"
"K05921","K07784",0.622588904694168,"Positive"
"K05921","K07812",0.65049786628734,"Positive"
"K05921","K08302",0.621337126600285,"Positive"
"K05921","K08320",0.986230440967283,"Positive"
"K05921","K10824",0.645775248933144,"Positive"
"K05921","K11081",0.880853485064011,"Positive"
"K05921","K11082",0.880853485064011,"Positive"
"K05921","K11083",0.880853485064011,"Positive"
"K05921","K11084",0.880853485064011,"Positive"
"K05921","K11216",0.629359886201991,"Positive"
"K05921","K11530",0.629359886201991,"Positive"
"K05921","K12112",0.75103840682788,"Positive"
"K05921","K15584",0.645775248933144,"Positive"
"K05921","K15585",0.645775248933144,"Positive"
"K05921","K15586",0.647140825035562,"Positive"
"K05921","K15587",0.645775248933144,"Positive"
"K05921","K15866",0.627112375533428,"Positive"
"K05921","K18333",0.623641536273115,"Positive"
"K05921","K18334",0.600711237553343,"Positive"
"K05939","K06080",0.866315789473684,"Positive"
"K05939","K06211",0.869217638691323,"Positive"
"K05939","K06223",0.732204836415363,"Positive"
"K05939","K06447",0.669445234708393,"Positive"
"K05939","K07251",0.866315789473684,"Positive"
"K05939","K07264",0.840113798008535,"Positive"
"K05939","K07345",0.630184921763869,"Positive"
"K05939","K07640",0.864210526315789,"Positive"
"K05939","K07648",0.776955903271693,"Positive"
"K05939","K07676",0.866315789473684,"Positive"
"K05939","K07677",0.848193456614509,"Positive"
"K05939","K07687",0.859431009957326,"Positive"
"K05939","K07689",0.859829302987198,"Positive"
"K05939","K07711",0.753342816500711,"Positive"
"K05939","K07715",0.854679943100996,"Positive"
"K05939","K07751",0.864210526315789,"Positive"
"K05939","K07771",0.855590327169275,"Positive"
"K05939","K07773",0.776955903271693,"Positive"
"K05939","K07806",0.843726884779516,"Positive"
"K05939","K08682",0.873798008534851,"Positive"
"K05939","K08722",0.78773826458037,"Positive"
"K05939","K09476",0.861564722617354,"Positive"
"K05939","K09997",0.864210526315789,"Positive"
"K05939","K09998",0.87172119487909,"Positive"
"K05939","K09999",0.87172119487909,"Positive"
"K05939","K10000",0.87172119487909,"Positive"
"K05939","K10011",0.849103840682788,"Positive"
"K05939","K10012",0.843726884779516,"Positive"
"K05939","K11258",0.788250355618777,"Positive"
"K05939","K11751",0.747027027027027,"Positive"
"K05939","K11891",0.787368421052632,"Positive"
"K05939","K11892",0.794651493598862,"Positive"
"K05939","K11893",0.788307254623044,"Positive"
"K05939","K11895",0.644665718349929,"Positive"
"K05939","K12152",0.776870554765292,"Positive"
"K05939","K12368",0.618264580369844,"Positive"
"K05939","K12369",0.639658605974395,"Positive"
"K05939","K12370",0.639658605974395,"Positive"
"K05939","K12371",0.639658605974395,"Positive"
"K05939","K12372",0.639658605974395,"Positive"
"K05939","K12524",0.714907539118065,"Positive"
"K05939","K12525",0.866315789473684,"Positive"
"K05939","K12582",0.866315789473684,"Positive"
"K05939","K12962",0.843726884779516,"Positive"
"K05939","K12963",0.843726884779516,"Positive"
"K05939","K12973",0.761621621621622,"Positive"
"K05939","K12974",0.816813655761024,"Positive"
"K05939","K12975",0.820853485064011,"Positive"
"K05939","K13014",0.843726884779516,"Positive"
"K05939","K13301",0.866315789473684,"Positive"
"K05939","K13497",0.658036984352774,"Positive"
"K05939","K13498",0.870526315789474,"Positive"
"K05939","K14187",0.864210526315789,"Positive"
"K05939","K16704",0.866315789473684,"Positive"
"K05939","K18889",0.676899004267425,"Positive"
"K05939","K18890",0.676899004267425,"Positive"
"K05939","K19222",0.788790896159317,"Positive"
"K05939","K19226",0.866401137980085,"Positive"
"K05939","K19227",0.864210526315789,"Positive"
"K05939","K19228",0.864210526315789,"Positive"
"K05939","K19229",0.864210526315789,"Positive"
"K05939","K19230",0.863357041251778,"Positive"
"K05939","K19236",0.759743954480797,"Positive"
"K05939","K19270",0.766543385490754,"Positive"
"K05992","K06281",0.61900426742532,"Positive"
"K05992","K06282",0.61900426742532,"Positive"
"K05992","K07590",0.628648648648649,"Positive"
"K05992","K16651",0.619089615931721,"Positive"
"K06001","K06985",0.610184921763869,"Positive"
"K06001","K07589",0.633172119487909,"Positive"
"K06001","K07823",0.602332859174964,"Positive"
"K06001","K10942",0.645917496443812,"Positive"
"K06001","K11384",0.638463726884779,"Positive"
"K06001","K11690",0.61402560455192,"Positive"
"K06001","K12254",0.638463726884779,"Positive"
"K06001","K13590",0.660085348506401,"Positive"
"K06001","K15408",0.611123755334282,"Positive"
"K06001","K15864",0.823328591749644,"Positive"
"K06001","K17226",0.639601706970128,"Positive"
"K06001","K18135",0.694509246088193,"Positive"
"K06001","K18291",0.605376955903272,"Positive"
"K06001","K18930",0.751692745376956,"Positive"
"K06001","K19340",0.626657183499289,"Positive"
"K06001","K19341",0.735078236130868,"Positive"
"K06001","K19609",0.614395448079659,"Positive"
"K06001","K19610",0.614395448079659,"Positive"
"K06001","K19713",0.658406827880512,"Positive"
"K06013","K07226",0.78827880512091,"Positive"
"K06013","K07710",0.872574679943101,"Positive"
"K06013","K07714",0.872574679943101,"Positive"
"K06013","K09758",0.652574679943101,"Positive"
"K06013","K11003",0.965206258890469,"Positive"
"K06013","K11004",0.965206258890469,"Positive"
"K06013","K12256",0.799743954480797,"Positive"
"K06013","K12688",0.884950213371266,"Positive"
"K06013","K14026",0.884950213371266,"Positive"
"K06013","K18133",0.76475106685633,"Positive"
"K06013","K18148",0.933086770981508,"Positive"
"K06013","K18369",0.713798008534851,"Positive"
"K06016","K07344",0.681963015647226,"Positive"
"K06044","K06443",0.634879089615932,"Positive"
"K06044","K07794",0.61977240398293,"Positive"
"K06044","K07795",0.623584637268848,"Positive"
"K06044","K09969",0.633883357041252,"Positive"
"K06044","K09970",0.629331436699858,"Positive"
"K06044","K09971",0.629331436699858,"Positive"
"K06044","K09972",0.614338549075391,"Positive"
"K06044","K10027",0.645576102418208,"Positive"
"K06044","K10227",0.632745376955903,"Positive"
"K06044","K15576",0.627368421052632,"Positive"
"K06044","K15577",0.653826458036984,"Positive"
"K06044","K15578",0.653826458036984,"Positive"
"K06048","K06989",0.630128022759602,"Positive"
"K06048","K07306",0.706429587482219,"Positive"
"K06048","K07307",0.715305832147937,"Positive"
"K06048","K08321",0.646173541963016,"Positive"
"K06048","K08350",0.60352773826458,"Positive"
"K06048","K09251",0.619061166429588,"Positive"
"K06048","K10555",0.602076813655761,"Positive"
"K06048","K10557",0.602076813655761,"Positive"
"K06048","K10558",0.602076813655761,"Positive"
"K06048","K10824",0.637524893314367,"Positive"
"K06048","K11531",0.602076813655761,"Positive"
"K06048","K12527",0.615732574679943,"Positive"
"K06048","K15584",0.637524893314367,"Positive"
"K06048","K15585",0.637524893314367,"Positive"
"K06048","K15586",0.640369843527738,"Positive"
"K06048","K15587",0.637524893314367,"Positive"
"K06048","K15866",0.662275960170697,"Positive"
"K06048","K16165",0.618065433854908,"Positive"
"K06073","K06074",1,"Positive"
"K06073","K06080",0.603897581792319,"Positive"
"K06073","K06159",0.612403982930299,"Positive"
"K06073","K06162",0.753598862019915,"Positive"
"K06073","K07251",0.603897581792319,"Positive"
"K06073","K07264",0.634537695590327,"Positive"
"K06073","K07676",0.603897581792319,"Positive"
"K06073","K07679",0.631550497866287,"Positive"
"K06073","K07687",0.615704125177809,"Positive"
"K06073","K07701",0.629189189189189,"Positive"
"K06073","K07703",0.629018492176387,"Positive"
"K06073","K07771",0.648193456614509,"Positive"
"K06073","K07781",0.690298719772404,"Positive"
"K06073","K07783",0.64850640113798,"Positive"
"K06073","K07806",0.635903271692745,"Positive"
"K06073","K08322",0.602418207681366,"Positive"
"K06073","K08682",0.615106685633001,"Positive"
"K06073","K09996",0.867880512091038,"Positive"
"K06073","K10011",0.648819345661451,"Positive"
"K06073","K10012",0.635903271692745,"Positive"
"K06073","K10540",0.816984352773826,"Positive"
"K06073","K10541",0.816984352773826,"Positive"
"K06073","K10542",0.816984352773826,"Positive"
"K06073","K11890",0.624409672830725,"Positive"
"K06073","K12525",0.603897581792319,"Positive"
"K06073","K12582",0.603897581792319,"Positive"
"K06073","K12962",0.635903271692745,"Positive"
"K06073","K12963",0.635903271692745,"Positive"
"K06073","K12973",0.743243243243243,"Positive"
"K06073","K12974",0.701280227596017,"Positive"
"K06073","K12975",0.711009957325747,"Positive"
"K06073","K13014",0.635903271692745,"Positive"
"K06073","K13301",0.603897581792319,"Positive"
"K06073","K15011",-0.606486486486487,"Negative"
"K06073","K15012",-0.607112375533428,"Negative"
"K06073","K16704",0.603897581792319,"Positive"
"K06073","K18324",0.677041251778094,"Positive"
"K06073","K18326",0.691977240398293,"Positive"
"K06073","K18697",0.644381223328592,"Positive"
"K06073","K18889",0.603413940256046,"Positive"
"K06073","K18890",0.603413940256046,"Positive"
"K06073","K19226",0.607169274537696,"Positive"
"K06073","K19236",0.737695590327169,"Positive"
"K06074","K06080",0.603897581792319,"Positive"
"K06074","K06159",0.612403982930299,"Positive"
"K06074","K06162",0.753598862019915,"Positive"
"K06074","K07251",0.603897581792319,"Positive"
"K06074","K07264",0.634537695590327,"Positive"
"K06074","K07676",0.603897581792319,"Positive"
"K06074","K07679",0.631550497866287,"Positive"
"K06074","K07687",0.615704125177809,"Positive"
"K06074","K07701",0.629189189189189,"Positive"
"K06074","K07703",0.629018492176387,"Positive"
"K06074","K07771",0.648193456614509,"Positive"
"K06074","K07781",0.690298719772404,"Positive"
"K06074","K07783",0.64850640113798,"Positive"
"K06074","K07806",0.635903271692745,"Positive"
"K06074","K08322",0.602418207681366,"Positive"
"K06074","K08682",0.615106685633001,"Positive"
"K06074","K09996",0.867880512091038,"Positive"
"K06074","K10011",0.648819345661451,"Positive"
"K06074","K10012",0.635903271692745,"Positive"
"K06074","K10540",0.816984352773826,"Positive"
"K06074","K10541",0.816984352773826,"Positive"
"K06074","K10542",0.816984352773826,"Positive"
"K06074","K11890",0.624409672830725,"Positive"
"K06074","K12525",0.603897581792319,"Positive"
"K06074","K12582",0.603897581792319,"Positive"
"K06074","K12962",0.635903271692745,"Positive"
"K06074","K12963",0.635903271692745,"Positive"
"K06074","K12973",0.743243243243243,"Positive"
"K06074","K12974",0.701280227596017,"Positive"
"K06074","K12975",0.711009957325747,"Positive"
"K06074","K13014",0.635903271692745,"Positive"
"K06074","K13301",0.603897581792319,"Positive"
"K06074","K15011",-0.606486486486487,"Negative"
"K06074","K15012",-0.607112375533428,"Negative"
"K06074","K16704",0.603897581792319,"Positive"
"K06074","K18324",0.677041251778094,"Positive"
"K06074","K18326",0.691977240398293,"Positive"
"K06074","K18697",0.644381223328592,"Positive"
"K06074","K18889",0.603413940256046,"Positive"
"K06074","K18890",0.603413940256046,"Positive"
"K06074","K19226",0.607169274537696,"Positive"
"K06074","K19236",0.737695590327169,"Positive"
"K06079","K07686",0.728904694167852,"Positive"
"K06079","K07783",0.660682788051209,"Positive"
"K06079","K12536",0.767083926031294,"Positive"
"K06080","K06211",0.721621621621622,"Positive"
"K06080","K06223",0.614679943100996,"Positive"
"K06080","K06447",0.793229018492176,"Positive"
"K06080","K07251",1,"Positive"
"K06080","K07264",0.964125177809388,"Positive"
"K06080","K07345",0.739402560455192,"Positive"
"K06080","K07347",0.662389758179232,"Positive"
"K06080","K07640",0.74076813655761,"Positive"
"K06080","K07643",0.639829302987198,"Positive"
"K06080","K07648",0.831522048364154,"Positive"
"K06080","K07676",1,"Positive"
"K06080","K07677",0.966941678520626,"Positive"
"K06080","K07687",0.991578947368421,"Positive"
"K06080","K07689",0.99271692745377,"Positive"
"K06080","K07711",0.871607396870555,"Positive"
"K06080","K07715",0.986714082503556,"Positive"
"K06080","K07751",0.74076813655761,"Positive"
"K06080","K07771",0.958264580369844,"Positive"
"K06080","K07773",0.831522048364154,"Positive"
"K06080","K07806",0.965604551920341,"Positive"
"K06080","K08682",0.988022759601707,"Positive"
"K06080","K08722",0.651379800853485,"Positive"
"K06080","K09475",0.638520625889047,"Positive"
"K06080","K09476",0.7425320056899,"Positive"
"K06080","K09996",0.604921763869132,"Positive"
"K06080","K09997",0.74076813655761,"Positive"
"K06080","K09998",0.733229018492176,"Positive"
"K06080","K09999",0.733229018492176,"Positive"
"K06080","K10000",0.733229018492176,"Positive"
"K06080","K10011",0.964381223328592,"Positive"
"K06080","K10012",0.965604551920341,"Positive"
"K06080","K10014",0.628307254623044,"Positive"
"K06080","K10015",0.62927453769559,"Positive"
"K06080","K10016",0.63049786628734,"Positive"
"K06080","K10017",0.627339971550498,"Positive"
"K06080","K10037",0.631294452347084,"Positive"
"K06080","K10038",0.63149359886202,"Positive"
"K06080","K11258",0.652204836415363,"Positive"
"K06080","K11891",0.678605974395448,"Positive"
"K06080","K11892",0.692318634423898,"Positive"
"K06080","K11893",0.676073968705548,"Positive"
"K06080","K12152",0.831607396870555,"Positive"
"K06080","K12368",0.741593172119488,"Positive"
"K06080","K12369",0.778463726884779,"Positive"
"K06080","K12370",0.778463726884779,"Positive"
"K06080","K12371",0.778463726884779,"Positive"
"K06080","K12372",0.778463726884779,"Positive"
"K06080","K12525",1,"Positive"
"K06080","K12582",1,"Positive"
"K06080","K12962",0.965604551920341,"Positive"
"K06080","K12963",0.965604551920341,"Positive"
"K06080","K12973",0.847795163584637,"Positive"
"K06080","K12974",0.94873399715505,"Positive"
"K06080","K12975",0.95172119487909,"Positive"
"K06080","K13014",0.965604551920341,"Positive"
"K06080","K13301",1,"Positive"
"K06080","K13498",0.731009957325747,"Positive"
"K06080","K14187",0.74076813655761,"Positive"
"K06080","K16704",1,"Positive"
"K06080","K18889",0.747055476529161,"Positive"
"K06080","K18890",0.747055476529161,"Positive"
"K06080","K19222",0.95724039829303,"Positive"
"K06080","K19226",0.999914651493599,"Positive"
"K06080","K19227",0.74076813655761,"Positive"
"K06080","K19228",0.74076813655761,"Positive"
"K06080","K19229",0.74076813655761,"Positive"
"K06080","K19230",0.74022759601707,"Positive"
"K06080","K19236",0.844495021337127,"Positive"
"K06080","K19270",0.902617354196302,"Positive"
"K06133","K07346",0.615362731152205,"Positive"
"K06133","K10001",0.716671408250356,"Positive"
"K06133","K10002",0.703470839260313,"Positive"
"K06133","K10003",0.703470839260313,"Positive"
"K06133","K10004",0.712432432432432,"Positive"
"K06133","K10857",0.718719772403983,"Positive"
"K06133","K11931",0.71027027027027,"Positive"
"K06133","K12957",0.743044096728307,"Positive"
"K06133","K13522",0.659146514935989,"Positive"
"K06133","K14159",0.727368421052632,"Positive"
"K06133","K16839",0.634281650071124,"Positive"
"K06133","K16840",0.64352773826458,"Positive"
"K06133","K16841",0.611920341394026,"Positive"
"K06133","K16842",0.68298719772404,"Positive"
"K06133","K17228",0.644011379800853,"Positive"
"K06133","K18137",0.727368421052632,"Positive"
"K06133","K18147",0.727368421052632,"Positive"
"K06134","K06596",0.899032716927454,"Positive"
"K06134","K07644",0.663897581792319,"Positive"
"K06134","K07665",0.666486486486486,"Positive"
"K06134","K08082",0.611152204836415,"Positive"
"K06134","K08083",0.61027027027027,"Positive"
"K06134","K11959",0.690071123755334,"Positive"
"K06134","K11961",0.688165007112375,"Positive"
"K06134","K13522",0.62597439544808,"Positive"
"K06134","K14475",0.651635846372688,"Positive"
"K06134","K16692",0.724807965860597,"Positive"
"K06159","K06606",0.811095305832148,"Positive"
"K06159","K07232",0.633314366998578,"Positive"
"K06159","K07246",0.750156472261735,"Positive"
"K06159","K07643",0.644295874822191,"Positive"
"K06159","K07674",0.73846372688478,"Positive"
"K06159","K07679",0.848136557610242,"Positive"
"K06159","K07688",0.788790896159317,"Positive"
"K06159","K07690",0.779971550497866,"Positive"
"K06159","K07701",0.980568990042674,"Positive"
"K06159","K07703",0.98221906116643,"Positive"
"K06159","K07781",0.895761024182077,"Positive"
"K06159","K07782",0.97977240398293,"Positive"
"K06159","K08322",0.797638691322902,"Positive"
"K06159","K08323",0.656529160739687,"Positive"
"K06159","K08351",0.853115220483642,"Positive"
"K06159","K08723",0.802503556187767,"Positive"
"K06159","K09470",0.840085348506401,"Positive"
"K06159","K09473",0.843243243243243,"Positive"
"K06159","K09475",0.643100995732575,"Positive"
"K06159","K09988",0.656273115220484,"Positive"
"K06159","K09996",0.753513513513513,"Positive"
"K06159","K10537",0.832859174964438,"Positive"
"K06159","K10538",0.832859174964438,"Positive"
"K06159","K10539",0.832859174964438,"Positive"
"K06159","K10543",0.723044096728307,"Positive"
"K06159","K10544",0.724580369843528,"Positive"
"K06159","K10545",0.724580369843528,"Positive"
"K06159","K11890",0.870099573257468,"Positive"
"K06159","K13529",0.600796586059744,"Positive"
"K06159","K13574",0.771692745376956,"Positive"
"K06159","K13632",0.803186344238976,"Positive"
"K06159","K13816",0.669189189189189,"Positive"
"K06159","K13889",0.667396870554765,"Positive"
"K06159","K13891",0.67846372688478,"Positive"
"K06159","K13892",0.799288762446657,"Positive"
"K06159","K14051",0.73823613086771,"Positive"
"K06159","K15600",0.609018492176387,"Positive"
"K06159","K16703",0.649075391180654,"Positive"
"K06159","K16710",0.649075391180654,"Positive"
"K06159","K17195",0.73601706970128,"Positive"
"K06159","K17202",0.757126600284495,"Positive"
"K06159","K17203",0.757126600284495,"Positive"
"K06159","K17204",0.757126600284495,"Positive"
"K06159","K17213",0.773513513513513,"Positive"
"K06159","K17214",0.765120910384068,"Positive"
"K06159","K17215",0.765120910384068,"Positive"
"K06159","K18324",0.899203413940256,"Positive"
"K06159","K18326",0.920739687055476,"Positive"
"K06159","K19354",0.675846372688478,"Positive"
"K06162","K06163",0.6750213371266,"Positive"
"K06162","K06164",0.6750213371266,"Positive"
"K06162","K06165",0.6750213371266,"Positive"
"K06162","K06166",0.6750213371266,"Positive"
"K06162","K07783",0.61778093883357,"Positive"
"K06162","K09996",0.831834992887624,"Positive"
"K06162","K10540",0.627169274537696,"Positive"
"K06162","K10541",0.627169274537696,"Positive"
"K06162","K10542",0.627169274537696,"Positive"
"K06162","K12973",0.635504978662873,"Positive"
"K06162","K18697",0.604722617354196,"Positive"
"K06162","K19236",0.61601706970128,"Positive"
"K06163","K06164",1,"Positive"
"K06163","K06165",1,"Positive"
"K06163","K06166",1,"Positive"
"K06163","K06858",0.785889046941678,"Positive"
"K06163","K07675",0.710810810810811,"Positive"
"K06163","K10111",0.791180654338549,"Positive"
"K06163","K19353",-0.60896159317212,"Negative"
"K06164","K06165",1,"Positive"
"K06164","K06166",1,"Positive"
"K06164","K06858",0.785889046941678,"Positive"
"K06164","K07675",0.710810810810811,"Positive"
"K06164","K10111",0.791180654338549,"Positive"
"K06164","K19353",-0.60896159317212,"Negative"
"K06165","K06166",1,"Positive"
"K06165","K06858",0.785889046941678,"Positive"
"K06165","K07675",0.710810810810811,"Positive"
"K06165","K10111",0.791180654338549,"Positive"
"K06165","K19353",-0.60896159317212,"Negative"
"K06166","K06858",0.785889046941678,"Positive"
"K06166","K07675",0.710810810810811,"Positive"
"K06166","K10111",0.791180654338549,"Positive"
"K06166","K19353",-0.60896159317212,"Negative"
"K06208","K06209",0.666059743954481,"Positive"
"K06208","K06281",0.865376955903272,"Positive"
"K06208","K06282",0.865376955903272,"Positive"
"K06208","K07588",0.904153627311522,"Positive"
"K06208","K07590",0.840398293029872,"Positive"
"K06208","K07720",0.750469416785206,"Positive"
"K06208","K08384",1,"Positive"
"K06208","K10206",0.993997155049787,"Positive"
"K06208","K11358",0.908335704125178,"Positive"
"K06208","K11690",0.668933143669986,"Positive"
"K06208","K11782",0.9174679943101,"Positive"
"K06208","K11784",0.9174679943101,"Positive"
"K06208","K13818",0.945661450924609,"Positive"
"K06208","K15792",0.958634423897582,"Positive"
"K06208","K16651",0.969843527738265,"Positive"
"K06208","K18285",0.919118065433855,"Positive"
"K06208","K19353",0.679687055476529,"Positive"
"K06209","K06281",0.778890469416785,"Positive"
"K06209","K06282",0.778890469416785,"Positive"
"K06209","K07588",0.704694167852063,"Positive"
"K06209","K07590",0.808449502133713,"Positive"
"K06209","K07720",0.861906116642959,"Positive"
"K06209","K08384",0.666059743954481,"Positive"
"K06209","K10206",0.658947368421053,"Positive"
"K06209","K11358",0.734879089615932,"Positive"
"K06209","K11782",0.725775248933144,"Positive"
"K06209","K11784",0.725775248933144,"Positive"
"K06209","K13818",0.730839260312945,"Positive"
"K06209","K15792",0.702275960170697,"Positive"
"K06209","K16651",0.700142247510669,"Positive"
"K06209","K18285",0.729786628733997,"Positive"
"K06211","K06223",0.853001422475107,"Positive"
"K06211","K07236",0.659914651493599,"Positive"
"K06211","K07237",0.659914651493599,"Positive"
"K06211","K07251",0.721621621621622,"Positive"
"K06211","K07264",0.690896159317212,"Positive"
"K06211","K07640",0.991209103840683,"Positive"
"K06211","K07648",0.895988620199146,"Positive"
"K06211","K07676",0.721621621621622,"Positive"
"K06211","K07677",0.702645803698435,"Positive"
"K06211","K07687",0.715163584637269,"Positive"
"K06211","K07689",0.714509246088193,"Positive"
"K06211","K07711",0.608250355618777,"Positive"
"K06211","K07715",0.709302987197724,"Positive"
"K06211","K07751",0.991209103840683,"Positive"
"K06211","K07771",0.713285917496444,"Positive"
"K06211","K07773",0.895988620199146,"Positive"
"K06211","K07806",0.694708392603129,"Positive"
"K06211","K08682",0.734736842105263,"Positive"
"K06211","K08722",0.91823613086771,"Positive"
"K06211","K09476",0.98651493598862,"Positive"
"K06211","K09997",0.991209103840683,"Positive"
"K06211","K09998",0.998349928876245,"Positive"
"K06211","K09999",0.998349928876245,"Positive"
"K06211","K10000",0.998349928876245,"Positive"
"K06211","K10004",0.618662873399715,"Positive"
"K06211","K10011",0.700341394025605,"Positive"
"K06211","K10012",0.694708392603129,"Positive"
"K06211","K11258",0.918378378378378,"Positive"
"K06211","K11604",0.71226173541963,"Positive"
"K06211","K11605",0.71226173541963,"Positive"
"K06211","K11606",0.71226173541963,"Positive"
"K06211","K11607",0.71226173541963,"Positive"
"K06211","K11751",0.884466571834993,"Positive"
"K06211","K11891",0.643470839260313,"Positive"
"K06211","K11892",0.650697012802276,"Positive"
"K06211","K11893",0.645889046941678,"Positive"
"K06211","K11900",0.615391180654339,"Positive"
"K06211","K11901",0.640142247510669,"Positive"
"K06211","K11903",0.657155049786629,"Positive"
"K06211","K11907",0.636273115220484,"Positive"
"K06211","K12152",0.895903271692745,"Positive"
"K06211","K12368",0.721280227596017,"Positive"
"K06211","K12369",0.738378378378378,"Positive"
"K06211","K12370",0.738378378378378,"Positive"
"K06211","K12371",0.738378378378378,"Positive"
"K06211","K12372",0.738378378378378,"Positive"
"K06211","K12524",0.850924608819346,"Positive"
"K06211","K12525",0.721621621621622,"Positive"
"K06211","K12582",0.721621621621622,"Positive"
"K06211","K12962",0.694708392603129,"Positive"
"K06211","K12963",0.694708392603129,"Positive"
"K06211","K12973",0.636500711237553,"Positive"
"K06211","K12974",0.681792318634424,"Positive"
"K06211","K12975",0.684125177809388,"Positive"
"K06211","K13014",0.694708392603129,"Positive"
"K06211","K13301",0.721621621621622,"Positive"
"K06211","K13498",0.998918918918919,"Positive"
"K06211","K14187",0.991209103840683,"Positive"
"K06211","K15125",0.635334281650071,"Positive"
"K06211","K16704",0.721621621621622,"Positive"
"K06211","K18800",0.665263157894737,"Positive"
"K06211","K19222",0.648392603129445,"Positive"
"K06211","K19226",0.721706970128023,"Positive"
"K06211","K19227",0.991209103840683,"Positive"
"K06211","K19228",0.991209103840683,"Positive"
"K06211","K19229",0.991209103840683,"Positive"
"K06211","K19230",0.99049786628734,"Positive"
"K06211","K19236",0.639687055476529,"Positive"
"K06211","K19270",0.619544807965861,"Positive"
"K06223","K07236",0.77126600284495,"Positive"
"K06223","K07237",0.77126600284495,"Positive"
"K06223","K07251",0.614679943100996,"Positive"
"K06223","K07640",0.863669985775249,"Positive"
"K06223","K07648",0.786088193456615,"Positive"
"K06223","K07676",0.614679943100996,"Positive"
"K06223","K07677",0.602446657183499,"Positive"
"K06223","K07687",0.611180654338549,"Positive"
"K06223","K07689",0.614537695590327,"Positive"
"K06223","K07711",0.639687055476529,"Positive"
"K06223","K07715",0.614310099573257,"Positive"
"K06223","K07751",0.863669985775249,"Positive"
"K06223","K07771",0.602645803698435,"Positive"
"K06223","K07773",0.786088193456615,"Positive"
"K06223","K08312",0.672830725462304,"Positive"
"K06223","K08682",0.618378378378378,"Positive"
"K06223","K08722",0.784637268847795,"Positive"
"K06223","K09476",0.85778093883357,"Positive"
"K06223","K09997",0.863669985775249,"Positive"
"K06223","K09998",0.857752489331437,"Positive"
"K06223","K09999",0.857752489331437,"Positive"
"K06223","K10000",0.857752489331437,"Positive"
"K06223","K10011",0.60352773826458,"Positive"
"K06223","K11258",0.876102418207681,"Positive"
"K06223","K11604",0.660967283072546,"Positive"
"K06223","K11605",0.660967283072546,"Positive"
"K06223","K11606",0.660967283072546,"Positive"
"K06223","K11607",0.660967283072546,"Positive"
"K06223","K11751",0.702475106685633,"Positive"
"K06223","K11900",0.640398293029872,"Positive"
"K06223","K11901",0.643157894736842,"Positive"
"K06223","K11903",0.651237553342817,"Positive"
"K06223","K11907",0.643499288762447,"Positive"
"K06223","K12152",0.784836415362731,"Positive"
"K06223","K12368",0.65049786628734,"Positive"
"K06223","K12369",0.674281650071124,"Positive"
"K06223","K12370",0.674281650071124,"Positive"
"K06223","K12371",0.674281650071124,"Positive"
"K06223","K12372",0.674281650071124,"Positive"
"K06223","K12524",0.800170697012802,"Positive"
"K06223","K12525",0.614679943100996,"Positive"
"K06223","K12582",0.614679943100996,"Positive"
"K06223","K13301",0.614679943100996,"Positive"
"K06223","K13498",0.854850640113798,"Positive"
"K06223","K14187",0.863669985775249,"Positive"
"K06223","K16704",0.614679943100996,"Positive"
"K06223","K18800",0.768335704125178,"Positive"
"K06223","K19226",0.615931721194879,"Positive"
"K06223","K19227",0.863669985775249,"Positive"
"K06223","K19228",0.863669985775249,"Positive"
"K06223","K19229",0.863669985775249,"Positive"
"K06223","K19230",0.861906116642959,"Positive"
"K06281","K06282",1,"Positive"
"K06281","K07588",0.86199146514936,"Positive"
"K06281","K07590",0.973143669985775,"Positive"
"K06281","K07720",0.7550213371266,"Positive"
"K06281","K08384",0.865376955903272,"Positive"
"K06281","K10206",0.868221906116643,"Positive"
"K06281","K11358",0.841024182076814,"Positive"
"K06281","K11690",0.634736842105263,"Positive"
"K06281","K11782",0.859886201991465,"Positive"
"K06281","K11784",0.859886201991465,"Positive"
"K06281","K13818",0.922958748221906,"Positive"
"K06281","K15792",0.852233285917496,"Positive"
"K06281","K16651",0.895448079658606,"Positive"
"K06281","K18285",0.860284495021337,"Positive"
"K06281","K19353",0.664352773826458,"Positive"
"K06282","K07588",0.86199146514936,"Positive"
"K06282","K07590",0.973143669985775,"Positive"
"K06282","K07720",0.7550213371266,"Positive"
"K06282","K08384",0.865376955903272,"Positive"
"K06282","K10206",0.868221906116643,"Positive"
"K06282","K11358",0.841024182076814,"Positive"
"K06282","K11690",0.634736842105263,"Positive"
"K06282","K11782",0.859886201991465,"Positive"
"K06282","K11784",0.859886201991465,"Positive"
"K06282","K13818",0.922958748221906,"Positive"
"K06282","K15792",0.852233285917496,"Positive"
"K06282","K16651",0.895448079658606,"Positive"
"K06282","K18285",0.860284495021337,"Positive"
"K06282","K19353",0.664352773826458,"Positive"
"K06443","K10108",0.674167852062589,"Positive"
"K06443","K10109",0.688307254623044,"Positive"
"K06443","K10110",0.688307254623044,"Positive"
"K06443","K10227",0.624068278805121,"Positive"
"K06443","K14596",0.691408250355619,"Positive"
"K06443","K15576",0.652631578947368,"Positive"
"K06443","K15577",0.786884779516358,"Positive"
"K06443","K15578",0.786884779516358,"Positive"
"K06443","K15746",0.744495021337127,"Positive"
"K06443","K17838",0.678406827880512,"Positive"
"K06445","K06447",0.656500711237553,"Positive"
"K06445","K06858",0.621450924608819,"Positive"
"K06445","K07236",0.648904694167852,"Positive"
"K06445","K07237",0.648904694167852,"Positive"
"K06445","K07637",0.867140825035562,"Positive"
"K06445","K07639",0.635789473684211,"Positive"
"K06445","K07660",0.865120910384068,"Positive"
"K06445","K07661",0.635789473684211,"Positive"
"K06445","K07678",0.629815078236131,"Positive"
"K06445","K07711",0.674224751066856,"Positive"
"K06445","K08312",0.773229018492176,"Positive"
"K06445","K09913",0.696728307254623,"Positive"
"K06445","K10026",0.663869132290185,"Positive"
"K06445","K11895",0.675675675675676,"Positive"
"K06445","K12251",0.746059743954481,"Positive"
"K06445","K12339",0.706600284495021,"Positive"
"K06445","K16165",-0.624011379800854,"Negative"
"K06445","K18800",0.644807965860597,"Positive"
"K06447","K07251",0.793229018492176,"Positive"
"K06447","K07264",0.77778093883357,"Positive"
"K06447","K07637",0.605604551920341,"Positive"
"K06447","K07648",0.621081081081081,"Positive"
"K06447","K07660",0.606628733997155,"Positive"
"K06447","K07676",0.793229018492176,"Positive"
"K06447","K07677",0.796529160739687,"Positive"
"K06447","K07687",0.800284495021337,"Positive"
"K06447","K07689",0.802105263157895,"Positive"
"K06447","K07711",0.927112375533428,"Positive"
"K06447","K07715",0.810298719772404,"Positive"
"K06447","K07771",0.748364153627312,"Positive"
"K06447","K07773",0.621081081081081,"Positive"
"K06447","K07806",0.764864864864865,"Positive"
"K06447","K08682",0.778207681365576,"Positive"
"K06447","K10011",0.760654338549075,"Positive"
"K06447","K10012",0.764864864864865,"Positive"
"K06447","K11891",0.641166429587482,"Positive"
"K06447","K11892",0.635647226173542,"Positive"
"K06447","K11893",0.63647226173542,"Positive"
"K06447","K12152",0.620910384068279,"Positive"
"K06447","K12368",0.629843527738265,"Positive"
"K06447","K12369",0.639345661450925,"Positive"
"K06447","K12370",0.639345661450925,"Positive"
"K06447","K12371",0.639345661450925,"Positive"
"K06447","K12372",0.639345661450925,"Positive"
"K06447","K12525",0.793229018492176,"Positive"
"K06447","K12582",0.793229018492176,"Positive"
"K06447","K12962",0.764864864864865,"Positive"
"K06447","K12963",0.764864864864865,"Positive"
"K06447","K12973",0.669985775248933,"Positive"
"K06447","K12974",0.841593172119488,"Positive"
"K06447","K12975",0.832347083926031,"Positive"
"K06447","K13014",0.764864864864865,"Positive"
"K06447","K13301",0.793229018492176,"Positive"
"K06447","K16704",0.793229018492176,"Positive"
"K06447","K18889",0.795960170697013,"Positive"
"K06447","K18890",0.795960170697013,"Positive"
"K06447","K19222",0.790213371266003,"Positive"
"K06447","K19226",0.793399715504979,"Positive"
"K06447","K19236",0.651379800853485,"Positive"
"K06447","K19270",0.717098150782361,"Positive"
"K06596","K07644",0.766486486486487,"Positive"
"K06596","K07665",0.761422475106686,"Positive"
"K06596","K08082",0.696699857752489,"Positive"
"K06596","K08083",0.69923186344239,"Positive"
"K06596","K13522",0.660199146514936,"Positive"
"K06596","K13745",0.659687055476529,"Positive"
"K06596","K14475",0.729075391180654,"Positive"
"K06596","K16692",0.651066856330014,"Positive"
"K06597","K06598",0.990640113798009,"Positive"
"K06597","K06718",0.848022759601707,"Positive"
"K06597","K06720",0.848022759601707,"Positive"
"K06597","K07823",0.724295874822191,"Positive"
"K06597","K10125",0.62375533428165,"Positive"
"K06597","K10126",0.622475106685633,"Positive"
"K06597","K10229",0.609985775248933,"Positive"
"K06597","K10747",0.641564722617354,"Positive"
"K06597","K10941",0.990640113798009,"Positive"
"K06597","K10942",0.727823613086771,"Positive"
"K06597","K10943",0.647766714082504,"Positive"
"K06597","K10979",0.871948790896159,"Positive"
"K06597","K11384",0.7225320056899,"Positive"
"K06597","K11472",0.719487908961593,"Positive"
"K06597","K11473",0.720426742532006,"Positive"
"K06597","K11688",0.790697012802276,"Positive"
"K06597","K12254",0.7225320056899,"Positive"
"K06597","K12976",0.783897581792319,"Positive"
"K06597","K13541",0.662475106685633,"Positive"
"K06597","K14268",0.647937411095306,"Positive"
"K06597","K14335",0.660398293029872,"Positive"
"K06597","K15011",0.718975817923186,"Positive"
"K06597","K15012",0.720568990042674,"Positive"
"K06597","K15371",0.786315789473684,"Positive"
"K06597","K15373",0.75126600284495,"Positive"
"K06597","K15408",0.652290184921764,"Positive"
"K06597","K16171",0.742247510668563,"Positive"
"K06597","K17226",0.722873399715505,"Positive"
"K06597","K17315",0.678293029871977,"Positive"
"K06597","K17316",0.685234708392603,"Positive"
"K06597","K17317",0.685234708392603,"Positive"
"K06597","K18135",0.702560455192034,"Positive"
"K06597","K18291",0.680284495021337,"Positive"
"K06597","K18292",0.84199146514936,"Positive"
"K06597","K18981",0.69425320056899,"Positive"
"K06597","K19609",0.698293029871977,"Positive"
"K06597","K19610",0.698293029871977,"Positive"
"K06597","K19696",1,"Positive"
"K06598","K06718",0.852546230440967,"Positive"
"K06598","K06720",0.852546230440967,"Positive"
"K06598","K07823",0.742930298719772,"Positive"
"K06598","K10125",0.646059743954481,"Positive"
"K06598","K10126",0.645604551920341,"Positive"
"K06598","K10229",0.623954480796586,"Positive"
"K06598","K10747",0.657211948790896,"Positive"
"K06598","K10941",1,"Positive"
"K06598","K10942",0.73823613086771,"Positive"
"K06598","K10943",0.666770981507824,"Positive"
"K06598","K10979",0.899032716927454,"Positive"
"K06598","K11384",0.733143669985775,"Positive"
"K06598","K11472",0.734110953058322,"Positive"
"K06598","K11473",0.735049786628734,"Positive"
"K06598","K11688",0.808620199146515,"Positive"
"K06598","K12254",0.733143669985775,"Positive"
"K06598","K12976",0.78827880512091,"Positive"
"K06598","K13541",0.673655761024182,"Positive"
"K06598","K13938",0.612944523470839,"Positive"
"K06598","K14268",0.658890469416785,"Positive"
"K06598","K14335",0.665718349928876,"Positive"
"K06598","K15011",0.741593172119488,"Positive"
"K06598","K15012",0.742361308677098,"Positive"
"K06598","K15371",0.797496443812233,"Positive"
"K06598","K15373",0.752887624466572,"Positive"
"K06598","K15408",0.649900426742532,"Positive"
"K06598","K16171",0.767482219061166,"Positive"
"K06598","K17226",0.733001422475107,"Positive"
"K06598","K17315",0.703669985775249,"Positive"
"K06598","K17316",0.70674253200569,"Positive"
"K06598","K17317",0.70674253200569,"Positive"
"K06598","K18135",0.656500711237553,"Positive"
"K06598","K18291",0.690583214793741,"Positive"
"K06598","K18292",0.847169274537696,"Positive"
"K06598","K18968",0.620910384068279,"Positive"
"K06598","K18981",0.716642958748222,"Positive"
"K06598","K19609",0.70773826458037,"Positive"
"K06598","K19610",0.70773826458037,"Positive"
"K06598","K19696",0.990640113798009,"Positive"
"K06606","K07246",0.721194879089616,"Positive"
"K06606","K07674",0.706031294452347,"Positive"
"K06606","K07679",0.805234708392603,"Positive"
"K06606","K07688",0.655277382645804,"Positive"
"K06606","K07690",0.734310099573257,"Positive"
"K06606","K07701",0.794992887624467,"Positive"
"K06606","K07703",0.798918918918919,"Positive"
"K06606","K07781",0.860341394025605,"Positive"
"K06606","K07782",0.793826458036984,"Positive"
"K06606","K08322",0.837752489331437,"Positive"
"K06606","K08351",0.658947368421053,"Positive"
"K06606","K08723",0.752375533428165,"Positive"
"K06606","K09470",0.661166429587482,"Positive"
"K06606","K09473",0.663613086770982,"Positive"
"K06606","K09988",0.703385490753912,"Positive"
"K06606","K10537",0.758093883357041,"Positive"
"K06606","K10538",0.758093883357041,"Positive"
"K06606","K10539",0.758093883357041,"Positive"
"K06606","K10543",0.655704125177809,"Positive"
"K06606","K10544",0.65701280227596,"Positive"
"K06606","K10545",0.65701280227596,"Positive"
"K06606","K11216",0.604352773826458,"Positive"
"K06606","K11530",0.604352773826458,"Positive"
"K06606","K11890",0.821394025604552,"Positive"
"K06606","K13574",0.811550497866287,"Positive"
"K06606","K13632",0.744238975817923,"Positive"
"K06606","K13892",0.621024182076814,"Positive"
"K06606","K14051",0.706116642958748,"Positive"
"K06606","K15598",0.642275960170697,"Positive"
"K06606","K15599",0.642275960170697,"Positive"
"K06606","K15600",0.655647226173542,"Positive"
"K06606","K16703",0.600312944523471,"Positive"
"K06606","K16710",0.600312944523471,"Positive"
"K06606","K17195",0.837041251778094,"Positive"
"K06606","K17202",0.673086770981508,"Positive"
"K06606","K17203",0.673086770981508,"Positive"
"K06606","K17204",0.673086770981508,"Positive"
"K06606","K17213",0.889217638691323,"Positive"
"K06606","K17214",0.887994310099573,"Positive"
"K06606","K17215",0.887994310099573,"Positive"
"K06606","K18324",0.864238975817923,"Positive"
"K06606","K18326",0.85800853485064,"Positive"
"K06606","K19354",0.792830725462304,"Positive"
"K06718","K06720",1,"Positive"
"K06718","K07793",0.617098150782361,"Positive"
"K06718","K07823",0.683698435277383,"Positive"
"K06718","K10125",0.609843527738265,"Positive"
"K06718","K10126",0.609132290184922,"Positive"
"K06718","K10227",0.645576102418208,"Positive"
"K06718","K10229",0.765945945945946,"Positive"
"K06718","K10941",0.852546230440967,"Positive"
"K06718","K10942",0.707197724039829,"Positive"
"K06718","K10943",0.63126600284495,"Positive"
"K06718","K10979",0.749018492176387,"Positive"
"K06718","K11384",0.702930298719772,"Positive"
"K06718","K11472",0.854310099573257,"Positive"
"K06718","K11473",0.855220483641536,"Positive"
"K06718","K11614",0.704096728307255,"Positive"
"K06718","K11615",0.704096728307255,"Positive"
"K06718","K11688",0.936813655761024,"Positive"
"K06718","K12254",0.702930298719772,"Positive"
"K06718","K12976",0.916358463726885,"Positive"
"K06718","K13541",0.608762446657183,"Positive"
"K06718","K13938",0.781593172119488,"Positive"
"K06718","K14268",0.629331436699858,"Positive"
"K06718","K14335",0.837354196301565,"Positive"
"K06718","K15011",0.746031294452347,"Positive"
"K06718","K15012",0.747083926031294,"Positive"
"K06718","K15371",0.824324324324324,"Positive"
"K06718","K15373",0.918150782361309,"Positive"
"K06718","K15408",0.622788051209104,"Positive"
"K06718","K15576",0.659032716927454,"Positive"
"K06718","K16171",0.684438122332859,"Positive"
"K06718","K17226",0.702958748221906,"Positive"
"K06718","K17315",0.66651493598862,"Positive"
"K06718","K17316",0.670554765291607,"Positive"
"K06718","K17317",0.670554765291607,"Positive"
"K06718","K18135",0.771408250355619,"Positive"
"K06718","K18291",0.625775248933144,"Positive"
"K06718","K18292",0.991379800853485,"Positive"
"K06718","K18981",0.68176386913229,"Positive"
"K06718","K19609",0.680568990042674,"Positive"
"K06718","K19610",0.680568990042674,"Positive"
"K06718","K19696",0.848022759601707,"Positive"
"K06720","K07793",0.617098150782361,"Positive"
"K06720","K07823",0.683698435277383,"Positive"
"K06720","K10125",0.609843527738265,"Positive"
"K06720","K10126",0.609132290184922,"Positive"
"K06720","K10227",0.645576102418208,"Positive"
"K06720","K10229",0.765945945945946,"Positive"
"K06720","K10941",0.852546230440967,"Positive"
"K06720","K10942",0.707197724039829,"Positive"
"K06720","K10943",0.63126600284495,"Positive"
"K06720","K10979",0.749018492176387,"Positive"
"K06720","K11384",0.702930298719772,"Positive"
"K06720","K11472",0.854310099573257,"Positive"
"K06720","K11473",0.855220483641536,"Positive"
"K06720","K11614",0.704096728307255,"Positive"
"K06720","K11615",0.704096728307255,"Positive"
"K06720","K11688",0.936813655761024,"Positive"
"K06720","K12254",0.702930298719772,"Positive"
"K06720","K12976",0.916358463726885,"Positive"
"K06720","K13541",0.608762446657183,"Positive"
"K06720","K13938",0.781593172119488,"Positive"
"K06720","K14268",0.629331436699858,"Positive"
"K06720","K14335",0.837354196301565,"Positive"
"K06720","K15011",0.746031294452347,"Positive"
"K06720","K15012",0.747083926031294,"Positive"
"K06720","K15371",0.824324324324324,"Positive"
"K06720","K15373",0.918150782361309,"Positive"
"K06720","K15408",0.622788051209104,"Positive"
"K06720","K15576",0.659032716927454,"Positive"
"K06720","K16171",0.684438122332859,"Positive"
"K06720","K17226",0.702958748221906,"Positive"
"K06720","K17315",0.66651493598862,"Positive"
"K06720","K17316",0.670554765291607,"Positive"
"K06720","K17317",0.670554765291607,"Positive"
"K06720","K18135",0.771408250355619,"Positive"
"K06720","K18291",0.625775248933144,"Positive"
"K06720","K18292",0.991379800853485,"Positive"
"K06720","K18981",0.68176386913229,"Positive"
"K06720","K19609",0.680568990042674,"Positive"
"K06720","K19610",0.680568990042674,"Positive"
"K06720","K19696",0.848022759601707,"Positive"
"K06858","K07264",0.625633001422475,"Positive"
"K06858","K07637",0.768534850640114,"Positive"
"K06858","K07660",0.765462304409673,"Positive"
"K06858","K07771",0.602418207681366,"Positive"
"K06858","K07787",0.717183499288762,"Positive"
"K06858","K07798",0.720256045519203,"Positive"
"K06858","K07806",0.618662873399715,"Positive"
"K06858","K10011",0.620056899004267,"Positive"
"K06858","K10012",0.618662873399715,"Positive"
"K06858","K10111",0.621052631578947,"Positive"
"K06858","K11895",0.625092460881935,"Positive"
"K06858","K12962",0.618662873399715,"Positive"
"K06858","K12963",0.618662873399715,"Positive"
"K06858","K12974",0.641137980085349,"Positive"
"K06858","K12975",0.643897581792319,"Positive"
"K06858","K13014",0.618662873399715,"Positive"
"K06879","K07235",0.872432432432432,"Positive"
"K06879","K07639",0.863072546230441,"Positive"
"K06879","K07642",0.662588904694168,"Positive"
"K06879","K07661",0.863072546230441,"Positive"
"K06879","K07664",0.667197724039829,"Positive"
"K06879","K07678",0.740170697012802,"Positive"
"K06879","K08312",0.668221906116643,"Positive"
"K06879","K08484",0.842560455192034,"Positive"
"K06879","K08485",0.65724039829303,"Positive"
"K06879","K09913",0.754338549075391,"Positive"
"K06879","K10004",0.60728307254623,"Positive"
"K06879","K10026",0.787624466571835,"Positive"
"K06879","K10036",0.610384068278805,"Positive"
"K06879","K10804",0.679317211948791,"Positive"
"K06879","K10914",0.826913229018492,"Positive"
"K06879","K11081",-0.606941678520626,"Negative"
"K06879","K11082",-0.606941678520626,"Negative"
"K06879","K11083",-0.606941678520626,"Negative"
"K06879","K11084",-0.606941678520626,"Negative"
"K06879","K11179",0.872432432432432,"Positive"
"K06879","K11183",0.801564722617354,"Positive"
"K06879","K12339",0.755931721194879,"Positive"
"K06879","K13378",0.669615931721195,"Positive"
"K06879","K15777",0.609815078236131,"Positive"
"K06897","K06989",0.880540540540541,"Positive"
"K06897","K07306",0.761963015647226,"Positive"
"K06897","K07307",0.756728307254623,"Positive"
"K06897","K07641",0.618833570412518,"Positive"
"K06897","K07686",0.615561877667141,"Positive"
"K06897","K07812",0.747112375533428,"Positive"
"K06897","K08302",0.630298719772404,"Positive"
"K06897","K08320",0.811863442389758,"Positive"
"K06897","K08321",0.670782361308677,"Positive"
"K06897","K08348",0.627339971550498,"Positive"
"K06897","K08350",0.65578947368421,"Positive"
"K06897","K10555",0.619715504978663,"Positive"
"K06897","K10557",0.619715504978663,"Positive"
"K06897","K10558",0.619715504978663,"Positive"
"K06897","K10824",0.837496443812233,"Positive"
"K06897","K11081",0.844495021337127,"Positive"
"K06897","K11082",0.844495021337127,"Positive"
"K06897","K11083",0.844495021337127,"Positive"
"K06897","K11084",0.844495021337127,"Positive"
"K06897","K11216",0.663357041251778,"Positive"
"K06897","K11530",0.663357041251778,"Positive"
"K06897","K11531",0.619715504978663,"Positive"
"K06897","K12111",0.714566145092461,"Positive"
"K06897","K12112",0.963413940256046,"Positive"
"K06897","K12527",0.713314366998578,"Positive"
"K06897","K14977",0.720113798008535,"Positive"
"K06897","K15584",0.837496443812233,"Positive"
"K06897","K15585",0.837496443812233,"Positive"
"K06897","K15586",0.829843527738265,"Positive"
"K06897","K15587",0.837496443812233,"Positive"
"K06897","K18333",0.641450924608819,"Positive"
"K06985","K07589",0.61678520625889,"Positive"
"K06985","K07823",0.734110953058322,"Positive"
"K06985","K08738",0.604295874822191,"Positive"
"K06985","K10125",0.832403982930299,"Positive"
"K06985","K10126",0.832347083926031,"Positive"
"K06985","K10942",0.749758179231863,"Positive"
"K06985","K10943",0.806315789473684,"Positive"
"K06985","K11384",0.745775248933144,"Positive"
"K06985","K12254",0.745775248933144,"Positive"
"K06985","K13541",0.793456614509246,"Positive"
"K06985","K13590",0.897695590327169,"Positive"
"K06985","K14268",0.68950213371266,"Positive"
"K06985","K15011",0.650554765291607,"Positive"
"K06985","K15012",0.650753911806543,"Positive"
"K06985","K15408",0.782788051209104,"Positive"
"K06985","K15864",0.655078236130868,"Positive"
"K06985","K16171",0.611550497866287,"Positive"
"K06985","K17226",0.745234708392603,"Positive"
"K06985","K17315",0.776045519203414,"Positive"
"K06985","K17316",0.776358463726885,"Positive"
"K06985","K17317",0.776358463726885,"Positive"
"K06985","K18291",0.822162162162162,"Positive"
"K06985","K18697",-0.615647226173542,"Negative"
"K06985","K18889",-0.60022759601707,"Negative"
"K06985","K18890",-0.60022759601707,"Negative"
"K06985","K18930",0.66674253200569,"Positive"
"K06985","K18981",0.724722617354196,"Positive"
"K06985","K19340",0.697724039829303,"Positive"
"K06985","K19341",0.736899004267425,"Positive"
"K06985","K19609",0.713570412517781,"Positive"
"K06985","K19610",0.713570412517781,"Positive"
"K06985","K19713",0.764352773826458,"Positive"
"K06989","K07306",0.744836415362731,"Positive"
"K06989","K07307",0.730128022759602,"Positive"
"K06989","K07812",0.730924608819346,"Positive"
"K06989","K08302",0.683044096728307,"Positive"
"K06989","K08320",0.907766714082504,"Positive"
"K06989","K08321",0.664267425320057,"Positive"
"K06989","K08350",0.6075106685633,"Positive"
"K06989","K10824",0.721593172119488,"Positive"
"K06989","K11081",0.822901849217639,"Positive"
"K06989","K11082",0.822901849217639,"Positive"
"K06989","K11083",0.822901849217639,"Positive"
"K06989","K11084",0.822901849217639,"Positive"
"K06989","K11216",0.69302987197724,"Positive"
"K06989","K11530",0.69302987197724,"Positive"
"K06989","K12111",0.608648648648649,"Positive"
"K06989","K12112",0.835647226173542,"Positive"
"K06989","K12527",0.609160739687056,"Positive"
"K06989","K14977",0.65302987197724,"Positive"
"K06989","K15584",0.721593172119488,"Positive"
"K06989","K15585",0.721593172119488,"Positive"
"K06989","K15586",0.718691322901849,"Positive"
"K06989","K15587",0.721593172119488,"Positive"
"K06989","K15866",0.628563300142247,"Positive"
"K06989","K17850",0.617752489331437,"Positive"
"K06989","K18333",0.65226173541963,"Positive"
"K06998","K10228",0.700256045519203,"Positive"
"K07026","K07688",0.632119487908962,"Positive"
"K07026","K08092",0.600483641536273,"Positive"
"K07026","K08323",0.640341394025605,"Positive"
"K07026","K08351",0.723669985775249,"Positive"
"K07026","K09470",0.673769559032717,"Positive"
"K07026","K09473",0.728477951635846,"Positive"
"K07026","K10537",0.6025320056899,"Positive"
"K07026","K10538",0.6025320056899,"Positive"
"K07026","K10539",0.6025320056899,"Positive"
"K07026","K12255",0.602133712660028,"Positive"
"K07026","K13529",0.626941678520626,"Positive"
"K07026","K13816",0.665405405405405,"Positive"
"K07026","K16703",0.691379800853485,"Positive"
"K07026","K16710",0.691379800853485,"Positive"
"K07026","K17202",0.716671408250356,"Positive"
"K07026","K17203",0.716671408250356,"Positive"
"K07026","K17204",0.716671408250356,"Positive"
"K07046","K07812",0.723783783783784,"Positive"
"K07046","K11081",0.63823613086771,"Positive"
"K07046","K11082",0.63823613086771,"Positive"
"K07046","K11083",0.63823613086771,"Positive"
"K07046","K11084",0.63823613086771,"Positive"
"K07046","K18333",0.872233285917496,"Positive"
"K07046","K18334",0.884665718349929,"Positive"
"K07119","K07178",0.652403982930299,"Positive"
"K07119","K07649",0.642361308677098,"Positive"
"K07119","K07774",0.704381223328592,"Positive"
"K07119","K08312",0.608933143669986,"Positive"
"K07119","K09969",0.623328591749644,"Positive"
"K07119","K09970",0.640938833570412,"Positive"
"K07119","K09971",0.640938833570412,"Positive"
"K07119","K12541",0.605462304409673,"Positive"
"K07119","K15576",0.674224751066856,"Positive"
"K07119","K15577",0.604295874822191,"Positive"
"K07119","K15578",0.604295874822191,"Positive"
"K07141","K07165",0.647254623044097,"Positive"
"K07141","K07248",0.625633001422475,"Positive"
"K07141","K07250",0.60873399715505,"Positive"
"K07141","K08738",0.663157894736842,"Positive"
"K07141","K11645",0.677354196301565,"Positive"
"K07141","K13481",0.752660028449502,"Positive"
"K07141","K13482",0.750469416785206,"Positive"
"K07165","K07215",0.628449502133713,"Positive"
"K07165","K08261",0.608165007112376,"Positive"
"K07165","K08738",0.695163584637269,"Positive"
"K07165","K13481",0.692318634423898,"Positive"
"K07165","K13482",0.700825035561878,"Positive"
"K07165","K19743",0.680796586059744,"Positive"
"K07215","K07250",0.616102418207681,"Positive"
"K07215","K08261",0.882560455192034,"Positive"
"K07215","K09690",0.616073968705548,"Positive"
"K07215","K09691",0.616073968705548,"Positive"
"K07215","K09758",0.622930298719772,"Positive"
"K07215","K11645",0.658862019914652,"Positive"
"K07215","K13472",0.623413940256046,"Positive"
"K07215","K13481",0.695049786628734,"Positive"
"K07215","K13482",0.685604551920341,"Positive"
"K07215","K13485",0.675704125177809,"Positive"
"K07215","K19743",0.797211948790896,"Positive"
"K07226","K07710",0.658890469416785,"Positive"
"K07226","K07714",0.658890469416785,"Positive"
"K07226","K09758",0.610298719772404,"Positive"
"K07226","K11003",0.780796586059744,"Positive"
"K07226","K11004",0.780796586059744,"Positive"
"K07226","K12256",0.917211948790896,"Positive"
"K07226","K12688",0.689046941678521,"Positive"
"K07226","K14026",0.689046941678521,"Positive"
"K07226","K18148",0.72628733997155,"Positive"
"K07232","K07246",0.713769559032717,"Positive"
"K07232","K07701",0.610184921763869,"Positive"
"K07232","K07703",0.619971550497866,"Positive"
"K07232","K07782",0.619886201991465,"Positive"
"K07232","K08351",0.724893314366999,"Positive"
"K07232","K09470",0.698435277382646,"Positive"
"K07232","K09472",0.740825035561878,"Positive"
"K07232","K09473",0.714907539118065,"Positive"
"K07232","K09969",0.626031294452347,"Positive"
"K07232","K09970",0.614395448079659,"Positive"
"K07232","K09971",0.614395448079659,"Positive"
"K07232","K12658",0.622475106685633,"Positive"
"K07232","K13051",0.769046941678521,"Positive"
"K07232","K13529",0.617155049786629,"Positive"
"K07232","K13889",0.66674253200569,"Positive"
"K07232","K13890",0.890213371266003,"Positive"
"K07232","K13891",0.764722617354196,"Positive"
"K07232","K13892",0.776330014224751,"Positive"
"K07232","K15598",0.792460881934566,"Positive"
"K07232","K15599",0.792460881934566,"Positive"
"K07232","K15600",0.791578947368421,"Positive"
"K07232","K17202",0.680256045519203,"Positive"
"K07232","K17203",0.680256045519203,"Positive"
"K07232","K17204",0.680256045519203,"Positive"
"K07235","K07236",0.760483641536273,"Positive"
"K07235","K07237",0.760483641536273,"Positive"
"K07235","K07639",0.832347083926031,"Positive"
"K07235","K07642",0.653143669985775,"Positive"
"K07235","K07661",0.832347083926031,"Positive"
"K07235","K07664",0.652091038406828,"Positive"
"K07235","K07678",0.711607396870555,"Positive"
"K07235","K08312",0.646059743954481,"Positive"
"K07235","K08484",0.737183499288762,"Positive"
"K07235","K08485",0.655618776671408,"Positive"
"K07235","K09913",0.713940256045519,"Positive"
"K07235","K10001",0.674196301564723,"Positive"
"K07235","K10002",0.695988620199147,"Positive"
"K07235","K10003",0.695988620199147,"Positive"
"K07235","K10004",0.702901849217639,"Positive"
"K07235","K10026",0.707197724039829,"Positive"
"K07235","K10914",0.939743954480797,"Positive"
"K07235","K11179",1,"Positive"
"K07235","K11183",0.915874822190612,"Positive"
"K07235","K11900",0.697411095305832,"Positive"
"K07235","K11901",0.67425320056899,"Positive"
"K07235","K11903",0.681024182076814,"Positive"
"K07235","K11907",0.67977240398293,"Positive"
"K07235","K12339",0.713541963015647,"Positive"
"K07235","K13378",0.661109530583215,"Positive"
"K07235","K18800",0.749530583214794,"Positive"
"K07236","K07237",1,"Positive"
"K07236","K07637",0.600398293029872,"Positive"
"K07236","K07640",0.668648648648649,"Positive"
"K07236","K07751",0.668648648648649,"Positive"
"K07236","K08312",0.891834992887624,"Positive"
"K07236","K08722",0.603726884779516,"Positive"
"K07236","K09476",0.667880512091038,"Positive"
"K07236","K09997",0.668648648648649,"Positive"
"K07236","K09998",0.66221906116643,"Positive"
"K07236","K09999",0.66221906116643,"Positive"
"K07236","K10000",0.66221906116643,"Positive"
"K07236","K10914",0.689843527738265,"Positive"
"K07236","K11179",0.760483641536273,"Positive"
"K07236","K11183",0.727396870554765,"Positive"
"K07236","K11258",0.692546230440967,"Positive"
"K07236","K11895",0.641564722617354,"Positive"
"K07236","K11900",0.79578947368421,"Positive"
"K07236","K11901",0.781280227596017,"Positive"
"K07236","K11903",0.779829302987198,"Positive"
"K07236","K11907",0.786685633001422,"Positive"
"K07236","K12524",0.639857752489331,"Positive"
"K07236","K13498",0.659943100995733,"Positive"
"K07236","K13893",0.765433854907539,"Positive"
"K07236","K13894",0.677098150782361,"Positive"
"K07236","K13895",0.677098150782361,"Positive"
"K07236","K13896",0.68,"Positive"
"K07236","K14187",0.668648648648649,"Positive"
"K07236","K18800",0.995106685633001,"Positive"
"K07236","K19227",0.668648648648649,"Positive"
"K07236","K19228",0.668648648648649,"Positive"
"K07236","K19229",0.668648648648649,"Positive"
"K07236","K19230",0.6675106685633,"Positive"
"K07237","K07637",0.600398293029872,"Positive"
"K07237","K07640",0.668648648648649,"Positive"
"K07237","K07751",0.668648648648649,"Positive"
"K07237","K08312",0.891834992887624,"Positive"
"K07237","K08722",0.603726884779516,"Positive"
"K07237","K09476",0.667880512091038,"Positive"
"K07237","K09997",0.668648648648649,"Positive"
"K07237","K09998",0.66221906116643,"Positive"
"K07237","K09999",0.66221906116643,"Positive"
"K07237","K10000",0.66221906116643,"Positive"
"K07237","K10914",0.689843527738265,"Positive"
"K07237","K11179",0.760483641536273,"Positive"
"K07237","K11183",0.727396870554765,"Positive"
"K07237","K11258",0.692546230440967,"Positive"
"K07237","K11895",0.641564722617354,"Positive"
"K07237","K11900",0.79578947368421,"Positive"
"K07237","K11901",0.781280227596017,"Positive"
"K07237","K11903",0.779829302987198,"Positive"
"K07237","K11907",0.786685633001422,"Positive"
"K07237","K12524",0.639857752489331,"Positive"
"K07237","K13498",0.659943100995733,"Positive"
"K07237","K13893",0.765433854907539,"Positive"
"K07237","K13894",0.677098150782361,"Positive"
"K07237","K13895",0.677098150782361,"Positive"
"K07237","K13896",0.68,"Positive"
"K07237","K14187",0.668648648648649,"Positive"
"K07237","K18800",0.995106685633001,"Positive"
"K07237","K19227",0.668648648648649,"Positive"
"K07237","K19228",0.668648648648649,"Positive"
"K07237","K19229",0.668648648648649,"Positive"
"K07237","K19230",0.6675106685633,"Positive"
"K07246","K07679",0.603044096728307,"Positive"
"K07246","K07688",0.600483641536273,"Positive"
"K07246","K07690",0.738093883357041,"Positive"
"K07246","K07701",0.717837837837838,"Positive"
"K07246","K07703",0.727994310099573,"Positive"
"K07246","K07781",0.639431009957326,"Positive"
"K07246","K07782",0.740455192034139,"Positive"
"K07246","K08323",0.700853485064011,"Positive"
"K07246","K08351",0.873769559032717,"Positive"
"K07246","K09470",0.849302987197724,"Positive"
"K07246","K09472",0.632830725462304,"Positive"
"K07246","K09473",0.85149359886202,"Positive"
"K07246","K11890",0.67325746799431,"Positive"
"K07246","K12255",0.765604551920341,"Positive"
"K07246","K13051",0.704182076813656,"Positive"
"K07246","K13529",0.888933143669986,"Positive"
"K07246","K13574",0.679260312944523,"Positive"
"K07246","K13816",0.660426742532006,"Positive"
"K07246","K13890",0.635334281650071,"Positive"
"K07246","K13892",0.613200568990043,"Positive"
"K07246","K15598",0.824637268847795,"Positive"
"K07246","K15599",0.824637268847795,"Positive"
"K07246","K15600",0.832233285917496,"Positive"
"K07246","K17195",0.650014224751067,"Positive"
"K07246","K17202",0.905206258890469,"Positive"
"K07246","K17203",0.905206258890469,"Positive"
"K07246","K17204",0.905206258890469,"Positive"
"K07246","K17213",0.694594594594595,"Positive"
"K07246","K17214",0.67524893314367,"Positive"
"K07246","K17215",0.67524893314367,"Positive"
"K07246","K18324",0.634594594594595,"Positive"
"K07246","K18326",0.652347083926031,"Positive"
"K07248","K07250",0.614452347083926,"Positive"
"K07248","K08738",0.626201991465149,"Positive"
"K07248","K13481",0.72651493598862,"Positive"
"K07248","K13482",0.727937411095306,"Positive"
"K07248","K19743",0.651152204836415,"Positive"
"K07250","K08261",0.62275960170697,"Positive"
"K07250","K09690",0.616358463726885,"Positive"
"K07250","K09691",0.616358463726885,"Positive"
"K07250","K11645",0.774765291607397,"Positive"
"K07250","K13408",0.686486486486486,"Positive"
"K07250","K13409",0.674907539118065,"Positive"
"K07250","K13472",0.627908961593172,"Positive"
"K07250","K13481",0.726486486486487,"Positive"
"K07250","K13482",0.725263157894737,"Positive"
"K07251","K07264",0.964125177809388,"Positive"
"K07251","K07345",0.739402560455192,"Positive"
"K07251","K07347",0.662389758179232,"Positive"
"K07251","K07640",0.74076813655761,"Positive"
"K07251","K07643",0.639829302987198,"Positive"
"K07251","K07648",0.831522048364154,"Positive"
"K07251","K07676",1,"Positive"
"K07251","K07677",0.966941678520626,"Positive"
"K07251","K07687",0.991578947368421,"Positive"
"K07251","K07689",0.99271692745377,"Positive"
"K07251","K07711",0.871607396870555,"Positive"
"K07251","K07715",0.986714082503556,"Positive"
"K07251","K07751",0.74076813655761,"Positive"
"K07251","K07771",0.958264580369844,"Positive"
"K07251","K07773",0.831522048364154,"Positive"
"K07251","K07806",0.965604551920341,"Positive"
"K07251","K08682",0.988022759601707,"Positive"
"K07251","K08722",0.651379800853485,"Positive"
"K07251","K09475",0.638520625889047,"Positive"
"K07251","K09476",0.7425320056899,"Positive"
"K07251","K09996",0.604921763869132,"Positive"
"K07251","K09997",0.74076813655761,"Positive"
"K07251","K09998",0.733229018492176,"Positive"
"K07251","K09999",0.733229018492176,"Positive"
"K07251","K10000",0.733229018492176,"Positive"
"K07251","K10011",0.964381223328592,"Positive"
"K07251","K10012",0.965604551920341,"Positive"
"K07251","K10014",0.628307254623044,"Positive"
"K07251","K10015",0.62927453769559,"Positive"
"K07251","K10016",0.63049786628734,"Positive"
"K07251","K10017",0.627339971550498,"Positive"
"K07251","K10037",0.631294452347084,"Positive"
"K07251","K10038",0.63149359886202,"Positive"
"K07251","K11258",0.652204836415363,"Positive"
"K07251","K11891",0.678605974395448,"Positive"
"K07251","K11892",0.692318634423898,"Positive"
"K07251","K11893",0.676073968705548,"Positive"
"K07251","K12152",0.831607396870555,"Positive"
"K07251","K12368",0.741593172119488,"Positive"
"K07251","K12369",0.778463726884779,"Positive"
"K07251","K12370",0.778463726884779,"Positive"
"K07251","K12371",0.778463726884779,"Positive"
"K07251","K12372",0.778463726884779,"Positive"
"K07251","K12525",1,"Positive"
"K07251","K12582",1,"Positive"
"K07251","K12962",0.965604551920341,"Positive"
"K07251","K12963",0.965604551920341,"Positive"
"K07251","K12973",0.847795163584637,"Positive"
"K07251","K12974",0.94873399715505,"Positive"
"K07251","K12975",0.95172119487909,"Positive"
"K07251","K13014",0.965604551920341,"Positive"
"K07251","K13301",1,"Positive"
"K07251","K13498",0.731009957325747,"Positive"
"K07251","K14187",0.74076813655761,"Positive"
"K07251","K16704",1,"Positive"
"K07251","K18889",0.747055476529161,"Positive"
"K07251","K18890",0.747055476529161,"Positive"
"K07251","K19222",0.95724039829303,"Positive"
"K07251","K19226",0.999914651493599,"Positive"
"K07251","K19227",0.74076813655761,"Positive"
"K07251","K19228",0.74076813655761,"Positive"
"K07251","K19229",0.74076813655761,"Positive"
"K07251","K19230",0.74022759601707,"Positive"
"K07251","K19236",0.844495021337127,"Positive"
"K07251","K19270",0.902617354196302,"Positive"
"K07260","K12554",0.882702702702703,"Positive"
"K07260","K13677",0.798947368421053,"Positive"
"K07264","K07345",0.724694167852063,"Positive"
"K07264","K07347",0.638406827880512,"Positive"
"K07264","K07640",0.703357041251778,"Positive"
"K07264","K07643",0.653172119487909,"Positive"
"K07264","K07648",0.790924608819346,"Positive"
"K07264","K07676",0.964125177809388,"Positive"
"K07264","K07677",0.962702702702703,"Positive"
"K07264","K07687",0.971351351351351,"Positive"
"K07264","K07689",0.971408250355619,"Positive"
"K07264","K07711",0.842588904694168,"Positive"
"K07264","K07715",0.971294452347084,"Positive"
"K07264","K07751",0.703357041251778,"Positive"
"K07264","K07771",0.983698435277383,"Positive"
"K07264","K07773",0.790924608819346,"Positive"
"K07264","K07806",0.997894736842105,"Positive"
"K07264","K08682",0.953229018492176,"Positive"
"K07264","K08722",0.625291607396871,"Positive"
"K07264","K09475",0.65226173541963,"Positive"
"K07264","K09476",0.717183499288762,"Positive"
"K07264","K09997",0.703357041251778,"Positive"
"K07264","K09998",0.703897581792319,"Positive"
"K07264","K09999",0.703897581792319,"Positive"
"K07264","K10000",0.703897581792319,"Positive"
"K07264","K10011",0.994594594594595,"Positive"
"K07264","K10012",0.997894736842105,"Positive"
"K07264","K11258",0.618975817923186,"Positive"
"K07264","K11891",0.688990042674253,"Positive"
"K07264","K11892",0.691834992887625,"Positive"
"K07264","K11893",0.678150782361309,"Positive"
"K07264","K12152",0.791009957325747,"Positive"
"K07264","K12368",0.745860597439545,"Positive"
"K07264","K12369",0.77027027027027,"Positive"
"K07264","K12370",0.77027027027027,"Positive"
"K07264","K12371",0.77027027027027,"Positive"
"K07264","K12372",0.77027027027027,"Positive"
"K07264","K12525",0.964125177809388,"Positive"
"K07264","K12582",0.964125177809388,"Positive"
"K07264","K12962",0.997894736842105,"Positive"
"K07264","K12963",0.997894736842105,"Positive"
"K07264","K12973",0.809871977240398,"Positive"
"K07264","K12974",0.905405405405405,"Positive"
"K07264","K12975",0.913798008534851,"Positive"
"K07264","K13014",0.997894736842105,"Positive"
"K07264","K13301",0.964125177809388,"Positive"
"K07264","K13498",0.702361308677098,"Positive"
"K07264","K14187",0.703357041251778,"Positive"
"K07264","K16704",0.964125177809388,"Positive"
"K07264","K18889",0.704836415362731,"Positive"
"K07264","K18890",0.704836415362731,"Positive"
"K07264","K19222",0.917724039829303,"Positive"
"K07264","K19226",0.964039829302987,"Positive"
"K07264","K19227",0.703357041251778,"Positive"
"K07264","K19228",0.703357041251778,"Positive"
"K07264","K19229",0.703357041251778,"Positive"
"K07264","K19230",0.702873399715505,"Positive"
"K07264","K19236",0.795647226173542,"Positive"
"K07264","K19270",0.878833570412518,"Positive"
"K07271","K07683",0.752233285917496,"Positive"
"K07271","K08177",0.643157894736842,"Positive"
"K07271","K09692",0.945348506401138,"Positive"
"K07271","K09809",0.962446657183499,"Positive"
"K07271","K11618",0.629160739687055,"Positive"
"K07271","K11623",0.754651493598862,"Positive"
"K07271","K11624",0.754651493598862,"Positive"
"K07271","K13919",0.754594594594595,"Positive"
"K07271","K13920",0.754594594594595,"Positive"
"K07271","K16937",0.77402560455192,"Positive"
"K07271","K16961",0.690668563300142,"Positive"
"K07271","K17722",0.755163584637269,"Positive"
"K07271","K17950",0.751578947368421,"Positive"
"K07271","K19349",0.754651493598862,"Positive"
"K07306","K07307",0.989046941678521,"Positive"
"K07306","K07308",0.606088193456614,"Positive"
"K07306","K08302",0.607596017069701,"Positive"
"K07306","K08320",0.65678520625889,"Positive"
"K07306","K08321",0.853399715504979,"Positive"
"K07306","K08348",0.698065433854907,"Positive"
"K07306","K08349",0.65027027027027,"Positive"
"K07306","K08350",0.802048364153627,"Positive"
"K07306","K10555",0.788648648648649,"Positive"
"K07306","K10557",0.788648648648649,"Positive"
"K07306","K10558",0.788648648648649,"Positive"
"K07306","K10824",0.909928876244666,"Positive"
"K07306","K11531",0.788648648648649,"Positive"
"K07306","K12112",0.695960170697013,"Positive"
"K07306","K12527",0.806002844950213,"Positive"
"K07306","K15584",0.909928876244666,"Positive"
"K07306","K15585",0.909928876244666,"Positive"
"K07306","K15586",0.910640113798009,"Positive"
"K07306","K15587",0.909928876244666,"Positive"
"K07307","K08302",0.605718349928876,"Positive"
"K07307","K08320",0.652403982930299,"Positive"
"K07307","K08321",0.844409672830725,"Positive"
"K07307","K08348",0.722503556187767,"Positive"
"K07307","K08349",0.647624466571835,"Positive"
"K07307","K08350",0.803613086770982,"Positive"
"K07307","K10555",0.779743954480797,"Positive"
"K07307","K10557",0.779743954480797,"Positive"
"K07307","K10558",0.779743954480797,"Positive"
"K07307","K10824",0.909815078236131,"Positive"
"K07307","K11531",0.779743954480797,"Positive"
"K07307","K12112",0.676273115220484,"Positive"
"K07307","K12527",0.776813655761024,"Positive"
"K07307","K15584",0.909815078236131,"Positive"
"K07307","K15585",0.909815078236131,"Positive"
"K07307","K15586",0.909843527738265,"Positive"
"K07307","K15587",0.909815078236131,"Positive"
"K07308","K07710",0.646230440967283,"Positive"
"K07308","K07714",0.646230440967283,"Positive"
"K07308","K08349",0.907937411095306,"Positive"
"K07345","K07346",0.610327169274538,"Positive"
"K07345","K07347",0.879061166429588,"Positive"
"K07345","K07639",0.618605974395448,"Positive"
"K07345","K07642",0.702702702702703,"Positive"
"K07345","K07648",0.663300142247511,"Positive"
"K07345","K07661",0.618605974395448,"Positive"
"K07345","K07664",0.705206258890469,"Positive"
"K07345","K07676",0.739402560455192,"Positive"
"K07345","K07677",0.732460881934566,"Positive"
"K07345","K07678",0.732290184921764,"Positive"
"K07345","K07687",0.739487908961593,"Positive"
"K07345","K07689",0.743783783783784,"Positive"
"K07345","K07711",0.647027027027027,"Positive"
"K07345","K07715",0.743641536273115,"Positive"
"K07345","K07771",0.699288762446657,"Positive"
"K07345","K07773",0.663300142247511,"Positive"
"K07345","K07806",0.721337126600284,"Positive"
"K07345","K08484",0.673911806543385,"Positive"
"K07345","K08485",0.882503556187767,"Positive"
"K07345","K08682",0.716870554765292,"Positive"
"K07345","K10001",0.654822190611664,"Positive"
"K07345","K10002",0.663584637268848,"Positive"
"K07345","K10003",0.663584637268848,"Positive"
"K07345","K10004",0.629957325746799,"Positive"
"K07345","K10011",0.718520625889047,"Positive"
"K07345","K10012",0.721337126600284,"Positive"
"K07345","K10014",0.920256045519203,"Positive"
"K07345","K10015",0.908392603129445,"Positive"
"K07345","K10016",0.917411095305832,"Positive"
"K07345","K10017",0.908990042674253,"Positive"
"K07345","K10026",0.703812233285917,"Positive"
"K07345","K10036",0.852802275960171,"Positive"
"K07345","K10037",0.909331436699858,"Positive"
"K07345","K10038",0.908136557610242,"Positive"
"K07345","K11892",0.606998577524893,"Positive"
"K07345","K12152",0.663385490753912,"Positive"
"K07345","K12339",0.606088193456614,"Positive"
"K07345","K12368",0.624125177809388,"Positive"
"K07345","K12369",0.648079658605974,"Positive"
"K07345","K12370",0.648079658605974,"Positive"
"K07345","K12371",0.648079658605974,"Positive"
"K07345","K12372",0.648079658605974,"Positive"
"K07345","K12525",0.739402560455192,"Positive"
"K07345","K12582",0.739402560455192,"Positive"
"K07345","K12962",0.721337126600284,"Positive"
"K07345","K12963",0.721337126600284,"Positive"
"K07345","K12974",0.652944523470839,"Positive"
"K07345","K12975",0.653940256045519,"Positive"
"K07345","K13014",0.721337126600284,"Positive"
"K07345","K13301",0.739402560455192,"Positive"
"K07345","K13378",0.72574679943101,"Positive"
"K07345","K15777",0.700085348506401,"Positive"
"K07345","K16704",0.739402560455192,"Positive"
"K07345","K19222",0.713172119487909,"Positive"
"K07345","K19226",0.739317211948791,"Positive"
"K07345","K19270",0.684210526315789,"Positive"
"K07346","K07347",0.754964438122333,"Positive"
"K07346","K08485",0.682816500711238,"Positive"
"K07346","K09020",0.614224751066856,"Positive"
"K07346","K10013",0.705633001422475,"Positive"
"K07346","K10857",0.808819345661451,"Positive"
"K07346","K12957",0.74221906116643,"Positive"
"K07346","K13378",0.627453769559033,"Positive"
"K07346","K16839",0.734366998577525,"Positive"
"K07346","K16840",0.723442389758179,"Positive"
"K07346","K16841",0.719203413940256,"Positive"
"K07346","K16842",0.771778093883357,"Positive"
"K07346","K17228",0.607880512091038,"Positive"
"K07347","K07642",0.751778093883357,"Positive"
"K07347","K07664",0.754992887624467,"Positive"
"K07347","K07676",0.662389758179232,"Positive"
"K07347","K07677",0.655704125177809,"Positive"
"K07347","K07678",0.681593172119488,"Positive"
"K07347","K07687",0.663328591749644,"Positive"
"K07347","K07689",0.666998577524893,"Positive"
"K07347","K07711",0.658748221906117,"Positive"
"K07347","K07715",0.667339971550498,"Positive"
"K07347","K07771",0.609473684210526,"Positive"
"K07347","K07806",0.636614509246088,"Positive"
"K07347","K08484",0.627795163584637,"Positive"
"K07347","K08485",0.872660028449502,"Positive"
"K07347","K08682",0.634452347083926,"Positive"
"K07347","K08738",-0.62773826458037,"Negative"
"K07347","K09913",0.69547652916074,"Positive"
"K07347","K10001",0.629985775248933,"Positive"
"K07347","K10002",0.647453769559033,"Positive"
"K07347","K10003",0.647453769559033,"Positive"
"K07347","K10004",0.611977240398293,"Positive"
"K07347","K10011",0.634708392603129,"Positive"
"K07347","K10012",0.636614509246088,"Positive"
"K07347","K10014",0.793172119487909,"Positive"
"K07347","K10015",0.783385490753912,"Positive"
"K07347","K10016",0.788591749644381,"Positive"
"K07347","K10017",0.785007112375533,"Positive"
"K07347","K10026",0.706856330014225,"Positive"
"K07347","K10036",0.74221906116643,"Positive"
"K07347","K10037",0.781792318634424,"Positive"
"K07347","K10038",0.781365576102418,"Positive"
"K07347","K10857",0.624267425320057,"Positive"
"K07347","K11891",0.680341394025605,"Positive"
"K07347","K11892",0.688591749644381,"Positive"
"K07347","K11893",0.671237553342817,"Positive"
"K07347","K12339",0.709672830725462,"Positive"
"K07347","K12525",0.662389758179232,"Positive"
"K07347","K12582",0.662389758179232,"Positive"
"K07347","K12962",0.636614509246088,"Positive"
"K07347","K12963",0.636614509246088,"Positive"
"K07347","K13014",0.636614509246088,"Positive"
"K07347","K13301",0.662389758179232,"Positive"
"K07347","K13378",0.828108108108108,"Positive"
"K07347","K15777",0.723897581792319,"Positive"
"K07347","K16704",0.662389758179232,"Positive"
"K07347","K19222",0.650981507823613,"Positive"
"K07347","K19226",0.661906116642959,"Positive"
"K07347","K19270",0.718349928876245,"Positive"
"K07516","K10747",0.72597439544808,"Positive"
"K07516","K10979",0.60398293029872,"Positive"
"K07516","K11472",0.7124893314367,"Positive"
"K07516","K11473",0.711550497866287,"Positive"
"K07516","K12976",0.619288762446657,"Positive"
"K07516","K13766",0.724011379800854,"Positive"
"K07516","K15011",0.605945945945946,"Positive"
"K07516","K15012",0.60574679943101,"Positive"
"K07516","K15371",0.699288762446657,"Positive"
"K07516","K16171",0.75524893314367,"Positive"
"K07588","K07590",0.826372688477952,"Positive"
"K07588","K07720",0.722560455192034,"Positive"
"K07588","K08384",0.904153627311522,"Positive"
"K07588","K10206",0.910924608819346,"Positive"
"K07588","K11358",0.838577524893314,"Positive"
"K07588","K11690",0.663869132290185,"Positive"
"K07588","K11782",0.903015647226174,"Positive"
"K07588","K11784",0.903015647226174,"Positive"
"K07588","K13818",0.846344238975818,"Positive"
"K07588","K15792",0.893172119487909,"Positive"
"K07588","K16651",0.897752489331437,"Positive"
"K07588","K18285",0.905462304409673,"Positive"
"K07588","K19353",0.661934566145092,"Positive"
"K07588","K19509",0.609473684210526,"Positive"
"K07589","K07675",0.628563300142247,"Positive"
"K07589","K07810",0.793940256045519,"Positive"
"K07589","K07823",0.723100995732575,"Positive"
"K07589","K10108",0.644694167852063,"Positive"
"K07589","K10109",0.644068278805121,"Positive"
"K07589","K10110",0.644068278805121,"Positive"
"K07589","K10125",0.729587482219061,"Positive"
"K07589","K10126",0.728477951635846,"Positive"
"K07589","K10942",0.736728307254623,"Positive"
"K07589","K10943",0.734935988620199,"Positive"
"K07589","K11384",0.741024182076814,"Positive"
"K07589","K11689",0.611692745376956,"Positive"
"K07589","K12254",0.741024182076814,"Positive"
"K07589","K13541",0.626059743954481,"Positive"
"K07589","K13590",0.72022759601707,"Positive"
"K07589","K13938",0.667083926031294,"Positive"
"K07589","K14268",0.801906116642959,"Positive"
"K07589","K15408",0.74398293029872,"Positive"
"K07589","K15864",0.622588904694168,"Positive"
"K07589","K16370",0.831379800853485,"Positive"
"K07589","K17226",0.740597439544808,"Positive"
"K07589","K17315",0.69778093883357,"Positive"
"K07589","K17316",0.700625889046942,"Positive"
"K07589","K17317",0.700625889046942,"Positive"
"K07589","K18135",0.603726884779516,"Positive"
"K07589","K18291",0.653798008534851,"Positive"
"K07589","K18930",0.738805120910384,"Positive"
"K07589","K18981",0.709103840682788,"Positive"
"K07589","K19341",0.624324324324324,"Positive"
"K07589","K19609",0.735874822190612,"Positive"
"K07589","K19610",0.735874822190612,"Positive"
"K07589","K19713",0.665633001422475,"Positive"
"K07590","K07720",0.7374679943101,"Positive"
"K07590","K08384",0.840398293029872,"Positive"
"K07590","K10206",0.83524893314367,"Positive"
"K07590","K11358",0.818605974395448,"Positive"
"K07590","K11690",0.659061166429587,"Positive"
"K07590","K11782",0.825917496443812,"Positive"
"K07590","K11784",0.825917496443812,"Positive"
"K07590","K13818",0.896415362731152,"Positive"
"K07590","K15792",0.825007112375533,"Positive"
"K07590","K16651",0.876671408250356,"Positive"
"K07590","K18285",0.827908961593172,"Positive"
"K07590","K19353",0.630810810810811,"Positive"
"K07637","K07660",0.998349928876245,"Positive"
"K07637","K07689",0.60099573257468,"Positive"
"K07637","K07711",0.613342816500711,"Positive"
"K07637","K07715",0.606543385490754,"Positive"
"K07637","K08312",0.719687055476529,"Positive"
"K07637","K10026",0.639630156472262,"Positive"
"K07637","K11895",0.656756756756757,"Positive"
"K07637","K12251",0.753968705547653,"Positive"
"K07637","K16165",-0.640455192034139,"Negative"
"K07637","K19222",0.625803698435277,"Positive"
"K07639","K07642",0.675533428165007,"Positive"
"K07639","K07661",1,"Positive"
"K07639","K07664",0.675732574679943,"Positive"
"K07639","K07678",0.850241820768137,"Positive"
"K07639","K08312",0.616386913229019,"Positive"
"K07639","K08484",0.887140825035562,"Positive"
"K07639","K08485",0.695817923186344,"Positive"
"K07639","K09913",0.872631578947368,"Positive"
"K07639","K10014",0.612916073968706,"Positive"
"K07639","K10026",0.831692745376956,"Positive"
"K07639","K10036",0.629445234708393,"Positive"
"K07639","K10804",0.698492176386913,"Positive"
"K07639","K10914",0.778719772403983,"Positive"
"K07639","K11179",0.832347083926031,"Positive"
"K07639","K11183",0.786258890469417,"Positive"
"K07639","K12339",0.866827880512091,"Positive"
"K07639","K13378",0.74321479374111,"Positive"
"K07639","K15777",0.673940256045519,"Positive"
"K07639","K16692",0.627766714082504,"Positive"
"K07640","K07648",0.913456614509246,"Positive"
"K07640","K07676",0.74076813655761,"Positive"
"K07640","K07677",0.704125177809388,"Positive"
"K07640","K07687",0.726714082503556,"Positive"
"K07640","K07689",0.726856330014225,"Positive"
"K07640","K07711",0.62099573257468,"Positive"
"K07640","K07715",0.719886201991465,"Positive"
"K07640","K07751",1,"Positive"
"K07640","K07771",0.720825035561878,"Positive"
"K07640","K07773",0.913456614509246,"Positive"
"K07640","K07806",0.706145092460882,"Positive"
"K07640","K08682",0.748392603129445,"Positive"
"K07640","K08722",0.919061166429587,"Positive"
"K07640","K09476",0.993968705547653,"Positive"
"K07640","K09997",1,"Positive"
"K07640","K09998",0.9924893314367,"Positive"
"K07640","K09999",0.9924893314367,"Positive"
"K07640","K10000",0.9924893314367,"Positive"
"K07640","K10004",0.620483641536273,"Positive"
"K07640","K10011",0.713371266002845,"Positive"
"K07640","K10012",0.706145092460882,"Positive"
"K07640","K11258",0.923641536273115,"Positive"
"K07640","K11604",0.68950213371266,"Positive"
"K07640","K11605",0.68950213371266,"Positive"
"K07640","K11606",0.68950213371266,"Positive"
"K07640","K11607",0.68950213371266,"Positive"
"K07640","K11751",0.880825035561878,"Positive"
"K07640","K11891",0.651607396870555,"Positive"
"K07640","K11892",0.664722617354196,"Positive"
"K07640","K11893",0.655988620199146,"Positive"
"K07640","K11900",0.626685633001422,"Positive"
"K07640","K11901",0.650583214793741,"Positive"
"K07640","K11903",0.667823613086771,"Positive"
"K07640","K11907",0.646230440967283,"Positive"
"K07640","K12152",0.913371266002845,"Positive"
"K07640","K12368",0.727880512091038,"Positive"
"K07640","K12369",0.753541963015647,"Positive"
"K07640","K12370",0.753541963015647,"Positive"
"K07640","K12371",0.753541963015647,"Positive"
"K07640","K12372",0.753541963015647,"Positive"
"K07640","K12524",0.85647226173542,"Positive"
"K07640","K12525",0.74076813655761,"Positive"
"K07640","K12582",0.74076813655761,"Positive"
"K07640","K12962",0.706145092460882,"Positive"
"K07640","K12963",0.706145092460882,"Positive"
"K07640","K12973",0.635533428165007,"Positive"
"K07640","K12974",0.698947368421053,"Positive"
"K07640","K12975",0.701337126600284,"Positive"
"K07640","K13014",0.706145092460882,"Positive"
"K07640","K13301",0.74076813655761,"Positive"
"K07640","K13498",0.99203413940256,"Positive"
"K07640","K14187",1,"Positive"
"K07640","K15125",0.616443812233286,"Positive"
"K07640","K16704",0.74076813655761,"Positive"
"K07640","K18800",0.662901849217639,"Positive"
"K07640","K19222",0.667112375533428,"Positive"
"K07640","K19226",0.740853485064011,"Positive"
"K07640","K19227",1,"Positive"
"K07640","K19228",1,"Positive"
"K07640","K19229",1,"Positive"
"K07640","K19230",0.999146514935989,"Positive"
"K07640","K19236",0.644637268847795,"Positive"
"K07640","K19270",0.636984352773826,"Positive"
"K07641","K07663",0.96199146514936,"Positive"
"K07642","K07661",0.675533428165007,"Positive"
"K07642","K07664",0.998435277382646,"Positive"
"K07642","K07678",0.625945945945946,"Positive"
"K07642","K07823",-0.640938833570412,"Negative"
"K07642","K08485",0.850042674253201,"Positive"
"K07642","K09913",0.674736842105263,"Positive"
"K07642","K10001",0.746088193456614,"Positive"
"K07642","K10002",0.738975817923186,"Positive"
"K07642","K10003",0.738975817923186,"Positive"
"K07642","K10004",0.711322901849218,"Positive"
"K07642","K10014",0.722788051209104,"Positive"
"K07642","K10015",0.727482219061166,"Positive"
"K07642","K10016",0.716529160739687,"Positive"
"K07642","K10017",0.726315789473684,"Positive"
"K07642","K10026",0.651294452347084,"Positive"
"K07642","K10036",0.669644381223329,"Positive"
"K07642","K10037",0.716102418207681,"Positive"
"K07642","K10038",0.714082503556188,"Positive"
"K07642","K10857",0.65049786628734,"Positive"
"K07642","K10942",-0.631920341394026,"Negative"
"K07642","K11179",0.653143669985775,"Positive"
"K07642","K11384",-0.635675675675676,"Negative"
"K07642","K11931",0.651863442389758,"Positive"
"K07642","K12254",-0.635675675675676,"Negative"
"K07642","K12339",0.678691322901849,"Positive"
"K07642","K12957",0.686344238975818,"Positive"
"K07642","K13378",0.817837837837838,"Positive"
"K07642","K13541",-0.604267425320057,"Negative"
"K07642","K15777",0.812517780938834,"Positive"
"K07642","K16839",0.695220483641536,"Positive"
"K07642","K16840",0.623129445234708,"Positive"
"K07642","K16841",0.676443812233286,"Positive"
"K07642","K16842",0.659402560455192,"Positive"
"K07642","K17226",-0.636415362731152,"Negative"
"K07642","K17315",-0.623157894736842,"Negative"
"K07642","K17316",-0.625718349928876,"Negative"
"K07642","K17317",-0.625718349928876,"Negative"
"K07642","K18291",-0.635817923186344,"Negative"
"K07642","K18889",0.615561877667141,"Positive"
"K07642","K18890",0.615561877667141,"Positive"
"K07642","K18930",-0.601308677098151,"Negative"
"K07642","K19341",-0.612773826458037,"Negative"
"K07642","K19713",-0.629416785206259,"Negative"
"K07643","K07674",0.626315789473684,"Positive"
"K07643","K07676",0.639829302987198,"Positive"
"K07643","K07677",0.618634423897582,"Positive"
"K07643","K07679",0.615817923186344,"Positive"
"K07643","K07687",0.639431009957326,"Positive"
"K07643","K07689",0.636415362731152,"Positive"
"K07643","K07701",0.654623044096728,"Positive"
"K07643","K07703",0.650128022759602,"Positive"
"K07643","K07715",0.628847795163585,"Positive"
"K07643","K07771",0.684039829302987,"Positive"
"K07643","K07781",0.715504978662873,"Positive"
"K07643","K07782",0.60972972972973,"Positive"
"K07643","K07806",0.668591749644381,"Positive"
"K07643","K08682",0.655106685633001,"Positive"
"K07643","K09470",0.60697012802276,"Positive"
"K07643","K09475",0.982048364153627,"Positive"
"K07643","K10011",0.671095305832148,"Positive"
"K07643","K10012",0.668591749644381,"Positive"
"K07643","K10918",0.602162162162162,"Positive"
"K07643","K11890",0.658093883357041,"Positive"
"K07643","K11935",0.674992887624467,"Positive"
"K07643","K11937",0.662389758179232,"Positive"
"K07643","K12525",0.639829302987198,"Positive"
"K07643","K12582",0.639829302987198,"Positive"
"K07643","K12962",0.668591749644381,"Positive"
"K07643","K12963",0.668591749644381,"Positive"
"K07643","K12974",0.656358463726885,"Positive"
"K07643","K12975",0.672318634423898,"Positive"
"K07643","K13014",0.668591749644381,"Positive"
"K07643","K13301",0.639829302987198,"Positive"
"K07643","K14051",0.625576102418208,"Positive"
"K07643","K16704",0.639829302987198,"Positive"
"K07643","K18324",0.710327169274538,"Positive"
"K07643","K18326",0.685092460881935,"Positive"
"K07643","K19226",0.640483641536273,"Positive"
"K07644","K07665",0.994765291607397,"Positive"
"K07644","K09018",0.674935988620199,"Positive"
"K07644","K09021",0.674935988620199,"Positive"
"K07644","K09023",0.674935988620199,"Positive"
"K07644","K13745",0.76,"Positive"
"K07644","K14475",0.705490753911806,"Positive"
"K07644","K16692",0.716358463726885,"Positive"
"K07646","K07667",0.948705547652916,"Positive"
"K07646","K10804",0.629445234708393,"Positive"
"K07648","K07676",0.831522048364154,"Positive"
"K07648","K07677",0.796899004267425,"Positive"
"K07648","K07687",0.820312944523471,"Positive"
"K07648","K07689",0.821735419630157,"Positive"
"K07648","K07711",0.699203413940256,"Positive"
"K07648","K07715",0.815192034139403,"Positive"
"K07648","K07751",0.913456614509246,"Positive"
"K07648","K07771",0.786600284495021,"Positive"
"K07648","K07773",1,"Positive"
"K07648","K07806",0.793371266002845,"Positive"
"K07648","K08682",0.819174964438122,"Positive"
"K07648","K08722",0.826458036984353,"Positive"
"K07648","K09476",0.912204836415363,"Positive"
"K07648","K09997",0.913456614509246,"Positive"
"K07648","K09998",0.906059743954481,"Positive"
"K07648","K09999",0.906059743954481,"Positive"
"K07648","K10000",0.906059743954481,"Positive"
"K07648","K10011",0.800967283072546,"Positive"
"K07648","K10012",0.793371266002845,"Positive"
"K07648","K10015",0.613883357041252,"Positive"
"K07648","K10016",0.616273115220484,"Positive"
"K07648","K10017",0.612119487908962,"Positive"
"K07648","K10036",0.636984352773826,"Positive"
"K07648","K10037",0.616728307254623,"Positive"
"K07648","K10038",0.617724039829303,"Positive"
"K07648","K11258",0.830697012802276,"Positive"
"K07648","K11751",0.777581792318634,"Positive"
"K07648","K12152",0.999914651493599,"Positive"
"K07648","K12368",0.826230440967283,"Positive"
"K07648","K12369",0.854793741109531,"Positive"
"K07648","K12370",0.854793741109531,"Positive"
"K07648","K12371",0.854793741109531,"Positive"
"K07648","K12372",0.854793741109531,"Positive"
"K07648","K12524",0.760711237553343,"Positive"
"K07648","K12525",0.831522048364154,"Positive"
"K07648","K12582",0.831522048364154,"Positive"
"K07648","K12962",0.793371266002845,"Positive"
"K07648","K12963",0.793371266002845,"Positive"
"K07648","K12973",0.707567567567568,"Positive"
"K07648","K12974",0.788022759601707,"Positive"
"K07648","K12975",0.790554765291607,"Positive"
"K07648","K13014",0.793371266002845,"Positive"
"K07648","K13301",0.831522048364154,"Positive"
"K07648","K13498",0.903954480796586,"Positive"
"K07648","K14187",0.913456614509246,"Positive"
"K07648","K16704",0.831522048364154,"Positive"
"K07648","K18889",0.602560455192034,"Positive"
"K07648","K18890",0.602560455192034,"Positive"
"K07648","K19222",0.761337126600285,"Positive"
"K07648","K19226",0.831607396870555,"Positive"
"K07648","K19227",0.913456614509246,"Positive"
"K07648","K19228",0.913456614509246,"Positive"
"K07648","K19229",0.913456614509246,"Positive"
"K07648","K19230",0.912944523470839,"Positive"
"K07648","K19236",0.710355618776671,"Positive"
"K07648","K19270",0.734594594594595,"Positive"
"K07649","K07774",0.938605974395448,"Positive"
"K07649","K07793",0.806714082503556,"Positive"
"K07649","K07794",0.809132290184922,"Positive"
"K07649","K07795",0.821507823613087,"Positive"
"K07649","K12976",0.606657183499289,"Positive"
"K07649","K13938",0.725376955903272,"Positive"
"K07649","K15576",0.780312944523471,"Positive"
"K07649","K15577",0.60076813655761,"Positive"
"K07649","K15578",0.60076813655761,"Positive"
"K07660","K07689",0.600938833570413,"Positive"
"K07660","K07711",0.614992887624467,"Positive"
"K07660","K07715",0.608221906116643,"Positive"
"K07660","K08312",0.718036984352774,"Positive"
"K07660","K10026",0.637098150782361,"Positive"
"K07660","K11895",0.653371266002845,"Positive"
"K07660","K12251",0.750753911806543,"Positive"
"K07660","K16165",-0.635590327169275,"Negative"
"K07660","K18800",0.600625889046942,"Positive"
"K07660","K19222",0.621621621621622,"Positive"
"K07661","K07664",0.675732574679943,"Positive"
"K07661","K07678",0.850241820768137,"Positive"
"K07661","K08312",0.616386913229019,"Positive"
"K07661","K08484",0.887140825035562,"Positive"
"K07661","K08485",0.695817923186344,"Positive"
"K07661","K09913",0.872631578947368,"Positive"
"K07661","K10014",0.612916073968706,"Positive"
"K07661","K10026",0.831692745376956,"Positive"
"K07661","K10036",0.629445234708393,"Positive"
"K07661","K10804",0.698492176386913,"Positive"
"K07661","K10914",0.778719772403983,"Positive"
"K07661","K11179",0.832347083926031,"Positive"
"K07661","K11183",0.786258890469417,"Positive"
"K07661","K12339",0.866827880512091,"Positive"
"K07661","K13378",0.74321479374111,"Positive"
"K07661","K15777",0.673940256045519,"Positive"
"K07661","K16692",0.627766714082504,"Positive"
"K07664","K07678",0.629246088193457,"Positive"
"K07664","K07823",-0.626088193456614,"Negative"
"K07664","K08485",0.851436699857752,"Positive"
"K07664","K09913",0.676187766714083,"Positive"
"K07664","K10001",0.745234708392603,"Positive"
"K07664","K10002",0.736216216216216,"Positive"
"K07664","K10003",0.736216216216216,"Positive"
"K07664","K10004",0.708563300142248,"Positive"
"K07664","K10014",0.721251778093883,"Positive"
"K07664","K10015",0.725860597439545,"Positive"
"K07664","K10016",0.716130867709815,"Positive"
"K07664","K10017",0.726201991465149,"Positive"
"K07664","K10026",0.651749644381223,"Positive"
"K07664","K10036",0.669928876244666,"Positive"
"K07664","K10037",0.716301564722617,"Positive"
"K07664","K10038",0.714366998577525,"Positive"
"K07664","K10857",0.654907539118065,"Positive"
"K07664","K10942",-0.617411095305832,"Negative"
"K07664","K11179",0.652091038406828,"Positive"
"K07664","K11384",-0.621081081081081,"Negative"
"K07664","K11931",0.640199146514936,"Positive"
"K07664","K12254",-0.621081081081081,"Negative"
"K07664","K12339",0.681849217638691,"Positive"
"K07664","K12957",0.690782361308677,"Positive"
"K07664","K13378",0.814281650071124,"Positive"
"K07664","K15777",0.80099573257468,"Positive"
"K07664","K16839",0.699146514935989,"Positive"
"K07664","K16840",0.627254623044097,"Positive"
"K07664","K16841",0.680426742532006,"Positive"
"K07664","K16842",0.663442389758179,"Positive"
"K07664","K17226",-0.621849217638691,"Negative"
"K07664","K17315",-0.606856330014225,"Negative"
"K07664","K17316",-0.609615931721195,"Negative"
"K07664","K17317",-0.609615931721195,"Negative"
"K07664","K18291",-0.622048364153627,"Negative"
"K07664","K18889",0.610014224751067,"Positive"
"K07664","K18890",0.610014224751067,"Positive"
"K07664","K18930",-0.608136557610242,"Negative"
"K07664","K19341",-0.605206258890469,"Negative"
"K07664","K19713",-0.620369843527738,"Negative"
"K07665","K09018",0.685348506401138,"Positive"
"K07665","K09020",0.603072546230441,"Positive"
"K07665","K09021",0.685348506401138,"Positive"
"K07665","K09023",0.685348506401138,"Positive"
"K07665","K10914",0.602788051209104,"Positive"
"K07665","K13745",0.778719772403983,"Positive"
"K07665","K14475",0.691066856330014,"Positive"
"K07665","K16692",0.71877667140825,"Positive"
"K07667","K10804",0.669189189189189,"Positive"
"K07674","K07679",0.888250355618777,"Positive"
"K07674","K07685",0.65402560455192,"Positive"
"K07674","K07688",0.80099573257468,"Positive"
"K07674","K07690",0.685263157894737,"Positive"
"K07674","K07701",0.767197724039829,"Positive"
"K07674","K07703",0.750896159317212,"Positive"
"K07674","K07781",0.8574679943101,"Positive"
"K07674","K07782",0.696358463726885,"Positive"
"K07674","K08322",0.738036984352774,"Positive"
"K07674","K08351",0.626657183499289,"Positive"
"K07674","K08723",0.735561877667141,"Positive"
"K07674","K09470",0.675761024182077,"Positive"
"K07674","K09473",0.666600284495021,"Positive"
"K07674","K09475",0.618918918918919,"Positive"
"K07674","K09988",0.677354196301565,"Positive"
"K07674","K10537",0.700967283072546,"Positive"
"K07674","K10538",0.700967283072546,"Positive"
"K07674","K10539",0.700967283072546,"Positive"
"K07674","K11890",0.826998577524893,"Positive"
"K07674","K13632",0.709815078236131,"Positive"
"K07674","K13816",0.710668563300142,"Positive"
"K07674","K14051",0.999886201991465,"Positive"
"K07674","K16703",0.887112375533428,"Positive"
"K07674","K16710",0.887112375533428,"Positive"
"K07674","K17195",0.635789473684211,"Positive"
"K07674","K17213",0.804779516358464,"Positive"
"K07674","K17214",0.814224751066856,"Positive"
"K07674","K17215",0.814224751066856,"Positive"
"K07674","K18324",0.859032716927454,"Positive"
"K07674","K18326",0.839146514935989,"Positive"
"K07674","K19354",0.91945945945946,"Positive"
"K07675","K07686",0.611408250355619,"Positive"
"K07676","K07677",0.966941678520626,"Positive"
"K07676","K07687",0.991578947368421,"Positive"
"K07676","K07689",0.99271692745377,"Positive"
"K07676","K07711",0.871607396870555,"Positive"
"K07676","K07715",0.986714082503556,"Positive"
"K07676","K07751",0.74076813655761,"Positive"
"K07676","K07771",0.958264580369844,"Positive"
"K07676","K07773",0.831522048364154,"Positive"
"K07676","K07806",0.965604551920341,"Positive"
"K07676","K08682",0.988022759601707,"Positive"
"K07676","K08722",0.651379800853485,"Positive"
"K07676","K09475",0.638520625889047,"Positive"
"K07676","K09476",0.7425320056899,"Positive"
"K07676","K09996",0.604921763869132,"Positive"
"K07676","K09997",0.74076813655761,"Positive"
"K07676","K09998",0.733229018492176,"Positive"
"K07676","K09999",0.733229018492176,"Positive"
"K07676","K10000",0.733229018492176,"Positive"
"K07676","K10011",0.964381223328592,"Positive"
"K07676","K10012",0.965604551920341,"Positive"
"K07676","K10014",0.628307254623044,"Positive"
"K07676","K10015",0.62927453769559,"Positive"
"K07676","K10016",0.63049786628734,"Positive"
"K07676","K10017",0.627339971550498,"Positive"
"K07676","K10037",0.631294452347084,"Positive"
"K07676","K10038",0.63149359886202,"Positive"
"K07676","K11258",0.652204836415363,"Positive"
"K07676","K11891",0.678605974395448,"Positive"
"K07676","K11892",0.692318634423898,"Positive"
"K07676","K11893",0.676073968705548,"Positive"
"K07676","K12152",0.831607396870555,"Positive"
"K07676","K12368",0.741593172119488,"Positive"
"K07676","K12369",0.778463726884779,"Positive"
"K07676","K12370",0.778463726884779,"Positive"
"K07676","K12371",0.778463726884779,"Positive"
"K07676","K12372",0.778463726884779,"Positive"
"K07676","K12525",1,"Positive"
"K07676","K12582",1,"Positive"
"K07676","K12962",0.965604551920341,"Positive"
"K07676","K12963",0.965604551920341,"Positive"
"K07676","K12973",0.847795163584637,"Positive"
"K07676","K12974",0.94873399715505,"Positive"
"K07676","K12975",0.95172119487909,"Positive"
"K07676","K13014",0.965604551920341,"Positive"
"K07676","K13301",1,"Positive"
"K07676","K13498",0.731009957325747,"Positive"
"K07676","K14187",0.74076813655761,"Positive"
"K07676","K16704",1,"Positive"
"K07676","K18889",0.747055476529161,"Positive"
"K07676","K18890",0.747055476529161,"Positive"
"K07676","K19222",0.95724039829303,"Positive"
"K07676","K19226",0.999914651493599,"Positive"
"K07676","K19227",0.74076813655761,"Positive"
"K07676","K19228",0.74076813655761,"Positive"
"K07676","K19229",0.74076813655761,"Positive"
"K07676","K19230",0.74022759601707,"Positive"
"K07676","K19236",0.844495021337127,"Positive"
"K07676","K19270",0.902617354196302,"Positive"
"K07677","K07687",0.988022759601707,"Positive"
"K07677","K07689",0.989217638691323,"Positive"
"K07677","K07711",0.874537695590327,"Positive"
"K07677","K07715",0.992660028449502,"Positive"
"K07677","K07751",0.704125177809388,"Positive"
"K07677","K07771",0.946941678520626,"Positive"
"K07677","K07773",0.796899004267425,"Positive"
"K07677","K07806",0.965120910384068,"Positive"
"K07677","K08682",0.954822190611664,"Positive"
"K07677","K08722",0.634054054054054,"Positive"
"K07677","K09475",0.620369843527738,"Positive"
"K07677","K09476",0.714708392603129,"Positive"
"K07677","K09996",0.627368421052632,"Positive"
"K07677","K09997",0.704125177809388,"Positive"
"K07677","K09998",0.714765291607397,"Positive"
"K07677","K09999",0.714765291607397,"Positive"
"K07677","K10000",0.714765291607397,"Positive"
"K07677","K10011",0.960512091038407,"Positive"
"K07677","K10012",0.965120910384068,"Positive"
"K07677","K10014",0.601251778093883,"Positive"
"K07677","K10016",0.610184921763869,"Positive"
"K07677","K11258",0.631465149359886,"Positive"
"K07677","K11891",0.682446657183499,"Positive"
"K07677","K11892",0.677439544807966,"Positive"
"K07677","K11893",0.670327169274538,"Positive"
"K07677","K12152",0.796984352773827,"Positive"
"K07677","K12368",0.762731152204836,"Positive"
"K07677","K12369",0.780825035561878,"Positive"
"K07677","K12370",0.780825035561878,"Positive"
"K07677","K12371",0.780825035561878,"Positive"
"K07677","K12372",0.780825035561878,"Positive"
"K07677","K12525",0.966941678520626,"Positive"
"K07677","K12582",0.966941678520626,"Positive"
"K07677","K12962",0.965120910384068,"Positive"
"K07677","K12963",0.965120910384068,"Positive"
"K07677","K12973",0.845234708392603,"Positive"
"K07677","K12974",0.914765291607397,"Positive"
"K07677","K12975",0.918549075391181,"Positive"
"K07677","K13014",0.965120910384068,"Positive"
"K07677","K13301",0.966941678520626,"Positive"
"K07677","K13498",0.712204836415363,"Positive"
"K07677","K14187",0.704125177809388,"Positive"
"K07677","K16704",0.966941678520626,"Positive"
"K07677","K18889",0.7475106685633,"Positive"
"K07677","K18890",0.7475106685633,"Positive"
"K07677","K19222",0.930440967283073,"Positive"
"K07677","K19226",0.966856330014225,"Positive"
"K07677","K19227",0.704125177809388,"Positive"
"K07677","K19228",0.704125177809388,"Positive"
"K07677","K19229",0.704125177809388,"Positive"
"K07677","K19230",0.70375533428165,"Positive"
"K07677","K19236",0.826059743954481,"Positive"
"K07677","K19270",0.890953058321479,"Positive"
"K07678","K08484",0.930554765291607,"Positive"
"K07678","K08485",0.785917496443812,"Positive"
"K07678","K09913",0.870298719772404,"Positive"
"K07678","K10014",0.716187766714082,"Positive"
"K07678","K10015",0.681963015647226,"Positive"
"K07678","K10016",0.670412517780939,"Positive"
"K07678","K10017",0.683613086770982,"Positive"
"K07678","K10026",0.935192034139403,"Positive"
"K07678","K10036",0.634281650071124,"Positive"
"K07678","K10037",0.679288762446657,"Positive"
"K07678","K10038",0.675135135135135,"Positive"
"K07678","K10914",0.761849217638691,"Positive"
"K07678","K11179",0.711607396870555,"Positive"
"K07678","K12339",0.870156472261735,"Positive"
"K07678","K13378",0.744950213371266,"Positive"
"K07678","K13745",0.682275960170697,"Positive"
"K07678","K15777",0.621849217638691,"Positive"
"K07678","K16692",0.626315789473684,"Positive"
"K07679","K07688",0.764466571834993,"Positive"
"K07679","K07690",0.797439544807966,"Positive"
"K07679","K07701",0.822418207681366,"Positive"
"K07679","K07703",0.814167852062589,"Positive"
"K07679","K07781",0.895761024182077,"Positive"
"K07679","K07782",0.830128022759602,"Positive"
"K07679","K08322",0.79846372688478,"Positive"
"K07679","K08351",0.708421052631579,"Positive"
"K07679","K08723",0.759573257467994,"Positive"
"K07679","K09470",0.708421052631579,"Positive"
"K07679","K09473",0.701081081081081,"Positive"
"K07679","K09475",0.603157894736842,"Positive"
"K07679","K09988",0.653058321479374,"Positive"
"K07679","K09996",0.619260312944523,"Positive"
"K07679","K10537",0.773513513513513,"Positive"
"K07679","K10538",0.773513513513513,"Positive"
"K07679","K10539",0.773513513513513,"Positive"
"K07679","K10543",0.644267425320057,"Positive"
"K07679","K10544",0.644352773826458,"Positive"
"K07679","K10545",0.644352773826458,"Positive"
"K07679","K11890",0.905633001422475,"Positive"
"K07679","K13574",0.611977240398293,"Positive"
"K07679","K13632",0.7324893314367,"Positive"
"K07679","K13816",0.69624466571835,"Positive"
"K07679","K13892",0.680711237553343,"Positive"
"K07679","K14051",0.888221906116643,"Positive"
"K07679","K16703",0.763357041251778,"Positive"
"K07679","K16710",0.763357041251778,"Positive"
"K07679","K17195",0.732403982930299,"Positive"
"K07679","K17202",0.61800853485064,"Positive"
"K07679","K17203",0.61800853485064,"Positive"
"K07679","K17204",0.61800853485064,"Positive"
"K07679","K17213",0.911180654338549,"Positive"
"K07679","K17214",0.900483641536273,"Positive"
"K07679","K17215",0.900483641536273,"Positive"
"K07679","K18009",0.634651493598862,"Positive"
"K07679","K18324",0.892204836415363,"Positive"
"K07679","K18326",0.890697012802276,"Positive"
"K07679","K19354",0.830327169274538,"Positive"
"K07683","K07717",0.636642958748222,"Positive"
"K07683","K07719",0.636642958748222,"Positive"
"K07683","K09692",0.754623044096728,"Positive"
"K07683","K09809",0.820825035561878,"Positive"
"K07683","K11618",0.743442389758179,"Positive"
"K07683","K11623",0.998634423897582,"Positive"
"K07683","K11624",0.998634423897582,"Positive"
"K07683","K11625",0.617866287339972,"Positive"
"K07683","K13919",0.994850640113798,"Positive"
"K07683","K13920",0.994850640113798,"Positive"
"K07683","K14422",0.703726884779516,"Positive"
"K07683","K16937",0.977752489331437,"Positive"
"K07683","K16961",0.962816500711238,"Positive"
"K07683","K17722",0.99900426742532,"Positive"
"K07683","K17950",0.997923186344239,"Positive"
"K07683","K19349",0.998634423897582,"Positive"
"K07684","K09471",0.677923186344239,"Positive"
"K07684","K12256",0.617382645803698,"Positive"
"K07684","K18133",0.659317211948791,"Positive"
"K07684","K18369",0.619061166429588,"Positive"
"K07685","K11192",0.807254623044097,"Positive"
"K07685","K13497",0.667339971550498,"Positive"
"K07685","K14051",0.653826458036984,"Positive"
"K07685","K17213",0.633399715504979,"Positive"
"K07685","K17214",0.644409672830725,"Positive"
"K07685","K17215",0.644409672830725,"Positive"
"K07685","K19354",0.734054054054054,"Positive"
"K07686","K07783",0.969103840682788,"Positive"
"K07686","K09996",0.613598862019915,"Positive"
"K07687","K07689",0.998293029871977,"Positive"
"K07687","K07711",0.878435277382646,"Positive"
"K07687","K07715",0.996330014224751,"Positive"
"K07687","K07751",0.726714082503556,"Positive"
"K07687","K07771",0.962105263157895,"Positive"
"K07687","K07773",0.820312944523471,"Positive"
"K07687","K07806",0.97348506401138,"Positive"
"K07687","K08682",0.979914651493599,"Positive"
"K07687","K08722",0.649928876244666,"Positive"
"K07687","K09475",0.636728307254623,"Positive"
"K07687","K09476",0.733826458036984,"Positive"
"K07687","K09996",0.628847795163585,"Positive"
"K07687","K09997",0.726714082503556,"Positive"
"K07687","K09998",0.726173541963016,"Positive"
"K07687","K09999",0.726173541963016,"Positive"
"K07687","K10000",0.726173541963016,"Positive"
"K07687","K10011",0.971635846372689,"Positive"
"K07687","K10012",0.97348506401138,"Positive"
"K07687","K10014",0.622560455192034,"Positive"
"K07687","K10015",0.617809388335704,"Positive"
"K07687","K10016",0.625917496443812,"Positive"
"K07687","K10017",0.615305832147937,"Positive"
"K07687","K10037",0.621024182076814,"Positive"
"K07687","K10038",0.621621621621622,"Positive"
"K07687","K11258",0.646088193456615,"Positive"
"K07687","K11891",0.680881934566145,"Positive"
"K07687","K11892",0.686571834992888,"Positive"
"K07687","K11893",0.673456614509246,"Positive"
"K07687","K12152",0.820312944523471,"Positive"
"K07687","K12368",0.757411095305832,"Positive"
"K07687","K12369",0.786770981507824,"Positive"
"K07687","K12370",0.786770981507824,"Positive"
"K07687","K12371",0.786770981507824,"Positive"
"K07687","K12372",0.786770981507824,"Positive"
"K07687","K12525",0.991578947368421,"Positive"
"K07687","K12582",0.991578947368421,"Positive"
"K07687","K12962",0.97348506401138,"Positive"
"K07687","K12963",0.97348506401138,"Positive"
"K07687","K12973",0.856273115220484,"Positive"
"K07687","K12974",0.942645803698435,"Positive"
"K07687","K12975",0.946145092460882,"Positive"
"K07687","K13014",0.97348506401138,"Positive"
"K07687","K13301",0.991578947368421,"Positive"
"K07687","K13498",0.724921763869132,"Positive"
"K07687","K14187",0.726714082503556,"Positive"
"K07687","K16704",0.991578947368421,"Positive"
"K07687","K18889",0.7574679943101,"Positive"
"K07687","K18890",0.7574679943101,"Positive"
"K07687","K19222",0.949815078236131,"Positive"
"K07687","K19226",0.991578947368421,"Positive"
"K07687","K19227",0.726714082503556,"Positive"
"K07687","K19228",0.726714082503556,"Positive"
"K07687","K19229",0.726714082503556,"Positive"
"K07687","K19230",0.727311522048364,"Positive"
"K07687","K19236",0.846344238975818,"Positive"
"K07687","K19270",0.905775248933144,"Positive"
"K07688","K07690",0.733911806543386,"Positive"
"K07688","K07701",0.801507823613087,"Positive"
"K07688","K07703",0.799800853485064,"Positive"
"K07688","K07781",0.706401137980085,"Positive"
"K07688","K07782",0.762019914651494,"Positive"
"K07688","K08092",0.648904694167852,"Positive"
"K07688","K08322",0.652574679943101,"Positive"
"K07688","K08351",0.71072546230441,"Positive"
"K07688","K09470",0.74298719772404,"Positive"
"K07688","K09473",0.737951635846373,"Positive"
"K07688","K11890",0.673570412517781,"Positive"
"K07688","K13574",0.743044096728307,"Positive"
"K07688","K13816",0.69547652916074,"Positive"
"K07688","K13892",0.639857752489331,"Positive"
"K07688","K14051",0.800256045519203,"Positive"
"K07688","K16703",0.68728307254623,"Positive"
"K07688","K16710",0.68728307254623,"Positive"
"K07688","K17195",0.637695590327169,"Positive"
"K07688","K17202",0.632631578947368,"Positive"
"K07688","K17203",0.632631578947368,"Positive"
"K07688","K17204",0.632631578947368,"Positive"
"K07688","K17213",0.698179231863442,"Positive"
"K07688","K17214",0.683613086770982,"Positive"
"K07688","K17215",0.683613086770982,"Positive"
"K07688","K18324",0.708904694167852,"Positive"
"K07688","K18326",0.724466571834993,"Positive"
"K07688","K19354",0.745320056899004,"Positive"
"K07689","K07711",0.88099573257468,"Positive"
"K07689","K07715",0.99823613086771,"Positive"
"K07689","K07751",0.726856330014225,"Positive"
"K07689","K07771",0.959829302987198,"Positive"
"K07689","K07773",0.821735419630157,"Positive"
"K07689","K07806",0.973513513513514,"Positive"
"K07689","K08682",0.979658605974395,"Positive"
"K07689","K08722",0.647226173541963,"Positive"
"K07689","K09475",0.635618776671408,"Positive"
"K07689","K09476",0.732660028449502,"Positive"
"K07689","K09996",0.612972972972973,"Positive"
"K07689","K09997",0.726856330014225,"Positive"
"K07689","K09998",0.726628733997155,"Positive"
"K07689","K09999",0.726628733997155,"Positive"
"K07689","K10000",0.726628733997155,"Positive"
"K07689","K10011",0.97027027027027,"Positive"
"K07689","K10012",0.973513513513514,"Positive"
"K07689","K10014",0.621650071123755,"Positive"
"K07689","K10015",0.618093883357041,"Positive"
"K07689","K10016",0.62674253200569,"Positive"
"K07689","K10017",0.616415362731152,"Positive"
"K07689","K10037",0.620853485064011,"Positive"
"K07689","K10038",0.620910384068279,"Positive"
"K07689","K11258",0.646543385490754,"Positive"
"K07689","K11891",0.683812233285917,"Positive"
"K07689","K11892",0.689815078236131,"Positive"
"K07689","K11893",0.678093883357041,"Positive"
"K07689","K12152",0.821820768136558,"Positive"
"K07689","K12368",0.756586059743954,"Positive"
"K07689","K12369",0.787482219061166,"Positive"
"K07689","K12370",0.787482219061166,"Positive"
"K07689","K12371",0.787482219061166,"Positive"
"K07689","K12372",0.787482219061166,"Positive"
"K07689","K12525",0.99271692745377,"Positive"
"K07689","K12582",0.99271692745377,"Positive"
"K07689","K12962",0.973513513513514,"Positive"
"K07689","K12963",0.973513513513514,"Positive"
"K07689","K12973",0.84628733997155,"Positive"
"K07689","K12974",0.942076813655761,"Positive"
"K07689","K12975",0.945234708392603,"Positive"
"K07689","K13014",0.973513513513514,"Positive"
"K07689","K13301",0.99271692745377,"Positive"
"K07689","K13498",0.724068278805121,"Positive"
"K07689","K14187",0.726856330014225,"Positive"
"K07689","K16704",0.99271692745377,"Positive"
"K07689","K18889",0.74896159317212,"Positive"
"K07689","K18890",0.74896159317212,"Positive"
"K07689","K19222",0.954139402560455,"Positive"
"K07689","K19226",0.992631578947368,"Positive"
"K07689","K19227",0.726856330014225,"Positive"
"K07689","K19228",0.726856330014225,"Positive"
"K07689","K19229",0.726856330014225,"Positive"
"K07689","K19230",0.726315789473684,"Positive"
"K07689","K19236",0.836330014224751,"Positive"
"K07689","K19270",0.906315789473684,"Positive"
"K07690","K07701",0.756955903271693,"Positive"
"K07690","K07703",0.747795163584637,"Positive"
"K07690","K07781",0.668961593172119,"Positive"
"K07690","K07782",0.761621621621622,"Positive"
"K07690","K08092",0.633570412517781,"Positive"
"K07690","K08322",0.676614509246088,"Positive"
"K07690","K08351",0.715590327169275,"Positive"
"K07690","K08723",0.68199146514936,"Positive"
"K07690","K09470",0.66773826458037,"Positive"
"K07690","K09473",0.695305832147937,"Positive"
"K07690","K09988",0.680142247510669,"Positive"
"K07690","K10537",0.704495021337127,"Positive"
"K07690","K10538",0.704495021337127,"Positive"
"K07690","K10539",0.704495021337127,"Positive"
"K07690","K11890",0.723897581792319,"Positive"
"K07690","K13529",0.691920341394026,"Positive"
"K07690","K13574",0.687425320056899,"Positive"
"K07690","K13632",0.667482219061166,"Positive"
"K07690","K13816",0.638890469416785,"Positive"
"K07690","K13892",0.630241820768137,"Positive"
"K07690","K14051",0.685092460881935,"Positive"
"K07690","K15600",0.611095305832148,"Positive"
"K07690","K16703",0.69172119487909,"Positive"
"K07690","K16710",0.69172119487909,"Positive"
"K07690","K17195",0.66796586059744,"Positive"
"K07690","K17202",0.820739687055477,"Positive"
"K07690","K17203",0.820739687055477,"Positive"
"K07690","K17204",0.820739687055477,"Positive"
"K07690","K17213",0.830697012802276,"Positive"
"K07690","K17214",0.826458036984353,"Positive"
"K07690","K17215",0.826458036984353,"Positive"
"K07690","K18324",0.678492176386913,"Positive"
"K07690","K18326",0.693541963015647,"Positive"
"K07690","K19354",0.775533428165007,"Positive"
"K07693","K07778",0.947908961593172,"Positive"
"K07693","K12972",0.636386913229019,"Positive"
"K07700","K07702",0.995590327169275,"Positive"
"K07700","K08349",0.631522048364154,"Positive"
"K07701","K07703",0.997667140825036,"Positive"
"K07701","K07781",0.901507823613087,"Positive"
"K07701","K07782",0.95126600284495,"Positive"
"K07701","K08322",0.796500711237553,"Positive"
"K07701","K08323",0.6750213371266,"Positive"
"K07701","K08351",0.848335704125178,"Positive"
"K07701","K08723",0.803357041251778,"Positive"
"K07701","K09470",0.850184921763869,"Positive"
"K07701","K09473",0.853342816500711,"Positive"
"K07701","K09475",0.653285917496444,"Positive"
"K07701","K09988",0.638520625889047,"Positive"
"K07701","K09996",0.757951635846373,"Positive"
"K07701","K10537",0.825576102418208,"Positive"
"K07701","K10538",0.825576102418208,"Positive"
"K07701","K10539",0.825576102418208,"Positive"
"K07701","K10543",0.708051209103841,"Positive"
"K07701","K10544",0.709644381223329,"Positive"
"K07701","K10545",0.709644381223329,"Positive"
"K07701","K11890",0.850782361308677,"Positive"
"K07701","K13574",0.785661450924609,"Positive"
"K07701","K13632",0.81027027027027,"Positive"
"K07701","K13816",0.658435277382646,"Positive"
"K07701","K13889",0.659174964438122,"Positive"
"K07701","K13891",0.67402560455192,"Positive"
"K07701","K13892",0.791692745376956,"Positive"
"K07701","K14051",0.767027027027027,"Positive"
"K07701","K16703",0.675106685633001,"Positive"
"K07701","K16710",0.675106685633001,"Positive"
"K07701","K17195",0.729701280227596,"Positive"
"K07701","K17202",0.746486486486487,"Positive"
"K07701","K17203",0.746486486486487,"Positive"
"K07701","K17204",0.746486486486487,"Positive"
"K07701","K17213",0.748449502133713,"Positive"
"K07701","K17214",0.742901849217639,"Positive"
"K07701","K17215",0.742901849217639,"Positive"
"K07701","K18324",0.905206258890469,"Positive"
"K07701","K18326",0.938150782361309,"Positive"
"K07701","K19354",0.705490753911806,"Positive"
"K07702","K08349",0.62176386913229,"Positive"
"K07703","K07781",0.898975817923186,"Positive"
"K07703","K07782",0.957695590327169,"Positive"
"K07703","K08322",0.796899004267425,"Positive"
"K07703","K08323",0.675675675675676,"Positive"
"K07703","K08351",0.850469416785206,"Positive"
"K07703","K08723",0.802332859174964,"Positive"
"K07703","K09470",0.846401137980085,"Positive"
"K07703","K09473",0.849900426742532,"Positive"
"K07703","K09475",0.648904694167852,"Positive"
"K07703","K09988",0.630839260312945,"Positive"
"K07703","K09996",0.759317211948791,"Positive"
"K07703","K10537",0.827169274537696,"Positive"
"K07703","K10538",0.827169274537696,"Positive"
"K07703","K10539",0.827169274537696,"Positive"
"K07703","K10543",0.713200568990043,"Positive"
"K07703","K10544",0.714765291607397,"Positive"
"K07703","K10545",0.714765291607397,"Positive"
"K07703","K11890",0.842844950213371,"Positive"
"K07703","K13574",0.786827880512091,"Positive"
"K07703","K13632",0.809046941678521,"Positive"
"K07703","K13816",0.658378378378378,"Positive"
"K07703","K13889",0.664039829302987,"Positive"
"K07703","K13891",0.674935988620199,"Positive"
"K07703","K13892",0.796045519203414,"Positive"
"K07703","K14051",0.75072546230441,"Positive"
"K07703","K16703",0.65823613086771,"Positive"
"K07703","K16710",0.65823613086771,"Positive"
"K07703","K17195",0.733399715504979,"Positive"
"K07703","K17202",0.745860597439545,"Positive"
"K07703","K17203",0.745860597439545,"Positive"
"K07703","K17204",0.745860597439545,"Positive"
"K07703","K17213",0.749388335704125,"Positive"
"K07703","K17214",0.74352773826458,"Positive"
"K07703","K17215",0.74352773826458,"Positive"
"K07703","K18324",0.902873399715505,"Positive"
"K07703","K18326",0.935817923186344,"Positive"
"K07703","K19354",0.689331436699858,"Positive"
"K07704","K07705",0.971180654338549,"Positive"
"K07704","K11690",0.631806543385491,"Positive"
"K07708","K10806",0.896415362731152,"Positive"
"K07708","K11645",0.609701280227596,"Positive"
"K07710","K07714",1,"Positive"
"K07710","K09758",0.602076813655761,"Positive"
"K07710","K11003",0.880199146514936,"Positive"
"K07710","K11004",0.880199146514936,"Positive"
"K07710","K12256",0.650241820768137,"Positive"
"K07710","K12688",0.966998577524893,"Positive"
"K07710","K14026",0.966998577524893,"Positive"
"K07710","K18133",0.830583214793741,"Positive"
"K07710","K18148",0.881593172119488,"Positive"
"K07710","K18369",0.768904694167852,"Positive"
"K07711","K07715",0.882446657183499,"Positive"
"K07711","K07751",0.62099573257468,"Positive"
"K07711","K07771",0.82728307254623,"Positive"
"K07711","K07773",0.699203413940256,"Positive"
"K07711","K07806",0.84321479374111,"Positive"
"K07711","K08682",0.857183499288762,"Positive"
"K07711","K08738",-0.614054054054054,"Negative"
"K07711","K09476",0.626714082503556,"Positive"
"K07711","K09997",0.62099573257468,"Positive"
"K07711","K09998",0.620540540540541,"Positive"
"K07711","K09999",0.620540540540541,"Positive"
"K07711","K10000",0.620540540540541,"Positive"
"K07711","K10011",0.838833570412518,"Positive"
"K07711","K10012",0.84321479374111,"Positive"
"K07711","K11258",0.651351351351351,"Positive"
"K07711","K11891",0.663072546230441,"Positive"
"K07711","K11892",0.668876244665718,"Positive"
"K07711","K11893",0.659943100995733,"Positive"
"K07711","K12152",0.699288762446657,"Positive"
"K07711","K12368",0.646145092460882,"Positive"
"K07711","K12369",0.674167852062589,"Positive"
"K07711","K12370",0.674167852062589,"Positive"
"K07711","K12371",0.674167852062589,"Positive"
"K07711","K12372",0.674167852062589,"Positive"
"K07711","K12525",0.871607396870555,"Positive"
"K07711","K12582",0.871607396870555,"Positive"
"K07711","K12962",0.84321479374111,"Positive"
"K07711","K12963",0.84321479374111,"Positive"
"K07711","K12973",0.740170697012802,"Positive"
"K07711","K12974",0.825860597439545,"Positive"
"K07711","K12975",0.825376955903272,"Positive"
"K07711","K13014",0.84321479374111,"Positive"
"K07711","K13301",0.871607396870555,"Positive"
"K07711","K13498",0.617610241820768,"Positive"
"K07711","K14187",0.62099573257468,"Positive"
"K07711","K16704",0.871607396870555,"Positive"
"K07711","K18889",0.875419630156472,"Positive"
"K07711","K18890",0.875419630156472,"Positive"
"K07711","K19222",0.842816500711238,"Positive"
"K07711","K19226",0.871522048364154,"Positive"
"K07711","K19227",0.62099573257468,"Positive"
"K07711","K19228",0.62099573257468,"Positive"
"K07711","K19229",0.62099573257468,"Positive"
"K07711","K19230",0.620455192034139,"Positive"
"K07711","K19236",0.729473684210526,"Positive"
"K07711","K19270",0.784466571834993,"Positive"
"K07714","K09758",0.602076813655761,"Positive"
"K07714","K11003",0.880199146514936,"Positive"
"K07714","K11004",0.880199146514936,"Positive"
"K07714","K12256",0.650241820768137,"Positive"
"K07714","K12688",0.966998577524893,"Positive"
"K07714","K14026",0.966998577524893,"Positive"
"K07714","K18133",0.830583214793741,"Positive"
"K07714","K18148",0.881593172119488,"Positive"
"K07714","K18369",0.768904694167852,"Positive"
"K07715","K07751",0.719886201991465,"Positive"
"K07715","K07771",0.956557610241821,"Positive"
"K07715","K07773",0.815192034139403,"Positive"
"K07715","K07806",0.971749644381223,"Positive"
"K07715","K08682",0.973769559032717,"Positive"
"K07715","K08722",0.642901849217639,"Positive"
"K07715","K09475",0.627823613086771,"Positive"
"K07715","K09476",0.729046941678521,"Positive"
"K07715","K09996",0.615305832147937,"Positive"
"K07715","K09997",0.719886201991465,"Positive"
"K07715","K09998",0.721479374110953,"Positive"
"K07715","K09999",0.721479374110953,"Positive"
"K07715","K10000",0.721479374110953,"Positive"
"K07715","K10011",0.967994310099573,"Positive"
"K07715","K10012",0.971749644381223,"Positive"
"K07715","K10014",0.622930298719772,"Positive"
"K07715","K10015",0.60972972972973,"Positive"
"K07715","K10016",0.620341394025605,"Positive"
"K07715","K10017",0.608193456614509,"Positive"
"K07715","K10037",0.613143669985775,"Positive"
"K07715","K10038",0.613200568990043,"Positive"
"K07715","K11258",0.643499288762447,"Positive"
"K07715","K11891",0.688904694167852,"Positive"
"K07715","K11892",0.693058321479374,"Positive"
"K07715","K11893",0.683214793741109,"Positive"
"K07715","K12152",0.815277382645804,"Positive"
"K07715","K12368",0.768648648648649,"Positive"
"K07715","K12369",0.795220483641536,"Positive"
"K07715","K12370",0.795220483641536,"Positive"
"K07715","K12371",0.795220483641536,"Positive"
"K07715","K12372",0.795220483641536,"Positive"
"K07715","K12525",0.986714082503556,"Positive"
"K07715","K12582",0.986714082503556,"Positive"
"K07715","K12962",0.971749644381223,"Positive"
"K07715","K12963",0.971749644381223,"Positive"
"K07715","K12973",0.845775248933144,"Positive"
"K07715","K12974",0.93724039829303,"Positive"
"K07715","K12975",0.938805120910384,"Positive"
"K07715","K13014",0.971749644381223,"Positive"
"K07715","K13301",0.986714082503556,"Positive"
"K07715","K13498",0.718918918918919,"Positive"
"K07715","K14187",0.719886201991465,"Positive"
"K07715","K16704",0.986714082503556,"Positive"
"K07715","K18889",0.747766714082504,"Positive"
"K07715","K18890",0.747766714082504,"Positive"
"K07715","K19222",0.953798008534851,"Positive"
"K07715","K19226",0.986628733997155,"Positive"
"K07715","K19227",0.719886201991465,"Positive"
"K07715","K19228",0.719886201991465,"Positive"
"K07715","K19229",0.719886201991465,"Positive"
"K07715","K19230",0.719345661450925,"Positive"
"K07715","K19236",0.831664295874822,"Positive"
"K07715","K19270",0.905263157894737,"Positive"
"K07717","K07719",1,"Positive"
"K07717","K11041",0.633115220483642,"Positive"
"K07717","K11604",-0.613172119487909,"Negative"
"K07717","K11605",-0.613172119487909,"Negative"
"K07717","K11606",-0.613172119487909,"Negative"
"K07717","K11607",-0.613172119487909,"Negative"
"K07717","K11617",0.71624466571835,"Positive"
"K07717","K11623",0.637923186344239,"Positive"
"K07717","K11624",0.637923186344239,"Positive"
"K07717","K11690",0.627453769559033,"Positive"
"K07717","K12296",0.61800853485064,"Positive"
"K07717","K12556",0.661735419630156,"Positive"
"K07717","K13051",-0.659743954480797,"Negative"
"K07717","K13919",0.650071123755334,"Positive"
"K07717","K13920",0.650071123755334,"Positive"
"K07717","K16937",0.631066856330014,"Positive"
"K07717","K17722",0.63724039829303,"Positive"
"K07717","K17950",0.635362731152205,"Positive"
"K07717","K19349",0.637923186344239,"Positive"
"K07719","K11041",0.633115220483642,"Positive"
"K07719","K11604",-0.613172119487909,"Negative"
"K07719","K11605",-0.613172119487909,"Negative"
"K07719","K11606",-0.613172119487909,"Negative"
"K07719","K11607",-0.613172119487909,"Negative"
"K07719","K11617",0.71624466571835,"Positive"
"K07719","K11623",0.637923186344239,"Positive"
"K07719","K11624",0.637923186344239,"Positive"
"K07719","K11690",0.627453769559033,"Positive"
"K07719","K12296",0.61800853485064,"Positive"
"K07719","K12556",0.661735419630156,"Positive"
"K07719","K13051",-0.659743954480797,"Negative"
"K07719","K13919",0.650071123755334,"Positive"
"K07719","K13920",0.650071123755334,"Positive"
"K07719","K16937",0.631066856330014,"Positive"
"K07719","K17722",0.63724039829303,"Positive"
"K07719","K17950",0.635362731152205,"Positive"
"K07719","K19349",0.637923186344239,"Positive"
"K07720","K08384",0.750469416785206,"Positive"
"K07720","K10206",0.759374110953058,"Positive"
"K07720","K11358",0.825689900426743,"Positive"
"K07720","K11782",0.804580369843528,"Positive"
"K07720","K11784",0.804580369843528,"Positive"
"K07720","K13818",0.821166429587482,"Positive"
"K07720","K15792",0.775334281650071,"Positive"
"K07720","K16651",0.773769559032717,"Positive"
"K07720","K18285",0.805177809388336,"Positive"
"K07749","K10227",0.612233285917496,"Positive"
"K07749","K10229",0.715391180654339,"Positive"
"K07749","K11472",0.709644381223329,"Positive"
"K07749","K11473",0.704893314366999,"Positive"
"K07749","K12976",0.670697012802276,"Positive"
"K07751","K07771",0.720825035561878,"Positive"
"K07751","K07773",0.913456614509246,"Positive"
"K07751","K07806",0.706145092460882,"Positive"
"K07751","K08682",0.748392603129445,"Positive"
"K07751","K08722",0.919061166429587,"Positive"
"K07751","K09476",0.993968705547653,"Positive"
"K07751","K09997",1,"Positive"
"K07751","K09998",0.9924893314367,"Positive"
"K07751","K09999",0.9924893314367,"Positive"
"K07751","K10000",0.9924893314367,"Positive"
"K07751","K10004",0.620483641536273,"Positive"
"K07751","K10011",0.713371266002845,"Positive"
"K07751","K10012",0.706145092460882,"Positive"
"K07751","K11258",0.923641536273115,"Positive"
"K07751","K11604",0.68950213371266,"Positive"
"K07751","K11605",0.68950213371266,"Positive"
"K07751","K11606",0.68950213371266,"Positive"
"K07751","K11607",0.68950213371266,"Positive"
"K07751","K11751",0.880825035561878,"Positive"
"K07751","K11891",0.651607396870555,"Positive"
"K07751","K11892",0.664722617354196,"Positive"
"K07751","K11893",0.655988620199146,"Positive"
"K07751","K11900",0.626685633001422,"Positive"
"K07751","K11901",0.650583214793741,"Positive"
"K07751","K11903",0.667823613086771,"Positive"
"K07751","K11907",0.646230440967283,"Positive"
"K07751","K12152",0.913371266002845,"Positive"
"K07751","K12368",0.727880512091038,"Positive"
"K07751","K12369",0.753541963015647,"Positive"
"K07751","K12370",0.753541963015647,"Positive"
"K07751","K12371",0.753541963015647,"Positive"
"K07751","K12372",0.753541963015647,"Positive"
"K07751","K12524",0.85647226173542,"Positive"
"K07751","K12525",0.74076813655761,"Positive"
"K07751","K12582",0.74076813655761,"Positive"
"K07751","K12962",0.706145092460882,"Positive"
"K07751","K12963",0.706145092460882,"Positive"
"K07751","K12973",0.635533428165007,"Positive"
"K07751","K12974",0.698947368421053,"Positive"
"K07751","K12975",0.701337126600284,"Positive"
"K07751","K13014",0.706145092460882,"Positive"
"K07751","K13301",0.74076813655761,"Positive"
"K07751","K13498",0.99203413940256,"Positive"
"K07751","K14187",1,"Positive"
"K07751","K15125",0.616443812233286,"Positive"
"K07751","K16704",0.74076813655761,"Positive"
"K07751","K18800",0.662901849217639,"Positive"
"K07751","K19222",0.667112375533428,"Positive"
"K07751","K19226",0.740853485064011,"Positive"
"K07751","K19227",1,"Positive"
"K07751","K19228",1,"Positive"
"K07751","K19229",1,"Positive"
"K07751","K19230",0.999146514935989,"Positive"
"K07751","K19236",0.644637268847795,"Positive"
"K07751","K19270",0.636984352773826,"Positive"
"K07771","K07773",0.786600284495021,"Positive"
"K07771","K07806",0.98574679943101,"Positive"
"K07771","K08682",0.972318634423898,"Positive"
"K07771","K08722",0.644950213371266,"Positive"
"K07771","K09475",0.659118065433855,"Positive"
"K07771","K09476",0.728648648648649,"Positive"
"K07771","K09997",0.720825035561878,"Positive"
"K07771","K09998",0.719374110953058,"Positive"
"K07771","K09999",0.719374110953058,"Positive"
"K07771","K10000",0.719374110953058,"Positive"
"K07771","K10011",0.983385490753912,"Positive"
"K07771","K10012",0.98574679943101,"Positive"
"K07771","K11258",0.633513513513513,"Positive"
"K07771","K11891",0.679345661450925,"Positive"
"K07771","K11892",0.683726884779516,"Positive"
"K07771","K11893",0.668933143669986,"Positive"
"K07771","K12152",0.78651493598862,"Positive"
"K07771","K12368",0.720654338549075,"Positive"
"K07771","K12369",0.750014224751067,"Positive"
"K07771","K12370",0.750014224751067,"Positive"
"K07771","K12371",0.750014224751067,"Positive"
"K07771","K12372",0.750014224751067,"Positive"
"K07771","K12525",0.958264580369844,"Positive"
"K07771","K12582",0.958264580369844,"Positive"
"K07771","K12962",0.98574679943101,"Positive"
"K07771","K12963",0.98574679943101,"Positive"
"K07771","K12973",0.814139402560455,"Positive"
"K07771","K12974",0.898662873399716,"Positive"
"K07771","K12975",0.908221906116643,"Positive"
"K07771","K13014",0.98574679943101,"Positive"
"K07771","K13301",0.958264580369844,"Positive"
"K07771","K13498",0.720682788051209,"Positive"
"K07771","K14187",0.720825035561878,"Positive"
"K07771","K16704",0.958264580369844,"Positive"
"K07771","K18889",0.706145092460882,"Positive"
"K07771","K18890",0.706145092460882,"Positive"
"K07771","K19222",0.905433854907539,"Positive"
"K07771","K19226",0.958349928876245,"Positive"
"K07771","K19227",0.720825035561878,"Positive"
"K07771","K19228",0.720825035561878,"Positive"
"K07771","K19229",0.720825035561878,"Positive"
"K07771","K19230",0.720085348506401,"Positive"
"K07771","K19236",0.804495021337127,"Positive"
"K07771","K19270",0.864608819345661,"Positive"
"K07773","K07806",0.793371266002845,"Positive"
"K07773","K08682",0.819174964438122,"Positive"
"K07773","K08722",0.826458036984353,"Positive"
"K07773","K09476",0.912204836415363,"Positive"
"K07773","K09997",0.913456614509246,"Positive"
"K07773","K09998",0.906059743954481,"Positive"
"K07773","K09999",0.906059743954481,"Positive"
"K07773","K10000",0.906059743954481,"Positive"
"K07773","K10011",0.800967283072546,"Positive"
"K07773","K10012",0.793371266002845,"Positive"
"K07773","K10015",0.613883357041252,"Positive"
"K07773","K10016",0.616273115220484,"Positive"
"K07773","K10017",0.612119487908962,"Positive"
"K07773","K10036",0.636984352773826,"Positive"
"K07773","K10037",0.616728307254623,"Positive"
"K07773","K10038",0.617724039829303,"Positive"
"K07773","K11258",0.830697012802276,"Positive"
"K07773","K11751",0.777581792318634,"Positive"
"K07773","K12152",0.999914651493599,"Positive"
"K07773","K12368",0.826230440967283,"Positive"
"K07773","K12369",0.854793741109531,"Positive"
"K07773","K12370",0.854793741109531,"Positive"
"K07773","K12371",0.854793741109531,"Positive"
"K07773","K12372",0.854793741109531,"Positive"
"K07773","K12524",0.760711237553343,"Positive"
"K07773","K12525",0.831522048364154,"Positive"
"K07773","K12582",0.831522048364154,"Positive"
"K07773","K12962",0.793371266002845,"Positive"
"K07773","K12963",0.793371266002845,"Positive"
"K07773","K12973",0.707567567567568,"Positive"
"K07773","K12974",0.788022759601707,"Positive"
"K07773","K12975",0.790554765291607,"Positive"
"K07773","K13014",0.793371266002845,"Positive"
"K07773","K13301",0.831522048364154,"Positive"
"K07773","K13498",0.903954480796586,"Positive"
"K07773","K14187",0.913456614509246,"Positive"
"K07773","K16704",0.831522048364154,"Positive"
"K07773","K18889",0.602560455192034,"Positive"
"K07773","K18890",0.602560455192034,"Positive"
"K07773","K19222",0.761337126600285,"Positive"
"K07773","K19226",0.831607396870555,"Positive"
"K07773","K19227",0.913456614509246,"Positive"
"K07773","K19228",0.913456614509246,"Positive"
"K07773","K19229",0.913456614509246,"Positive"
"K07773","K19230",0.912944523470839,"Positive"
"K07773","K19236",0.710355618776671,"Positive"
"K07773","K19270",0.734594594594595,"Positive"
"K07774","K07793",0.781365576102418,"Positive"
"K07774","K07794",0.785263157894737,"Positive"
"K07774","K07795",0.795135135135135,"Positive"
"K07774","K12976",0.61103840682788,"Positive"
"K07774","K13938",0.785945945945946,"Positive"
"K07774","K15576",0.783243243243243,"Positive"
"K07774","K15577",0.672347083926031,"Positive"
"K07774","K15578",0.672347083926031,"Positive"
"K07778","K12972",0.621621621621622,"Positive"
"K07781","K07782",0.868335704125178,"Positive"
"K07781","K08322",0.876130867709815,"Positive"
"K07781","K08351",0.747055476529161,"Positive"
"K07781","K08723",0.848421052631579,"Positive"
"K07781","K09470",0.774623044096728,"Positive"
"K07781","K09473",0.764438122332859,"Positive"
"K07781","K09475",0.708563300142248,"Positive"
"K07781","K09988",0.679032716927454,"Positive"
"K07781","K09996",0.681109530583215,"Positive"
"K07781","K10537",0.828421052631579,"Positive"
"K07781","K10538",0.828421052631579,"Positive"
"K07781","K10539",0.828421052631579,"Positive"
"K07781","K10540",0.651635846372688,"Positive"
"K07781","K10541",0.651635846372688,"Positive"
"K07781","K10542",0.651635846372688,"Positive"
"K07781","K10543",0.741706970128023,"Positive"
"K07781","K10544",0.742930298719772,"Positive"
"K07781","K10545",0.742930298719772,"Positive"
"K07781","K11216",0.654167852062589,"Positive"
"K07781","K11530",0.654167852062589,"Positive"
"K07781","K11890",0.935846372688478,"Positive"
"K07781","K13574",0.668677098150782,"Positive"
"K07781","K13632",0.840256045519203,"Positive"
"K07781","K13816",0.645661450924609,"Positive"
"K07781","K13892",0.70574679943101,"Positive"
"K07781","K14051",0.857297297297297,"Positive"
"K07781","K16703",0.719032716927454,"Positive"
"K07781","K16710",0.719032716927454,"Positive"
"K07781","K17195",0.805889046941679,"Positive"
"K07781","K17202",0.639345661450925,"Positive"
"K07781","K17203",0.639345661450925,"Positive"
"K07781","K17204",0.639345661450925,"Positive"
"K07781","K17213",0.840256045519203,"Positive"
"K07781","K17214",0.845405405405405,"Positive"
"K07781","K17215",0.845405405405405,"Positive"
"K07781","K18324",0.996557610241821,"Positive"
"K07781","K18326",0.97547652916074,"Positive"
"K07781","K19354",0.777354196301565,"Positive"
"K07782","K08322",0.778065433854908,"Positive"
"K07782","K08323",0.661280227596017,"Positive"
"K07782","K08351",0.831749644381223,"Positive"
"K07782","K08723",0.783499288762447,"Positive"
"K07782","K09470",0.806884779516359,"Positive"
"K07782","K09473",0.812176386913229,"Positive"
"K07782","K09475",0.609900426742532,"Positive"
"K07782","K09988",0.627823613086771,"Positive"
"K07782","K09996",0.729985775248933,"Positive"
"K07782","K10537",0.818435277382646,"Positive"
"K07782","K10538",0.818435277382646,"Positive"
"K07782","K10539",0.818435277382646,"Positive"
"K07782","K10543",0.712233285917496,"Positive"
"K07782","K10544",0.713940256045519,"Positive"
"K07782","K10545",0.713940256045519,"Positive"
"K07782","K11890",0.844125177809388,"Positive"
"K07782","K13529",0.626458036984353,"Positive"
"K07782","K13574",0.751977240398293,"Positive"
"K07782","K13632",0.783015647226174,"Positive"
"K07782","K13816",0.680597439544808,"Positive"
"K07782","K13889",0.677638691322902,"Positive"
"K07782","K13891",0.679886201991465,"Positive"
"K07782","K13892",0.779630156472262,"Positive"
"K07782","K14051",0.696187766714083,"Positive"
"K07782","K16703",0.613172119487909,"Positive"
"K07782","K16710",0.613172119487909,"Positive"
"K07782","K17195",0.720483641536273,"Positive"
"K07782","K17202",0.734196301564723,"Positive"
"K07782","K17203",0.734196301564723,"Positive"
"K07782","K17204",0.734196301564723,"Positive"
"K07782","K17213",0.760853485064011,"Positive"
"K07782","K17214",0.752233285917496,"Positive"
"K07782","K17215",0.752233285917496,"Positive"
"K07782","K18324",0.871977240398293,"Positive"
"K07782","K18326",0.892062588904694,"Positive"
"K07782","K19354",0.634281650071124,"Positive"
"K07783","K09996",0.670128022759602,"Positive"
"K07784","K08320",0.677951635846373,"Positive"
"K07784","K08321",0.660910384068279,"Positive"
"K07784","K08348",0.612916073968706,"Positive"
"K07784","K08350",0.738748221906117,"Positive"
"K07784","K08723",0.637382645803698,"Positive"
"K07784","K09251",0.770213371266003,"Positive"
"K07784","K10537",0.622048364153627,"Positive"
"K07784","K10538",0.622048364153627,"Positive"
"K07784","K10539",0.622048364153627,"Positive"
"K07784","K10543",0.62275960170697,"Positive"
"K07784","K10544",0.62950213371266,"Positive"
"K07784","K10545",0.62950213371266,"Positive"
"K07784","K10555",0.737524893314367,"Positive"
"K07784","K10556",0.729672830725462,"Positive"
"K07784","K10557",0.737524893314367,"Positive"
"K07784","K10558",0.737524893314367,"Positive"
"K07784","K11531",0.737524893314367,"Positive"
"K07784","K13632",0.640256045519203,"Positive"
"K07787","K07798",0.998150782361309,"Positive"
"K07787","K12251",0.606088193456614,"Positive"
"K07792","K10227",-0.616529160739687,"Negative"
"K07793","K07794",0.9875106685633,"Positive"
"K07793","K07795",0.979715504978663,"Positive"
"K07793","K09969",0.763413940256045,"Positive"
"K07793","K09970",0.759459459459459,"Positive"
"K07793","K09971",0.759459459459459,"Positive"
"K07793","K09972",0.61977240398293,"Positive"
"K07793","K10227",0.633911806543386,"Positive"
"K07793","K11472",0.751322901849218,"Positive"
"K07793","K11473",0.757866287339972,"Positive"
"K07793","K11688",0.619857752489331,"Positive"
"K07793","K11755",-0.623556187766714,"Negative"
"K07793","K12976",0.655618776671408,"Positive"
"K07793","K13938",0.771977240398293,"Positive"
"K07793","K15371",0.658036984352774,"Positive"
"K07793","K15576",0.771891891891892,"Positive"
"K07793","K15577",0.614395448079659,"Positive"
"K07793","K15578",0.614395448079659,"Positive"
"K07793","K18292",0.629701280227596,"Positive"
"K07794","K07795",0.991891891891892,"Positive"
"K07794","K09969",0.770241820768137,"Positive"
"K07794","K09970",0.768079658605974,"Positive"
"K07794","K09971",0.768079658605974,"Positive"
"K07794","K09972",0.631152204836415,"Positive"
"K07794","K10227",0.630981507823613,"Positive"
"K07794","K11472",0.713143669985775,"Positive"
"K07794","K11473",0.721081081081081,"Positive"
"K07794","K11755",-0.641849217638691,"Negative"
"K07794","K12976",0.601166429587482,"Positive"
"K07794","K13938",0.741593172119488,"Positive"
"K07794","K15371",0.620455192034139,"Positive"
"K07794","K15576",0.772603129445235,"Positive"
"K07794","K15577",0.631322901849218,"Positive"
"K07794","K15578",0.631322901849218,"Positive"
"K07795","K09969",0.773314366998577,"Positive"
"K07795","K09970",0.770440967283073,"Positive"
"K07795","K09971",0.770440967283073,"Positive"
"K07795","K09972",0.643186344238976,"Positive"
"K07795","K10227",0.635049786628734,"Positive"
"K07795","K11472",0.726372688477952,"Positive"
"K07795","K11473",0.732830725462304,"Positive"
"K07795","K11755",-0.641507823613087,"Negative"
"K07795","K12976",0.609445234708393,"Positive"
"K07795","K13938",0.747254623044097,"Positive"
"K07795","K15371",0.625889046941679,"Positive"
"K07795","K15576",0.774992887624467,"Positive"
"K07795","K15577",0.633968705547653,"Positive"
"K07795","K15578",0.633968705547653,"Positive"
"K07798","K12251",0.605661450924609,"Positive"
"K07806","K08682",0.954850640113798,"Positive"
"K07806","K08722",0.629046941678521,"Positive"
"K07806","K09475",0.667482219061166,"Positive"
"K07806","K09476",0.717098150782361,"Positive"
"K07806","K09997",0.706145092460882,"Positive"
"K07806","K09998",0.7075106685633,"Positive"
"K07806","K09999",0.7075106685633,"Positive"
"K07806","K10000",0.7075106685633,"Positive"
"K07806","K10011",0.99678520625889,"Positive"
"K07806","K10012",1,"Positive"
"K07806","K11258",0.620739687055477,"Positive"
"K07806","K11891",0.681308677098151,"Positive"
"K07806","K11892",0.682901849217639,"Positive"
"K07806","K11893",0.668648648648649,"Positive"
"K07806","K12152",0.793456614509246,"Positive"
"K07806","K12368",0.736671408250356,"Positive"
"K07806","K12369",0.762190611664296,"Positive"
"K07806","K12370",0.762190611664296,"Positive"
"K07806","K12371",0.762190611664296,"Positive"
"K07806","K12372",0.762190611664296,"Positive"
"K07806","K12525",0.965604551920341,"Positive"
"K07806","K12582",0.965604551920341,"Positive"
"K07806","K12962",1,"Positive"
"K07806","K12963",1,"Positive"
"K07806","K12973",0.809985775248933,"Positive"
"K07806","K12974",0.904779516358464,"Positive"
"K07806","K12975",0.915334281650071,"Positive"
"K07806","K13014",1,"Positive"
"K07806","K13301",0.965604551920341,"Positive"
"K07806","K13498",0.706230440967283,"Positive"
"K07806","K14187",0.706145092460882,"Positive"
"K07806","K16704",0.965604551920341,"Positive"
"K07806","K18889",0.706458036984353,"Positive"
"K07806","K18890",0.706458036984353,"Positive"
"K07806","K19222",0.913968705547653,"Positive"
"K07806","K19226",0.96551920341394,"Positive"
"K07806","K19227",0.706145092460882,"Positive"
"K07806","K19228",0.706145092460882,"Positive"
"K07806","K19229",0.706145092460882,"Positive"
"K07806","K19230",0.705633001422475,"Positive"
"K07806","K19236",0.797268847795164,"Positive"
"K07806","K19270",0.87877667140825,"Positive"
"K07810","K07823",0.785576102418208,"Positive"
"K07810","K10125",0.728165007112376,"Positive"
"K07810","K10126",0.727681365576102,"Positive"
"K07810","K10942",0.768933143669986,"Positive"
"K07810","K10943",0.739516358463727,"Positive"
"K07810","K11384",0.792603129445235,"Positive"
"K07810","K11689",0.816614509246088,"Positive"
"K07810","K12254",0.792603129445235,"Positive"
"K07810","K13541",0.740398293029872,"Positive"
"K07810","K13590",0.640711237553343,"Positive"
"K07810","K13954",0.642275960170697,"Positive"
"K07810","K14268",0.859914651493599,"Positive"
"K07810","K14596",0.61271692745377,"Positive"
"K07810","K15408",0.753229018492176,"Positive"
"K07810","K15864",0.613598862019915,"Positive"
"K07810","K16370",0.802418207681366,"Positive"
"K07810","K17226",0.79203413940256,"Positive"
"K07810","K17315",0.763584637268848,"Positive"
"K07810","K17316",0.761706970128023,"Positive"
"K07810","K17317",0.761706970128023,"Positive"
"K07810","K17838",0.633172119487909,"Positive"
"K07810","K18135",0.617496443812233,"Positive"
"K07810","K18291",0.717923186344239,"Positive"
"K07810","K18981",0.819601706970128,"Positive"
"K07810","K19340",0.614054054054054,"Positive"
"K07810","K19341",0.627766714082504,"Positive"
"K07810","K19609",0.840170697012802,"Positive"
"K07810","K19610",0.840170697012802,"Positive"
"K07810","K19713",0.669018492176387,"Positive"
"K07812","K08320",0.677126600284495,"Positive"
"K07812","K11081",0.785376955903272,"Positive"
"K07812","K11082",0.785376955903272,"Positive"
"K07812","K11083",0.785376955903272,"Positive"
"K07812","K11084",0.785376955903272,"Positive"
"K07812","K12112",0.790896159317212,"Positive"
"K07812","K14977",0.708961593172119,"Positive"
"K07812","K18333",0.812688477951636,"Positive"
"K07812","K18334",0.631123755334282,"Positive"
"K07823","K10125",0.90827880512091,"Positive"
"K07823","K10126",0.908051209103841,"Positive"
"K07823","K10941",0.742930298719772,"Positive"
"K07823","K10942",0.980369843527738,"Positive"
"K07823","K10943",0.923300142247511,"Positive"
"K07823","K10979",0.678662873399716,"Positive"
"K07823","K11258",-0.61126600284495,"Negative"
"K07823","K11384",0.984836415362731,"Positive"
"K07823","K11472",0.606458036984353,"Positive"
"K07823","K11473",0.611692745376956,"Positive"
"K07823","K11604",-0.644722617354196,"Negative"
"K07823","K11605",-0.644722617354196,"Negative"
"K07823","K11606",-0.644722617354196,"Negative"
"K07823","K11607",-0.644722617354196,"Negative"
"K07823","K11688",0.726088193456614,"Positive"
"K07823","K11689",0.845007112375533,"Positive"
"K07823","K11751",-0.700654338549075,"Negative"
"K07823","K12254",0.984836415362731,"Positive"
"K07823","K12524",-0.603328591749644,"Negative"
"K07823","K12973",-0.609103840682788,"Negative"
"K07823","K12976",0.609445234708393,"Positive"
"K07823","K13541",0.888307254623044,"Positive"
"K07823","K13590",0.804182076813656,"Positive"
"K07823","K14268",0.919800853485064,"Positive"
"K07823","K14596",0.602788051209104,"Positive"
"K07823","K15373",0.623840682788051,"Positive"
"K07823","K15408",0.909046941678521,"Positive"
"K07823","K15864",0.69647226173542,"Positive"
"K07823","K16370",0.716870554765292,"Positive"
"K07823","K17226",0.98452347083926,"Positive"
"K07823","K17315",0.959943100995733,"Positive"
"K07823","K17316",0.960739687055477,"Positive"
"K07823","K17317",0.960739687055477,"Positive"
"K07823","K17838",0.70927453769559,"Positive"
"K07823","K18135",0.738406827880512,"Positive"
"K07823","K18291",0.914139402560455,"Positive"
"K07823","K18292",0.691095305832148,"Positive"
"K07823","K18889",-0.669103840682788,"Negative"
"K07823","K18890",-0.669103840682788,"Negative"
"K07823","K18930",0.776756756756757,"Positive"
"K07823","K18981",0.961792318634424,"Positive"
"K07823","K19236",-0.644039829302987,"Negative"
"K07823","K19340",0.666486486486486,"Positive"
"K07823","K19341",0.768620199146515,"Positive"
"K07823","K19609",0.953826458036984,"Positive"
"K07823","K19610",0.953826458036984,"Positive"
"K07823","K19696",0.724295874822191,"Positive"
"K07823","K19713",0.81724039829303,"Positive"
"K08082","K08083",0.999203413940256,"Positive"
"K08082","K09788",0.818150782361309,"Positive"
"K08082","K10979",0.611806543385491,"Positive"
"K08082","K13766",0.689871977240398,"Positive"
"K08082","K16171",0.606002844950213,"Positive"
"K08083","K09788",0.816927453769559,"Positive"
"K08083","K10979",0.617951635846373,"Positive"
"K08083","K13766",0.694594594594595,"Positive"
"K08083","K16171",0.612432432432432,"Positive"
"K08092","K10218",0.63049786628734,"Positive"
"K08092","K16703",0.647596017069701,"Positive"
"K08092","K16710",0.647596017069701,"Positive"
"K08177","K09692",0.611664295874822,"Positive"
"K08177","K09809",0.668364153627311,"Positive"
"K08261","K08738",0.633229018492176,"Positive"
"K08261","K09758",0.667652916073969,"Positive"
"K08261","K11645",0.619288762446657,"Positive"
"K08261","K13409",0.615163584637269,"Positive"
"K08261","K13472",0.754623044096728,"Positive"
"K08261","K13481",0.766145092460882,"Positive"
"K08261","K13482",0.755618776671408,"Positive"
"K08261","K13485",0.645206258890469,"Positive"
"K08261","K19743",0.835732574679943,"Positive"
"K08302","K08320",0.602901849217639,"Positive"
"K08302","K11216",0.887254623044097,"Positive"
"K08302","K11530",0.887254623044097,"Positive"
"K08302","K12111",0.647226173541963,"Positive"
"K08302","K17850",0.7249786628734,"Positive"
"K08312","K11179",0.646059743954481,"Positive"
"K08312","K11183",0.623954480796586,"Positive"
"K08312","K11258",0.608677098150782,"Positive"
"K08312","K11900",0.696927453769559,"Positive"
"K08312","K11901",0.676301564722617,"Positive"
"K08312","K11903",0.674651493598862,"Positive"
"K08312","K11907",0.681194879089616,"Positive"
"K08312","K12251",0.608022759601707,"Positive"
"K08312","K13893",0.679288762446657,"Positive"
"K08312","K18800",0.887311522048364,"Positive"
"K08320","K10824",0.655078236130868,"Positive"
"K08320","K11081",0.892859174964438,"Positive"
"K08320","K11082",0.892859174964438,"Positive"
"K08320","K11083",0.892859174964438,"Positive"
"K08320","K11084",0.892859174964438,"Positive"
"K08320","K11216",0.632745376955903,"Positive"
"K08320","K11530",0.632745376955903,"Positive"
"K08320","K12112",0.770213371266003,"Positive"
"K08320","K14977",0.606031294452347,"Positive"
"K08320","K15584",0.655078236130868,"Positive"
"K08320","K15585",0.655078236130868,"Positive"
"K08320","K15586",0.654281650071124,"Positive"
"K08320","K15587",0.655078236130868,"Positive"
"K08320","K15866",0.601906116642959,"Positive"
"K08320","K18333",0.625462304409673,"Positive"
"K08321","K08348",0.796443812233286,"Positive"
"K08321","K08350",0.911009957325747,"Positive"
"K08321","K09251",0.609786628733997,"Positive"
"K08321","K10555",0.924836415362731,"Positive"
"K08321","K10556",0.640540540540541,"Positive"
"K08321","K10557",0.924836415362731,"Positive"
"K08321","K10558",0.924836415362731,"Positive"
"K08321","K10824",0.750753911806543,"Positive"
"K08321","K11531",0.924836415362731,"Positive"
"K08321","K12112",0.601963015647226,"Positive"
"K08321","K12527",0.753428165007112,"Positive"
"K08321","K15584",0.750753911806543,"Positive"
"K08321","K15585",0.750753911806543,"Positive"
"K08321","K15586",0.740398293029872,"Positive"
"K08321","K15587",0.750753911806543,"Positive"
"K08321","K16165",0.654224751066856,"Positive"
"K08322","K08351",0.654935988620199,"Positive"
"K08322","K08723",0.855931721194879,"Positive"
"K08322","K09470",0.656842105263158,"Positive"
"K08322","K09473",0.677667140825036,"Positive"
"K08322","K09988",0.692005689900427,"Positive"
"K08322","K09996",0.601906116642959,"Positive"
"K08322","K10537",0.839971550497866,"Positive"
"K08322","K10538",0.839971550497866,"Positive"
"K08322","K10539",0.839971550497866,"Positive"
"K08322","K10543",0.762816500711238,"Positive"
"K08322","K10544",0.764125177809388,"Positive"
"K08322","K10545",0.764125177809388,"Positive"
"K08322","K11216",0.606884779516358,"Positive"
"K08322","K11530",0.606884779516358,"Positive"
"K08322","K11890",0.824807965860597,"Positive"
"K08322","K13574",0.644210526315789,"Positive"
"K08322","K13632",0.851806543385491,"Positive"
"K08322","K13892",0.630213371266003,"Positive"
"K08322","K14051",0.738918918918919,"Positive"
"K08322","K16703",0.710327169274538,"Positive"
"K08322","K16710",0.710327169274538,"Positive"
"K08322","K17195",0.699402560455192,"Positive"
"K08322","K17202",0.678549075391181,"Positive"
"K08322","K17203",0.678549075391181,"Positive"
"K08322","K17204",0.678549075391181,"Positive"
"K08322","K17213",0.731635846372689,"Positive"
"K08322","K17214",0.735504978662873,"Positive"
"K08322","K17215",0.735504978662873,"Positive"
"K08322","K18324",0.884068278805121,"Positive"
"K08322","K18326",0.866458036984353,"Positive"
"K08322","K19354",0.664011379800853,"Positive"
"K08323","K08351",0.807482219061166,"Positive"
"K08323","K09470",0.802617354196302,"Positive"
"K08323","K09473",0.81800853485064,"Positive"
"K08323","K13051",0.708677098150782,"Positive"
"K08323","K13529",0.631635846372688,"Positive"
"K08323","K13816",0.613598862019915,"Positive"
"K08323","K17202",0.787083926031294,"Positive"
"K08323","K17203",0.787083926031294,"Positive"
"K08323","K17204",0.787083926031294,"Positive"
"K08323","K18326",0.604807965860597,"Positive"
"K08324","K09471",0.636358463726885,"Positive"
"K08324","K15125",0.660142247510669,"Positive"
"K08324","K18369",0.603072546230441,"Positive"
"K08325","K09688",0.874594594594595,"Positive"
"K08325","K09689",0.890440967283073,"Positive"
"K08325","K10107",0.874708392603129,"Positive"
"K08325","K12979",0.850042674253201,"Positive"
"K08325","K13940",0.776073968705548,"Positive"
"K08325","K18240",0.880398293029872,"Positive"
"K08348","K08350",0.886884779516358,"Positive"
"K08348","K10555",0.871607396870555,"Positive"
"K08348","K10556",0.65800853485064,"Positive"
"K08348","K10557",0.871607396870555,"Positive"
"K08348","K10558",0.871607396870555,"Positive"
"K08348","K10824",0.614338549075391,"Positive"
"K08348","K11531",0.871607396870555,"Positive"
"K08348","K15584",0.614338549075391,"Positive"
"K08348","K15585",0.614338549075391,"Positive"
"K08348","K15587",0.614338549075391,"Positive"
"K08350","K09251",0.687169274537696,"Positive"
"K08350","K10555",0.986173541963016,"Positive"
"K08350","K10556",0.743243243243243,"Positive"
"K08350","K10557",0.986173541963016,"Positive"
"K08350","K10558",0.986173541963016,"Positive"
"K08350","K10824",0.72475106685633,"Positive"
"K08350","K11531",0.986173541963016,"Positive"
"K08350","K12527",0.683214793741109,"Positive"
"K08350","K15584",0.72475106685633,"Positive"
"K08350","K15585",0.72475106685633,"Positive"
"K08350","K15586",0.707709815078236,"Positive"
"K08350","K15587",0.72475106685633,"Positive"
"K08351","K08723",0.688819345661451,"Positive"
"K08351","K09470",0.969871977240398,"Positive"
"K08351","K09472",0.637980085348506,"Positive"
"K08351","K09473",0.981849217638691,"Positive"
"K08351","K09996",0.607852062588905,"Positive"
"K08351","K10537",0.720825035561878,"Positive"
"K08351","K10538",0.720825035561878,"Positive"
"K08351","K10539",0.720825035561878,"Positive"
"K08351","K10543",0.602190611664296,"Positive"
"K08351","K10544",0.603499288762447,"Positive"
"K08351","K10545",0.603499288762447,"Positive"
"K08351","K11890",0.79977240398293,"Positive"
"K08351","K11902",0.638321479374111,"Positive"
"K08351","K12255",0.656586059743954,"Positive"
"K08351","K13051",0.717951635846373,"Positive"
"K08351","K13529",0.767482219061166,"Positive"
"K08351","K13574",0.629302987197724,"Positive"
"K08351","K13632",0.690583214793741,"Positive"
"K08351","K13816",0.748762446657184,"Positive"
"K08351","K13890",0.676330014224751,"Positive"
"K08351","K13892",0.654452347083926,"Positive"
"K08351","K14051",0.62651493598862,"Positive"
"K08351","K15598",0.723300142247511,"Positive"
"K08351","K15599",0.723300142247511,"Positive"
"K08351","K15600",0.735931721194879,"Positive"
"K08351","K17202",0.907226173541963,"Positive"
"K08351","K17203",0.907226173541963,"Positive"
"K08351","K17204",0.907226173541963,"Positive"
"K08351","K17213",0.643300142247511,"Positive"
"K08351","K17214",0.637923186344239,"Positive"
"K08351","K17215",0.637923186344239,"Positive"
"K08351","K18324",0.752119487908962,"Positive"
"K08351","K18326",0.781820768136558,"Positive"
"K08384","K10206",0.993997155049787,"Positive"
"K08384","K11358",0.908335704125178,"Positive"
"K08384","K11690",0.668933143669986,"Positive"
"K08384","K11782",0.9174679943101,"Positive"
"K08384","K11784",0.9174679943101,"Positive"
"K08384","K13818",0.945661450924609,"Positive"
"K08384","K15792",0.958634423897582,"Positive"
"K08384","K16651",0.969843527738265,"Positive"
"K08384","K18285",0.919118065433855,"Positive"
"K08384","K19353",0.679687055476529,"Positive"
"K08484","K08485",0.742503556187767,"Positive"
"K08484","K09913",0.811607396870555,"Positive"
"K08484","K10014",0.674082503556188,"Positive"
"K08484","K10015",0.647880512091038,"Positive"
"K08484","K10016",0.629559032716927,"Positive"
"K08484","K10017",0.65027027027027,"Positive"
"K08484","K10026",0.900028449502134,"Positive"
"K08484","K10036",0.706002844950213,"Positive"
"K08484","K10037",0.641109530583215,"Positive"
"K08484","K10038",0.63624466571835,"Positive"
"K08484","K10804",0.65203413940256,"Positive"
"K08484","K10914",0.80597439544808,"Positive"
"K08484","K11179",0.737183499288762,"Positive"
"K08484","K11183",0.646913229018492,"Positive"
"K08484","K12339",0.80850640113798,"Positive"
"K08484","K13378",0.680369843527738,"Positive"
"K08484","K13745",0.640028449502134,"Positive"
"K08485","K09913",0.704665718349929,"Positive"
"K08485","K10001",0.699374110953058,"Positive"
"K08485","K10002",0.702816500711238,"Positive"
"K08485","K10003",0.702816500711238,"Positive"
"K08485","K10004",0.67448079658606,"Positive"
"K08485","K10014",0.885661450924609,"Positive"
"K08485","K10015",0.901450924608819,"Positive"
"K08485","K10016",0.880825035561878,"Positive"
"K08485","K10017",0.902048364153627,"Positive"
"K08485","K10026",0.767311522048364,"Positive"
"K08485","K10036",0.843072546230441,"Positive"
"K08485","K10037",0.89547652916074,"Positive"
"K08485","K10038",0.892062588904694,"Positive"
"K08485","K10857",0.679687055476529,"Positive"
"K08485","K10914",0.680483641536273,"Positive"
"K08485","K11179",0.655618776671408,"Positive"
"K08485","K12339",0.712147937411095,"Positive"
"K08485","K12957",0.680682788051209,"Positive"
"K08485","K13378",0.837211948790896,"Positive"
"K08485","K15777",0.78298719772404,"Positive"
"K08485","K16840",0.607624466571835,"Positive"
"K08485","K16842",0.634879089615932,"Positive"
"K08682","K08722",0.661621621621622,"Positive"
"K08682","K09475",0.631180654338549,"Positive"
"K08682","K09476",0.748790896159317,"Positive"
"K08682","K09996",0.613684210526316,"Positive"
"K08682","K09997",0.748392603129445,"Positive"
"K08682","K09998",0.740512091038407,"Positive"
"K08682","K09999",0.740512091038407,"Positive"
"K08682","K10000",0.740512091038407,"Positive"
"K08682","K10011",0.953570412517781,"Positive"
"K08682","K10012",0.954850640113798,"Positive"
"K08682","K10014",0.612574679943101,"Positive"
"K08682","K10015",0.615049786628734,"Positive"
"K08682","K10016",0.615419630156472,"Positive"
"K08682","K10017",0.611863442389758,"Positive"
"K08682","K10037",0.615618776671408,"Positive"
"K08682","K10038",0.615675675675676,"Positive"
"K08682","K11258",0.660512091038407,"Positive"
"K08682","K11751",0.612403982930299,"Positive"
"K08682","K11891",0.67846372688478,"Positive"
"K08682","K11892",0.6924893314367,"Positive"
"K08682","K11893",0.676955903271693,"Positive"
"K08682","K12152",0.819089615931721,"Positive"
"K08682","K12368",0.729132290184922,"Positive"
"K08682","K12369",0.767311522048364,"Positive"
"K08682","K12370",0.767311522048364,"Positive"
"K08682","K12371",0.767311522048364,"Positive"
"K08682","K12372",0.767311522048364,"Positive"
"K08682","K12525",0.988022759601707,"Positive"
"K08682","K12582",0.988022759601707,"Positive"
"K08682","K12962",0.954850640113798,"Positive"
"K08682","K12963",0.954850640113798,"Positive"
"K08682","K12973",0.848335704125178,"Positive"
"K08682","K12974",0.937610241820768,"Positive"
"K08682","K12975",0.940369843527738,"Positive"
"K08682","K13014",0.954850640113798,"Positive"
"K08682","K13301",0.988022759601707,"Positive"
"K08682","K13498",0.739943100995733,"Positive"
"K08682","K14187",0.748392603129445,"Positive"
"K08682","K16704",0.988022759601707,"Positive"
"K08682","K18889",0.743556187766714,"Positive"
"K08682","K18890",0.743556187766714,"Positive"
"K08682","K19222",0.945661450924609,"Positive"
"K08682","K19226",0.988108108108108,"Positive"
"K08682","K19227",0.748392603129445,"Positive"
"K08682","K19228",0.748392603129445,"Positive"
"K08682","K19229",0.748392603129445,"Positive"
"K08682","K19230",0.7475106685633,"Positive"
"K08682","K19236",0.845490753911807,"Positive"
"K08682","K19270",0.887453769559033,"Positive"
"K08722","K09476",0.917382645803698,"Positive"
"K08722","K09997",0.919061166429587,"Positive"
"K08722","K09998",0.916273115220484,"Positive"
"K08722","K09999",0.916273115220484,"Positive"
"K08722","K10000",0.916273115220484,"Positive"
"K08722","K10011",0.635590327169275,"Positive"
"K08722","K10012",0.629046941678521,"Positive"
"K08722","K11258",0.890896159317212,"Positive"
"K08722","K11604",0.633058321479374,"Positive"
"K08722","K11605",0.633058321479374,"Positive"
"K08722","K11606",0.633058321479374,"Positive"
"K08722","K11607",0.633058321479374,"Positive"
"K08722","K11751",0.816500711237553,"Positive"
"K08722","K12152",0.826315789473684,"Positive"
"K08722","K12368",0.651180654338549,"Positive"
"K08722","K12369",0.67524893314367,"Positive"
"K08722","K12370",0.67524893314367,"Positive"
"K08722","K12371",0.67524893314367,"Positive"
"K08722","K12372",0.67524893314367,"Positive"
"K08722","K12524",0.830583214793741,"Positive"
"K08722","K12525",0.651379800853485,"Positive"
"K08722","K12582",0.651379800853485,"Positive"
"K08722","K12962",0.629046941678521,"Positive"
"K08722","K12963",0.629046941678521,"Positive"
"K08722","K12974",0.615675675675676,"Positive"
"K08722","K12975",0.616955903271693,"Positive"
"K08722","K13014",0.629046941678521,"Positive"
"K08722","K13301",0.651379800853485,"Positive"
"K08722","K13498",0.920142247510669,"Positive"
"K08722","K14187",0.919061166429587,"Positive"
"K08722","K16704",0.651379800853485,"Positive"
"K08722","K17315",-0.608933143669986,"Negative"
"K08722","K17316",-0.608136557610242,"Negative"
"K08722","K17317",-0.608136557610242,"Negative"
"K08722","K18800",0.600085348506401,"Positive"
"K08722","K19226",0.651522048364154,"Positive"
"K08722","K19227",0.919061166429587,"Positive"
"K08722","K19228",0.919061166429587,"Positive"
"K08722","K19229",0.919061166429587,"Positive"
"K08722","K19230",0.918179231863442,"Positive"
"K08723","K09470",0.628477951635846,"Positive"
"K08723","K09473",0.692972972972973,"Positive"
"K08723","K09475",0.606173541963016,"Positive"
"K08723","K09988",0.836899004267425,"Positive"
"K08723","K10537",0.980284495021337,"Positive"
"K08723","K10538",0.980284495021337,"Positive"
"K08723","K10539",0.980284495021337,"Positive"
"K08723","K10543",0.903726884779516,"Positive"
"K08723","K10544",0.90475106685633,"Positive"
"K08723","K10545",0.90475106685633,"Positive"
"K08723","K10556",0.635163584637269,"Positive"
"K08723","K11890",0.836699857752489,"Positive"
"K08723","K13632",0.99524893314367,"Positive"
"K08723","K13892",0.617667140825036,"Positive"
"K08723","K14051",0.735504978662873,"Positive"
"K08723","K16703",0.857211948790896,"Positive"
"K08723","K16710",0.857211948790896,"Positive"
"K08723","K17195",0.653854907539118,"Positive"
"K08723","K17202",0.684495021337127,"Positive"
"K08723","K17203",0.684495021337127,"Positive"
"K08723","K17204",0.684495021337127,"Positive"
"K08723","K17213",0.684495021337127,"Positive"
"K08723","K17214",0.732347083926031,"Positive"
"K08723","K17215",0.732347083926031,"Positive"
"K08723","K18324",0.882560455192034,"Positive"
"K08723","K18326",0.871351351351351,"Positive"
"K08723","K19354",0.655305832147937,"Positive"
"K08738","K11891",-0.630640113798009,"Negative"
"K08738","K11892",-0.633741109530583,"Negative"
"K08738","K11893",-0.612972972972973,"Negative"
"K08738","K12973",-0.621564722617354,"Negative"
"K08738","K13481",0.747908961593172,"Positive"
"K08738","K13482",0.751522048364154,"Positive"
"K08738","K18889",-0.656073968705548,"Negative"
"K08738","K18890",-0.656073968705548,"Negative"
"K08738","K19236",-0.626372688477952,"Negative"
"K08738","K19743",0.755988620199146,"Positive"
"K08964","K08967",0.973115220483642,"Positive"
"K08964","K09474",0.924779516358464,"Positive"
"K08964","K09690",0.907140825035562,"Positive"
"K08964","K09691",0.907140825035562,"Positive"
"K08964","K09880",1,"Positive"
"K08964","K13472",0.601934566145092,"Positive"
"K08964","K13485",0.934338549075391,"Positive"
"K08967","K09474",0.904807965860597,"Positive"
"K08967","K09690",0.9275106685633,"Positive"
"K08967","K09691",0.9275106685633,"Positive"
"K08967","K09880",0.973115220483642,"Positive"
"K08967","K13485",0.933456614509246,"Positive"
"K09018","K09020",0.910640113798009,"Positive"
"K09018","K09021",1,"Positive"
"K09018","K09023",1,"Positive"
"K09018","K10013",0.716073968705548,"Positive"
"K09018","K11959",0.613712660028449,"Positive"
"K09018","K11961",0.612375533428165,"Positive"
"K09018","K13745",0.82,"Positive"
"K09018","K14475",0.764580369843528,"Positive"
"K09018","K16692",0.788990042674253,"Positive"
"K09018","K16842",0.626600284495021,"Positive"
"K09018","K17228",0.601450924608819,"Positive"
"K09020","K09021",0.910640113798009,"Positive"
"K09020","K09023",0.910640113798009,"Positive"
"K09020","K10013",0.645348506401138,"Positive"
"K09020","K10857",0.615362731152205,"Positive"
"K09020","K13745",0.768591749644381,"Positive"
"K09020","K14475",0.68076813655761,"Positive"
"K09020","K16692",0.72628733997155,"Positive"
"K09020","K17228",0.607197724039829,"Positive"
"K09021","K09023",1,"Positive"
"K09021","K10013",0.716073968705548,"Positive"
"K09021","K11959",0.613712660028449,"Positive"
"K09021","K11961",0.612375533428165,"Positive"
"K09021","K13745",0.82,"Positive"
"K09021","K14475",0.764580369843528,"Positive"
"K09021","K16692",0.788990042674253,"Positive"
"K09021","K16842",0.626600284495021,"Positive"
"K09021","K17228",0.601450924608819,"Positive"
"K09023","K10013",0.716073968705548,"Positive"
"K09023","K11959",0.613712660028449,"Positive"
"K09023","K11961",0.612375533428165,"Positive"
"K09023","K13745",0.82,"Positive"
"K09023","K14475",0.764580369843528,"Positive"
"K09023","K16692",0.788990042674253,"Positive"
"K09023","K16842",0.626600284495021,"Positive"
"K09023","K17228",0.601450924608819,"Positive"
"K09251","K10555",0.687766714082504,"Positive"
"K09251","K10557",0.687766714082504,"Positive"
"K09251","K10558",0.687766714082504,"Positive"
"K09251","K11531",0.687766714082504,"Positive"
"K09470","K09472",0.62728307254623,"Positive"
"K09470","K09473",0.987681365576102,"Positive"
"K09470","K09475",0.603783783783784,"Positive"
"K09470","K09996",0.62199146514936,"Positive"
"K09470","K10537",0.639857752489331,"Positive"
"K09470","K10538",0.639857752489331,"Positive"
"K09470","K10539",0.639857752489331,"Positive"
"K09470","K11890",0.795220483641536,"Positive"
"K09470","K11902",0.616927453769559,"Positive"
"K09470","K12255",0.633883357041252,"Positive"
"K09470","K13051",0.699118065433855,"Positive"
"K09470","K13529",0.744580369843528,"Positive"
"K09470","K13574",0.628534850640114,"Positive"
"K09470","K13632",0.627197724039829,"Positive"
"K09470","K13816",0.753285917496444,"Positive"
"K09470","K13890",0.664438122332859,"Positive"
"K09470","K13892",0.643015647226174,"Positive"
"K09470","K14051",0.675732574679943,"Positive"
"K09470","K15598",0.707339971550498,"Positive"
"K09470","K15599",0.707339971550498,"Positive"
"K09470","K15600",0.720910384068279,"Positive"
"K09470","K17202",0.862275960170697,"Positive"
"K09470","K17203",0.862275960170697,"Positive"
"K09470","K17204",0.862275960170697,"Positive"
"K09470","K17213",0.641308677098151,"Positive"
"K09470","K17214",0.626344238975818,"Positive"
"K09470","K17215",0.626344238975818,"Positive"
"K09470","K18324",0.768165007112376,"Positive"
"K09470","K18326",0.786714082503556,"Positive"
"K09470","K19354",0.609246088193457,"Positive"
"K09472","K09473",0.636642958748222,"Positive"
"K09472","K12658",0.650583214793741,"Positive"
"K09472","K13051",0.749928876244666,"Positive"
"K09472","K13890",0.634850640113798,"Positive"
"K09472","K13892",0.615419630156472,"Positive"
"K09472","K14519",0.666401137980085,"Positive"
"K09472","K15598",0.776073968705548,"Positive"
"K09472","K15599",0.776073968705548,"Positive"
"K09472","K15600",0.777951635846373,"Positive"
"K09473","K09996",0.604466571834993,"Positive"
"K09473","K10537",0.702901849217639,"Positive"
"K09473","K10538",0.702901849217639,"Positive"
"K09473","K10539",0.702901849217639,"Positive"
"K09473","K11890",0.797297297297297,"Positive"
"K09473","K11902",0.624210526315789,"Positive"
"K09473","K12255",0.640654338549075,"Positive"
"K09473","K13051",0.704807965860597,"Positive"
"K09473","K13529",0.749331436699858,"Positive"
"K09473","K13574",0.628108108108108,"Positive"
"K09473","K13632",0.692574679943101,"Positive"
"K09473","K13816",0.757268847795164,"Positive"
"K09473","K13890",0.677809388335704,"Positive"
"K09473","K13892",0.637098150782361,"Positive"
"K09473","K14051",0.666714082503556,"Positive"
"K09473","K15598",0.721536273115221,"Positive"
"K09473","K15599",0.721536273115221,"Positive"
"K09473","K15600",0.734509246088193,"Positive"
"K09473","K16703",0.600398293029872,"Positive"
"K09473","K16710",0.600398293029872,"Positive"
"K09473","K17202",0.900654338549075,"Positive"
"K09473","K17203",0.900654338549075,"Positive"
"K09473","K17204",0.900654338549075,"Positive"
"K09473","K17213",0.626628733997155,"Positive"
"K09473","K17214",0.624665718349929,"Positive"
"K09473","K17215",0.624665718349929,"Positive"
"K09473","K18324",0.769359886201991,"Positive"
"K09473","K18326",0.789530583214794,"Positive"
"K09473","K19354",0.601621621621622,"Positive"
"K09474","K09690",0.898122332859175,"Positive"
"K09474","K09691",0.898122332859175,"Positive"
"K09474","K09880",0.924779516358464,"Positive"
"K09474","K13472",0.633399715504979,"Positive"
"K09474","K13485",0.917667140825036,"Positive"
"K09475","K10011",0.67302987197724,"Positive"
"K09475","K10012",0.667482219061166,"Positive"
"K09475","K11890",0.657496443812233,"Positive"
"K09475","K11935",0.715903271692745,"Positive"
"K09475","K11937",0.701621621621622,"Positive"
"K09475","K12525",0.638520625889047,"Positive"
"K09475","K12582",0.638520625889047,"Positive"
"K09475","K12962",0.667482219061166,"Positive"
"K09475","K12963",0.667482219061166,"Positive"
"K09475","K12974",0.644210526315789,"Positive"
"K09475","K12975",0.66199146514936,"Positive"
"K09475","K13014",0.667482219061166,"Positive"
"K09475","K13301",0.638520625889047,"Positive"
"K09475","K13632",0.613684210526316,"Positive"
"K09475","K14051",0.61800853485064,"Positive"
"K09475","K16704",0.638520625889047,"Positive"
"K09475","K18324",0.707852062588905,"Positive"
"K09475","K18326",0.684125177809388,"Positive"
"K09475","K18676",0.638435277382646,"Positive"
"K09475","K19226",0.639061166429587,"Positive"
"K09476","K09997",0.993968705547653,"Positive"
"K09476","K09998",0.987709815078236,"Positive"
"K09476","K09999",0.987709815078236,"Positive"
"K09476","K10000",0.987709815078236,"Positive"
"K09476","K10002",0.627368421052632,"Positive"
"K09476","K10003",0.627368421052632,"Positive"
"K09476","K10004",0.648677098150782,"Positive"
"K09476","K10011",0.725035561877667,"Positive"
"K09476","K10012",0.717098150782361,"Positive"
"K09476","K11258",0.920625889046942,"Positive"
"K09476","K11604",0.700455192034139,"Positive"
"K09476","K11605",0.700455192034139,"Positive"
"K09476","K11606",0.700455192034139,"Positive"
"K09476","K11607",0.700455192034139,"Positive"
"K09476","K11751",0.894281650071124,"Positive"
"K09476","K11891",0.666429587482219,"Positive"
"K09476","K11892",0.678691322901849,"Positive"
"K09476","K11893",0.66773826458037,"Positive"
"K09476","K11900",0.631664295874822,"Positive"
"K09476","K11901",0.656586059743954,"Positive"
"K09476","K11903",0.673655761024182,"Positive"
"K09476","K11907",0.651607396870555,"Positive"
"K09476","K12152",0.912147937411095,"Positive"
"K09476","K12368",0.751436699857753,"Positive"
"K09476","K12369",0.769530583214794,"Positive"
"K09476","K12370",0.769530583214794,"Positive"
"K09476","K12371",0.769530583214794,"Positive"
"K09476","K12372",0.769530583214794,"Positive"
"K09476","K12524",0.862645803698435,"Positive"
"K09476","K12525",0.7425320056899,"Positive"
"K09476","K12582",0.7425320056899,"Positive"
"K09476","K12962",0.717098150782361,"Positive"
"K09476","K12963",0.717098150782361,"Positive"
"K09476","K12973",0.664495021337127,"Positive"
"K09476","K12974",0.69601706970128,"Positive"
"K09476","K12975",0.697098150782361,"Positive"
"K09476","K13014",0.717098150782361,"Positive"
"K09476","K13301",0.7425320056899,"Positive"
"K09476","K13498",0.988221906116643,"Positive"
"K09476","K14187",0.993968705547653,"Positive"
"K09476","K15125",0.625889046941679,"Positive"
"K09476","K16704",0.7425320056899,"Positive"
"K09476","K17315",-0.603157894736842,"Negative"
"K09476","K17316",-0.602731152204836,"Negative"
"K09476","K17317",-0.602731152204836,"Negative"
"K09476","K18800",0.66298719772404,"Positive"
"K09476","K19222",0.67402560455192,"Positive"
"K09476","K19226",0.742588904694168,"Positive"
"K09476","K19227",0.993968705547653,"Positive"
"K09476","K19228",0.993968705547653,"Positive"
"K09476","K19229",0.993968705547653,"Positive"
"K09476","K19230",0.994537695590327,"Positive"
"K09476","K19236",0.669445234708393,"Positive"
"K09476","K19270",0.646059743954481,"Positive"
"K09688","K09689",0.988335704125178,"Positive"
"K09688","K10107",0.999914651493599,"Positive"
"K09688","K12979",0.90873399715505,"Positive"
"K09688","K13940",0.779032716927454,"Positive"
"K09688","K18240",0.98122332859175,"Positive"
"K09689","K10107",0.988421052631579,"Positive"
"K09689","K12979",0.927908961593172,"Positive"
"K09689","K13940",0.796529160739687,"Positive"
"K09689","K18240",0.993086770981508,"Positive"
"K09690","K09691",1,"Positive"
"K09690","K09880",0.907140825035562,"Positive"
"K09690","K11645",0.651322901849218,"Positive"
"K09690","K13472",0.617155049786629,"Positive"
"K09690","K13485",0.926714082503556,"Positive"
"K09691","K09880",0.907140825035562,"Positive"
"K09691","K11645",0.651322901849218,"Positive"
"K09691","K13472",0.617155049786629,"Positive"
"K09691","K13485",0.926714082503556,"Positive"
"K09692","K09809",0.958293029871977,"Positive"
"K09692","K11623",0.755789473684211,"Positive"
"K09692","K11624",0.755789473684211,"Positive"
"K09692","K13919",0.744210526315789,"Positive"
"K09692","K13920",0.744210526315789,"Positive"
"K09692","K16937",0.765433854907539,"Positive"
"K09692","K16961",0.705689900426743,"Positive"
"K09692","K17722",0.755789473684211,"Positive"
"K09692","K17950",0.761365576102418,"Positive"
"K09692","K19349",0.755789473684211,"Positive"
"K09699","K10824",0.601706970128023,"Positive"
"K09699","K14977",0.646002844950213,"Positive"
"K09699","K15584",0.601706970128023,"Positive"
"K09699","K15585",0.601706970128023,"Positive"
"K09699","K15586",0.601394025604552,"Positive"
"K09699","K15587",0.601706970128023,"Positive"
"K09699","K16165",0.68375533428165,"Positive"
"K09758","K11003",0.669672830725462,"Positive"
"K09758","K11004",0.669672830725462,"Positive"
"K09758","K12688",0.622788051209104,"Positive"
"K09758","K14026",0.622788051209104,"Positive"
"K09758","K18148",0.609701280227596,"Positive"
"K09758","K19743",0.671778093883357,"Positive"
"K09788","K13766",0.767539118065434,"Positive"
"K09809","K11618",0.63724039829303,"Positive"
"K09809","K11623",0.823186344238976,"Positive"
"K09809","K11624",0.823186344238976,"Positive"
"K09809","K11625",0.609644381223329,"Positive"
"K09809","K13919",0.81547652916074,"Positive"
"K09809","K13920",0.81547652916074,"Positive"
"K09809","K14422",0.612688477951636,"Positive"
"K09809","K16937",0.822617354196302,"Positive"
"K09809","K16961",0.758691322901849,"Positive"
"K09809","K17722",0.823812233285917,"Positive"
"K09809","K17950",0.821166429587482,"Positive"
"K09809","K19349",0.823186344238976,"Positive"
"K09880","K13472",0.601934566145092,"Positive"
"K09880","K13485",0.934338549075391,"Positive"
"K09913","K10026",0.835163584637269,"Positive"
"K09913","K10804",0.737951635846373,"Positive"
"K09913","K10914",0.65701280227596,"Positive"
"K09913","K11179",0.713940256045519,"Positive"
"K09913","K11183",0.600967283072546,"Positive"
"K09913","K12339",0.996529160739687,"Positive"
"K09913","K13378",0.860938833570413,"Positive"
"K09913","K15777",0.670896159317212,"Positive"
"K09913","K16692",0.65778093883357,"Positive"
"K09969","K09970",0.997183499288762,"Positive"
"K09969","K09971",0.997183499288762,"Positive"
"K09969","K09972",0.884295874822191,"Positive"
"K09969","K10227",0.627908961593172,"Positive"
"K09969","K10680",0.657837837837838,"Positive"
"K09969","K13890",0.637268847795164,"Positive"
"K09969","K15576",0.723413940256046,"Positive"
"K09969","K15577",0.603271692745377,"Positive"
"K09969","K15578",0.603271692745377,"Positive"
"K09970","K09971",1,"Positive"
"K09970","K09972",0.885035561877667,"Positive"
"K09970","K10227",0.627908961593172,"Positive"
"K09970","K10680",0.650668563300142,"Positive"
"K09970","K13890",0.633456614509246,"Positive"
"K09970","K15576",0.72651493598862,"Positive"
"K09970","K15577",0.603641536273115,"Positive"
"K09970","K15578",0.603641536273115,"Positive"
"K09971","K09972",0.885035561877667,"Positive"
"K09971","K10227",0.627908961593172,"Positive"
"K09971","K10680",0.650668563300142,"Positive"
"K09971","K13890",0.633456614509246,"Positive"
"K09971","K15576",0.72651493598862,"Positive"
"K09971","K15577",0.603641536273115,"Positive"
"K09971","K15578",0.603641536273115,"Positive"
"K09972","K10227",0.636045519203414,"Positive"
"K09972","K10680",0.701479374110953,"Positive"
"K09988","K10537",0.834224751066856,"Positive"
"K09988","K10538",0.834224751066856,"Positive"
"K09988","K10539",0.834224751066856,"Positive"
"K09988","K10543",0.864608819345661,"Positive"
"K09988","K10544",0.86275960170697,"Positive"
"K09988","K10545",0.86275960170697,"Positive"
"K09988","K11890",0.724665718349929,"Positive"
"K09988","K13632",0.83203413940256,"Positive"
"K09988","K14051",0.677382645803698,"Positive"
"K09988","K16703",0.804921763869132,"Positive"
"K09988","K16710",0.804921763869132,"Positive"
"K09988","K17195",0.60176386913229,"Positive"
"K09988","K17202",0.617211948790896,"Positive"
"K09988","K17203",0.617211948790896,"Positive"
"K09988","K17204",0.617211948790896,"Positive"
"K09988","K17213",0.641394025604552,"Positive"
"K09988","K17214",0.680512091038407,"Positive"
"K09988","K17215",0.680512091038407,"Positive"
"K09988","K18324",0.713001422475107,"Positive"
"K09988","K18326",0.703556187766714,"Positive"
"K09988","K19354",0.699203413940256,"Positive"
"K09996","K10540",0.811009957325747,"Positive"
"K09996","K10541",0.811009957325747,"Positive"
"K09996","K10542",0.811009957325747,"Positive"
"K09996","K11890",0.630384068278805,"Positive"
"K09996","K12525",0.604921763869132,"Positive"
"K09996","K12582",0.604921763869132,"Positive"
"K09996","K12973",0.752204836415363,"Positive"
"K09996","K12974",0.705433854907539,"Positive"
"K09996","K12975",0.709530583214794,"Positive"
"K09996","K13301",0.604921763869132,"Positive"
"K09996","K16704",0.604921763869132,"Positive"
"K09996","K18324",0.670071123755334,"Positive"
"K09996","K18326",0.698179231863442,"Positive"
"K09996","K18697",0.730241820768137,"Positive"
"K09996","K18889",0.632688477951636,"Positive"
"K09996","K18890",0.632688477951636,"Positive"
"K09996","K19226",0.607994310099573,"Positive"
"K09996","K19236",0.739886201991465,"Positive"
"K09997","K09998",0.9924893314367,"Positive"
"K09997","K09999",0.9924893314367,"Positive"
"K09997","K10000",0.9924893314367,"Positive"
"K09997","K10004",0.620483641536273,"Positive"
"K09997","K10011",0.713371266002845,"Positive"
"K09997","K10012",0.706145092460882,"Positive"
"K09997","K11258",0.923641536273115,"Positive"
"K09997","K11604",0.68950213371266,"Positive"
"K09997","K11605",0.68950213371266,"Positive"
"K09997","K11606",0.68950213371266,"Positive"
"K09997","K11607",0.68950213371266,"Positive"
"K09997","K11751",0.880825035561878,"Positive"
"K09997","K11891",0.651607396870555,"Positive"
"K09997","K11892",0.664722617354196,"Positive"
"K09997","K11893",0.655988620199146,"Positive"
"K09997","K11900",0.626685633001422,"Positive"
"K09997","K11901",0.650583214793741,"Positive"
"K09997","K11903",0.667823613086771,"Positive"
"K09997","K11907",0.646230440967283,"Positive"
"K09997","K12152",0.913371266002845,"Positive"
"K09997","K12368",0.727880512091038,"Positive"
"K09997","K12369",0.753541963015647,"Positive"
"K09997","K12370",0.753541963015647,"Positive"
"K09997","K12371",0.753541963015647,"Positive"
"K09997","K12372",0.753541963015647,"Positive"
"K09997","K12524",0.85647226173542,"Positive"
"K09997","K12525",0.74076813655761,"Positive"
"K09997","K12582",0.74076813655761,"Positive"
"K09997","K12962",0.706145092460882,"Positive"
"K09997","K12963",0.706145092460882,"Positive"
"K09997","K12973",0.635533428165007,"Positive"
"K09997","K12974",0.698947368421053,"Positive"
"K09997","K12975",0.701337126600284,"Positive"
"K09997","K13014",0.706145092460882,"Positive"
"K09997","K13301",0.74076813655761,"Positive"
"K09997","K13498",0.99203413940256,"Positive"
"K09997","K14187",1,"Positive"
"K09997","K15125",0.616443812233286,"Positive"
"K09997","K16704",0.74076813655761,"Positive"
"K09997","K18800",0.662901849217639,"Positive"
"K09997","K19222",0.667112375533428,"Positive"
"K09997","K19226",0.740853485064011,"Positive"
"K09997","K19227",1,"Positive"
"K09997","K19228",1,"Positive"
"K09997","K19229",1,"Positive"
"K09997","K19230",0.999146514935989,"Positive"
"K09997","K19236",0.644637268847795,"Positive"
"K09997","K19270",0.636984352773826,"Positive"
"K09998","K09999",1,"Positive"
"K09998","K10000",1,"Positive"
"K09998","K10004",0.615960170697013,"Positive"
"K09998","K10011",0.713143669985775,"Positive"
"K09998","K10012",0.7075106685633,"Positive"
"K09998","K11258",0.919800853485064,"Positive"
"K09998","K11604",0.704011379800853,"Positive"
"K09998","K11605",0.704011379800853,"Positive"
"K09998","K11606",0.704011379800853,"Positive"
"K09998","K11607",0.704011379800853,"Positive"
"K09998","K11751",0.878406827880512,"Positive"
"K09998","K11891",0.65049786628734,"Positive"
"K09998","K11892",0.658150782361309,"Positive"
"K09998","K11893",0.652290184921764,"Positive"
"K09998","K11900",0.62199146514936,"Positive"
"K09998","K11901",0.646315789473684,"Positive"
"K09998","K11903",0.662048364153627,"Positive"
"K09998","K11907",0.642617354196302,"Positive"
"K09998","K12152",0.90597439544808,"Positive"
"K09998","K12368",0.734338549075391,"Positive"
"K09998","K12369",0.750839260312945,"Positive"
"K09998","K12370",0.750839260312945,"Positive"
"K09998","K12371",0.750839260312945,"Positive"
"K09998","K12372",0.750839260312945,"Positive"
"K09998","K12524",0.846201991465149,"Positive"
"K09998","K12525",0.733229018492176,"Positive"
"K09998","K12582",0.733229018492176,"Positive"
"K09998","K12962",0.7075106685633,"Positive"
"K09998","K12963",0.7075106685633,"Positive"
"K09998","K12973",0.63977240398293,"Positive"
"K09998","K12974",0.690384068278805,"Positive"
"K09998","K12975",0.693655761024182,"Positive"
"K09998","K13014",0.7075106685633,"Positive"
"K09998","K13301",0.733229018492176,"Positive"
"K09998","K13498",0.998805120910384,"Positive"
"K09998","K14187",0.9924893314367,"Positive"
"K09998","K15125",0.62927453769559,"Positive"
"K09998","K16704",0.733229018492176,"Positive"
"K09998","K18800",0.667681365576102,"Positive"
"K09998","K19222",0.659800853485064,"Positive"
"K09998","K19226",0.733314366998578,"Positive"
"K09998","K19227",0.9924893314367,"Positive"
"K09998","K19228",0.9924893314367,"Positive"
"K09998","K19229",0.9924893314367,"Positive"
"K09998","K19230",0.991635846372688,"Positive"
"K09998","K19236",0.642275960170697,"Positive"
"K09998","K19270",0.632375533428165,"Positive"
"K09999","K10000",1,"Positive"
"K09999","K10004",0.615960170697013,"Positive"
"K09999","K10011",0.713143669985775,"Positive"
"K09999","K10012",0.7075106685633,"Positive"
"K09999","K11258",0.919800853485064,"Positive"
"K09999","K11604",0.704011379800853,"Positive"
"K09999","K11605",0.704011379800853,"Positive"
"K09999","K11606",0.704011379800853,"Positive"
"K09999","K11607",0.704011379800853,"Positive"
"K09999","K11751",0.878406827880512,"Positive"
"K09999","K11891",0.65049786628734,"Positive"
"K09999","K11892",0.658150782361309,"Positive"
"K09999","K11893",0.652290184921764,"Positive"
"K09999","K11900",0.62199146514936,"Positive"
"K09999","K11901",0.646315789473684,"Positive"
"K09999","K11903",0.662048364153627,"Positive"
"K09999","K11907",0.642617354196302,"Positive"
"K09999","K12152",0.90597439544808,"Positive"
"K09999","K12368",0.734338549075391,"Positive"
"K09999","K12369",0.750839260312945,"Positive"
"K09999","K12370",0.750839260312945,"Positive"
"K09999","K12371",0.750839260312945,"Positive"
"K09999","K12372",0.750839260312945,"Positive"
"K09999","K12524",0.846201991465149,"Positive"
"K09999","K12525",0.733229018492176,"Positive"
"K09999","K12582",0.733229018492176,"Positive"
"K09999","K12962",0.7075106685633,"Positive"
"K09999","K12963",0.7075106685633,"Positive"
"K09999","K12973",0.63977240398293,"Positive"
"K09999","K12974",0.690384068278805,"Positive"
"K09999","K12975",0.693655761024182,"Positive"
"K09999","K13014",0.7075106685633,"Positive"
"K09999","K13301",0.733229018492176,"Positive"
"K09999","K13498",0.998805120910384,"Positive"
"K09999","K14187",0.9924893314367,"Positive"
"K09999","K15125",0.62927453769559,"Positive"
"K09999","K16704",0.733229018492176,"Positive"
"K09999","K18800",0.667681365576102,"Positive"
"K09999","K19222",0.659800853485064,"Positive"
"K09999","K19226",0.733314366998578,"Positive"
"K09999","K19227",0.9924893314367,"Positive"
"K09999","K19228",0.9924893314367,"Positive"
"K09999","K19229",0.9924893314367,"Positive"
"K09999","K19230",0.991635846372688,"Positive"
"K09999","K19236",0.642275960170697,"Positive"
"K09999","K19270",0.632375533428165,"Positive"
"K10000","K10004",0.615960170697013,"Positive"
"K10000","K10011",0.713143669985775,"Positive"
"K10000","K10012",0.7075106685633,"Positive"
"K10000","K11258",0.919800853485064,"Positive"
"K10000","K11604",0.704011379800853,"Positive"
"K10000","K11605",0.704011379800853,"Positive"
"K10000","K11606",0.704011379800853,"Positive"
"K10000","K11607",0.704011379800853,"Positive"
"K10000","K11751",0.878406827880512,"Positive"
"K10000","K11891",0.65049786628734,"Positive"
"K10000","K11892",0.658150782361309,"Positive"
"K10000","K11893",0.652290184921764,"Positive"
"K10000","K11900",0.62199146514936,"Positive"
"K10000","K11901",0.646315789473684,"Positive"
"K10000","K11903",0.662048364153627,"Positive"
"K10000","K11907",0.642617354196302,"Positive"
"K10000","K12152",0.90597439544808,"Positive"
"K10000","K12368",0.734338549075391,"Positive"
"K10000","K12369",0.750839260312945,"Positive"
"K10000","K12370",0.750839260312945,"Positive"
"K10000","K12371",0.750839260312945,"Positive"
"K10000","K12372",0.750839260312945,"Positive"
"K10000","K12524",0.846201991465149,"Positive"
"K10000","K12525",0.733229018492176,"Positive"
"K10000","K12582",0.733229018492176,"Positive"
"K10000","K12962",0.7075106685633,"Positive"
"K10000","K12963",0.7075106685633,"Positive"
"K10000","K12973",0.63977240398293,"Positive"
"K10000","K12974",0.690384068278805,"Positive"
"K10000","K12975",0.693655761024182,"Positive"
"K10000","K13014",0.7075106685633,"Positive"
"K10000","K13301",0.733229018492176,"Positive"
"K10000","K13498",0.998805120910384,"Positive"
"K10000","K14187",0.9924893314367,"Positive"
"K10000","K15125",0.62927453769559,"Positive"
"K10000","K16704",0.733229018492176,"Positive"
"K10000","K18800",0.667681365576102,"Positive"
"K10000","K19222",0.659800853485064,"Positive"
"K10000","K19226",0.733314366998578,"Positive"
"K10000","K19227",0.9924893314367,"Positive"
"K10000","K19228",0.9924893314367,"Positive"
"K10000","K19229",0.9924893314367,"Positive"
"K10000","K19230",0.991635846372688,"Positive"
"K10000","K19236",0.642275960170697,"Positive"
"K10000","K19270",0.632375533428165,"Positive"
"K10001","K10002",0.986714082503556,"Positive"
"K10001","K10003",0.986714082503556,"Positive"
"K10001","K10004",0.977354196301565,"Positive"
"K10001","K10014",0.715277382645804,"Positive"
"K10001","K10015",0.70452347083926,"Positive"
"K10001","K10016",0.702674253200569,"Positive"
"K10001","K10017",0.70452347083926,"Positive"
"K10001","K10036",0.739573257467994,"Positive"
"K10001","K10037",0.697439544807966,"Positive"
"K10001","K10038",0.697297297297297,"Positive"
"K10001","K10914",0.720256045519203,"Positive"
"K10001","K11179",0.674196301564723,"Positive"
"K10001","K11183",0.670697012802276,"Positive"
"K10001","K11751",0.615732574679943,"Positive"
"K10001","K11755",0.648307254623044,"Positive"
"K10001","K12957",0.614907539118065,"Positive"
"K10001","K15777",0.607567567567568,"Positive"
"K10001","K17228",0.619317211948791,"Positive"
"K10002","K10003",1,"Positive"
"K10002","K10004",0.992403982930299,"Positive"
"K10002","K10014",0.713086770981508,"Positive"
"K10002","K10015",0.698122332859175,"Positive"
"K10002","K10016",0.693428165007112,"Positive"
"K10002","K10017",0.696899004267425,"Positive"
"K10002","K10036",0.744495021337127,"Positive"
"K10002","K10037",0.69348506401138,"Positive"
"K10002","K10038",0.694110953058321,"Positive"
"K10002","K10914",0.744864864864865,"Positive"
"K10002","K11179",0.695988620199147,"Positive"
"K10002","K11183",0.685263157894737,"Positive"
"K10002","K11751",0.690241820768137,"Positive"
"K10002","K11755",0.650469416785206,"Positive"
"K10002","K15777",0.622389758179232,"Positive"
"K10003","K10004",0.992403982930299,"Positive"
"K10003","K10014",0.713086770981508,"Positive"
"K10003","K10015",0.698122332859175,"Positive"
"K10003","K10016",0.693428165007112,"Positive"
"K10003","K10017",0.696899004267425,"Positive"
"K10003","K10036",0.744495021337127,"Positive"
"K10003","K10037",0.69348506401138,"Positive"
"K10003","K10038",0.694110953058321,"Positive"
"K10003","K10914",0.744864864864865,"Positive"
"K10003","K11179",0.695988620199147,"Positive"
"K10003","K11183",0.685263157894737,"Positive"
"K10003","K11751",0.690241820768137,"Positive"
"K10003","K11755",0.650469416785206,"Positive"
"K10003","K15777",0.622389758179232,"Positive"
"K10004","K10014",0.689359886201992,"Positive"
"K10004","K10015",0.677524893314367,"Positive"
"K10004","K10016",0.67172119487909,"Positive"
"K10004","K10017",0.67624466571835,"Positive"
"K10004","K10036",0.745376955903272,"Positive"
"K10004","K10037",0.669701280227596,"Positive"
"K10004","K10038",0.670156472261735,"Positive"
"K10004","K10914",0.750640113798009,"Positive"
"K10004","K11179",0.702901849217639,"Positive"
"K10004","K11183",0.695761024182077,"Positive"
"K10004","K11604",0.605433854907539,"Positive"
"K10004","K11605",0.605433854907539,"Positive"
"K10004","K11606",0.605433854907539,"Positive"
"K10004","K11607",0.605433854907539,"Positive"
"K10004","K11751",0.711180654338549,"Positive"
"K10004","K11755",0.658150782361309,"Positive"
"K10004","K13498",0.619687055476529,"Positive"
"K10004","K14187",0.620483641536273,"Positive"
"K10004","K19227",0.620483641536273,"Positive"
"K10004","K19228",0.620483641536273,"Positive"
"K10004","K19229",0.620483641536273,"Positive"
"K10004","K19230",0.620711237553343,"Positive"
"K10011","K10012",0.99678520625889,"Positive"
"K10011","K10037",0.605149359886202,"Positive"
"K10011","K10038",0.606685633001422,"Positive"
"K10011","K11258",0.627254623044097,"Positive"
"K10011","K11891",0.691237553342816,"Positive"
"K10011","K11892",0.690526315789474,"Positive"
"K10011","K11893",0.67226173541963,"Positive"
"K10011","K12152",0.800825035561878,"Positive"
"K10011","K12368",0.734594594594595,"Positive"
"K10011","K12369",0.75900426742532,"Positive"
"K10011","K12370",0.75900426742532,"Positive"
"K10011","K12371",0.75900426742532,"Positive"
"K10011","K12372",0.75900426742532,"Positive"
"K10011","K12525",0.964381223328592,"Positive"
"K10011","K12582",0.964381223328592,"Positive"
"K10011","K12962",0.99678520625889,"Positive"
"K10011","K12963",0.99678520625889,"Positive"
"K10011","K12973",0.819089615931721,"Positive"
"K10011","K12974",0.905007112375533,"Positive"
"K10011","K12975",0.916102418207681,"Positive"
"K10011","K13014",0.99678520625889,"Positive"
"K10011","K13301",0.964381223328592,"Positive"
"K10011","K13498",0.711863442389758,"Positive"
"K10011","K14187",0.713371266002845,"Positive"
"K10011","K16704",0.964381223328592,"Positive"
"K10011","K18889",0.712546230440967,"Positive"
"K10011","K18890",0.712546230440967,"Positive"
"K10011","K19222",0.901934566145092,"Positive"
"K10011","K19226",0.96452347083926,"Positive"
"K10011","K19227",0.713371266002845,"Positive"
"K10011","K19228",0.713371266002845,"Positive"
"K10011","K19229",0.713371266002845,"Positive"
"K10011","K19230",0.714110953058322,"Positive"
"K10011","K19236",0.804836415362731,"Positive"
"K10011","K19270",0.876699857752489,"Positive"
"K10012","K11258",0.620739687055477,"Positive"
"K10012","K11891",0.681308677098151,"Positive"
"K10012","K11892",0.682901849217639,"Positive"
"K10012","K11893",0.668648648648649,"Positive"
"K10012","K12152",0.793456614509246,"Positive"
"K10012","K12368",0.736671408250356,"Positive"
"K10012","K12369",0.762190611664296,"Positive"
"K10012","K12370",0.762190611664296,"Positive"
"K10012","K12371",0.762190611664296,"Positive"
"K10012","K12372",0.762190611664296,"Positive"
"K10012","K12525",0.965604551920341,"Positive"
"K10012","K12582",0.965604551920341,"Positive"
"K10012","K12962",1,"Positive"
"K10012","K12963",1,"Positive"
"K10012","K12973",0.809985775248933,"Positive"
"K10012","K12974",0.904779516358464,"Positive"
"K10012","K12975",0.915334281650071,"Positive"
"K10012","K13014",1,"Positive"
"K10012","K13301",0.965604551920341,"Positive"
"K10012","K13498",0.706230440967283,"Positive"
"K10012","K14187",0.706145092460882,"Positive"
"K10012","K16704",0.965604551920341,"Positive"
"K10012","K18889",0.706458036984353,"Positive"
"K10012","K18890",0.706458036984353,"Positive"
"K10012","K19222",0.913968705547653,"Positive"
"K10012","K19226",0.96551920341394,"Positive"
"K10012","K19227",0.706145092460882,"Positive"
"K10012","K19228",0.706145092460882,"Positive"
"K10012","K19229",0.706145092460882,"Positive"
"K10012","K19230",0.705633001422475,"Positive"
"K10012","K19236",0.797268847795164,"Positive"
"K10012","K19270",0.87877667140825,"Positive"
"K10013","K10014",0.648819345661451,"Positive"
"K10013","K10015",0.655220483641536,"Positive"
"K10013","K10016",0.655334281650071,"Positive"
"K10013","K10017",0.655106685633001,"Positive"
"K10013","K10036",0.614623044096728,"Positive"
"K10013","K10037",0.65578947368421,"Positive"
"K10013","K10038",0.656870554765292,"Positive"
"K10013","K10857",0.731436699857753,"Positive"
"K10013","K11931",0.631522048364154,"Positive"
"K10013","K12957",0.805405405405405,"Positive"
"K10013","K13522",0.619288762446657,"Positive"
"K10013","K16839",0.811095305832148,"Positive"
"K10013","K16840",0.826543385490754,"Positive"
"K10013","K16841",0.82199146514936,"Positive"
"K10013","K16842",0.876842105263158,"Positive"
"K10013","K17228",0.81126600284495,"Positive"
"K10014","K10015",0.973655761024182,"Positive"
"K10014","K10016",0.968762446657183,"Positive"
"K10014","K10017",0.972944523470839,"Positive"
"K10014","K10026",0.668762446657184,"Positive"
"K10014","K10036",0.914765291607397,"Positive"
"K10014","K10037",0.965689900426743,"Positive"
"K10014","K10038",0.963897581792319,"Positive"
"K10014","K12525",0.628307254623044,"Positive"
"K10014","K12582",0.628307254623044,"Positive"
"K10014","K13301",0.628307254623044,"Positive"
"K10014","K13378",0.711635846372689,"Positive"
"K10014","K15777",0.710014224751067,"Positive"
"K10014","K16704",0.628307254623044,"Positive"
"K10014","K19222",0.627624466571835,"Positive"
"K10014","K19226",0.629103840682788,"Positive"
"K10015","K10016",0.987453769559033,"Positive"
"K10015","K10017",0.999544807965861,"Positive"
"K10015","K10026",0.63601706970128,"Positive"
"K10015","K10036",0.933997155049787,"Positive"
"K10015","K10037",0.990981507823613,"Positive"
"K10015","K10038",0.988876244665718,"Positive"
"K10015","K12152",0.613143669985775,"Positive"
"K10015","K12525",0.62927453769559,"Positive"
"K10015","K12582",0.62927453769559,"Positive"
"K10015","K13301",0.62927453769559,"Positive"
"K10015","K13378",0.681251778093883,"Positive"
"K10015","K15777",0.675192034139403,"Positive"
"K10015","K16704",0.62927453769559,"Positive"
"K10015","K17228",0.603357041251778,"Positive"
"K10015","K19222",0.600910384068279,"Positive"
"K10015","K19226",0.630014224751067,"Positive"
"K10016","K10017",0.98697012802276,"Positive"
"K10016","K10026",0.634765291607397,"Positive"
"K10016","K10036",0.919630156472262,"Positive"
"K10016","K10037",0.979345661450925,"Positive"
"K10016","K10038",0.977951635846373,"Positive"
"K10016","K12152",0.615448079658606,"Positive"
"K10016","K12525",0.63049786628734,"Positive"
"K10016","K12582",0.63049786628734,"Positive"
"K10016","K13301",0.63049786628734,"Positive"
"K10016","K13378",0.661735419630156,"Positive"
"K10016","K15777",0.67226173541963,"Positive"
"K10016","K16704",0.63049786628734,"Positive"
"K10016","K19226",0.631322901849218,"Positive"
"K10017","K10026",0.637211948790896,"Positive"
"K10017","K10036",0.934452347083926,"Positive"
"K10017","K10037",0.99149359886202,"Positive"
"K10017","K10038",0.989416785206259,"Positive"
"K10017","K12152",0.611379800853485,"Positive"
"K10017","K12525",0.627339971550498,"Positive"
"K10017","K12582",0.627339971550498,"Positive"
"K10017","K13301",0.627339971550498,"Positive"
"K10017","K13378",0.67900426742532,"Positive"
"K10017","K15777",0.668904694167852,"Positive"
"K10017","K16704",0.627339971550498,"Positive"
"K10017","K17228",0.603954480796586,"Positive"
"K10017","K19226",0.628079658605974,"Positive"
"K10026","K10037",0.628591749644381,"Positive"
"K10026","K10038",0.624267425320057,"Positive"
"K10026","K10804",0.628335704125178,"Positive"
"K10026","K10914",0.772403982930299,"Positive"
"K10026","K11179",0.707197724039829,"Positive"
"K10026","K11183",0.625064011379801,"Positive"
"K10026","K12339",0.838406827880512,"Positive"
"K10026","K13378",0.730526315789474,"Positive"
"K10026","K13745",0.656358463726885,"Positive"
"K10026","K15777",0.678065433854908,"Positive"
"K10026","K16165",-0.605547652916074,"Negative"
"K10027","K15746",0.713115220483642,"Positive"
"K10036","K10037",0.940654338549075,"Positive"
"K10036","K10038",0.939374110953058,"Positive"
"K10036","K10914",0.633655761024182,"Positive"
"K10036","K11183",0.612887624466572,"Positive"
"K10036","K12152",0.636159317211949,"Positive"
"K10036","K12368",0.610953058321479,"Positive"
"K10036","K12369",0.626998577524893,"Positive"
"K10036","K12370",0.626998577524893,"Positive"
"K10036","K12371",0.626998577524893,"Positive"
"K10036","K12372",0.626998577524893,"Positive"
"K10036","K13378",0.619573257467994,"Positive"
"K10036","K15777",0.642617354196302,"Positive"
"K10037","K10038",0.999573257467994,"Positive"
"K10037","K12152",0.615903271692745,"Positive"
"K10037","K12525",0.631294452347084,"Positive"
"K10037","K12582",0.631294452347084,"Positive"
"K10037","K13301",0.631294452347084,"Positive"
"K10037","K13378",0.664950213371266,"Positive"
"K10037","K15777",0.654310099573257,"Positive"
"K10037","K16704",0.631294452347084,"Positive"
"K10037","K19226",0.632119487908962,"Positive"
"K10038","K12152",0.616899004267425,"Positive"
"K10038","K12525",0.63149359886202,"Positive"
"K10038","K12582",0.63149359886202,"Positive"
"K10038","K13301",0.63149359886202,"Positive"
"K10038","K13378",0.66099573257468,"Positive"
"K10038","K15777",0.650298719772404,"Positive"
"K10038","K16704",0.63149359886202,"Positive"
"K10038","K19226",0.632318634423898,"Positive"
"K10107","K12979",0.909416785206259,"Positive"
"K10107","K13940",0.779544807965861,"Positive"
"K10107","K18240",0.981166429587482,"Positive"
"K10108","K10109",0.997183499288762,"Positive"
"K10108","K10110",0.997183499288762,"Positive"
"K10108","K14596",0.686884779516359,"Positive"
"K10108","K15577",0.720938833570413,"Positive"
"K10108","K15578",0.720938833570413,"Positive"
"K10108","K15746",0.630753911806543,"Positive"
"K10108","K17838",0.653541963015647,"Positive"
"K10109","K10110",1,"Positive"
"K10109","K14596",0.700682788051209,"Positive"
"K10109","K15576",0.600540540540541,"Positive"
"K10109","K15577",0.734110953058322,"Positive"
"K10109","K15578",0.734110953058322,"Positive"
"K10109","K15746",0.613769559032717,"Positive"
"K10109","K17838",0.673001422475107,"Positive"
"K10110","K14596",0.700682788051209,"Positive"
"K10110","K15576",0.600540540540541,"Positive"
"K10110","K15577",0.734110953058322,"Positive"
"K10110","K15578",0.734110953058322,"Positive"
"K10110","K15746",0.613769559032717,"Positive"
"K10110","K17838",0.673001422475107,"Positive"
"K10111","K10227",0.620284495021337,"Positive"
"K10111","K15576",0.613172119487909,"Positive"
"K10111","K19353",-0.637268847795164,"Negative"
"K10125","K10126",0.999943100995733,"Positive"
"K10125","K10941",0.646059743954481,"Positive"
"K10125","K10942",0.923869132290185,"Positive"
"K10125","K10943",0.971066856330014,"Positive"
"K10125","K10979",0.720625889046942,"Positive"
"K10125","K11384",0.920113798008535,"Positive"
"K10125","K11688",0.660625889046942,"Positive"
"K10125","K11689",0.756045519203414,"Positive"
"K10125","K11751",-0.643641536273115,"Negative"
"K10125","K12254",0.920113798008535,"Positive"
"K10125","K13541",0.806344238975818,"Positive"
"K10125","K13590",0.867226173541963,"Positive"
"K10125","K14268",0.868933143669986,"Positive"
"K10125","K15408",0.949018492176387,"Positive"
"K10125","K16370",0.633826458036984,"Positive"
"K10125","K17226",0.919687055476529,"Positive"
"K10125","K17315",0.945945945945946,"Positive"
"K10125","K17316",0.946458036984353,"Positive"
"K10125","K17317",0.946458036984353,"Positive"
"K10125","K17838",0.656216216216216,"Positive"
"K10125","K18135",0.664267425320057,"Positive"
"K10125","K18291",0.842958748221906,"Positive"
"K10125","K18292",0.606884779516358,"Positive"
"K10125","K18697",-0.619743954480797,"Negative"
"K10125","K18930",0.718264580369844,"Positive"
"K10125","K18981",0.887055476529161,"Positive"
"K10125","K19340",0.657155049786629,"Positive"
"K10125","K19341",0.690042674253201,"Positive"
"K10125","K19609",0.880483641536273,"Positive"
"K10125","K19610",0.880483641536273,"Positive"
"K10125","K19696",0.62375533428165,"Positive"
"K10125","K19713",0.749103840682788,"Positive"
"K10126","K10941",0.645604551920341,"Positive"
"K10126","K10942",0.923357041251778,"Positive"
"K10126","K10943",0.970839260312945,"Positive"
"K10126","K10979",0.720967283072546,"Positive"
"K10126","K11384",0.919573257467994,"Positive"
"K10126","K11688",0.660369843527738,"Positive"
"K10126","K11689",0.756330014224751,"Positive"
"K10126","K11751",-0.643100995732575,"Negative"
"K10126","K12254",0.919573257467994,"Positive"
"K10126","K13541",0.805775248933144,"Positive"
"K10126","K13590",0.867368421052632,"Positive"
"K10126","K14268",0.868392603129445,"Positive"
"K10126","K15408",0.948079658605974,"Positive"
"K10126","K16370",0.633940256045519,"Positive"
"K10126","K17226",0.919118065433855,"Positive"
"K10126","K17315",0.946116642958748,"Positive"
"K10126","K17316",0.946372688477952,"Positive"
"K10126","K17317",0.946372688477952,"Positive"
"K10126","K17838",0.655533428165007,"Positive"
"K10126","K18135",0.660938833570412,"Positive"
"K10126","K18291",0.842418207681366,"Positive"
"K10126","K18292",0.606230440967283,"Positive"
"K10126","K18697",-0.618463726884779,"Negative"
"K10126","K18930",0.718435277382646,"Positive"
"K10126","K18981",0.88697012802276,"Positive"
"K10126","K19340",0.655220483641536,"Positive"
"K10126","K19341",0.688136557610242,"Positive"
"K10126","K19609",0.879800853485064,"Positive"
"K10126","K19610",0.879800853485064,"Positive"
"K10126","K19696",0.622475106685633,"Positive"
"K10126","K19713",0.749388335704125,"Positive"
"K10206","K11358",0.903044096728307,"Positive"
"K10206","K11690",0.659658605974395,"Positive"
"K10206","K11782",0.927795163584637,"Positive"
"K10206","K11784",0.927795163584637,"Positive"
"K10206","K13818",0.948079658605974,"Positive"
"K10206","K15792",0.958520625889047,"Positive"
"K10206","K16651",0.972318634423898,"Positive"
"K10206","K18285",0.928051209103841,"Positive"
"K10206","K19353",0.68275960170697,"Positive"
"K10227","K10229",0.906600284495021,"Positive"
"K10227","K11688",0.607368421052632,"Positive"
"K10227","K15373",0.601251778093883,"Positive"
"K10227","K15576",0.778349928876245,"Positive"
"K10227","K15577",0.646600284495021,"Positive"
"K10227","K15578",0.646600284495021,"Positive"
"K10227","K17838",0.626258890469417,"Positive"
"K10227","K18292",0.654366998577525,"Positive"
"K10229","K10941",0.623954480796586,"Positive"
"K10229","K10979",0.607852062588905,"Positive"
"K10229","K11472",0.675305832147937,"Positive"
"K10229","K11473",0.673342816500711,"Positive"
"K10229","K11688",0.715931721194879,"Positive"
"K10229","K12976",0.686856330014225,"Positive"
"K10229","K13954",0.63203413940256,"Positive"
"K10229","K14335",0.629388335704125,"Positive"
"K10229","K15371",0.64796586059744,"Positive"
"K10229","K15373",0.710128022759602,"Positive"
"K10229","K15576",0.689189189189189,"Positive"
"K10229","K18292",0.771522048364154,"Positive"
"K10229","K19696",0.609985775248933,"Positive"
"K10537","K10538",1,"Positive"
"K10537","K10539",1,"Positive"
"K10537","K10543",0.898748221906117,"Positive"
"K10537","K10544",0.899630156472262,"Positive"
"K10537","K10545",0.899630156472262,"Positive"
"K10537","K11890",0.833883357041252,"Positive"
"K10537","K13632",0.978748221906117,"Positive"
"K10537","K13892",0.652318634423898,"Positive"
"K10537","K14051",0.700910384068279,"Positive"
"K10537","K16703",0.822901849217639,"Positive"
"K10537","K16710",0.822901849217639,"Positive"
"K10537","K17195",0.648705547652916,"Positive"
"K10537","K17202",0.70796586059744,"Positive"
"K10537","K17203",0.70796586059744,"Positive"
"K10537","K17204",0.70796586059744,"Positive"
"K10537","K17213",0.688136557610242,"Positive"
"K10537","K17214",0.720597439544808,"Positive"
"K10537","K17215",0.720597439544808,"Positive"
"K10537","K18324",0.860853485064011,"Positive"
"K10537","K18326",0.883584637268848,"Positive"
"K10537","K19354",0.632347083926031,"Positive"
"K10538","K10539",1,"Positive"
"K10538","K10543",0.898748221906117,"Positive"
"K10538","K10544",0.899630156472262,"Positive"
"K10538","K10545",0.899630156472262,"Positive"
"K10538","K11890",0.833883357041252,"Positive"
"K10538","K13632",0.978748221906117,"Positive"
"K10538","K13892",0.652318634423898,"Positive"
"K10538","K14051",0.700910384068279,"Positive"
"K10538","K16703",0.822901849217639,"Positive"
"K10538","K16710",0.822901849217639,"Positive"
"K10538","K17195",0.648705547652916,"Positive"
"K10538","K17202",0.70796586059744,"Positive"
"K10538","K17203",0.70796586059744,"Positive"
"K10538","K17204",0.70796586059744,"Positive"
"K10538","K17213",0.688136557610242,"Positive"
"K10538","K17214",0.720597439544808,"Positive"
"K10538","K17215",0.720597439544808,"Positive"
"K10538","K18324",0.860853485064011,"Positive"
"K10538","K18326",0.883584637268848,"Positive"
"K10538","K19354",0.632347083926031,"Positive"
"K10539","K10543",0.898748221906117,"Positive"
"K10539","K10544",0.899630156472262,"Positive"
"K10539","K10545",0.899630156472262,"Positive"
"K10539","K11890",0.833883357041252,"Positive"
"K10539","K13632",0.978748221906117,"Positive"
"K10539","K13892",0.652318634423898,"Positive"
"K10539","K14051",0.700910384068279,"Positive"
"K10539","K16703",0.822901849217639,"Positive"
"K10539","K16710",0.822901849217639,"Positive"
"K10539","K17195",0.648705547652916,"Positive"
"K10539","K17202",0.70796586059744,"Positive"
"K10539","K17203",0.70796586059744,"Positive"
"K10539","K17204",0.70796586059744,"Positive"
"K10539","K17213",0.688136557610242,"Positive"
"K10539","K17214",0.720597439544808,"Positive"
"K10539","K17215",0.720597439544808,"Positive"
"K10539","K18324",0.860853485064011,"Positive"
"K10539","K18326",0.883584637268848,"Positive"
"K10539","K19354",0.632347083926031,"Positive"
"K10540","K10541",1,"Positive"
"K10540","K10542",1,"Positive"
"K10540","K12975",0.610213371266003,"Positive"
"K10540","K18324",0.638293029871977,"Positive"
"K10540","K18326",0.647311522048364,"Positive"
"K10540","K18697",0.65126600284495,"Positive"
"K10541","K10542",1,"Positive"
"K10541","K12975",0.610213371266003,"Positive"
"K10541","K18324",0.638293029871977,"Positive"
"K10541","K18326",0.647311522048364,"Positive"
"K10541","K18697",0.65126600284495,"Positive"
"K10542","K12975",0.610213371266003,"Positive"
"K10542","K18324",0.638293029871977,"Positive"
"K10542","K18326",0.647311522048364,"Positive"
"K10542","K18697",0.65126600284495,"Positive"
"K10543","K10544",0.999203413940256,"Positive"
"K10543","K10545",0.999203413940256,"Positive"
"K10543","K10556",0.682788051209104,"Positive"
"K10543","K11890",0.736386913229019,"Positive"
"K10543","K13632",0.907681365576102,"Positive"
"K10543","K13892",0.658093883357041,"Positive"
"K10543","K16703",0.72352773826458,"Positive"
"K10543","K16710",0.72352773826458,"Positive"
"K10543","K17214",0.622446657183499,"Positive"
"K10543","K17215",0.622446657183499,"Positive"
"K10543","K18324",0.774167852062589,"Positive"
"K10543","K18326",0.765889046941678,"Positive"
"K10544","K10545",1,"Positive"
"K10544","K10556",0.687482219061166,"Positive"
"K10544","K11890",0.737126600284495,"Positive"
"K10544","K13632",0.908620199146515,"Positive"
"K10544","K13892",0.659459459459459,"Positive"
"K10544","K16703",0.724381223328592,"Positive"
"K10544","K16710",0.724381223328592,"Positive"
"K10544","K17214",0.623442389758179,"Positive"
"K10544","K17215",0.623442389758179,"Positive"
"K10544","K18324",0.775391180654339,"Positive"
"K10544","K18326",0.767140825035562,"Positive"
"K10545","K10556",0.687482219061166,"Positive"
"K10545","K11890",0.737126600284495,"Positive"
"K10545","K13632",0.908620199146515,"Positive"
"K10545","K13892",0.659459459459459,"Positive"
"K10545","K16703",0.724381223328592,"Positive"
"K10545","K16710",0.724381223328592,"Positive"
"K10545","K17214",0.623442389758179,"Positive"
"K10545","K17215",0.623442389758179,"Positive"
"K10545","K18324",0.775391180654339,"Positive"
"K10545","K18326",0.767140825035562,"Positive"
"K10555","K10556",0.715732574679943,"Positive"
"K10555","K10557",1,"Positive"
"K10555","K10558",1,"Positive"
"K10555","K10824",0.680597439544808,"Positive"
"K10555","K11531",1,"Positive"
"K10555","K12527",0.720910384068279,"Positive"
"K10555","K15584",0.680597439544808,"Positive"
"K10555","K15585",0.680597439544808,"Positive"
"K10555","K15586",0.665120910384068,"Positive"
"K10555","K15587",0.680597439544808,"Positive"
"K10555","K16165",0.620512091038407,"Positive"
"K10556","K10557",0.715732574679943,"Positive"
"K10556","K10558",0.715732574679943,"Positive"
"K10556","K11531",0.715732574679943,"Positive"
"K10556","K13632",0.636955903271693,"Positive"
"K10557","K10558",1,"Positive"
"K10557","K10824",0.680597439544808,"Positive"
"K10557","K11531",1,"Positive"
"K10557","K12527",0.720910384068279,"Positive"
"K10557","K15584",0.680597439544808,"Positive"
"K10557","K15585",0.680597439544808,"Positive"
"K10557","K15586",0.665120910384068,"Positive"
"K10557","K15587",0.680597439544808,"Positive"
"K10557","K16165",0.620512091038407,"Positive"
"K10558","K10824",0.680597439544808,"Positive"
"K10558","K11531",1,"Positive"
"K10558","K12527",0.720910384068279,"Positive"
"K10558","K15584",0.680597439544808,"Positive"
"K10558","K15585",0.680597439544808,"Positive"
"K10558","K15586",0.665120910384068,"Positive"
"K10558","K15587",0.680597439544808,"Positive"
"K10558","K16165",0.620512091038407,"Positive"
"K10747","K10941",0.657211948790896,"Positive"
"K10747","K10979",0.756671408250356,"Positive"
"K10747","K11472",0.746458036984353,"Positive"
"K10747","K11473",0.744182076813656,"Positive"
"K10747","K12976",0.650611664295875,"Positive"
"K10747","K15011",0.65226173541963,"Positive"
"K10747","K15012",0.652318634423898,"Positive"
"K10747","K15371",0.788534850640114,"Positive"
"K10747","K16171",0.796870554765292,"Positive"
"K10747","K18292",0.605462304409673,"Positive"
"K10747","K19340",0.606230440967283,"Positive"
"K10747","K19696",0.641564722617354,"Positive"
"K10804","K11959",0.625149359886202,"Positive"
"K10804","K11961",0.624580369843528,"Positive"
"K10804","K12339",0.734736842105263,"Positive"
"K10804","K13378",0.620967283072546,"Positive"
"K10804","K15553",0.641792318634424,"Positive"
"K10804","K15554",0.669815078236131,"Positive"
"K10824","K11081",0.674651493598862,"Positive"
"K10824","K11082",0.674651493598862,"Positive"
"K10824","K11083",0.674651493598862,"Positive"
"K10824","K11084",0.674651493598862,"Positive"
"K10824","K11531",0.680597439544808,"Positive"
"K10824","K12111",0.645633001422475,"Positive"
"K10824","K12112",0.798947368421053,"Positive"
"K10824","K12527",0.828705547652916,"Positive"
"K10824","K14977",0.640113798008535,"Positive"
"K10824","K15584",1,"Positive"
"K10824","K15585",1,"Positive"
"K10824","K15586",0.99900426742532,"Positive"
"K10824","K15587",1,"Positive"
"K10824","K16165",0.613940256045519,"Positive"
"K10857","K11931",0.761906116642959,"Positive"
"K10857","K12957",0.929359886201992,"Positive"
"K10857","K13522",0.660028449502134,"Positive"
"K10857","K13745",0.733086770981508,"Positive"
"K10857","K14159",0.774110953058321,"Positive"
"K10857","K16839",0.786173541963016,"Positive"
"K10857","K16840",0.859146514935989,"Positive"
"K10857","K16841",0.730071123755334,"Positive"
"K10857","K16842",0.836102418207681,"Positive"
"K10857","K17228",0.716073968705548,"Positive"
"K10857","K18137",0.774110953058321,"Positive"
"K10857","K18147",0.774110953058321,"Positive"
"K10914","K11179",0.939743954480797,"Positive"
"K10914","K11183",0.86298719772404,"Positive"
"K10914","K11900",0.739743954480797,"Positive"
"K10914","K11901",0.718805120910384,"Positive"
"K10914","K11903",0.721308677098151,"Positive"
"K10914","K11907",0.722446657183499,"Positive"
"K10914","K12339",0.657638691322902,"Positive"
"K10914","K18800",0.6774679943101,"Positive"
"K10918","K11935",0.756415362731152,"Positive"
"K10918","K11937",0.830099573257468,"Positive"
"K10941","K10942",0.73823613086771,"Positive"
"K10941","K10943",0.666770981507824,"Positive"
"K10941","K10979",0.899032716927454,"Positive"
"K10941","K11384",0.733143669985775,"Positive"
"K10941","K11472",0.734110953058322,"Positive"
"K10941","K11473",0.735049786628734,"Positive"
"K10941","K11688",0.808620199146515,"Positive"
"K10941","K12254",0.733143669985775,"Positive"
"K10941","K12976",0.78827880512091,"Positive"
"K10941","K13541",0.673655761024182,"Positive"
"K10941","K13938",0.612944523470839,"Positive"
"K10941","K14268",0.658890469416785,"Positive"
"K10941","K14335",0.665718349928876,"Positive"
"K10941","K15011",0.741593172119488,"Positive"
"K10941","K15012",0.742361308677098,"Positive"
"K10941","K15371",0.797496443812233,"Positive"
"K10941","K15373",0.752887624466572,"Positive"
"K10941","K15408",0.649900426742532,"Positive"
"K10941","K16171",0.767482219061166,"Positive"
"K10941","K17226",0.733001422475107,"Positive"
"K10941","K17315",0.703669985775249,"Positive"
"K10941","K17316",0.70674253200569,"Positive"
"K10941","K17317",0.70674253200569,"Positive"
"K10941","K18135",0.656500711237553,"Positive"
"K10941","K18291",0.690583214793741,"Positive"
"K10941","K18292",0.847169274537696,"Positive"
"K10941","K18968",0.620910384068279,"Positive"
"K10941","K18981",0.716642958748222,"Positive"
"K10941","K19609",0.70773826458037,"Positive"
"K10941","K19610",0.70773826458037,"Positive"
"K10941","K19696",0.990640113798009,"Positive"
"K10942","K10943",0.939459459459459,"Positive"
"K10942","K10979",0.656273115220484,"Positive"
"K10942","K11258",-0.609985775248933,"Negative"
"K10942","K11384",0.996586059743955,"Positive"
"K10942","K11472",0.62728307254623,"Positive"
"K10942","K11473",0.632802275960171,"Positive"
"K10942","K11604",-0.62221906116643,"Negative"
"K10942","K11605",-0.62221906116643,"Negative"
"K10942","K11606",-0.62221906116643,"Negative"
"K10942","K11607",-0.62221906116643,"Negative"
"K10942","K11688",0.733229018492176,"Positive"
"K10942","K11689",0.823243243243243,"Positive"
"K10942","K11751",-0.672005689900427,"Negative"
"K10942","K12254",0.996586059743955,"Positive"
"K10942","K12976",0.622133712660028,"Positive"
"K10942","K13541",0.902503556187767,"Positive"
"K10942","K13590",0.818264580369844,"Positive"
"K10942","K14268",0.932091038406828,"Positive"
"K10942","K15373",0.612773826458037,"Positive"
"K10942","K15408",0.928620199146515,"Positive"
"K10942","K15864",0.702873399715505,"Positive"
"K10942","K16370",0.655277382645804,"Positive"
"K10942","K17226",0.996557610241821,"Positive"
"K10942","K17315",0.965149359886202,"Positive"
"K10942","K17316",0.968335704125178,"Positive"
"K10942","K17317",0.968335704125178,"Positive"
"K10942","K17838",0.708876244665718,"Positive"
"K10942","K18135",0.772204836415363,"Positive"
"K10942","K18291",0.928307254623044,"Positive"
"K10942","K18292",0.703726884779516,"Positive"
"K10942","K18889",-0.643186344238976,"Negative"
"K10942","K18890",-0.643186344238976,"Negative"
"K10942","K18930",0.792745376955903,"Positive"
"K10942","K18981",0.967368421052632,"Positive"
"K10942","K19236",-0.615078236130868,"Negative"
"K10942","K19340",0.66221906116643,"Positive"
"K10942","K19341",0.76275960170697,"Positive"
"K10942","K19609",0.966429587482219,"Positive"
"K10942","K19610",0.966429587482219,"Positive"
"K10942","K19696",0.727823613086771,"Positive"
"K10942","K19713",0.807083926031294,"Positive"
"K10943","K10979",0.694822190611664,"Positive"
"K10943","K11384",0.935590327169274,"Positive"
"K10943","K11688",0.6649786628734,"Positive"
"K10943","K11689",0.769103840682788,"Positive"
"K10943","K11751",-0.615277382645804,"Negative"
"K10943","K12254",0.935590327169274,"Positive"
"K10943","K13541",0.833086770981508,"Positive"
"K10943","K13590",0.891237553342817,"Positive"
"K10943","K14268",0.873997155049787,"Positive"
"K10943","K15408",0.981735419630156,"Positive"
"K10943","K15864",0.619601706970128,"Positive"
"K10943","K16370",0.631977240398293,"Positive"
"K10943","K17226",0.935277382645804,"Positive"
"K10943","K17315",0.909900426742532,"Positive"
"K10943","K17316",0.911180654338549,"Positive"
"K10943","K17317",0.911180654338549,"Positive"
"K10943","K17838",0.664694167852063,"Positive"
"K10943","K18135",0.683357041251778,"Positive"
"K10943","K18291",0.86176386913229,"Positive"
"K10943","K18292",0.627766714082504,"Positive"
"K10943","K18697",-0.616984352773826,"Negative"
"K10943","K18930",0.734793741109531,"Positive"
"K10943","K18981",0.908961593172119,"Positive"
"K10943","K19340",0.680825035561878,"Positive"
"K10943","K19341",0.697695590327169,"Positive"
"K10943","K19609",0.899800853485064,"Positive"
"K10943","K19610",0.899800853485064,"Positive"
"K10943","K19696",0.647766714082504,"Positive"
"K10943","K19713",0.755618776671408,"Positive"
"K10979","K11384",0.659402560455192,"Positive"
"K10979","K11472",0.699374110953058,"Positive"
"K10979","K11473",0.700170697012802,"Positive"
"K10979","K11688",0.732432432432432,"Positive"
"K10979","K12254",0.659402560455192,"Positive"
"K10979","K12976",0.697980085348506,"Positive"
"K10979","K13590",0.600625889046942,"Positive"
"K10979","K14335",0.703271692745377,"Positive"
"K10979","K15011",0.783812233285918,"Positive"
"K10979","K15012",0.783641536273115,"Positive"
"K10979","K15371",0.842873399715505,"Positive"
"K10979","K15373",0.684409672830726,"Positive"
"K10979","K15408",0.668221906116643,"Positive"
"K10979","K16171",0.861109530583215,"Positive"
"K10979","K17226",0.658805120910384,"Positive"
"K10979","K17315",0.698207681365576,"Positive"
"K10979","K17316",0.696756756756757,"Positive"
"K10979","K17317",0.696756756756757,"Positive"
"K10979","K18291",0.612972972972973,"Positive"
"K10979","K18292",0.756586059743954,"Positive"
"K10979","K18981",0.655135135135135,"Positive"
"K10979","K19609",0.63601706970128,"Positive"
"K10979","K19610",0.63601706970128,"Positive"
"K10979","K19696",0.871948790896159,"Positive"
"K11003","K11004",1,"Positive"
"K11003","K12256",0.772660028449502,"Positive"
"K11003","K12688",0.919487908961593,"Positive"
"K11003","K14026",0.919487908961593,"Positive"
"K11003","K18133",0.805405405405405,"Positive"
"K11003","K18148",0.937354196301565,"Positive"
"K11003","K18369",0.755305832147937,"Positive"
"K11004","K12256",0.772660028449502,"Positive"
"K11004","K12688",0.919487908961593,"Positive"
"K11004","K14026",0.919487908961593,"Positive"
"K11004","K18133",0.805405405405405,"Positive"
"K11004","K18148",0.937354196301565,"Positive"
"K11004","K18369",0.755305832147937,"Positive"
"K11041","K11617",0.920938833570413,"Positive"
"K11041","K12296",0.995220483641536,"Positive"
"K11041","K12554",0.735561877667141,"Positive"
"K11041","K12556",0.965405405405405,"Positive"
"K11041","K13677",0.747169274537696,"Positive"
"K11081","K11082",1,"Positive"
"K11081","K11083",1,"Positive"
"K11081","K11084",1,"Positive"
"K11081","K12112",0.883869132290185,"Positive"
"K11081","K12527",0.65149359886202,"Positive"
"K11081","K14977",0.712773826458037,"Positive"
"K11081","K15584",0.674651493598862,"Positive"
"K11081","K15585",0.674651493598862,"Positive"
"K11081","K15586",0.674310099573257,"Positive"
"K11081","K15587",0.674651493598862,"Positive"
"K11081","K18333",0.725320056899004,"Positive"
"K11081","K18334",0.709559032716927,"Positive"
"K11082","K11083",1,"Positive"
"K11082","K11084",1,"Positive"
"K11082","K12112",0.883869132290185,"Positive"
"K11082","K12527",0.65149359886202,"Positive"
"K11082","K14977",0.712773826458037,"Positive"
"K11082","K15584",0.674651493598862,"Positive"
"K11082","K15585",0.674651493598862,"Positive"
"K11082","K15586",0.674310099573257,"Positive"
"K11082","K15587",0.674651493598862,"Positive"
"K11082","K18333",0.725320056899004,"Positive"
"K11082","K18334",0.709559032716927,"Positive"
"K11083","K11084",1,"Positive"
"K11083","K12112",0.883869132290185,"Positive"
"K11083","K12527",0.65149359886202,"Positive"
"K11083","K14977",0.712773826458037,"Positive"
"K11083","K15584",0.674651493598862,"Positive"
"K11083","K15585",0.674651493598862,"Positive"
"K11083","K15586",0.674310099573257,"Positive"
"K11083","K15587",0.674651493598862,"Positive"
"K11083","K18333",0.725320056899004,"Positive"
"K11083","K18334",0.709559032716927,"Positive"
"K11084","K12112",0.883869132290185,"Positive"
"K11084","K12527",0.65149359886202,"Positive"
"K11084","K14977",0.712773826458037,"Positive"
"K11084","K15584",0.674651493598862,"Positive"
"K11084","K15585",0.674651493598862,"Positive"
"K11084","K15586",0.674310099573257,"Positive"
"K11084","K15587",0.674651493598862,"Positive"
"K11084","K18333",0.725320056899004,"Positive"
"K11084","K18334",0.709559032716927,"Positive"
"K11179","K11183",0.915874822190612,"Positive"
"K11179","K11900",0.697411095305832,"Positive"
"K11179","K11901",0.67425320056899,"Positive"
"K11179","K11903",0.681024182076814,"Positive"
"K11179","K11907",0.67977240398293,"Positive"
"K11179","K12339",0.713541963015647,"Positive"
"K11179","K13378",0.661109530583215,"Positive"
"K11179","K18800",0.749530583214794,"Positive"
"K11183","K11900",0.613456614509246,"Positive"
"K11183","K11901",0.602816500711238,"Positive"
"K11183","K11903",0.615675675675676,"Positive"
"K11183","K11907",0.606913229018492,"Positive"
"K11183","K18800",0.732944523470839,"Positive"
"K11192","K13497",0.738093883357041,"Positive"
"K11216","K11530",1,"Positive"
"K11216","K12111",0.605689900426743,"Positive"
"K11216","K12112",0.623129445234708,"Positive"
"K11216","K16371",0.623044096728307,"Positive"
"K11216","K17195",0.643584637268848,"Positive"
"K11216","K17850",0.694736842105263,"Positive"
"K11216","K18324",0.659886201991465,"Positive"
"K11216","K18326",0.614651493598862,"Positive"
"K11258","K11384",-0.611209103840683,"Negative"
"K11258","K11604",0.748392603129445,"Positive"
"K11258","K11605",0.748392603129445,"Positive"
"K11258","K11606",0.748392603129445,"Positive"
"K11258","K11607",0.748392603129445,"Positive"
"K11258","K11751",0.810611664295875,"Positive"
"K11258","K11891",0.618577524893314,"Positive"
"K11258","K11892",0.628790896159317,"Positive"
"K11258","K11893",0.623100995732575,"Positive"
"K11258","K11900",0.621877667140825,"Positive"
"K11258","K11901",0.607652916073969,"Positive"
"K11258","K11903",0.624694167852063,"Positive"
"K11258","K11907",0.610384068278805,"Positive"
"K11258","K12152",0.830611664295875,"Positive"
"K11258","K12254",-0.611209103840683,"Negative"
"K11258","K12368",0.702133712660028,"Positive"
"K11258","K12369",0.720085348506401,"Positive"
"K11258","K12370",0.720085348506401,"Positive"
"K11258","K12371",0.720085348506401,"Positive"
"K11258","K12372",0.720085348506401,"Positive"
"K11258","K12524",0.93149359886202,"Positive"
"K11258","K12525",0.652204836415363,"Positive"
"K11258","K12582",0.652204836415363,"Positive"
"K11258","K12962",0.620739687055477,"Positive"
"K11258","K12963",0.620739687055477,"Positive"
"K11258","K12974",0.616073968705548,"Positive"
"K11258","K12975",0.616273115220484,"Positive"
"K11258","K13014",0.620739687055477,"Positive"
"K11258","K13301",0.652204836415363,"Positive"
"K11258","K13498",0.919203413940256,"Positive"
"K11258","K14187",0.923641536273115,"Positive"
"K11258","K15125",0.664182076813656,"Positive"
"K11258","K16704",0.652204836415363,"Positive"
"K11258","K17226",-0.61172119487909,"Negative"
"K11258","K17315",-0.64275960170697,"Negative"
"K11258","K17316",-0.642617354196302,"Negative"
"K11258","K17317",-0.642617354196302,"Negative"
"K11258","K18800",0.68972972972973,"Positive"
"K11258","K18981",-0.604381223328592,"Negative"
"K11258","K19222",0.605832147937411,"Positive"
"K11258","K19226",0.652290184921764,"Positive"
"K11258","K19227",0.923641536273115,"Positive"
"K11258","K19228",0.923641536273115,"Positive"
"K11258","K19229",0.923641536273115,"Positive"
"K11258","K19230",0.922645803698435,"Positive"
"K11358","K11690",0.655903271692745,"Positive"
"K11358","K11782",0.917382645803698,"Positive"
"K11358","K11784",0.917382645803698,"Positive"
"K11358","K13818",0.921934566145093,"Positive"
"K11358","K15792",0.911664295874822,"Positive"
"K11358","K16651",0.876756756756757,"Positive"
"K11358","K18285",0.929985775248933,"Positive"
"K11358","K19353",0.620512091038407,"Positive"
"K11358","K19509",0.624295874822191,"Positive"
"K11384","K11472",0.622247510668563,"Positive"
"K11384","K11473",0.627795163584637,"Positive"
"K11384","K11604",-0.629701280227596,"Negative"
"K11384","K11605",-0.629701280227596,"Negative"
"K11384","K11606",-0.629701280227596,"Negative"
"K11384","K11607",-0.629701280227596,"Negative"
"K11384","K11688",0.736955903271693,"Positive"
"K11384","K11689",0.846543385490754,"Positive"
"K11384","K11751",-0.680682788051209,"Negative"
"K11384","K12254",1,"Positive"
"K11384","K12976",0.627908961593172,"Positive"
"K11384","K13541",0.902731152204836,"Positive"
"K11384","K13590",0.814338549075391,"Positive"
"K11384","K14268",0.935504978662873,"Positive"
"K11384","K14596",0.613285917496444,"Positive"
"K11384","K15373",0.635391180654339,"Positive"
"K11384","K15408",0.931550497866287,"Positive"
"K11384","K15864",0.72796586059744,"Positive"
"K11384","K16370",0.680312944523471,"Positive"
"K11384","K17226",0.999971550497866,"Positive"
"K11384","K17315",0.967226173541963,"Positive"
"K11384","K17316",0.970156472261735,"Positive"
"K11384","K17317",0.970156472261735,"Positive"
"K11384","K17838",0.722389758179232,"Positive"
"K11384","K18135",0.775192034139403,"Positive"
"K11384","K18291",0.92950213371266,"Positive"
"K11384","K18292",0.708534850640114,"Positive"
"K11384","K18889",-0.652062588904694,"Negative"
"K11384","K18890",-0.652062588904694,"Negative"
"K11384","K18930",0.786571834992888,"Positive"
"K11384","K18981",0.969530583214794,"Positive"
"K11384","K19236",-0.625490753911807,"Negative"
"K11384","K19340",0.688449502133713,"Positive"
"K11384","K19341",0.789615931721195,"Positive"
"K11384","K19609",0.969559032716927,"Positive"
"K11384","K19610",0.969559032716927,"Positive"
"K11384","K19696",0.7225320056899,"Positive"
"K11384","K19713",0.821394025604552,"Positive"
"K11472","K11473",0.998833570412518,"Positive"
"K11472","K11688",0.788933143669986,"Positive"
"K11472","K12254",0.622247510668563,"Positive"
"K11472","K12976",0.892233285917496,"Positive"
"K11472","K13938",0.688193456614509,"Positive"
"K11472","K14335",0.676187766714083,"Positive"
"K11472","K15011",0.752916073968706,"Positive"
"K11472","K15012",0.753058321479374,"Positive"
"K11472","K15371",0.872631578947368,"Positive"
"K11472","K15373",0.776216216216216,"Positive"
"K11472","K16171",0.735732574679943,"Positive"
"K11472","K17226",0.621792318634424,"Positive"
"K11472","K17315",0.648762446657184,"Positive"
"K11472","K17316",0.648563300142248,"Positive"
"K11472","K17317",0.648563300142248,"Positive"
"K11472","K18135",0.633968705547653,"Positive"
"K11472","K18292",0.851009957325747,"Positive"
"K11472","K18981",0.615618776671408,"Positive"
"K11472","K19696",0.719487908961593,"Positive"
"K11472","K19713",0.614935988620199,"Positive"
"K11473","K11688",0.793883357041252,"Positive"
"K11473","K12254",0.627795163584637,"Positive"
"K11473","K12976",0.890782361308677,"Positive"
"K11473","K13590",0.602560455192034,"Positive"
"K11473","K13938",0.696927453769559,"Positive"
"K11473","K14335",0.677155049786629,"Positive"
"K11473","K15011",0.750640113798009,"Positive"
"K11473","K15012",0.750782361308677,"Positive"
"K11473","K15371",0.872062588904694,"Positive"
"K11473","K15373",0.777268847795164,"Positive"
"K11473","K16171",0.733598862019915,"Positive"
"K11473","K17226",0.627339971550498,"Positive"
"K11473","K17315",0.653940256045519,"Positive"
"K11473","K17316",0.653769559032717,"Positive"
"K11473","K17317",0.653769559032717,"Positive"
"K11473","K18135",0.640369843527738,"Positive"
"K11473","K18292",0.851920341394026,"Positive"
"K11473","K18981",0.621849217638691,"Positive"
"K11473","K19609",0.606600284495021,"Positive"
"K11473","K19610",0.606600284495021,"Positive"
"K11473","K19696",0.720426742532006,"Positive"
"K11473","K19713",0.616955903271693,"Positive"
"K11530","K12111",0.605689900426743,"Positive"
"K11530","K12112",0.623129445234708,"Positive"
"K11530","K16371",0.623044096728307,"Positive"
"K11530","K17195",0.643584637268848,"Positive"
"K11530","K17850",0.694736842105263,"Positive"
"K11530","K18324",0.659886201991465,"Positive"
"K11530","K18326",0.614651493598862,"Positive"
"K11531","K12527",0.720910384068279,"Positive"
"K11531","K15584",0.680597439544808,"Positive"
"K11531","K15585",0.680597439544808,"Positive"
"K11531","K15586",0.665120910384068,"Positive"
"K11531","K15587",0.680597439544808,"Positive"
"K11531","K16165",0.620512091038407,"Positive"
"K11604","K11605",1,"Positive"
"K11604","K11606",1,"Positive"
"K11604","K11607",1,"Positive"
"K11604","K11751",0.797866287339972,"Positive"
"K11604","K12254",-0.629701280227596,"Negative"
"K11604","K12524",0.719345661450925,"Positive"
"K11604","K13498",0.710355618776671,"Positive"
"K11604","K14187",0.68950213371266,"Positive"
"K11604","K17226",-0.630668563300142,"Negative"
"K11604","K18889",0.633058321479374,"Positive"
"K11604","K18890",0.633058321479374,"Positive"
"K11604","K18981",-0.601706970128023,"Negative"
"K11604","K19227",0.68950213371266,"Positive"
"K11604","K19228",0.68950213371266,"Positive"
"K11604","K19229",0.68950213371266,"Positive"
"K11604","K19230",0.692688477951636,"Positive"
"K11604","K19609",-0.60773826458037,"Negative"
"K11604","K19610",-0.60773826458037,"Negative"
"K11605","K11606",1,"Positive"
"K11605","K11607",1,"Positive"
"K11605","K11751",0.797866287339972,"Positive"
"K11605","K12254",-0.629701280227596,"Negative"
"K11605","K12524",0.719345661450925,"Positive"
"K11605","K13498",0.710355618776671,"Positive"
"K11605","K14187",0.68950213371266,"Positive"
"K11605","K17226",-0.630668563300142,"Negative"
"K11605","K18889",0.633058321479374,"Positive"
"K11605","K18890",0.633058321479374,"Positive"
"K11605","K18981",-0.601706970128023,"Negative"
"K11605","K19227",0.68950213371266,"Positive"
"K11605","K19228",0.68950213371266,"Positive"
"K11605","K19229",0.68950213371266,"Positive"
"K11605","K19230",0.692688477951636,"Positive"
"K11605","K19609",-0.60773826458037,"Negative"
"K11605","K19610",-0.60773826458037,"Negative"
"K11606","K11607",1,"Positive"
"K11606","K11751",0.797866287339972,"Positive"
"K11606","K12254",-0.629701280227596,"Negative"
"K11606","K12524",0.719345661450925,"Positive"
"K11606","K13498",0.710355618776671,"Positive"
"K11606","K14187",0.68950213371266,"Positive"
"K11606","K17226",-0.630668563300142,"Negative"
"K11606","K18889",0.633058321479374,"Positive"
"K11606","K18890",0.633058321479374,"Positive"
"K11606","K18981",-0.601706970128023,"Negative"
"K11606","K19227",0.68950213371266,"Positive"
"K11606","K19228",0.68950213371266,"Positive"
"K11606","K19229",0.68950213371266,"Positive"
"K11606","K19230",0.692688477951636,"Positive"
"K11606","K19609",-0.60773826458037,"Negative"
"K11606","K19610",-0.60773826458037,"Negative"
"K11607","K11751",0.797866287339972,"Positive"
"K11607","K12254",-0.629701280227596,"Negative"
"K11607","K12524",0.719345661450925,"Positive"
"K11607","K13498",0.710355618776671,"Positive"
"K11607","K14187",0.68950213371266,"Positive"
"K11607","K17226",-0.630668563300142,"Negative"
"K11607","K18889",0.633058321479374,"Positive"
"K11607","K18890",0.633058321479374,"Positive"
"K11607","K18981",-0.601706970128023,"Negative"
"K11607","K19227",0.68950213371266,"Positive"
"K11607","K19228",0.68950213371266,"Positive"
"K11607","K19229",0.68950213371266,"Positive"
"K11607","K19230",0.692688477951636,"Positive"
"K11607","K19609",-0.60773826458037,"Negative"
"K11607","K19610",-0.60773826458037,"Negative"
"K11614","K11615",1,"Positive"
"K11614","K11688",0.623897581792319,"Positive"
"K11614","K12976",0.709388335704125,"Positive"
"K11614","K13938",0.620597439544808,"Positive"
"K11614","K14335",0.743613086770981,"Positive"
"K11614","K15373",0.798349928876245,"Positive"
"K11614","K18135",0.6524893314367,"Positive"
"K11614","K18292",0.709388335704125,"Positive"
"K11615","K11688",0.623897581792319,"Positive"
"K11615","K12976",0.709388335704125,"Positive"
"K11615","K13938",0.620597439544808,"Positive"
"K11615","K14335",0.743613086770981,"Positive"
"K11615","K15373",0.798349928876245,"Positive"
"K11615","K18135",0.6524893314367,"Positive"
"K11615","K18292",0.709388335704125,"Positive"
"K11617","K12296",0.905234708392603,"Positive"
"K11617","K12554",0.638890469416785,"Positive"
"K11617","K12556",0.955135135135135,"Positive"
"K11617","K13677",0.788335704125178,"Positive"
"K11618","K11623",0.746628733997155,"Positive"
"K11618","K11624",0.746628733997155,"Positive"
"K11618","K12556",0.608421052631579,"Positive"
"K11618","K13919",0.745775248933144,"Positive"
"K11618","K13920",0.745775248933144,"Positive"
"K11618","K16937",0.738293029871977,"Positive"
"K11618","K16961",0.705035561877667,"Positive"
"K11618","K17722",0.745832147937411,"Positive"
"K11618","K17950",0.740682788051209,"Positive"
"K11618","K19349",0.746628733997155,"Positive"
"K11623","K11624",1,"Positive"
"K11623","K11625",0.620398293029872,"Positive"
"K11623","K13919",0.993883357041252,"Positive"
"K11623","K13920",0.993883357041252,"Positive"
"K11623","K14422",0.715135135135135,"Positive"
"K11623","K16937",0.977809388335704,"Positive"
"K11623","K16961",0.960853485064011,"Positive"
"K11623","K17722",0.999715504978663,"Positive"
"K11623","K17950",0.997724039829303,"Positive"
"K11623","K19349",1,"Positive"
"K11624","K11625",0.620398293029872,"Positive"
"K11624","K13919",0.993883357041252,"Positive"
"K11624","K13920",0.993883357041252,"Positive"
"K11624","K14422",0.715135135135135,"Positive"
"K11624","K16937",0.977809388335704,"Positive"
"K11624","K16961",0.960853485064011,"Positive"
"K11624","K17722",0.999715504978663,"Positive"
"K11624","K17950",0.997724039829303,"Positive"
"K11624","K19349",1,"Positive"
"K11625","K13919",0.61547652916074,"Positive"
"K11625","K13920",0.61547652916074,"Positive"
"K11625","K14422",0.8324893314367,"Positive"
"K11625","K17722",0.621024182076814,"Positive"
"K11625","K17950",0.618207681365576,"Positive"
"K11625","K19349",0.620398293029872,"Positive"
"K11645","K13408",0.656756756756757,"Positive"
"K11645","K13409",0.6625320056899,"Positive"
"K11645","K13472",0.639431009957326,"Positive"
"K11645","K13481",0.677553342816501,"Positive"
"K11645","K13482",0.673911806543385,"Positive"
"K11688","K11689",0.66728307254623,"Positive"
"K11688","K12254",0.736955903271693,"Positive"
"K11688","K12976",0.867709815078236,"Positive"
"K11688","K13541",0.622389758179232,"Positive"
"K11688","K13590",0.609246088193457,"Positive"
"K11688","K13938",0.806856330014225,"Positive"
"K11688","K14268",0.691322901849218,"Positive"
"K11688","K14335",0.784665718349929,"Positive"
"K11688","K15011",0.6724893314367,"Positive"
"K11688","K15012",0.672972972972973,"Positive"
"K11688","K15371",0.741137980085348,"Positive"
"K11688","K15373",0.885177809388336,"Positive"
"K11688","K15408",0.651436699857753,"Positive"
"K11688","K15576",0.695533428165007,"Positive"
"K11688","K16171",0.650469416785206,"Positive"
"K11688","K17226",0.736216216216216,"Positive"
"K11688","K17315",0.707908961593172,"Positive"
"K11688","K17316",0.707709815078236,"Positive"
"K11688","K17317",0.707709815078236,"Positive"
"K11688","K18135",0.753627311522048,"Positive"
"K11688","K18291",0.650241820768137,"Positive"
"K11688","K18292",0.943926031294452,"Positive"
"K11688","K18968",0.603470839260313,"Positive"
"K11688","K18981",0.713826458036984,"Positive"
"K11688","K19609",0.716756756756757,"Positive"
"K11688","K19610",0.716756756756757,"Positive"
"K11688","K19696",0.790697012802276,"Positive"
"K11688","K19713",0.69800853485064,"Positive"
"K11689","K12254",0.846543385490754,"Positive"
"K11689","K13541",0.752517780938834,"Positive"
"K11689","K13590",0.651209103840683,"Positive"
"K11689","K13954",0.608563300142247,"Positive"
"K11689","K14268",0.783812233285918,"Positive"
"K11689","K14335",0.627453769559033,"Positive"
"K11689","K14596",0.717894736842105,"Positive"
"K11689","K15373",0.654708392603129,"Positive"
"K11689","K15408",0.76827880512091,"Positive"
"K11689","K15777",-0.612062588904694,"Negative"
"K11689","K15864",0.637638691322902,"Positive"
"K11689","K16370",0.678549075391181,"Positive"
"K11689","K17226",0.845860597439545,"Positive"
"K11689","K17315",0.828477951635846,"Positive"
"K11689","K17316",0.825120910384068,"Positive"
"K11689","K17317",0.825120910384068,"Positive"
"K11689","K17838",0.649331436699858,"Positive"
"K11689","K18135",0.60452347083926,"Positive"
"K11689","K18291",0.776899004267425,"Positive"
"K11689","K18930",0.741849217638691,"Positive"
"K11689","K18981",0.830298719772404,"Positive"
"K11689","K19340",0.608477951635846,"Positive"
"K11689","K19341",0.70927453769559,"Positive"
"K11689","K19609",0.823897581792319,"Positive"
"K11689","K19610",0.823897581792319,"Positive"
"K11689","K19713",0.815732574679943,"Positive"
"K11690","K11782",0.63624466571835,"Positive"
"K11690","K11784",0.63624466571835,"Positive"
"K11690","K12960",0.741507823613087,"Positive"
"K11690","K13747",0.729018492176387,"Positive"
"K11690","K13818",0.635135135135135,"Positive"
"K11690","K15792",0.665291607396871,"Positive"
"K11690","K16651",0.655362731152205,"Positive"
"K11690","K18285",0.644267425320057,"Positive"
"K11690","K18930",0.696330014224751,"Positive"
"K11690","K19509",0.628108108108108,"Positive"
"K11690","K19713",0.618691322901849,"Positive"
"K11710","K18239",1,"Positive"
"K11751","K12152",0.776273115220484,"Positive"
"K11751","K12254",-0.680682788051209,"Negative"
"K11751","K12368",0.627083926031294,"Positive"
"K11751","K12369",0.61524893314367,"Positive"
"K11751","K12370",0.61524893314367,"Positive"
"K11751","K12371",0.61524893314367,"Positive"
"K11751","K12372",0.61524893314367,"Positive"
"K11751","K12524",0.783556187766714,"Positive"
"K11751","K12973",0.741194879089616,"Positive"
"K11751","K13497",0.634850640113798,"Positive"
"K11751","K13498",0.882731152204836,"Positive"
"K11751","K14187",0.880825035561878,"Positive"
"K11751","K14268",-0.634082503556188,"Negative"
"K11751","K15125",0.645206258890469,"Positive"
"K11751","K15408",-0.621507823613087,"Negative"
"K11751","K17226",-0.681081081081081,"Negative"
"K11751","K17315",-0.703641536273115,"Negative"
"K11751","K17316",-0.706002844950213,"Negative"
"K11751","K17317",-0.706002844950213,"Negative"
"K11751","K18889",0.670355618776671,"Positive"
"K11751","K18890",0.670355618776671,"Positive"
"K11751","K18981",-0.668136557610242,"Negative"
"K11751","K19227",0.880825035561878,"Positive"
"K11751","K19228",0.880825035561878,"Positive"
"K11751","K19229",0.880825035561878,"Positive"
"K11751","K19230",0.884438122332859,"Positive"
"K11751","K19236",0.757496443812233,"Positive"
"K11751","K19341",-0.639374110953058,"Negative"
"K11751","K19609",-0.659800853485064,"Negative"
"K11751","K19610",-0.659800853485064,"Negative"
"K11782","K11784",1,"Positive"
"K11782","K13818",0.941507823613087,"Positive"
"K11782","K15792",0.922076813655761,"Positive"
"K11782","K16651",0.89402560455192,"Positive"
"K11782","K18285",0.997894736842105,"Positive"
"K11782","K19353",0.66651493598862,"Positive"
"K11784","K13818",0.941507823613087,"Positive"
"K11784","K15792",0.922076813655761,"Positive"
"K11784","K16651",0.89402560455192,"Positive"
"K11784","K18285",0.997894736842105,"Positive"
"K11784","K19353",0.66651493598862,"Positive"
"K11890","K13574",0.613769559032717,"Positive"
"K11890","K13632",0.826628733997155,"Positive"
"K11890","K13816",0.70475106685633,"Positive"
"K11890","K13892",0.66728307254623,"Positive"
"K11890","K14051",0.826856330014225,"Positive"
"K11890","K16703",0.735675675675676,"Positive"
"K11890","K16710",0.735675675675676,"Positive"
"K11890","K17195",0.739061166429588,"Positive"
"K11890","K17202",0.699715504978663,"Positive"
"K11890","K17203",0.699715504978663,"Positive"
"K11890","K17204",0.699715504978663,"Positive"
"K11890","K17213",0.816671408250356,"Positive"
"K11890","K17214",0.825007112375533,"Positive"
"K11890","K17215",0.825007112375533,"Positive"
"K11890","K17850",0.623897581792319,"Positive"
"K11890","K18324",0.939317211948791,"Positive"
"K11890","K18326",0.920512091038407,"Positive"
"K11890","K19354",0.753143669985775,"Positive"
"K11891","K11892",0.99172119487909,"Positive"
"K11891","K11893",0.987539118065434,"Positive"
"K11891","K11895",0.88176386913229,"Positive"
"K11891","K11900",0.737809388335704,"Positive"
"K11891","K11901",0.748933143669986,"Positive"
"K11891","K11903",0.756614509246088,"Positive"
"K11891","K11907",0.747226173541963,"Positive"
"K11891","K12525",0.678605974395448,"Positive"
"K11891","K12582",0.678605974395448,"Positive"
"K11891","K12962",0.681308677098151,"Positive"
"K11891","K12963",0.681308677098151,"Positive"
"K11891","K12974",0.652859174964438,"Positive"
"K11891","K12975",0.652944523470839,"Positive"
"K11891","K13014",0.681308677098151,"Positive"
"K11891","K13301",0.678605974395448,"Positive"
"K11891","K13498",0.646116642958748,"Positive"
"K11891","K14187",0.651607396870555,"Positive"
"K11891","K16704",0.678605974395448,"Positive"
"K11891","K19222",0.626884779516358,"Positive"
"K11891","K19226",0.678947368421053,"Positive"
"K11891","K19227",0.651607396870555,"Positive"
"K11891","K19228",0.651607396870555,"Positive"
"K11891","K19229",0.651607396870555,"Positive"
"K11891","K19230",0.651977240398293,"Positive"
"K11891","K19270",0.708364153627312,"Positive"
"K11892","K11893",0.994310099573257,"Positive"
"K11892","K11895",0.890611664295875,"Positive"
"K11892","K11900",0.74972972972973,"Positive"
"K11892","K11901",0.759288762446657,"Positive"
"K11892","K11903",0.763869132290185,"Positive"
"K11892","K11907",0.75823613086771,"Positive"
"K11892","K12525",0.692318634423898,"Positive"
"K11892","K12582",0.692318634423898,"Positive"
"K11892","K12962",0.682901849217639,"Positive"
"K11892","K12963",0.682901849217639,"Positive"
"K11892","K12974",0.656159317211949,"Positive"
"K11892","K12975",0.655078236130868,"Positive"
"K11892","K13014",0.682901849217639,"Positive"
"K11892","K13301",0.692318634423898,"Positive"
"K11892","K13378",0.605689900426743,"Positive"
"K11892","K13498",0.653172119487909,"Positive"
"K11892","K14187",0.664722617354196,"Positive"
"K11892","K16704",0.692318634423898,"Positive"
"K11892","K19222",0.639317211948791,"Positive"
"K11892","K19226",0.692574679943101,"Positive"
"K11892","K19227",0.664722617354196,"Positive"
"K11892","K19228",0.664722617354196,"Positive"
"K11892","K19229",0.664722617354196,"Positive"
"K11892","K19230",0.664722617354196,"Positive"
"K11892","K19270",0.716642958748222,"Positive"
"K11893","K11895",0.894509246088193,"Positive"
"K11893","K11900",0.757126600284495,"Positive"
"K11893","K11901",0.7649786628734,"Positive"
"K11893","K11903",0.766344238975818,"Positive"
"K11893","K11907",0.765490753911807,"Positive"
"K11893","K12525",0.676073968705548,"Positive"
"K11893","K12582",0.676073968705548,"Positive"
"K11893","K12962",0.668648648648649,"Positive"
"K11893","K12963",0.668648648648649,"Positive"
"K11893","K12974",0.648022759601707,"Positive"
"K11893","K12975",0.645803698435277,"Positive"
"K11893","K13014",0.668648648648649,"Positive"
"K11893","K13301",0.676073968705548,"Positive"
"K11893","K13498",0.647823613086771,"Positive"
"K11893","K14187",0.655988620199146,"Positive"
"K11893","K16704",0.676073968705548,"Positive"
"K11893","K19222",0.626770981507824,"Positive"
"K11893","K19226",0.676159317211949,"Positive"
"K11893","K19227",0.655988620199146,"Positive"
"K11893","K19228",0.655988620199146,"Positive"
"K11893","K19229",0.655988620199146,"Positive"
"K11893","K19230",0.654879089615932,"Positive"
"K11893","K19270",0.70321479374111,"Positive"
"K11895","K11900",0.855049786628734,"Positive"
"K11895","K11901",0.865803698435277,"Positive"
"K11895","K11903",0.859829302987198,"Positive"
"K11895","K11907",0.865832147937411,"Positive"
"K11895","K16165",-0.617126600284495,"Negative"
"K11895","K18800",0.634850640113798,"Positive"
"K11900","K11901",0.98850640113798,"Positive"
"K11900","K11903",0.980028449502134,"Positive"
"K11900","K11907",0.99149359886202,"Positive"
"K11900","K13498",0.616955903271693,"Positive"
"K11900","K13893",0.630896159317212,"Positive"
"K11900","K14187",0.626685633001422,"Positive"
"K11900","K18800",0.78972972972973,"Positive"
"K11900","K19227",0.626685633001422,"Positive"
"K11900","K19228",0.626685633001422,"Positive"
"K11900","K19229",0.626685633001422,"Positive"
"K11900","K19230",0.625633001422475,"Positive"
"K11901","K11903",0.991351351351351,"Positive"
"K11901","K11907",0.998719772403983,"Positive"
"K11901","K13498",0.641792318634424,"Positive"
"K11901","K13893",0.611237553342816,"Positive"
"K11901","K14187",0.650583214793741,"Positive"
"K11901","K18800",0.775419630156472,"Positive"
"K11901","K19227",0.650583214793741,"Positive"
"K11901","K19228",0.650583214793741,"Positive"
"K11901","K19229",0.650583214793741,"Positive"
"K11901","K19230",0.650298719772404,"Positive"
"K11902","K13816",0.632176386913229,"Positive"
"K11902","K18697",0.659061166429587,"Positive"
"K11903","K11907",0.990327169274538,"Positive"
"K11903","K13498",0.659687055476529,"Positive"
"K11903","K13893",0.601394025604552,"Positive"
"K11903","K14187",0.667823613086771,"Positive"
"K11903","K18800",0.772660028449502,"Positive"
"K11903","K19227",0.667823613086771,"Positive"
"K11903","K19228",0.667823613086771,"Positive"
"K11903","K19229",0.667823613086771,"Positive"
"K11903","K19230",0.667766714082504,"Positive"
"K11907","K13498",0.637752489331437,"Positive"
"K11907","K13893",0.619146514935989,"Positive"
"K11907","K14187",0.646230440967283,"Positive"
"K11907","K18800",0.780881934566145,"Positive"
"K11907","K19227",0.646230440967283,"Positive"
"K11907","K19228",0.646230440967283,"Positive"
"K11907","K19229",0.646230440967283,"Positive"
"K11907","K19230",0.645177809388336,"Positive"
"K11931","K12957",0.801963015647226,"Positive"
"K11931","K13522",0.821820768136558,"Positive"
"K11931","K14159",0.88597439544808,"Positive"
"K11931","K16839",0.702788051209104,"Positive"
"K11931","K16840",0.772460881934566,"Positive"
"K11931","K16841",0.659544807965861,"Positive"
"K11931","K16842",0.75126600284495,"Positive"
"K11931","K17228",0.708392603129445,"Positive"
"K11931","K18137",0.88597439544808,"Positive"
"K11931","K18147",0.88597439544808,"Positive"
"K11935","K11937",0.933371266002845,"Positive"
"K11959","K11960",0.772091038406828,"Positive"
"K11959","K11961",0.999459459459459,"Positive"
"K11959","K11962",0.776927453769559,"Positive"
"K11959","K11963",0.776927453769559,"Positive"
"K11959","K13745",0.635618776671408,"Positive"
"K11959","K15553",0.688620199146515,"Positive"
"K11959","K15554",0.674082503556188,"Positive"
"K11959","K16692",0.733968705547653,"Positive"
"K11960","K11961",0.770327169274538,"Positive"
"K11960","K11962",0.998918918918919,"Positive"
"K11960","K11963",0.998918918918919,"Positive"
"K11961","K11962",0.776216216216216,"Positive"
"K11961","K11963",0.776216216216216,"Positive"
"K11961","K13745",0.631522048364154,"Positive"
"K11961","K15553",0.688847795163585,"Positive"
"K11961","K15554",0.673428165007112,"Positive"
"K11961","K16692",0.730355618776671,"Positive"
"K11962","K11963",1,"Positive"
"K12111","K12112",0.699402560455192,"Positive"
"K12111","K15584",0.645633001422475,"Positive"
"K12111","K15585",0.645633001422475,"Positive"
"K12111","K15586",0.648108108108108,"Positive"
"K12111","K15587",0.645633001422475,"Positive"
"K12112","K12527",0.751436699857753,"Positive"
"K12112","K14977",0.724409672830725,"Positive"
"K12112","K15584",0.798947368421053,"Positive"
"K12112","K15585",0.798947368421053,"Positive"
"K12112","K15586",0.794736842105263,"Positive"
"K12112","K15587",0.798947368421053,"Positive"
"K12112","K18333",0.68972972972973,"Positive"
"K12152","K12368",0.826088193456615,"Positive"
"K12152","K12369",0.854708392603129,"Positive"
"K12152","K12370",0.854708392603129,"Positive"
"K12152","K12371",0.854708392603129,"Positive"
"K12152","K12372",0.854708392603129,"Positive"
"K12152","K12524",0.760625889046942,"Positive"
"K12152","K12525",0.831607396870555,"Positive"
"K12152","K12582",0.831607396870555,"Positive"
"K12152","K12962",0.793456614509246,"Positive"
"K12152","K12963",0.793456614509246,"Positive"
"K12152","K12973",0.706173541963016,"Positive"
"K12152","K12974",0.787311522048364,"Positive"
"K12152","K12975",0.789815078236131,"Positive"
"K12152","K13014",0.793456614509246,"Positive"
"K12152","K13301",0.831607396870555,"Positive"
"K12152","K13498",0.903869132290185,"Positive"
"K12152","K14187",0.913371266002845,"Positive"
"K12152","K16704",0.831607396870555,"Positive"
"K12152","K18889",0.60122332859175,"Positive"
"K12152","K18890",0.60122332859175,"Positive"
"K12152","K19222",0.761422475106686,"Positive"
"K12152","K19226",0.831522048364154,"Positive"
"K12152","K19227",0.913371266002845,"Positive"
"K12152","K19228",0.913371266002845,"Positive"
"K12152","K19229",0.913371266002845,"Positive"
"K12152","K19230",0.912859174964438,"Positive"
"K12152","K19236",0.709018492176387,"Positive"
"K12152","K19270",0.734679943100996,"Positive"
"K12254","K12976",0.627908961593172,"Positive"
"K12254","K13541",0.902731152204836,"Positive"
"K12254","K13590",0.814338549075391,"Positive"
"K12254","K14268",0.935504978662873,"Positive"
"K12254","K14596",0.613285917496444,"Positive"
"K12254","K15373",0.635391180654339,"Positive"
"K12254","K15408",0.931550497866287,"Positive"
"K12254","K15864",0.72796586059744,"Positive"
"K12254","K16370",0.680312944523471,"Positive"
"K12254","K17226",0.999971550497866,"Positive"
"K12254","K17315",0.967226173541963,"Positive"
"K12254","K17316",0.970156472261735,"Positive"
"K12254","K17317",0.970156472261735,"Positive"
"K12254","K17838",0.722389758179232,"Positive"
"K12254","K18135",0.775192034139403,"Positive"
"K12254","K18291",0.92950213371266,"Positive"
"K12254","K18292",0.708534850640114,"Positive"
"K12254","K18889",-0.652062588904694,"Negative"
"K12254","K18890",-0.652062588904694,"Negative"
"K12254","K18930",0.786571834992888,"Positive"
"K12254","K18981",0.969530583214794,"Positive"
"K12254","K19236",-0.625490753911807,"Negative"
"K12254","K19340",0.688449502133713,"Positive"
"K12254","K19341",0.789615931721195,"Positive"
"K12254","K19609",0.969559032716927,"Positive"
"K12254","K19610",0.969559032716927,"Positive"
"K12254","K19696",0.7225320056899,"Positive"
"K12254","K19713",0.821394025604552,"Positive"
"K12255","K12658",0.63900426742532,"Positive"
"K12255","K13529",0.766344238975818,"Positive"
"K12255","K14519",0.650440967283073,"Positive"
"K12255","K15598",0.71547652916074,"Positive"
"K12255","K15599",0.71547652916074,"Positive"
"K12255","K15600",0.715618776671408,"Positive"
"K12255","K17202",0.673541963015647,"Positive"
"K12255","K17203",0.673541963015647,"Positive"
"K12255","K17204",0.673541963015647,"Positive"
"K12255","K18335",0.651379800853485,"Positive"
"K12256","K12688",0.677809388335704,"Positive"
"K12256","K14026",0.677809388335704,"Positive"
"K12256","K18148",0.720085348506401,"Positive"
"K12296","K12554",0.743072546230441,"Positive"
"K12296","K12556",0.96298719772404,"Positive"
"K12296","K13677",0.747567567567568,"Positive"
"K12339","K13378",0.866145092460882,"Positive"
"K12339","K15777",0.659431009957326,"Positive"
"K12339","K16692",0.649871977240398,"Positive"
"K12368","K12369",0.984864864864865,"Positive"
"K12368","K12370",0.984864864864865,"Positive"
"K12368","K12371",0.984864864864865,"Positive"
"K12368","K12372",0.984864864864865,"Positive"
"K12368","K12524",0.651294452347084,"Positive"
"K12368","K12525",0.741593172119488,"Positive"
"K12368","K12582",0.741593172119488,"Positive"
"K12368","K12962",0.736671408250356,"Positive"
"K12368","K12963",0.736671408250356,"Positive"
"K12368","K12973",0.674793741109531,"Positive"
"K12368","K12974",0.707425320056899,"Positive"
"K12368","K12975",0.702560455192034,"Positive"
"K12368","K13014",0.736671408250356,"Positive"
"K12368","K13301",0.741593172119488,"Positive"
"K12368","K13498",0.732432432432432,"Positive"
"K12368","K14187",0.727880512091038,"Positive"
"K12368","K16704",0.741593172119488,"Positive"
"K12368","K19222",0.777809388335704,"Positive"
"K12368","K19226",0.741735419630156,"Positive"
"K12368","K19227",0.727880512091038,"Positive"
"K12368","K19228",0.727880512091038,"Positive"
"K12368","K19229",0.727880512091038,"Positive"
"K12368","K19230",0.729815078236131,"Positive"
"K12368","K19236",0.651123755334282,"Positive"
"K12368","K19270",0.746913229018492,"Positive"
"K12369","K12370",1,"Positive"
"K12369","K12371",1,"Positive"
"K12369","K12372",1,"Positive"
"K12369","K12524",0.666799431009957,"Positive"
"K12369","K12525",0.778463726884779,"Positive"
"K12369","K12582",0.778463726884779,"Positive"
"K12369","K12962",0.762190611664296,"Positive"
"K12369","K12963",0.762190611664296,"Positive"
"K12369","K12973",0.660938833570412,"Positive"
"K12369","K12974",0.737866287339972,"Positive"
"K12369","K12975",0.732802275960171,"Positive"
"K12369","K13014",0.762190611664296,"Positive"
"K12369","K13301",0.778463726884779,"Positive"
"K12369","K13498",0.749416785206259,"Positive"
"K12369","K14187",0.753541963015647,"Positive"
"K12369","K16704",0.778463726884779,"Positive"
"K12369","K19222",0.807823613086771,"Positive"
"K12369","K19226",0.778549075391181,"Positive"
"K12369","K19227",0.753541963015647,"Positive"
"K12369","K19228",0.753541963015647,"Positive"
"K12369","K19229",0.753541963015647,"Positive"
"K12369","K19230",0.753001422475107,"Positive"
"K12369","K19236",0.644153627311522,"Positive"
"K12369","K19270",0.780398293029872,"Positive"
"K12370","K12371",1,"Positive"
"K12370","K12372",1,"Positive"
"K12370","K12524",0.666799431009957,"Positive"
"K12370","K12525",0.778463726884779,"Positive"
"K12370","K12582",0.778463726884779,"Positive"
"K12370","K12962",0.762190611664296,"Positive"
"K12370","K12963",0.762190611664296,"Positive"
"K12370","K12973",0.660938833570412,"Positive"
"K12370","K12974",0.737866287339972,"Positive"
"K12370","K12975",0.732802275960171,"Positive"
"K12370","K13014",0.762190611664296,"Positive"
"K12370","K13301",0.778463726884779,"Positive"
"K12370","K13498",0.749416785206259,"Positive"
"K12370","K14187",0.753541963015647,"Positive"
"K12370","K16704",0.778463726884779,"Positive"
"K12370","K19222",0.807823613086771,"Positive"
"K12370","K19226",0.778549075391181,"Positive"
"K12370","K19227",0.753541963015647,"Positive"
"K12370","K19228",0.753541963015647,"Positive"
"K12370","K19229",0.753541963015647,"Positive"
"K12370","K19230",0.753001422475107,"Positive"
"K12370","K19236",0.644153627311522,"Positive"
"K12370","K19270",0.780398293029872,"Positive"
"K12371","K12372",1,"Positive"
"K12371","K12524",0.666799431009957,"Positive"
"K12371","K12525",0.778463726884779,"Positive"
"K12371","K12582",0.778463726884779,"Positive"
"K12371","K12962",0.762190611664296,"Positive"
"K12371","K12963",0.762190611664296,"Positive"
"K12371","K12973",0.660938833570412,"Positive"
"K12371","K12974",0.737866287339972,"Positive"
"K12371","K12975",0.732802275960171,"Positive"
"K12371","K13014",0.762190611664296,"Positive"
"K12371","K13301",0.778463726884779,"Positive"
"K12371","K13498",0.749416785206259,"Positive"
"K12371","K14187",0.753541963015647,"Positive"
"K12371","K16704",0.778463726884779,"Positive"
"K12371","K19222",0.807823613086771,"Positive"
"K12371","K19226",0.778549075391181,"Positive"
"K12371","K19227",0.753541963015647,"Positive"
"K12371","K19228",0.753541963015647,"Positive"
"K12371","K19229",0.753541963015647,"Positive"
"K12371","K19230",0.753001422475107,"Positive"
"K12371","K19236",0.644153627311522,"Positive"
"K12371","K19270",0.780398293029872,"Positive"
"K12372","K12524",0.666799431009957,"Positive"
"K12372","K12525",0.778463726884779,"Positive"
"K12372","K12582",0.778463726884779,"Positive"
"K12372","K12962",0.762190611664296,"Positive"
"K12372","K12963",0.762190611664296,"Positive"
"K12372","K12973",0.660938833570412,"Positive"
"K12372","K12974",0.737866287339972,"Positive"
"K12372","K12975",0.732802275960171,"Positive"
"K12372","K13014",0.762190611664296,"Positive"
"K12372","K13301",0.778463726884779,"Positive"
"K12372","K13498",0.749416785206259,"Positive"
"K12372","K14187",0.753541963015647,"Positive"
"K12372","K16704",0.778463726884779,"Positive"
"K12372","K19222",0.807823613086771,"Positive"
"K12372","K19226",0.778549075391181,"Positive"
"K12372","K19227",0.753541963015647,"Positive"
"K12372","K19228",0.753541963015647,"Positive"
"K12372","K19229",0.753541963015647,"Positive"
"K12372","K19230",0.753001422475107,"Positive"
"K12372","K19236",0.644153627311522,"Positive"
"K12372","K19270",0.780398293029872,"Positive"
"K12524","K13498",0.853826458036984,"Positive"
"K12524","K14187",0.85647226173542,"Positive"
"K12524","K15125",0.681963015647226,"Positive"
"K12524","K17315",-0.629246088193457,"Negative"
"K12524","K17316",-0.627311522048364,"Negative"
"K12524","K17317",-0.627311522048364,"Negative"
"K12524","K18800",0.634054054054054,"Positive"
"K12524","K19227",0.85647226173542,"Positive"
"K12524","K19228",0.85647226173542,"Positive"
"K12524","K19229",0.85647226173542,"Positive"
"K12524","K19230",0.855078236130868,"Positive"
"K12525","K12582",1,"Positive"
"K12525","K12962",0.965604551920341,"Positive"
"K12525","K12963",0.965604551920341,"Positive"
"K12525","K12973",0.847795163584637,"Positive"
"K12525","K12974",0.94873399715505,"Positive"
"K12525","K12975",0.95172119487909,"Positive"
"K12525","K13014",0.965604551920341,"Positive"
"K12525","K13301",1,"Positive"
"K12525","K13498",0.731009957325747,"Positive"
"K12525","K14187",0.74076813655761,"Positive"
"K12525","K16704",1,"Positive"
"K12525","K18889",0.747055476529161,"Positive"
"K12525","K18890",0.747055476529161,"Positive"
"K12525","K19222",0.95724039829303,"Positive"
"K12525","K19226",0.999914651493599,"Positive"
"K12525","K19227",0.74076813655761,"Positive"
"K12525","K19228",0.74076813655761,"Positive"
"K12525","K19229",0.74076813655761,"Positive"
"K12525","K19230",0.74022759601707,"Positive"
"K12525","K19236",0.844495021337127,"Positive"
"K12525","K19270",0.902617354196302,"Positive"
"K12527","K15584",0.828705547652916,"Positive"
"K12527","K15585",0.828705547652916,"Positive"
"K12527","K15586",0.832631578947368,"Positive"
"K12527","K15587",0.828705547652916,"Positive"
"K12527","K16165",0.737894736842105,"Positive"
"K12554","K12556",0.695448079658606,"Positive"
"K12554","K13677",0.72773826458037,"Positive"
"K12556","K13677",0.791095305832148,"Positive"
"K12582","K12962",0.965604551920341,"Positive"
"K12582","K12963",0.965604551920341,"Positive"
"K12582","K12973",0.847795163584637,"Positive"
"K12582","K12974",0.94873399715505,"Positive"
"K12582","K12975",0.95172119487909,"Positive"
"K12582","K13014",0.965604551920341,"Positive"
"K12582","K13301",1,"Positive"
"K12582","K13498",0.731009957325747,"Positive"
"K12582","K14187",0.74076813655761,"Positive"
"K12582","K16704",1,"Positive"
"K12582","K18889",0.747055476529161,"Positive"
"K12582","K18890",0.747055476529161,"Positive"
"K12582","K19222",0.95724039829303,"Positive"
"K12582","K19226",0.999914651493599,"Positive"
"K12582","K19227",0.74076813655761,"Positive"
"K12582","K19228",0.74076813655761,"Positive"
"K12582","K19229",0.74076813655761,"Positive"
"K12582","K19230",0.74022759601707,"Positive"
"K12582","K19236",0.844495021337127,"Positive"
"K12582","K19270",0.902617354196302,"Positive"
"K12658","K13051",0.641251778093883,"Positive"
"K12658","K14519",0.920028449502134,"Positive"
"K12658","K15598",0.69149359886202,"Positive"
"K12658","K15599",0.69149359886202,"Positive"
"K12658","K15600",0.691436699857752,"Positive"
"K12658","K18335",0.739857752489331,"Positive"
"K12688","K14026",1,"Positive"
"K12688","K18133",0.870953058321479,"Positive"
"K12688","K18148",0.85701280227596,"Positive"
"K12688","K18369",0.81172119487909,"Positive"
"K12957","K13522",0.766770981507824,"Positive"
"K12957","K13745",0.749103840682788,"Positive"
"K12957","K14159",0.836073968705548,"Positive"
"K12957","K16839",0.8849786628734,"Positive"
"K12957","K16840",0.959459459459459,"Positive"
"K12957","K16841",0.830953058321479,"Positive"
"K12957","K16842",0.937866287339972,"Positive"
"K12957","K17228",0.790327169274538,"Positive"
"K12957","K18137",0.836073968705548,"Positive"
"K12957","K18147",0.836073968705548,"Positive"
"K12960","K13747",0.816785206258891,"Positive"
"K12962","K12963",1,"Positive"
"K12962","K12973",0.809985775248933,"Positive"
"K12962","K12974",0.904779516358464,"Positive"
"K12962","K12975",0.915334281650071,"Positive"
"K12962","K13014",1,"Positive"
"K12962","K13301",0.965604551920341,"Positive"
"K12962","K13498",0.706230440967283,"Positive"
"K12962","K14187",0.706145092460882,"Positive"
"K12962","K16704",0.965604551920341,"Positive"
"K12962","K18889",0.706458036984353,"Positive"
"K12962","K18890",0.706458036984353,"Positive"
"K12962","K19222",0.913968705547653,"Positive"
"K12962","K19226",0.96551920341394,"Positive"
"K12962","K19227",0.706145092460882,"Positive"
"K12962","K19228",0.706145092460882,"Positive"
"K12962","K19229",0.706145092460882,"Positive"
"K12962","K19230",0.705633001422475,"Positive"
"K12962","K19236",0.797268847795164,"Positive"
"K12962","K19270",0.87877667140825,"Positive"
"K12963","K12973",0.809985775248933,"Positive"
"K12963","K12974",0.904779516358464,"Positive"
"K12963","K12975",0.915334281650071,"Positive"
"K12963","K13014",1,"Positive"
"K12963","K13301",0.965604551920341,"Positive"
"K12963","K13498",0.706230440967283,"Positive"
"K12963","K14187",0.706145092460882,"Positive"
"K12963","K16704",0.965604551920341,"Positive"
"K12963","K18889",0.706458036984353,"Positive"
"K12963","K18890",0.706458036984353,"Positive"
"K12963","K19222",0.913968705547653,"Positive"
"K12963","K19226",0.96551920341394,"Positive"
"K12963","K19227",0.706145092460882,"Positive"
"K12963","K19228",0.706145092460882,"Positive"
"K12963","K19229",0.706145092460882,"Positive"
"K12963","K19230",0.705633001422475,"Positive"
"K12963","K19236",0.797268847795164,"Positive"
"K12963","K19270",0.87877667140825,"Positive"
"K12973","K12974",0.784324324324324,"Positive"
"K12973","K12975",0.783271692745377,"Positive"
"K12973","K13014",0.809985775248933,"Positive"
"K12973","K13301",0.847795163584637,"Positive"
"K12973","K13497",0.630042674253201,"Positive"
"K12973","K13498",0.64275960170697,"Positive"
"K12973","K13541",-0.656756756756757,"Negative"
"K12973","K14187",0.635533428165007,"Positive"
"K12973","K16704",0.847795163584637,"Positive"
"K12973","K17315",-0.609046941678521,"Negative"
"K12973","K17316",-0.613798008534851,"Negative"
"K12973","K17317",-0.613798008534851,"Negative"
"K12973","K18291",-0.659857752489331,"Negative"
"K12973","K18697",0.658435277382646,"Positive"
"K12973","K18889",0.867681365576102,"Positive"
"K12973","K18890",0.867681365576102,"Positive"
"K12973","K19222",0.811578947368421,"Positive"
"K12973","K19226",0.849189189189189,"Positive"
"K12973","K19227",0.635533428165007,"Positive"
"K12973","K19228",0.635533428165007,"Positive"
"K12973","K19229",0.635533428165007,"Positive"
"K12973","K19230",0.639601706970128,"Positive"
"K12973","K19236",0.993058321479374,"Positive"
"K12973","K19270",0.766714082503556,"Positive"
"K12974","K12975",0.998065433854908,"Positive"
"K12974","K13014",0.904779516358464,"Positive"
"K12974","K13301",0.94873399715505,"Positive"
"K12974","K13498",0.689559032716927,"Positive"
"K12974","K14187",0.698947368421053,"Positive"
"K12974","K16704",0.94873399715505,"Positive"
"K12974","K18889",0.686429587482219,"Positive"
"K12974","K18890",0.686429587482219,"Positive"
"K12974","K19222",0.911408250355619,"Positive"
"K12974","K19226",0.949445234708393,"Positive"
"K12974","K19227",0.698947368421053,"Positive"
"K12974","K19228",0.698947368421053,"Positive"
"K12974","K19229",0.698947368421053,"Positive"
"K12974","K19230",0.69900426742532,"Positive"
"K12974","K19236",0.778748221906117,"Positive"
"K12974","K19270",0.854566145092461,"Positive"
"K12975","K13014",0.915334281650071,"Positive"
"K12975","K13301",0.95172119487909,"Positive"
"K12975","K13498",0.692233285917496,"Positive"
"K12975","K14187",0.701337126600284,"Positive"
"K12975","K16704",0.95172119487909,"Positive"
"K12975","K18889",0.685604551920341,"Positive"
"K12975","K18890",0.685604551920341,"Positive"
"K12975","K19222",0.907055476529161,"Positive"
"K12975","K19226",0.952460881934566,"Positive"
"K12975","K19227",0.701337126600284,"Positive"
"K12975","K19228",0.701337126600284,"Positive"
"K12975","K19229",0.701337126600284,"Positive"
"K12975","K19230",0.701650071123755,"Positive"
"K12975","K19236",0.778918918918919,"Positive"
"K12975","K19270",0.855988620199147,"Positive"
"K12976","K13590",0.627795163584637,"Positive"
"K12976","K13938",0.778520625889047,"Positive"
"K12976","K14335",0.770583214793741,"Positive"
"K12976","K15011",0.781422475106686,"Positive"
"K12976","K15012",0.782674253200569,"Positive"
"K12976","K15371",0.755647226173542,"Positive"
"K12976","K15373",0.865092460881935,"Positive"
"K12976","K15864",0.650668563300142,"Positive"
"K12976","K16171",0.771834992887624,"Positive"
"K12976","K17226",0.627880512091038,"Positive"
"K12976","K18135",0.707254623044097,"Positive"
"K12976","K18292",0.926401137980085,"Positive"
"K12976","K19341",0.688193456614509,"Positive"
"K12976","K19696",0.783897581792319,"Positive"
"K12976","K19713",0.663641536273115,"Positive"
"K12979","K13940",0.780483641536273,"Positive"
"K12979","K18240",0.941308677098151,"Positive"
"K13014","K13301",0.965604551920341,"Positive"
"K13014","K13498",0.706230440967283,"Positive"
"K13014","K14187",0.706145092460882,"Positive"
"K13014","K16704",0.965604551920341,"Positive"
"K13014","K18889",0.706458036984353,"Positive"
"K13014","K18890",0.706458036984353,"Positive"
"K13014","K19222",0.913968705547653,"Positive"
"K13014","K19226",0.96551920341394,"Positive"
"K13014","K19227",0.706145092460882,"Positive"
"K13014","K19228",0.706145092460882,"Positive"
"K13014","K19229",0.706145092460882,"Positive"
"K13014","K19230",0.705633001422475,"Positive"
"K13014","K19236",0.797268847795164,"Positive"
"K13014","K19270",0.87877667140825,"Positive"
"K13051","K13529",0.714623044096728,"Positive"
"K13051","K13816",0.642076813655761,"Positive"
"K13051","K13890",0.67846372688478,"Positive"
"K13051","K13892",0.674395448079659,"Positive"
"K13051","K14519",0.68153627311522,"Positive"
"K13051","K15598",0.808022759601707,"Positive"
"K13051","K15599",0.808022759601707,"Positive"
"K13051","K15600",0.80551920341394,"Positive"
"K13051","K17202",0.6475106685633,"Positive"
"K13051","K17203",0.6475106685633,"Positive"
"K13051","K17204",0.6475106685633,"Positive"
"K13060","K19734",0.728648648648649,"Positive"
"K13301","K13498",0.731009957325747,"Positive"
"K13301","K14187",0.74076813655761,"Positive"
"K13301","K16704",1,"Positive"
"K13301","K18889",0.747055476529161,"Positive"
"K13301","K18890",0.747055476529161,"Positive"
"K13301","K19222",0.95724039829303,"Positive"
"K13301","K19226",0.999914651493599,"Positive"
"K13301","K19227",0.74076813655761,"Positive"
"K13301","K19228",0.74076813655761,"Positive"
"K13301","K19229",0.74076813655761,"Positive"
"K13301","K19230",0.74022759601707,"Positive"
"K13301","K19236",0.844495021337127,"Positive"
"K13301","K19270",0.902617354196302,"Positive"
"K13378","K15777",0.80551920341394,"Positive"
"K13408","K13409",0.996500711237553,"Positive"
"K13408","K13472",0.846088193456614,"Positive"
"K13409","K13472",0.850924608819346,"Positive"
"K13472","K13481",0.660711237553343,"Positive"
"K13472","K13482",0.642133712660028,"Positive"
"K13472","K13485",0.627311522048364,"Positive"
"K13472","K19743",0.652233285917496,"Positive"
"K13481","K13482",0.997098150782361,"Positive"
"K13481","K19743",0.69049786628734,"Positive"
"K13482","K19743",0.691607396870555,"Positive"
"K13485","K19743",0.630241820768137,"Positive"
"K13497","K19236",0.63325746799431,"Positive"
"K13498","K14187",0.99203413940256,"Positive"
"K13498","K15125",0.636216216216216,"Positive"
"K13498","K16704",0.731009957325747,"Positive"
"K13498","K18800",0.665206258890469,"Positive"
"K13498","K19222",0.657183499288762,"Positive"
"K13498","K19226",0.731095305832148,"Positive"
"K13498","K19227",0.99203413940256,"Positive"
"K13498","K19228",0.99203413940256,"Positive"
"K13498","K19229",0.99203413940256,"Positive"
"K13498","K19230",0.991294452347084,"Positive"
"K13498","K19236",0.645775248933144,"Positive"
"K13498","K19270",0.630298719772404,"Positive"
"K13522","K14159",0.850128022759602,"Positive"
"K13522","K16839",0.757098150782361,"Positive"
"K13522","K16840",0.809302987197724,"Positive"
"K13522","K16841",0.739630156472262,"Positive"
"K13522","K16842",0.805206258890469,"Positive"
"K13522","K17228",0.708847795163585,"Positive"
"K13522","K18137",0.850128022759602,"Positive"
"K13522","K18147",0.850128022759602,"Positive"
"K13529","K13816",0.799061166429587,"Positive"
"K13529","K15598",0.738862019914652,"Positive"
"K13529","K15599",0.738862019914652,"Positive"
"K13529","K15600",0.746088193456614,"Positive"
"K13529","K17202",0.798691322901849,"Positive"
"K13529","K17203",0.798691322901849,"Positive"
"K13529","K17204",0.798691322901849,"Positive"
"K13529","K17213",0.648990042674253,"Positive"
"K13529","K17214",0.638264580369844,"Positive"
"K13529","K17215",0.638264580369844,"Positive"
"K13541","K13590",0.732972972972973,"Positive"
"K13541","K14268",0.837980085348506,"Positive"
"K13541","K15408",0.825177809388336,"Positive"
"K13541","K15864",0.659829302987198,"Positive"
"K13541","K17226",0.90275960170697,"Positive"
"K13541","K17315",0.873541963015647,"Positive"
"K13541","K17316",0.875789473684211,"Positive"
"K13541","K17317",0.875789473684211,"Positive"
"K13541","K17838",0.639943100995733,"Positive"
"K13541","K18135",0.69203413940256,"Positive"
"K13541","K18291",0.975931721194879,"Positive"
"K13541","K18292",0.611351351351351,"Positive"
"K13541","K18697",-0.614879089615932,"Negative"
"K13541","K18889",-0.708392603129445,"Negative"
"K13541","K18890",-0.708392603129445,"Negative"
"K13541","K18930",0.690583214793741,"Positive"
"K13541","K18981",0.928051209103841,"Positive"
"K13541","K19236",-0.680369843527738,"Negative"
"K13541","K19341",0.69348506401138,"Positive"
"K13541","K19609",0.924950213371266,"Positive"
"K13541","K19610",0.924950213371266,"Positive"
"K13541","K19696",0.662475106685633,"Positive"
"K13541","K19713",0.726486486486487,"Positive"
"K13574","K15600",0.61103840682788,"Positive"
"K13574","K17195",0.84076813655761,"Positive"
"K13574","K17202",0.631692745376956,"Positive"
"K13574","K17203",0.631692745376956,"Positive"
"K13574","K17204",0.631692745376956,"Positive"
"K13574","K17213",0.68398293029872,"Positive"
"K13574","K17214",0.664495021337127,"Positive"
"K13574","K17215",0.664495021337127,"Positive"
"K13574","K18324",0.673570412517781,"Positive"
"K13574","K18326",0.712204836415363,"Positive"
"K13574","K19354",0.622816500711238,"Positive"
"K13590","K14268",0.76153627311522,"Positive"
"K13590","K15408",0.863186344238976,"Positive"
"K13590","K15864",0.696301564722617,"Positive"
"K13590","K16171",0.650526315789474,"Positive"
"K13590","K16370",0.645092460881935,"Positive"
"K13590","K17226",0.813769559032717,"Positive"
"K13590","K17315",0.792688477951636,"Positive"
"K13590","K17316",0.792204836415363,"Positive"
"K13590","K17317",0.792204836415363,"Positive"
"K13590","K18135",0.61823613086771,"Positive"
"K13590","K18291",0.757325746799431,"Positive"
"K13590","K18930",0.755135135135135,"Positive"
"K13590","K18981",0.797866287339972,"Positive"
"K13590","K19340",0.780398293029872,"Positive"
"K13590","K19341",0.79647226173542,"Positive"
"K13590","K19609",0.788705547652916,"Positive"
"K13590","K19610",0.788705547652916,"Positive"
"K13590","K19713",0.846372688477952,"Positive"
"K13632","K13892",0.615903271692745,"Positive"
"K13632","K14051",0.709985775248933,"Positive"
"K13632","K16703",0.834224751066856,"Positive"
"K13632","K16710",0.834224751066856,"Positive"
"K13632","K17195",0.643186344238976,"Positive"
"K13632","K17202",0.685576102418208,"Positive"
"K13632","K17203",0.685576102418208,"Positive"
"K13632","K17204",0.685576102418208,"Positive"
"K13632","K17213",0.655334281650071,"Positive"
"K13632","K17214",0.70352773826458,"Positive"
"K13632","K17215",0.70352773826458,"Positive"
"K13632","K18324",0.87448079658606,"Positive"
"K13632","K18326",0.867795163584637,"Positive"
"K13632","K19354",0.629644381223329,"Positive"
"K13735","K15576",-0.621137980085348,"Negative"
"K13745","K14159",0.600597439544808,"Positive"
"K13745","K14475",0.668392603129445,"Positive"
"K13745","K16692",0.839687055476529,"Positive"
"K13745","K16839",0.644722617354196,"Positive"
"K13745","K16840",0.718833570412518,"Positive"
"K13745","K16842",0.685405405405405,"Positive"
"K13745","K18137",0.600597439544808,"Positive"
"K13745","K18147",0.600597439544808,"Positive"
"K13766","K15011",0.621678520625889,"Positive"
"K13766","K15012",0.621621621621622,"Positive"
"K13766","K16171",0.695334281650071,"Positive"
"K13816","K14051",0.710782361308677,"Positive"
"K13816","K16703",0.641564722617354,"Positive"
"K13816","K16710",0.641564722617354,"Positive"
"K13816","K17202",0.664921763869132,"Positive"
"K13816","K17203",0.664921763869132,"Positive"
"K13816","K17204",0.664921763869132,"Positive"
"K13816","K17213",0.640654338549075,"Positive"
"K13816","K17214",0.652830725462304,"Positive"
"K13816","K17215",0.652830725462304,"Positive"
"K13816","K18324",0.648477951635846,"Positive"
"K13816","K18326",0.620654338549075,"Positive"
"K13816","K19354",0.635334281650071,"Positive"
"K13818","K15792",0.933399715504979,"Positive"
"K13818","K16651",0.954054054054054,"Positive"
"K13818","K18285",0.941678520625889,"Positive"
"K13818","K19353",0.675192034139403,"Positive"
"K13889","K13890",0.774992887624467,"Positive"
"K13889","K13891",0.902702702702703,"Positive"
"K13889","K13892",0.862503556187767,"Positive"
"K13889","K15598",0.60375533428165,"Positive"
"K13889","K15599",0.60375533428165,"Positive"
"K13889","K15600",0.602475106685633,"Positive"
"K13889","K18326",0.600711237553343,"Positive"
"K13890","K13891",0.878805120910384,"Positive"
"K13890","K13892",0.683157894736842,"Positive"
"K13890","K15598",0.695960170697013,"Positive"
"K13890","K15599",0.695960170697013,"Positive"
"K13890","K15600",0.698833570412518,"Positive"
"K13890","K17202",0.646600284495021,"Positive"
"K13890","K17203",0.646600284495021,"Positive"
"K13890","K17204",0.646600284495021,"Positive"
"K13891","K13892",0.798890469416785,"Positive"
"K13891","K18326",0.619459459459459,"Positive"
"K13892","K15598",0.697439544807966,"Positive"
"K13892","K15599",0.697439544807966,"Positive"
"K13892","K15600",0.696870554765292,"Positive"
"K13892","K17213",0.617695590327169,"Positive"
"K13892","K17214",0.600654338549075,"Positive"
"K13892","K17215",0.600654338549075,"Positive"
"K13892","K18324",0.70176386913229,"Positive"
"K13892","K18326",0.730213371266003,"Positive"
"K13893","K13894",0.933342816500711,"Positive"
"K13893","K13895",0.933342816500711,"Positive"
"K13893","K13896",0.933513513513514,"Positive"
"K13893","K18800",0.764921763869132,"Positive"
"K13894","K13895",1,"Positive"
"K13894","K13896",0.999118065433855,"Positive"
"K13894","K18800",0.678605974395448,"Positive"
"K13895","K13896",0.999118065433855,"Positive"
"K13895","K18800",0.678605974395448,"Positive"
"K13896","K18800",0.679061166429587,"Positive"
"K13919","K13920",1,"Positive"
"K13919","K14422",0.70796586059744,"Positive"
"K13919","K16937",0.971607396870555,"Positive"
"K13919","K16961",0.961081081081081,"Positive"
"K13919","K17722",0.993598862019915,"Positive"
"K13919","K17950",0.99126600284495,"Positive"
"K13919","K19349",0.993883357041252,"Positive"
"K13920","K14422",0.70796586059744,"Positive"
"K13920","K16937",0.971607396870555,"Positive"
"K13920","K16961",0.961081081081081,"Positive"
"K13920","K17722",0.993598862019915,"Positive"
"K13920","K17950",0.99126600284495,"Positive"
"K13920","K19349",0.993883357041252,"Positive"
"K13938","K14335",0.696927453769559,"Positive"
"K13938","K15371",0.620938833570412,"Positive"
"K13938","K15373",0.747027027027027,"Positive"
"K13938","K15576",0.737923186344239,"Positive"
"K13938","K15577",0.606116642958748,"Positive"
"K13938","K15578",0.606116642958748,"Positive"
"K13938","K18292",0.794167852062589,"Positive"
"K13938","K18968",0.725263157894737,"Positive"
"K13940","K18240",0.789075391180654,"Positive"
"K14026","K18133",0.870953058321479,"Positive"
"K14026","K18148",0.85701280227596,"Positive"
"K14026","K18369",0.81172119487909,"Positive"
"K14051","K16703",0.887055476529161,"Positive"
"K14051","K16710",0.887055476529161,"Positive"
"K14051","K17195",0.63302987197724,"Positive"
"K14051","K17213",0.804665718349929,"Positive"
"K14051","K17214",0.814167852062589,"Positive"
"K14051","K17215",0.814167852062589,"Positive"
"K14051","K18324",0.858890469416785,"Positive"
"K14051","K18326",0.839032716927454,"Positive"
"K14051","K19354",0.919431009957326,"Positive"
"K14159","K16839",0.744039829302987,"Positive"
"K14159","K16840",0.793285917496444,"Positive"
"K14159","K16841",0.668762446657184,"Positive"
"K14159","K16842",0.779288762446657,"Positive"
"K14159","K17228",0.736614509246088,"Positive"
"K14159","K18137",1,"Positive"
"K14159","K18147",1,"Positive"
"K14187","K15125",0.616443812233286,"Positive"
"K14187","K16704",0.74076813655761,"Positive"
"K14187","K18800",0.662901849217639,"Positive"
"K14187","K19222",0.667112375533428,"Positive"
"K14187","K19226",0.740853485064011,"Positive"
"K14187","K19227",1,"Positive"
"K14187","K19228",1,"Positive"
"K14187","K19229",1,"Positive"
"K14187","K19230",0.999146514935989,"Positive"
"K14187","K19236",0.644637268847795,"Positive"
"K14187","K19270",0.636984352773826,"Positive"
"K14268","K15408",0.869615931721195,"Positive"
"K14268","K15864",0.66574679943101,"Positive"
"K14268","K16370",0.744125177809388,"Positive"
"K14268","K17226",0.93547652916074,"Positive"
"K14268","K17315",0.901877667140825,"Positive"
"K14268","K17316",0.904807965860597,"Positive"
"K14268","K17317",0.904807965860597,"Positive"
"K14268","K17838",0.677809388335704,"Positive"
"K14268","K18135",0.722048364153627,"Positive"
"K14268","K18291",0.862332859174964,"Positive"
"K14268","K18292",0.634935988620199,"Positive"
"K14268","K18930",0.717951635846373,"Positive"
"K14268","K18981",0.907482219061166,"Positive"
"K14268","K19340",0.678947368421053,"Positive"
"K14268","K19341",0.730384068278805,"Positive"
"K14268","K19609",0.922247510668563,"Positive"
"K14268","K19610",0.922247510668563,"Positive"
"K14268","K19696",0.647937411095306,"Positive"
"K14268","K19713",0.756415362731152,"Positive"
"K14335","K15011",0.660796586059744,"Positive"
"K14335","K15012",0.661792318634424,"Positive"
"K14335","K15371",0.752745376955903,"Positive"
"K14335","K15373",0.911749644381223,"Positive"
"K14335","K16171",0.643812233285918,"Positive"
"K14335","K18135",0.626173541963016,"Positive"
"K14335","K18292",0.844893314366999,"Positive"
"K14335","K18968",0.644836415362731,"Positive"
"K14335","K19696",0.660398293029872,"Positive"
"K14422","K16937",0.683100995732575,"Positive"
"K14422","K16961",0.690867709815078,"Positive"
"K14422","K17722",0.711351351351351,"Positive"
"K14422","K17950",0.713769559032717,"Positive"
"K14422","K19349",0.715135135135135,"Positive"
"K14475","K16692",0.606770981507824,"Positive"
"K14519","K15598",0.698349928876245,"Positive"
"K14519","K15599",0.698349928876245,"Positive"
"K14519","K15600",0.696102418207681,"Positive"
"K14519","K18335",0.726458036984353,"Positive"
"K14596","K17226",0.613058321479374,"Positive"
"K14596","K17838",0.717610241820768,"Positive"
"K14596","K19609",0.602162162162162,"Positive"
"K14596","K19610",0.602162162162162,"Positive"
"K14977","K15584",0.640113798008535,"Positive"
"K14977","K15585",0.640113798008535,"Positive"
"K14977","K15586",0.63923186344239,"Positive"
"K14977","K15587",0.640113798008535,"Positive"
"K14977","K16165",0.602389758179232,"Positive"
"K15011","K15012",0.999943100995733,"Positive"
"K15011","K15371",0.79578947368421,"Positive"
"K15011","K15373",0.658862019914652,"Positive"
"K15011","K16171",0.829473684210526,"Positive"
"K15011","K18292",0.741593172119488,"Positive"
"K15011","K19696",0.718975817923186,"Positive"
"K15012","K15371",0.795903271692745,"Positive"
"K15012","K15373",0.659487908961593,"Positive"
"K15012","K16171",0.829672830725462,"Positive"
"K15012","K18292",0.742617354196302,"Positive"
"K15012","K19696",0.720568990042674,"Positive"
"K15125","K19227",0.616443812233286,"Positive"
"K15125","K19228",0.616443812233286,"Positive"
"K15125","K19229",0.616443812233286,"Positive"
"K15125","K19230",0.619544807965861,"Positive"
"K15371","K15373",0.747880512091038,"Positive"
"K15371","K16171",0.774196301564723,"Positive"
"K15371","K18292",0.819829302987198,"Positive"
"K15371","K19696",0.786315789473684,"Positive"
"K15373","K16171",0.630241820768137,"Positive"
"K15373","K17226",0.634935988620199,"Positive"
"K15373","K18135",0.736614509246088,"Positive"
"K15373","K18292",0.937951635846373,"Positive"
"K15373","K18968",0.646856330014225,"Positive"
"K15373","K18981",0.616728307254623,"Positive"
"K15373","K19609",0.619459459459459,"Positive"
"K15373","K19610",0.619459459459459,"Positive"
"K15373","K19696",0.75126600284495,"Positive"
"K15408","K15864",0.702816500711238,"Positive"
"K15408","K16370",0.635789473684211,"Positive"
"K15408","K17226",0.931664295874822,"Positive"
"K15408","K17315",0.886173541963016,"Positive"
"K15408","K17316",0.890981507823613,"Positive"
"K15408","K17317",0.890981507823613,"Positive"
"K15408","K17838",0.663413940256045,"Positive"
"K15408","K18135",0.743442389758179,"Positive"
"K15408","K18291",0.856102418207681,"Positive"
"K15408","K18292",0.627880512091038,"Positive"
"K15408","K18697",-0.627994310099573,"Negative"
"K15408","K18930",0.711009957325747,"Positive"
"K15408","K18981",0.889302987197724,"Positive"
"K15408","K19340",0.716301564722617,"Positive"
"K15408","K19341",0.733428165007112,"Positive"
"K15408","K19609",0.896955903271693,"Positive"
"K15408","K19610",0.896955903271693,"Positive"
"K15408","K19696",0.652290184921764,"Positive"
"K15408","K19713",0.744921763869132,"Positive"
"K15553","K15554",0.975448079658606,"Positive"
"K15576","K15577",0.842361308677098,"Positive"
"K15576","K15578",0.842361308677098,"Positive"
"K15576","K18292",0.655533428165007,"Positive"
"K15577","K15578",1,"Positive"
"K15577","K17838",0.646714082503556,"Positive"
"K15578","K17838",0.646714082503556,"Positive"
"K15584","K15585",1,"Positive"
"K15584","K15586",0.99900426742532,"Positive"
"K15584","K15587",1,"Positive"
"K15584","K16165",0.613940256045519,"Positive"
"K15585","K15586",0.99900426742532,"Positive"
"K15585","K15587",1,"Positive"
"K15585","K16165",0.613940256045519,"Positive"
"K15586","K15587",0.99900426742532,"Positive"
"K15586","K16165",0.614566145092461,"Positive"
"K15587","K16165",0.613940256045519,"Positive"
"K15598","K15599",1,"Positive"
"K15598","K15600",0.998577524893314,"Positive"
"K15598","K17202",0.755135135135135,"Positive"
"K15598","K17203",0.755135135135135,"Positive"
"K15598","K17204",0.755135135135135,"Positive"
"K15599","K15600",0.998577524893314,"Positive"
"K15599","K17202",0.755135135135135,"Positive"
"K15599","K17203",0.755135135135135,"Positive"
"K15599","K17204",0.755135135135135,"Positive"
"K15600","K17202",0.765917496443812,"Positive"
"K15600","K17203",0.765917496443812,"Positive"
"K15600","K17204",0.765917496443812,"Positive"
"K15792","K16651",0.938150782361309,"Positive"
"K15792","K18285",0.927709815078236,"Positive"
"K15792","K19353",0.681308677098151,"Positive"
"K15864","K16370",0.601706970128023,"Positive"
"K15864","K17226",0.729189189189189,"Positive"
"K15864","K17315",0.653655761024182,"Positive"
"K15864","K17316",0.666884779516358,"Positive"
"K15864","K17317",0.666884779516358,"Positive"
"K15864","K18135",0.79823613086771,"Positive"
"K15864","K18291",0.691692745376956,"Positive"
"K15864","K18889",-0.605206258890469,"Negative"
"K15864","K18890",-0.605206258890469,"Negative"
"K15864","K18930",0.637268847795164,"Positive"
"K15864","K18981",0.662588904694168,"Positive"
"K15864","K19340",0.812091038406828,"Positive"
"K15864","K19341",0.916699857752489,"Positive"
"K15864","K19609",0.703869132290185,"Positive"
"K15864","K19610",0.703869132290185,"Positive"
"K15864","K19713",0.782788051209104,"Positive"
"K16171","K18292",0.693285917496444,"Positive"
"K16171","K19696",0.742247510668563,"Positive"
"K16370","K17226",0.679601706970128,"Positive"
"K16370","K17315",0.65371266002845,"Positive"
"K16370","K17316",0.651209103840683,"Positive"
"K16370","K17317",0.651209103840683,"Positive"
"K16370","K18930",0.721507823613087,"Positive"
"K16370","K18981",0.651550497866287,"Positive"
"K16370","K19340",0.640312944523471,"Positive"
"K16370","K19341",0.679914651493599,"Positive"
"K16370","K19609",0.663300142247511,"Positive"
"K16370","K19610",0.663300142247511,"Positive"
"K16370","K19713",0.692859174964438,"Positive"
"K16651","K18285",0.89524893314367,"Positive"
"K16651","K19353",0.677297297297297,"Positive"
"K16692","K16839",0.673769559032717,"Positive"
"K16692","K16841",0.652517780938834,"Positive"
"K16692","K16842",0.61425320056899,"Positive"
"K16703","K16710",1,"Positive"
"K16703","K17213",0.659544807965861,"Positive"
"K16703","K17214",0.704352773826458,"Positive"
"K16703","K17215",0.704352773826458,"Positive"
"K16703","K18324",0.751607396870555,"Positive"
"K16703","K18326",0.741308677098151,"Positive"
"K16703","K19354",0.806401137980085,"Positive"
"K16704","K18889",0.747055476529161,"Positive"
"K16704","K18890",0.747055476529161,"Positive"
"K16704","K19222",0.95724039829303,"Positive"
"K16704","K19226",0.999914651493599,"Positive"
"K16704","K19227",0.74076813655761,"Positive"
"K16704","K19228",0.74076813655761,"Positive"
"K16704","K19229",0.74076813655761,"Positive"
"K16704","K19230",0.74022759601707,"Positive"
"K16704","K19236",0.844495021337127,"Positive"
"K16704","K19270",0.902617354196302,"Positive"
"K16710","K17213",0.659544807965861,"Positive"
"K16710","K17214",0.704352773826458,"Positive"
"K16710","K17215",0.704352773826458,"Positive"
"K16710","K18324",0.751607396870555,"Positive"
"K16710","K18326",0.741308677098151,"Positive"
"K16710","K19354",0.806401137980085,"Positive"
"K16839","K16840",0.914907539118065,"Positive"
"K16839","K16841",0.957439544807966,"Positive"
"K16839","K16842",0.951095305832148,"Positive"
"K16839","K17228",0.708904694167852,"Positive"
"K16839","K18137",0.744039829302987,"Positive"
"K16839","K18147",0.744039829302987,"Positive"
"K16840","K16841",0.856899004267425,"Positive"
"K16840","K16842",0.962190611664296,"Positive"
"K16840","K17228",0.736557610241821,"Positive"
"K16840","K18137",0.793285917496444,"Positive"
"K16840","K18147",0.793285917496444,"Positive"
"K16841","K16842",0.91172119487909,"Positive"
"K16841","K17228",0.750896159317212,"Positive"
"K16841","K18137",0.668762446657184,"Positive"
"K16841","K18147",0.668762446657184,"Positive"
"K16842","K17228",0.782076813655761,"Positive"
"K16842","K18137",0.779288762446657,"Positive"
"K16842","K18147",0.779288762446657,"Positive"
"K16937","K16961",0.948847795163585,"Positive"
"K16937","K17722",0.977837837837838,"Positive"
"K16937","K17950",0.975590327169275,"Positive"
"K16937","K19349",0.977809388335704,"Positive"
"K16957","K16958",1,"Positive"
"K16957","K16959",1,"Positive"
"K16957","K16960",0.994054054054054,"Positive"
"K16958","K16959",1,"Positive"
"K16958","K16960",0.994054054054054,"Positive"
"K16959","K16960",0.994054054054054,"Positive"
"K16961","K17722",0.960483641536273,"Positive"
"K16961","K17950",0.961337126600284,"Positive"
"K16961","K19349",0.960853485064011,"Positive"
"K17195","K17213",0.830014224751067,"Positive"
"K17195","K17214",0.817638691322902,"Positive"
"K17195","K17215",0.817638691322902,"Positive"
"K17195","K17850",0.612347083926031,"Positive"
"K17195","K18324",0.803243243243243,"Positive"
"K17195","K18326",0.792802275960171,"Positive"
"K17195","K19354",0.723869132290185,"Positive"
"K17202","K17203",1,"Positive"
"K17202","K17204",1,"Positive"
"K17202","K17213",0.638036984352774,"Positive"
"K17202","K17214",0.635419630156472,"Positive"
"K17202","K17215",0.635419630156472,"Positive"
"K17202","K18324",0.652233285917496,"Positive"
"K17202","K18326",0.676529160739687,"Positive"
"K17203","K17204",1,"Positive"
"K17203","K17213",0.638036984352774,"Positive"
"K17203","K17214",0.635419630156472,"Positive"
"K17203","K17215",0.635419630156472,"Positive"
"K17203","K18324",0.652233285917496,"Positive"
"K17203","K18326",0.676529160739687,"Positive"
"K17204","K17213",0.638036984352774,"Positive"
"K17204","K17214",0.635419630156472,"Positive"
"K17204","K17215",0.635419630156472,"Positive"
"K17204","K18324",0.652233285917496,"Positive"
"K17204","K18326",0.676529160739687,"Positive"
"K17213","K17214",0.990099573257468,"Positive"
"K17213","K17215",0.990099573257468,"Positive"
"K17213","K18009",0.681963015647226,"Positive"
"K17213","K18324",0.83402560455192,"Positive"
"K17213","K18326",0.821564722617354,"Positive"
"K17213","K19354",0.886884779516358,"Positive"
"K17214","K17215",1,"Positive"
"K17214","K18009",0.697553342816501,"Positive"
"K17214","K18324",0.84697012802276,"Positive"
"K17214","K18326",0.821479374110953,"Positive"
"K17214","K19354",0.889388335704125,"Positive"
"K17215","K18009",0.697553342816501,"Positive"
"K17215","K18324",0.84697012802276,"Positive"
"K17215","K18326",0.821479374110953,"Positive"
"K17215","K19354",0.889388335704125,"Positive"
"K17226","K17315",0.966799431009957,"Positive"
"K17226","K17316",0.969900426742532,"Positive"
"K17226","K17317",0.969900426742532,"Positive"
"K17226","K17838",0.722418207681366,"Positive"
"K17226","K18135",0.776358463726885,"Positive"
"K17226","K18291",0.929473684210526,"Positive"
"K17226","K18292",0.70850640113798,"Positive"
"K17226","K18889",-0.652745376955903,"Negative"
"K17226","K18890",-0.652745376955903,"Negative"
"K17226","K18930",0.785775248933144,"Positive"
"K17226","K18981",0.969160739687056,"Positive"
"K17226","K19236",-0.626002844950213,"Negative"
"K17226","K19340",0.689559032716927,"Positive"
"K17226","K19341",0.790782361308677,"Positive"
"K17226","K19609",0.969530583214794,"Positive"
"K17226","K19610",0.969530583214794,"Positive"
"K17226","K19696",0.722873399715505,"Positive"
"K17226","K19713",0.82054054054054,"Positive"
"K17228","K18137",0.736614509246088,"Positive"
"K17228","K18147",0.736614509246088,"Positive"
"K17315","K17316",0.999288762446657,"Positive"
"K17315","K17317",0.999288762446657,"Positive"
"K17315","K17838",0.690355618776671,"Positive"
"K17315","K18135",0.700568990042674,"Positive"
"K17315","K18291",0.8974679943101,"Positive"
"K17315","K18292",0.671322901849218,"Positive"
"K17315","K18697",-0.606543385490754,"Negative"
"K17315","K18889",-0.666856330014225,"Negative"
"K17315","K18890",-0.666856330014225,"Negative"
"K17315","K18930",0.763641536273115,"Positive"
"K17315","K18981",0.949871977240398,"Positive"
"K17315","K19236",-0.644807965860597,"Negative"
"K17315","K19340",0.63402560455192,"Positive"
"K17315","K19341",0.738862019914652,"Positive"
"K17315","K19609",0.936899004267425,"Positive"
"K17315","K19610",0.936899004267425,"Positive"
"K17315","K19696",0.678293029871977,"Positive"
"K17315","K19713",0.799914651493599,"Positive"
"K17316","K17317",1,"Positive"
"K17316","K17838",0.692005689900427,"Positive"
"K17316","K18135",0.714736842105263,"Positive"
"K17316","K18291",0.900455192034139,"Positive"
"K17316","K18292",0.674651493598862,"Positive"
"K17316","K18697",-0.611635846372689,"Negative"
"K17316","K18889",-0.671436699857752,"Negative"
"K17316","K18890",-0.671436699857752,"Negative"
"K17316","K18930",0.762788051209104,"Positive"
"K17316","K18981",0.949132290184922,"Positive"
"K17316","K19236",-0.647596017069701,"Negative"
"K17316","K19340",0.64275960170697,"Positive"
"K17316","K19341",0.747852062588905,"Positive"
"K17316","K19609",0.939203413940256,"Positive"
"K17316","K19610",0.939203413940256,"Positive"
"K17316","K19696",0.685234708392603,"Positive"
"K17316","K19713",0.797041251778094,"Positive"
"K17317","K17838",0.692005689900427,"Positive"
"K17317","K18135",0.714736842105263,"Positive"
"K17317","K18291",0.900455192034139,"Positive"
"K17317","K18292",0.674651493598862,"Positive"
"K17317","K18697",-0.611635846372689,"Negative"
"K17317","K18889",-0.671436699857752,"Negative"
"K17317","K18890",-0.671436699857752,"Negative"
"K17317","K18930",0.762788051209104,"Positive"
"K17317","K18981",0.949132290184922,"Positive"
"K17317","K19236",-0.647596017069701,"Negative"
"K17317","K19340",0.64275960170697,"Positive"
"K17317","K19341",0.747852062588905,"Positive"
"K17317","K19609",0.939203413940256,"Positive"
"K17317","K19610",0.939203413940256,"Positive"
"K17317","K19696",0.685234708392603,"Positive"
"K17317","K19713",0.797041251778094,"Positive"
"K17722","K17950",0.997069701280228,"Positive"
"K17722","K19349",0.999715504978663,"Positive"
"K17838","K18291",0.644637268847795,"Positive"
"K17838","K18981",0.715761024182077,"Positive"
"K17838","K19609",0.721422475106686,"Positive"
"K17838","K19610",0.721422475106686,"Positive"
"K17950","K19349",0.997724039829303,"Positive"
"K18009","K19354",0.650867709815078,"Positive"
"K18133","K18148",0.732375533428165,"Positive"
"K18133","K18369",0.928591749644381,"Positive"
"K18135","K18291",0.713172119487909,"Positive"
"K18135","K18292",0.775675675675676,"Positive"
"K18135","K18981",0.720512091038407,"Positive"
"K18135","K19340",0.611009957325747,"Positive"
"K18135","K19341",0.712460881934566,"Positive"
"K18135","K19609",0.76475106685633,"Positive"
"K18135","K19610",0.76475106685633,"Positive"
"K18135","K19696",0.702560455192034,"Positive"
"K18135","K19713",0.641706970128023,"Positive"
"K18137","K18147",1,"Positive"
"K18148","K18369",0.751806543385491,"Positive"
"K18285","K19353",0.670697012802276,"Positive"
"K18291","K18292",0.628876244665718,"Positive"
"K18291","K18697",-0.621792318634424,"Negative"
"K18291","K18889",-0.719658605974395,"Negative"
"K18291","K18890",-0.719658605974395,"Negative"
"K18291","K18930",0.71402560455192,"Positive"
"K18291","K18981",0.904466571834993,"Positive"
"K18291","K19236",-0.68697012802276,"Negative"
"K18291","K19340",0.63348506401138,"Positive"
"K18291","K19341",0.744096728307255,"Positive"
"K18291","K19609",0.901280227596017,"Positive"
"K18291","K19610",0.901280227596017,"Positive"
"K18291","K19696",0.680284495021337,"Positive"
"K18291","K19713",0.765860597439545,"Positive"
"K18292","K18981",0.687112375533428,"Positive"
"K18292","K19609",0.685917496443812,"Positive"
"K18292","K19610",0.685917496443812,"Positive"
"K18292","K19696",0.84199146514936,"Positive"
"K18324","K18326",0.979118065433855,"Positive"
"K18324","K19354",0.779089615931721,"Positive"
"K18326","K19354",0.772603129445235,"Positive"
"K18333","K18334",0.747823613086771,"Positive"
"K18697","K18889",0.694679943100996,"Positive"
"K18697","K18890",0.694679943100996,"Positive"
"K18697","K19236",0.659487908961593,"Positive"
"K18800","K19227",0.662901849217639,"Positive"
"K18800","K19228",0.662901849217639,"Positive"
"K18800","K19229",0.662901849217639,"Positive"
"K18800","K19230",0.66176386913229,"Positive"
"K18889","K18890",1,"Positive"
"K18889","K18981",-0.638293029871977,"Negative"
"K18889","K19222",0.705718349928876,"Positive"
"K18889","K19226",0.748392603129445,"Positive"
"K18889","K19236",0.867482219061166,"Positive"
"K18889","K19270",0.660426742532006,"Positive"
"K18889","K19341",-0.607795163584637,"Negative"
"K18889","K19609",-0.628933143669986,"Negative"
"K18889","K19610",-0.628933143669986,"Negative"
"K18890","K18981",-0.638293029871977,"Negative"
"K18890","K19222",0.705718349928876,"Positive"
"K18890","K19226",0.748392603129445,"Positive"
"K18890","K19236",0.867482219061166,"Positive"
"K18890","K19270",0.660426742532006,"Positive"
"K18890","K19341",-0.607795163584637,"Negative"
"K18890","K19609",-0.628933143669986,"Negative"
"K18890","K19610",-0.628933143669986,"Negative"
"K18930","K18981",0.769445234708393,"Positive"
"K18930","K19341",0.684580369843528,"Positive"
"K18930","K19609",0.758975817923186,"Positive"
"K18930","K19610",0.758975817923186,"Positive"
"K18930","K19713",0.84674253200569,"Positive"
"K18981","K19236",-0.620312944523471,"Negative"
"K18981","K19340",0.631408250355619,"Positive"
"K18981","K19341",0.719402560455192,"Positive"
"K18981","K19609",0.991209103840683,"Positive"
"K18981","K19610",0.991209103840683,"Positive"
"K18981","K19696",0.69425320056899,"Positive"
"K18981","K19713",0.791578947368421,"Positive"
"K19222","K19226",0.957155049786629,"Positive"
"K19222","K19227",0.667112375533428,"Positive"
"K19222","K19228",0.667112375533428,"Positive"
"K19222","K19229",0.667112375533428,"Positive"
"K19222","K19230",0.663783783783784,"Positive"
"K19222","K19236",0.800113798008535,"Positive"
"K19222","K19270",0.875078236130868,"Positive"
"K19226","K19227",0.740853485064011,"Positive"
"K19226","K19228",0.740853485064011,"Positive"
"K19226","K19229",0.740853485064011,"Positive"
"K19226","K19230",0.740312944523471,"Positive"
"K19226","K19236",0.845832147937411,"Positive"
"K19226","K19270",0.9025320056899,"Positive"
"K19227","K19228",1,"Positive"
"K19227","K19229",1,"Positive"
"K19227","K19230",0.999146514935989,"Positive"
"K19227","K19236",0.644637268847795,"Positive"
"K19227","K19270",0.636984352773826,"Positive"
"K19228","K19229",1,"Positive"
"K19228","K19230",0.999146514935989,"Positive"
"K19228","K19236",0.644637268847795,"Positive"
"K19228","K19270",0.636984352773826,"Positive"
"K19229","K19230",0.999146514935989,"Positive"
"K19229","K19236",0.644637268847795,"Positive"
"K19229","K19270",0.636984352773826,"Positive"
"K19230","K19236",0.648307254623044,"Positive"
"K19230","K19270",0.636159317211949,"Positive"
"K19236","K19270",0.75823613086771,"Positive"
"K19236","K19609",-0.604950213371266,"Negative"
"K19236","K19610",-0.604950213371266,"Negative"
"K19340","K19341",0.884011379800854,"Positive"
"K19340","K19609",0.653229018492176,"Positive"
"K19340","K19610",0.653229018492176,"Positive"
"K19340","K19713",0.74873399715505,"Positive"
"K19341","K19609",0.737894736842105,"Positive"
"K19341","K19610",0.737894736842105,"Positive"
"K19341","K19713",0.871664295874822,"Positive"
"K19508","K19509",0.956671408250356,"Positive"
"K19609","K19610",1,"Positive"
"K19609","K19696",0.698293029871977,"Positive"
"K19609","K19713",0.782247510668563,"Positive"
"K19610","K19696",0.698293029871977,"Positive"
"K19610","K19713",0.782247510668563,"Positive"
