ASV_ID,TotalReads,BestHitID,PctIdentity,Bin
ASV_1,352770,Bacteria;Pseudomonadota;Alphaproteobacteria;Acetobacterales;Acetobacteraceae;,97.9,>=97
ASV_2,243465,Bacteria;Pseudomonadota;Gammaproteobacteria;Burkholderiales;Neisseriaceae;Snodgrassella;,96.8,>=95
ASV_3,241414,Bacteria;Pseudomonadota;Alphaproteobacteria;Acetobacterales;Acetobacteraceae;Commensalibacter;,96.5,>=95
ASV_4,185121,Bacteria;Bacillota;Bacilli;Lactobacillales;Lactobacillaceae;Lactobacillus;,100.0,>=99
ASV_5,155559,Bacteria;Bacillota;Bacilli;Lactobacillales;Lactobacillaceae;Lactobacillus;,100.0,>=99
ASV_6,153090,Bacteria;Pseudomonadota;Gammaproteobacteria;Burkholderiales;Neisseriaceae;Snodgrassella;,97.1,>=97
ASV_7,138931,Bacteria;Bacillota;Bacilli;Lactobacillales;Lactobacillaceae;Lactobacillus;,99.7,>=99
ASV_8,127289,Bacteria;Pseudomonadota;Alphaproteobacteria;Acetobacterales;Acetobacteraceae;,95.7,>=95
ASV_9,125707,Bacteria;Bacillota;Bacilli;Lactobacillales;Lactobacillaceae;Lactobacillus;,99.5,>=99
ASV_10,107737,Bacteria;Bacillota;Bacilli;Lactobacillales;Lactobacillaceae;Lactobacillus;,98.7,>=97
ASV_11,99671,Bacteria;Bacillota;Bacilli;Lactobacillales;Lactobacillaceae;Weissella;,98.9,>=97
ASV_12,95573,Bacteria;Bacillota;Bacilli;Lactobacillales;Streptococcaceae;Floricoccus;,100.0,>=99
ASV_13,92972,Bacteria;Pseudomonadota;Alphaproteobacteria;Acetobacterales;Acetobacteraceae;,99.2,>=99
ASV_14,90802,Bacteria;Bacillota;Bacilli;Lactobacillales;Lactobacillaceae;Lactobacillus;,97.3,>=97
ASV_15,84791,Bacteria;Pseudomonadota;Gammaproteobacteria;Burkholderiales;Neisseriaceae;Snodgrassella;,97.3,>=97
ASV_16,84053,Bacteria;Bacillota;Bacilli;Lactobacillales;Lactobacillaceae;Lactobacillus;,96.5,>=95
ASV_17,78281,Bacteria;Bacillota;Bacilli;Lactobacillales;Lactobacillaceae;Lactobacillus;,96.8,>=95
ASV_18,77590,Bacteria;Pseudomonadota;Gammaproteobacteria;Burkholderiales;Neisseriaceae;Snodgrassella;,97.3,>=97
ASV_19,75676,Bacteria;Pseudomonadota;Alphaproteobacteria;Acetobacterales;Acetobacteraceae;Commensalibacter;,97.1,>=97
ASV_20,75664,Bacteria;Bacillota;Bacilli;Lactobacillales;Lactobacillaceae;Lactobacillus;,97.1,>=97
ASV_21,72597,Bacteria;Bacillota;Bacilli;Lactobacillales;Lactobacillaceae;Lactobacillus;,97.1,>=97
ASV_22,66826,Bacteria;Pseudomonadota;Alphaproteobacteria;Acetobacterales;Acetobacteraceae;Bombella;,99.5,>=99
ASV_23,62192,Bacteria;Pseudomonadota;Gammaproteobacteria;Burkholderiales;Neisseriaceae;Snodgrassella;,97.1,>=97
ASV_24,61048,Bacteria;Pseudomonadota;Alphaproteobacteria;Acetobacterales;Acetobacteraceae;Commensalibacter;,97.9,>=97
ASV_25,56000,Bacteria;Cyanobacteriota;Cyanobacteriia;Chloroplast;,100.0,>=99
ASV_26,55866,Bacteria;Bacillota;Negativicutes;Veillonellales-Selenomonadales;Selenomonadaceae;Pectinatus;,96.5,>=95
ASV_27,55543,,,no_hit
ASV_28,54222,Bacteria;Bacillota;Bacilli;Lactobacillales;Lactobacillaceae;Ligilactobacillus;,97.6,>=97
ASV_29,54132,Bacteria;Pseudomonadota;Alphaproteobacteria;Acetobacterales;Acetobacteraceae;,99.5,>=99
ASV_30,53317,Bacteria;Pseudomonadota;Alphaproteobacteria;Acetobacterales;Acetobacteraceae;Commensalibacter;,97.3,>=97
ASV_31,53069,Bacteria;Pseudomonadota;Alphaproteobacteria;Acetobacterales;Acetobacteraceae;,98.9,>=97
ASV_32,50617,Bacteria;Pseudomonadota;Gammaproteobacteria;Burkholderiales;Neisseriaceae;Snodgrassella;,95.7,>=95
ASV_33,49180,Bacteria;Pseudomonadota;Gammaproteobacteria;Burkholderiales;Neisseriaceae;Snodgrassella;,97.6,>=97
ASV_34,48919,Bacteria;Bacillota;Bacilli;Lactobacillales;Lactobacillaceae;Lactobacillus;,99.7,>=99
ASV_35,48814,Bacteria;Bacillota;Bacilli;Lactobacillales;Lactobacillaceae;Bombilactobacillus;,98.9,>=97
ASV_36,48118,Bacteria;Actinomycetota;Actinobacteria;Bifidobacteriales;Bifidobacteriaceae;Bifidobacterium;,99.7,>=99
ASV_37,47533,Bacteria;Bacillota;Bacilli;Lactobacillales;Lactobacillaceae;Weissella;,100.0,>=99
ASV_38,46459,Bacteria;Actinomycetota;Actinobacteria;Bifidobacteriales;Bifidobacteriaceae;Bifidobacterium;,100.0,>=99
ASV_39,45456,Bacteria;Bacillota;Bacilli;Lactobacillales;Lactobacillaceae;Fructobacillus;,100.0,>=99
ASV_40,44126,Bacteria;Pseudomonadota;Gammaproteobacteria;Enterobacterales;Enterobacteriaceae;Enterobacter;,100.0,>=99
ASV_41,40160,Bacteria;Pseudomonadota;Alphaproteobacteria;Acetobacterales;Acetobacteraceae;Bombella;,99.7,>=99
ASV_42,39494,Bacteria;Bacillota;Bacilli;Lactobacillales;Lactobacillaceae;Lactobacillus;,99.7,>=99
ASV_43,39435,Bacteria;Bacillota;Bacilli;Lactobacillales;Lactobacillaceae;Apilactobacillus;,99.5,>=99
ASV_44,38489,Bacteria;Pseudomonadota;Alphaproteobacteria;Acetobacterales;Acetobacteraceae;Commensalibacter;,97.1,>=97
ASV_45,37842,Bacteria;Bacillota;Bacilli;Lactobacillales;Lactobacillaceae;Lactobacillus;,99.7,>=99
ASV_46,35571,Bacteria;Bacillota;Bacilli;Lactobacillales;Lactobacillaceae;Lactobacillus;,97.3,>=97
ASV_47,34646,Bacteria;Bacillota;Bacilli;Lactobacillales;Lactobacillaceae;Lactobacillus;,97.3,>=97
ASV_48,34134,Bacteria;Pseudomonadota;Alphaproteobacteria;Acetobacterales;Acetobacteraceae;,97.9,>=97
ASV_49,33783,Bacteria;Pseudomonadota;Alphaproteobacteria;Acetobacterales;Acetobacteraceae;,97.9,>=97
ASV_50,32488,Bacteria;Pseudomonadota;Alphaproteobacteria;Acetobacterales;Acetobacteraceae;Commensalibacter;,96.2,>=95
ASV_51,30588,Bacteria;Pseudomonadota;Alphaproteobacteria;Acetobacterales;Acetobacteraceae;,97.6,>=97
ASV_52,29275,Bacteria;Bacillota;Bacilli;Lactobacillales;Lactobacillaceae;Fructobacillus;,100.0,>=99
ASV_53,29038,Bacteria;Pseudomonadota;Gammaproteobacteria;Burkholderiales;Neisseriaceae;Snodgrassella;,96.0,>=95
ASV_54,28569,Bacteria;Cyanobacteriota;Cyanobacteriia;Chloroplast;,100.0,>=99
ASV_55,27541,,,no_hit
ASV_56,27218,Bacteria;Pseudomonadota;Alphaproteobacteria;Acetobacterales;Acetobacteraceae;,99.2,>=99
ASV_57,26473,Bacteria;Bacillota;Bacilli;Lactobacillales;Lactobacillaceae;Apilactobacillus;,100.0,>=99
ASV_58,25926,Bacteria;Pseudomonadota;Alphaproteobacteria;Acetobacterales;Acetobacteraceae;Bombella;,99.7,>=99
ASV_59,25635,Bacteria;Pseudomonadota;Alphaproteobacteria;Acetobacterales;Acetobacteraceae;,97.3,>=97
ASV_60,25139,Bacteria;Bacillota;Bacilli;Lactobacillales;Lactobacillaceae;Bombilactobacillus;,99.2,>=99
ASV_61,24962,Bacteria;Bacillota;Bacilli;Lactobacillales;Lactobacillaceae;Leuconostoc;,100.0,>=99
ASV_62,24839,Bacteria;Bacillota;Negativicutes;Veillonellales-Selenomonadales;Selenomonadaceae;Pectinatus;,96.2,>=95
ASV_63,24713,Bacteria;Pseudomonadota;Alphaproteobacteria;Acetobacterales;Acetobacteraceae;,98.4,>=97
ASV_64,23561,Bacteria;Bacillota;Bacilli;Lactobacillales;Lactobacillaceae;Lactobacillus;,98.7,>=97
ASV_65,22740,Bacteria;Bacillota;Negativicutes;Veillonellales-Selenomonadales;Selenomonadaceae;Pectinatus;,95.2,>=95
ASV_66,21705,Bacteria;Pseudomonadota;Alphaproteobacteria;Acetobacterales;Acetobacteraceae;Commensalibacter;,97.1,>=97
ASV_67,21555,,,no_hit
ASV_68,21140,Bacteria;Bacillota;Negativicutes;Veillonellales-Selenomonadales;Selenomonadaceae;Pectinatus;,96.2,>=95
ASV_69,20862,Bacteria;Pseudomonadota;Alphaproteobacteria;Rickettsiales;Mitochondria;,100.0,>=99
ASV_70,20565,Bacteria;Cyanobacteriota;Cyanobacteriia;Chloroplast;,100.0,>=99
ASV_71,20257,Bacteria;Cyanobacteriota;Cyanobacteriia;Chloroplast;,100.0,>=99
ASV_72,19272,Bacteria;Pseudomonadota;Alphaproteobacteria;Acetobacterales;Acetobacteraceae;,97.3,>=97
ASV_73,18749,Bacteria;Bacillota;Bacilli;Lactobacillales;Lactobacillaceae;Lactobacillus;,99.2,>=99
ASV_74,18625,Bacteria;Bacillota;Bacilli;Lactobacillales;Lactobacillaceae;Bombilactobacillus;,99.5,>=99
ASV_75,18270,Bacteria;Bacillota;Bacilli;Lactobacillales;Lactobacillaceae;Lactobacillus;,98.7,>=97
ASV_76,18172,Bacteria;Bacillota;Bacilli;Lactobacillales;Lactobacillaceae;Lactobacillus;,98.9,>=97
ASV_77,18127,Bacteria;Bacillota;Negativicutes;Veillonellales-Selenomonadales;Selenomonadaceae;Pectinatus;,96.5,>=95
ASV_78,18101,Bacteria;Pseudomonadota;Gammaproteobacteria;Enterobacterales;Erwiniaceae;Rosenbergiella;,100.0,>=99
ASV_79,17976,Bacteria;Bacillota;Negativicutes;Veillonellales-Selenomonadales;Selenomonadaceae;Pectinatus;,95.4,>=95
ASV_80,17839,Bacteria;Bacillota;Bacilli;Lactobacillales;Streptococcaceae;Floricoccus;,99.7,>=99
ASV_81,17336,Bacteria;Cyanobacteriota;Cyanobacteriia;Chloroplast;,98.4,>=97
ASV_82,16986,Bacteria;Bacillota;Bacilli;Lactobacillales;Lactobacillaceae;Lactobacillus;,97.9,>=97
ASV_83,16881,Bacteria;Bacillota;Bacilli;Lactobacillales;Lactobacillaceae;Lactobacillus;,97.1,>=97
ASV_84,16868,Bacteria;Pseudomonadota;Alphaproteobacteria;Acetobacterales;Acetobacteraceae;Asaia;,100.0,>=99
ASV_85,16561,Bacteria;Pseudomonadota;Alphaproteobacteria;Acetobacterales;Acetobacteraceae;Bombella;,99.5,>=99
ASV_86,15674,Bacteria;Bacillota;Bacilli;Lactobacillales;,100.0,>=99
ASV_87,15597,Bacteria;Bacillota;Bacilli;Lactobacillales;Lactobacillaceae;Lactobacillus;,97.9,>=97
ASV_88,15528,,,no_hit
ASV_89,15262,Bacteria;Pseudomonadota;Alphaproteobacteria;Acetobacterales;Acetobacteraceae;Commensalibacter;,98.4,>=97
ASV_90,15202,Bacteria;Bacillota;Bacilli;Lactobacillales;Lactobacillaceae;Leuconostoc;,100.0,>=99
ASV_91,14817,Bacteria;Pseudomonadota;Alphaproteobacteria;Acetobacterales;Acetobacteraceae;Commensalibacter;,96.8,>=95
ASV_92,14792,Bacteria;Bacillota;Bacilli;Lactobacillales;Lactobacillaceae;Lactobacillus;,96.0,>=95
ASV_93,14548,Bacteria;Bacillota;Bacilli;Lactobacillales;Lactobacillaceae;Bombilactobacillus;,98.4,>=97
ASV_94,14493,Bacteria;Bacillota;Bacilli;Lactobacillales;Lactobacillaceae;Lactobacillus;,96.8,>=95
ASV_95,14413,Bacteria;Bacillota;Bacilli;Lactobacillales;Lactobacillaceae;Lactobacillus;,98.1,>=97
ASV_96,14295,Bacteria;Bacillota;Bacilli;Lactobacillales;Lactobacillaceae;Lactobacillus;,98.9,>=97
ASV_97,13982,Bacteria;Bacillota;Bacilli;Lactobacillales;Lactobacillaceae;Lactobacillus;,97.1,>=97
ASV_98,13558,Bacteria;Pseudomonadota;Gammaproteobacteria;Burkholderiales;Neisseriaceae;Snodgrassella;,97.3,>=97
ASV_99,13399,Bacteria;Bacillota;Bacilli;Lactobacillales;Lactobacillaceae;Ligilactobacillus;,97.3,>=97
ASV_100,13282,Bacteria;Pseudomonadota;Alphaproteobacteria;Acetobacterales;Acetobacteraceae;Bombella;,98.9,>=97
ASV_101,13119,Bacteria;Pseudomonadota;Alphaproteobacteria;Acetobacterales;Acetobacteraceae;,98.1,>=97
ASV_102,13021,Bacteria;Bacillota;Bacilli;Lactobacillales;Lactobacillaceae;Lactobacillus;,96.0,>=95
ASV_103,12786,Bacteria;Actinomycetota;Actinobacteria;Bifidobacteriales;Bifidobacteriaceae;Bifidobacterium;,99.2,>=99
ASV_104,12758,Bacteria;Bacillota;Bacilli;Lactobacillales;Lactobacillaceae;Lactobacillus;,99.7,>=99
ASV_105,12594,Bacteria;Bacillota;Bacilli;Lactobacillales;Lactobacillaceae;Lactobacillus;,97.6,>=97
ASV_106,12462,Bacteria;Bacillota;Bacilli;Lactobacillales;Streptococcaceae;Floricoccus;,100.0,>=99
ASV_107,12389,Bacteria;Pseudomonadota;Gammaproteobacteria;Pseudomonadales;Halomonadaceae;Zymobacter;,100.0,>=99
ASV_108,12329,Bacteria;Pseudomonadota;Gammaproteobacteria;Pseudomonadales;Moraxellaceae;Acinetobacter;,100.0,>=99
ASV_109,12239,Bacteria;Bacillota;Bacilli;Lactobacillales;Lactobacillaceae;Liquorilactobacillus;,97.3,>=97
ASV_110,12223,Bacteria;Bacillota;Bacilli;Lactobacillales;Lactobacillaceae;Lactobacillus;,97.3,>=97
ASV_111,12155,,,no_hit
ASV_112,11860,Bacteria;Bacillota;Bacilli;Lactobacillales;Lactobacillaceae;Weissella;,98.4,>=97
ASV_113,11842,Bacteria;Bacillota;Bacilli;Lactobacillales;Lactobacillaceae;Lactobacillus;,96.5,>=95
ASV_114,11793,Bacteria;Bacillota;Bacilli;Lactobacillales;Lactobacillaceae;Lactobacillus;,97.1,>=97
ASV_115,11700,Bacteria;Bacillota;Bacilli;Lactobacillales;Lactobacillaceae;Lactobacillus;,97.1,>=97
ASV_116,11415,,,no_hit
ASV_117,11356,Bacteria;Bacillota;Bacilli;Lactobacillales;Lactobacillaceae;Lactobacillus;,99.5,>=99
ASV_118,11319,Bacteria;Pseudomonadota;Alphaproteobacteria;Acetobacterales;Acetobacteraceae;Commensalibacter;,96.8,>=95
ASV_119,11215,Bacteria;Cyanobacteriota;Cyanobacteriia;Chloroplast;,100.0,>=99
ASV_120,11191,Bacteria;Pseudomonadota;Gammaproteobacteria;Pseudomonadales;Moraxellaceae;Acinetobacter;,100.0,>=99
ASV_121,10911,,,no_hit
ASV_122,10786,Bacteria;Bacillota;Bacilli;Lactobacillales;Lactobacillaceae;Lactobacillus;,99.5,>=99
ASV_123,10723,Bacteria;Bacillota;Bacilli;Lactobacillales;Lactobacillaceae;Lactobacillus;,98.4,>=97
ASV_124,10667,Bacteria;Bacillota;Bacilli;Lactobacillales;Lactobacillaceae;Lactobacillus;,97.1,>=97
ASV_125,10548,Bacteria;Bacillota;Bacilli;Lactobacillales;Lactobacillaceae;Bombilactobacillus;,99.5,>=99
ASV_126,10464,Bacteria;Bacillota;Bacilli;Lactobacillales;Lactobacillaceae;Lactobacillus;,97.1,>=97
ASV_127,9798,,,no_hit
ASV_128,9374,Bacteria;Pseudomonadota;Gammaproteobacteria;Enterobacterales;Pectobacteriaceae;Pectobacterium;,95.2,>=95
ASV_129,9373,Bacteria;Pseudomonadota;Gammaproteobacteria;Burkholderiales;Alcaligenaceae;Candidatus,100.0,>=99
ASV_130,9328,Bacteria;Bacteroidota;Bacteroidia;Bacteroidales;Dysgonomonadaceae;Dysgonomonas;,99.7,>=99
ASV_131,9208,,,no_hit
ASV_132,9146,Bacteria;Pseudomonadota;Alphaproteobacteria;Acetobacterales;Acetobacteraceae;Bombella;,99.2,>=99
ASV_133,9035,,,no_hit
ASV_134,8797,Bacteria;Bacillota;Bacilli;Lactobacillales;Lactobacillaceae;Lactobacillus;,98.9,>=97
ASV_135,8643,Bacteria;Pseudomonadota;Gammaproteobacteria;Enterobacterales;Orbaceae;Gilliamella;,95.2,>=95
ASV_136,8617,Bacteria;Pseudomonadota;Alphaproteobacteria;Rickettsiales;Mitochondria;,99.2,>=99
ASV_137,8614,Bacteria;Bacillota;Bacilli;Lactobacillales;Lactobacillaceae;Lactobacillus;,98.1,>=97
ASV_138,8137,Bacteria;Pseudomonadota;Alphaproteobacteria;Acetobacterales;Acetobacteraceae;Bombella;,99.7,>=99
ASV_139,7983,Bacteria;Pseudomonadota;Gammaproteobacteria;Enterobacterales;Pectobacteriaceae;Lonsdalea;,100.0,>=99
ASV_140,7896,Bacteria;Bacteroidota;Bacteroidia;Flavobacteriales;Weeksellaceae;Apibacter;,96.8,>=95
ASV_141,7499,Bacteria;Pseudomonadota;Alphaproteobacteria;Acetobacterales;Acetobacteraceae;,97.9,>=97
ASV_142,7283,Bacteria;Pseudomonadota;Alphaproteobacteria;Acetobacterales;Acetobacteraceae;,98.7,>=97
ASV_143,7269,,,no_hit
ASV_144,6790,Bacteria;Bacillota;Bacilli;Lactobacillales;Lactobacillaceae;Lactobacillus;,96.8,>=95
ASV_145,6730,Bacteria;Bacillota;Bacilli;Lactobacillales;Lactobacillaceae;Apilactobacillus;,98.1,>=97
ASV_146,6657,Bacteria;Bacillota;Bacilli;Lactobacillales;Lactobacillaceae;HT002;,97.3,>=97
ASV_147,6563,Bacteria;Bacillota;Bacilli;Lactobacillales;Lactobacillaceae;Ligilactobacillus;,98.4,>=97
ASV_148,6446,Bacteria;Bacillota;Bacilli;Lactobacillales;Lactobacillaceae;Bombilactobacillus;,99.5,>=99
ASV_149,6394,Bacteria;Bacillota;Bacilli;Lactobacillales;Lactobacillaceae;Apilactobacillus;,97.9,>=97
ASV_150,6279,Bacteria;Bacillota;Bacilli;Lactobacillales;Lactobacillaceae;Lactobacillus;,97.6,>=97
ASV_151,6163,Bacteria;Pseudomonadota;Alphaproteobacteria;Acetobacterales;Acetobacteraceae;,97.6,>=97
ASV_152,6126,Bacteria;Bacteroidota;Bacteroidia;Flavobacteriales;Weeksellaceae;Apibacter;,96.2,>=95
ASV_153,5916,Bacteria;Bacillota;Bacilli;Lactobacillales;Lactobacillaceae;Fructobacillus;,99.7,>=99
ASV_154,5898,Bacteria;Bacillota;Bacilli;Lactobacillales;Lactobacillaceae;Lactobacillus;,96.8,>=95
ASV_155,5861,Bacteria;Pseudomonadota;Alphaproteobacteria;Acetobacterales;Acetobacteraceae;Bombella;,99.5,>=99
ASV_156,5728,,,no_hit
ASV_157,5713,Bacteria;Bacillota;Bacilli;Lactobacillales;Lactobacillaceae;Apilactobacillus;,99.7,>=99
ASV_158,5657,Bacteria;Bacillota;Bacilli;Lactobacillales;Lactobacillaceae;Lactobacillus;,99.5,>=99
ASV_159,5641,Bacteria;Bacillota;Bacilli;Lactobacillales;Lactobacillaceae;Lactobacillus;,99.2,>=99
ASV_160,5404,Bacteria;Bacillota;Bacilli;Lactobacillales;Lactobacillaceae;Lactobacillus;,96.3,>=95
ASV_161,5370,Bacteria;Bacteroidota;Bacteroidia;Flavobacteriales;Weeksellaceae;Apibacter;,96.5,>=95
ASV_162,5314,Bacteria;Bacillota;Bacilli;Lactobacillales;Lactobacillaceae;Lactobacillus;,97.9,>=97
ASV_163,5304,Bacteria;Bacillota;Bacilli;Lactobacillales;Lactobacillaceae;Lactobacillus;,96.8,>=95
ASV_164,5303,Bacteria;Pseudomonadota;Gammaproteobacteria;Pseudomonadales;Moraxellaceae;Acinetobacter;,100.0,>=99
ASV_165,5196,Bacteria;Pseudomonadota;Gammaproteobacteria;Enterobacterales;Erwiniaceae;Tatumella;,100.0,>=99
ASV_166,5079,,,no_hit
ASV_167,5049,Bacteria;Pseudomonadota;Gammaproteobacteria;Pseudomonadales;Moraxellaceae;Acinetobacter;,99.2,>=99
ASV_168,5011,Bacteria;Bacillota;Negativicutes;Veillonellales-Selenomonadales;Selenomonadaceae;Pectinatus;,95.7,>=95
ASV_169,4985,Bacteria;Bacillota;Bacilli;Lactobacillales;Lactobacillaceae;Lactobacillus;,97.6,>=97
ASV_170,4974,Bacteria;Bacteroidota;Bacteroidia;Flavobacteriales;Weeksellaceae;Apibacter;,96.2,>=95
ASV_171,4927,Bacteria;Bacteroidota;Bacteroidia;Bacteroidales;Dysgonomonadaceae;Dysgonomonas;,100.0,>=99
ASV_172,4858,Bacteria;Bacillota;Bacilli;Lactobacillales;Lactobacillaceae;Ligilactobacillus;,97.3,>=97
ASV_173,4835,Bacteria;Bacillota;Bacilli;Lactobacillales;Lactobacillaceae;Ligilactobacillus;,98.1,>=97
ASV_174,4829,Bacteria;Bacillota;Bacilli;Lactobacillales;Lactobacillaceae;Lactobacillus;,96.3,>=95
ASV_175,4796,Bacteria;Bacillota;Bacilli;Lactobacillales;Lactobacillaceae;Lactobacillus;,96.8,>=95
ASV_176,4787,Bacteria;Pseudomonadota;Alphaproteobacteria;Acetobacterales;Acetobacteraceae;Bombella;,98.7,>=97
ASV_177,4758,Bacteria;Bacillota;Bacilli;Lactobacillales;Lactobacillaceae;Lactobacillus;,97.6,>=97
ASV_178,4693,Bacteria;Bacillota;Bacilli;Lactobacillales;Lactobacillaceae;Apilactobacillus;,98.7,>=97
ASV_179,4685,Bacteria;Bacillota;Bacilli;Lactobacillales;Lactobacillaceae;Bombilactobacillus;,98.1,>=97
ASV_180,4667,Bacteria;Pseudomonadota;Alphaproteobacteria;Acetobacterales;Acetobacteraceae;,98.1,>=97
ASV_181,4662,,,no_hit
ASV_182,4595,Bacteria;Bacillota;Bacilli;Lactobacillales;Lactobacillaceae;Bombilactobacillus;,97.9,>=97
ASV_183,4549,Bacteria;Bacillota;Bacilli;Lactobacillales;Lactobacillaceae;Ligilactobacillus;,97.3,>=97
ASV_184,4378,Bacteria;Bacillota;Bacilli;Lactobacillales;Lactobacillaceae;Lactobacillus;,95.7,>=95
ASV_185,4357,Bacteria;Pseudomonadota;Gammaproteobacteria;Pseudomonadales;Pseudomonadaceae;Pseudomonas;,100.0,>=99
ASV_186,4321,,,no_hit
ASV_187,4307,Bacteria;Bacillota;Bacilli;Lactobacillales;Lactobacillaceae;Lactobacillus;,99.5,>=99
ASV_188,4266,Bacteria;Bacillota;Negativicutes;Veillonellales-Selenomonadales;Selenomonadaceae;Pectinatus;,96.2,>=95
ASV_189,4222,Bacteria;Bacillota;Bacilli;Lactobacillales;Lactobacillaceae;Lactobacillus;,98.4,>=97
ASV_190,4178,Bacteria;Pseudomonadota;Alphaproteobacteria;Acetobacterales;Acetobacteraceae;Acetobacter;,96.8,>=95
ASV_191,4118,Bacteria;Bacillota;Bacilli;Lactobacillales;Lactobacillaceae;Lactobacillus;,99.5,>=99
ASV_192,4045,,,no_hit
ASV_193,4013,Bacteria;Pseudomonadota;Alphaproteobacteria;Acetobacterales;Acetobacteraceae;Commensalibacter;,96.8,>=95
ASV_194,4007,Bacteria;Pseudomonadota;Gammaproteobacteria;Enterobacterales;Erwiniaceae;Pantoea;,100.0,>=99
ASV_195,3980,Bacteria;Bacillota;Bacilli;Lactobacillales;Lactobacillaceae;Lactobacillus;,97.3,>=97
ASV_196,3954,Bacteria;Bacillota;Negativicutes;Veillonellales-Selenomonadales;Selenomonadaceae;Pectinatus;,95.7,>=95
ASV_197,3934,Bacteria;Bacillota;Bacilli;Lactobacillales;Lactobacillaceae;Ligilactobacillus;,98.4,>=97
ASV_198,3928,Bacteria;Pseudomonadota;Gammaproteobacteria;Enterobacterales;Morganellaceae;Arsenophonus;,100.0,>=99
ASV_199,3854,,,no_hit
ASV_200,3841,Bacteria;Pseudomonadota;Gammaproteobacteria;Burkholderiales;Neisseriaceae;Snodgrassella;,96.2,>=95
ASV_201,3832,,,no_hit
ASV_202,3816,Bacteria;Bacillota;Negativicutes;Veillonellales-Selenomonadales;Selenomonadaceae;Pectinatus;,96.2,>=95
ASV_203,3787,Bacteria;Bacillota;Bacilli;Lactobacillales;Lactobacillaceae;Lactobacillus;,97.1,>=97
ASV_204,3775,Bacteria;Bacillota;Bacilli;Lactobacillales;Lactobacillaceae;Bombilactobacillus;,98.1,>=97
ASV_205,3696,Bacteria;Bacillota;Bacilli;Lactobacillales;Lactobacillaceae;Bombilactobacillus;,96.8,>=95
ASV_206,3690,Bacteria;Bacillota;Bacilli;Lactobacillales;Lactobacillaceae;Lactobacillus;,98.4,>=97
ASV_207,3535,Bacteria;Bacillota;Bacilli;Lactobacillales;Lactobacillaceae;Fructobacillus;,100.0,>=99
ASV_208,3456,Bacteria;Bacillota;Negativicutes;Veillonellales-Selenomonadales;Selenomonadaceae;Pectinatus;,96.0,>=95
ASV_209,3438,Bacteria;Bacillota;Bacilli;Lactobacillales;Lactobacillaceae;Lactobacillus;,96.8,>=95
ASV_210,3401,Bacteria;Bacillota;Negativicutes;Veillonellales-Selenomonadales;Selenomonadaceae;Pectinatus;,96.2,>=95
ASV_211,3385,Bacteria;Bacillota;Bacilli;Lactobacillales;Lactobacillaceae;Lactobacillus;,97.3,>=97
ASV_212,3366,Bacteria;Bacillota;Bacilli;Lactobacillales;Lactobacillaceae;Ligilactobacillus;,97.3,>=97
ASV_213,3315,Bacteria;Bacillota;Bacilli;Lactobacillales;Lactobacillaceae;Apilactobacillus;,99.2,>=99
ASV_214,3292,Bacteria;Pseudomonadota;Alphaproteobacteria;Acetobacterales;Acetobacteraceae;Bombella;,99.2,>=99
ASV_215,3249,Bacteria;Bacillota;Bacilli;Lactobacillales;Lactobacillaceae;Lactobacillus;,96.8,>=95
ASV_216,3197,Bacteria;Pseudomonadota;Gammaproteobacteria;Pseudomonadales;Pseudomonadaceae;Pseudomonas;,100.0,>=99
ASV_217,3141,Bacteria;Pseudomonadota;Alphaproteobacteria;Rickettsiales;Mitochondria;,100.0,>=99
ASV_218,3127,Bacteria;Bacillota;Bacilli;Lactobacillales;Lactobacillaceae;Lactobacillus;,98.4,>=97
ASV_219,3102,Bacteria;Bacillota;Negativicutes;Veillonellales-Selenomonadales;Selenomonadaceae;Pectinatus;,96.2,>=95
ASV_220,2995,Bacteria;Pseudomonadota;Alphaproteobacteria;Acetobacterales;Acetobacteraceae;Commensalibacter;,96.2,>=95
ASV_221,2980,Bacteria;Pseudomonadota;Alphaproteobacteria;Rickettsiales;Mitochondria;,100.0,>=99
ASV_222,2959,Bacteria;Cyanobacteriota;Cyanobacteriia;Chloroplast;,99.7,>=99
ASV_223,2890,Bacteria;Cyanobacteriota;Cyanobacteriia;Chloroplast;,100.0,>=99
ASV_224,2875,Bacteria;Bacillota;Bacilli;Lactobacillales;Lactobacillaceae;Leuconostoc;,98.7,>=97
ASV_225,2873,Bacteria;Bacillota;Bacilli;Lactobacillales;Lactobacillaceae;Leuconostoc;,99.7,>=99
ASV_226,2865,Bacteria;Pseudomonadota;Alphaproteobacteria;Acetobacterales;Acetobacteraceae;,97.6,>=97
ASV_227,2831,Bacteria;Bacillota;Bacilli;Lactobacillales;Lactobacillaceae;Lactobacillus;,97.1,>=97
ASV_228,2828,Bacteria;Pseudomonadota;Alphaproteobacteria;Acetobacterales;Acetobacteraceae;,98.1,>=97
ASV_229,2766,Bacteria;Bacillota;Negativicutes;Veillonellales-Selenomonadales;Selenomonadaceae;Pectinatus;,95.4,>=95
ASV_230,2761,Bacteria;Bacillota;Bacilli;Lactobacillales;,99.5,>=99
ASV_231,2701,Bacteria;Bacillota;Bacilli;Lactobacillales;Lactobacillaceae;Lactobacillus;,96.3,>=95
ASV_232,2675,Bacteria;Bacillota;Bacilli;Lactobacillales;Lactobacillaceae;Lactobacillus;,97.3,>=97
ASV_233,2656,Bacteria;Pseudomonadota;Gammaproteobacteria;Pseudomonadales;Pseudomonadaceae;Pseudomonas;,99.7,>=99
ASV_234,2651,Bacteria;Pseudomonadota;Alphaproteobacteria;Rickettsiales;Mitochondria;,100.0,>=99
ASV_235,2646,Bacteria;Bacillota;Bacilli;Lactobacillales;Lactobacillaceae;Lactobacillus;,97.3,>=97
ASV_236,2636,Bacteria;Bacillota;Bacilli;Lactobacillales;Lactobacillaceae;Lactobacillus;,98.4,>=97
ASV_237,2623,Bacteria;Bacillota;Bacilli;Lactobacillales;Lactobacillaceae;Ligilactobacillus;,98.1,>=97
ASV_238,2606,Bacteria;Bacillota;Bacilli;Lactobacillales;Lactobacillaceae;Lactobacillus;,98.9,>=97
ASV_239,2588,Bacteria;Bacillota;Bacilli;Lactobacillales;Lactobacillaceae;Lactobacillus;,97.1,>=97
ASV_240,2580,Bacteria;Pseudomonadota;Alphaproteobacteria;Rickettsiales;Mitochondria;,100.0,>=99
ASV_241,2550,Bacteria;Bacillota;Bacilli;Lactobacillales;Lactobacillaceae;Lactobacillus;,99.2,>=99
ASV_242,2549,Bacteria;Bacillota;Bacilli;Lactobacillales;Lactobacillaceae;Lactobacillus;,98.7,>=97
ASV_243,2542,Bacteria;Pseudomonadota;Alphaproteobacteria;Acetobacterales;Acetobacteraceae;Bombella;,99.5,>=99
ASV_244,2513,Bacteria;Actinomycetota;Coriobacteriia;Coriobacteriales;Atopobiaceae;Atopobium;,97.3,>=97
ASV_245,2501,Bacteria;Pseudomonadota;Alphaproteobacteria;Acetobacterales;Acetobacteraceae;Bombella;,98.9,>=97
ASV_246,2491,Bacteria;Actinomycetota;Coriobacteriia;Coriobacteriales;Atopobiaceae;Parolsenella;,95.4,>=95
ASV_247,2482,,,no_hit
ASV_248,2478,,,no_hit
ASV_249,2460,Bacteria;Pseudomonadota;Gammaproteobacteria;Pseudomonadales;Moraxellaceae;Acinetobacter;,99.7,>=99
ASV_250,2447,Bacteria;Bacillota;Bacilli;Lactobacillales;Lactobacillaceae;Weissella;,98.7,>=97
ASV_251,2409,Bacteria;Bacillota;Bacilli;Lactobacillales;Lactobacillaceae;Lactobacillus;,97.1,>=97
ASV_252,2400,Bacteria;Bacillota;Bacilli;Lactobacillales;Streptococcaceae;Lactococcus;,100.0,>=99
ASV_253,2363,Bacteria;Bacillota;Bacilli;Lactobacillales;Lactobacillaceae;Lactobacillus;,96.5,>=95
ASV_254,2362,Bacteria;Bacillota;Bacilli;Lactobacillales;Lactobacillaceae;Liquorilactobacillus;,97.1,>=97
ASV_255,2355,Bacteria;Pseudomonadota;Gammaproteobacteria;Enterobacterales;Enterobacteriaceae;Enterobacter;,100.0,>=99
ASV_256,2355,Bacteria;Bacillota;Bacilli;Lactobacillales;Lactobacillaceae;Lactobacillus;,98.4,>=97
ASV_257,2352,Bacteria;Bacillota;Bacilli;Lactobacillales;Lactobacillaceae;Lactobacillus;,99.5,>=99
ASV_258,2340,Bacteria;Pseudomonadota;Alphaproteobacteria;Acetobacterales;Acetobacteraceae;Bombella;,99.5,>=99
ASV_259,2335,,,no_hit
ASV_260,2318,,,no_hit
ASV_261,2314,,,no_hit
ASV_262,2302,Bacteria;Bacillota;Bacilli;Lactobacillales;,99.7,>=99
ASV_263,2290,Bacteria;Bacillota;Bacilli;Lactobacillales;Lactobacillaceae;Apilactobacillus;,99.5,>=99
ASV_264,2261,Bacteria;Bacillota;Bacilli;Lactobacillales;Lactobacillaceae;Lactobacillus;,98.7,>=97
ASV_265,2260,Bacteria;Bacillota;Bacilli;Lactobacillales;Lactobacillaceae;Lactobacillus;,96.5,>=95
ASV_266,2244,Bacteria;Bacillota;Bacilli;Lactobacillales;Lactobacillaceae;Apilactobacillus;,98.1,>=97
ASV_267,2170,Bacteria;Pseudomonadota;Gammaproteobacteria;Enterobacterales;Erwiniaceae;Pantoea;,100.0,>=99
ASV_268,2140,Bacteria;Bacillota;Bacilli;Lactobacillales;Lactobacillaceae;Lactobacillus;,99.5,>=99
ASV_269,2127,,,no_hit
ASV_270,2116,Bacteria;Bacillota;Bacilli;Lactobacillales;Lactobacillaceae;Weissella;,98.7,>=97
ASV_271,2116,Bacteria;Bacillota;Negativicutes;Veillonellales-Selenomonadales;Selenomonadaceae;Pectinatus;,96.0,>=95
ASV_272,2103,Bacteria;Pseudomonadota;Gammaproteobacteria;Enterobacterales;Orbaceae;Gilliamella;,95.2,>=95
ASV_273,2101,Bacteria;Pseudomonadota;Alphaproteobacteria;Acetobacterales;Acetobacteraceae;,97.3,>=97
ASV_274,2082,Bacteria;Bacillota;Bacilli;Lactobacillales;Lactobacillaceae;Leuconostoc;,99.7,>=99
ASV_275,2064,Bacteria;Pseudomonadota;Gammaproteobacteria;Burkholderiales;Alcaligenaceae;Candidatus,100.0,>=99
ASV_276,2030,,,no_hit
ASV_277,2029,Bacteria;Bacillota;Bacilli;Lactobacillales;Lactobacillaceae;Lactobacillus;,96.8,>=95
ASV_278,2015,Bacteria;Pseudomonadota;Gammaproteobacteria;Enterobacterales;Enterobacteriaceae;Klebsiella;,97.9,>=97
ASV_279,2004,Bacteria;Pseudomonadota;Alphaproteobacteria;Acetobacterales;Acetobacteraceae;Commensalibacter;,97.1,>=97
ASV_280,2002,Bacteria;Bacillota;Bacilli;Lactobacillales;Lactobacillaceae;Bombilactobacillus;,96.3,>=95
ASV_281,1988,Bacteria;Bacillota;Bacilli;Lactobacillales;Lactobacillaceae;Lactobacillus;,96.3,>=95
ASV_282,1980,Bacteria;Pseudomonadota;Gammaproteobacteria;Burkholderiales;Comamonadaceae;Comamonas;,99.5,>=99
ASV_283,1963,Bacteria;Bacillota;Bacilli;Lactobacillales;Lactobacillaceae;Lactobacillus;,96.8,>=95
ASV_284,1946,Bacteria;Actinomycetota;Actinobacteria;Bifidobacteriales;Bifidobacteriaceae;Bifidobacterium;,99.7,>=99
ASV_285,1944,Bacteria;Pseudomonadota;Gammaproteobacteria;Enterobacterales;Erwiniaceae;Izhakiella;,95.5,>=95
ASV_286,1930,Bacteria;Pseudomonadota;Alphaproteobacteria;Acetobacterales;Acetobacteraceae;,99.2,>=99
ASV_287,1924,,,no_hit
ASV_288,1923,Bacteria;Pseudomonadota;Alphaproteobacteria;Hyphomicrobiales;Rhizobiaceae;Bartonella;,100.0,>=99
ASV_289,1855,Bacteria;Pseudomonadota;Alphaproteobacteria;Acetobacterales;Acetobacteraceae;Commensalibacter;,96.2,>=95
ASV_290,1843,Bacteria;Pseudomonadota;Gammaproteobacteria;Burkholderiales;Neisseriaceae;Snodgrassella;,96.2,>=95
ASV_291,1841,Bacteria;Bacillota;Bacilli;Lactobacillales;Lactobacillaceae;Lactobacillus;,96.0,>=95
ASV_292,1836,Bacteria;Pseudomonadota;Gammaproteobacteria;Burkholderiales;Neisseriaceae;Snodgrassella;,96.5,>=95
ASV_293,1829,Bacteria;Actinomycetota;Actinobacteria;Bifidobacteriales;Bifidobacteriaceae;Bifidobacterium;,97.6,>=97
ASV_294,1798,,,no_hit
ASV_295,1780,Bacteria;Bacillota;Bacilli;Lactobacillales;Lactobacillaceae;Bombilactobacillus;,98.1,>=97
ASV_296,1776,Bacteria;Bacillota;Bacilli;Lactobacillales;Lactobacillaceae;Lactobacillus;,97.1,>=97
ASV_297,1776,Bacteria;Bacillota;Bacilli;Lactobacillales;Streptococcaceae;Floricoccus;,99.5,>=99
ASV_298,1765,Bacteria;Bacillota;Bacilli;Lactobacillales;Lactobacillaceae;Lactobacillus;,96.3,>=95
ASV_299,1726,Bacteria;Bacillota;Bacilli;Lactobacillales;Lactobacillaceae;Lactobacillus;,99.5,>=99
ASV_300,1723,,,no_hit
ASV_301,1721,Bacteria;Bacillota;Bacilli;Lactobacillales;Lactobacillaceae;Apilactobacillus;,100.0,>=99
ASV_302,1691,Bacteria;Pseudomonadota;Gammaproteobacteria;Lysobacterales;Lysobacteraceae;Stenotrophomonas;,96.0,>=95
ASV_303,1687,,,no_hit
ASV_304,1687,Bacteria;Pseudomonadota;Gammaproteobacteria;Enterobacterales;Erwiniaceae;Pantoea;,99.7,>=99
ASV_305,1654,Bacteria;Bacillota;Bacilli;Lactobacillales;Lactobacillaceae;Lactobacillus;,97.1,>=97
ASV_306,1636,Bacteria;Pseudomonadota;Gammaproteobacteria;Enterobacterales;Enterobacteriaceae;Enterobacter;,100.0,>=99
ASV_307,1615,Bacteria;Bacteroidota;Bacteroidia;Flavobacteriales;Weeksellaceae;Apibacter;,96.8,>=95
ASV_308,1590,,,no_hit
ASV_309,1584,Bacteria;Pseudomonadota;Alphaproteobacteria;Acetobacterales;Acetobacteraceae;Commensalibacter;,97.6,>=97
ASV_310,1542,Bacteria;Actinomycetota;Actinobacteria;Bifidobacteriales;Bifidobacteriaceae;Bifidobacterium;,99.2,>=99
ASV_311,1531,Bacteria;Pseudomonadota;Alphaproteobacteria;Acetobacterales;Acetobacteraceae;,95.4,>=95
ASV_312,1530,Bacteria;Bacillota;Bacilli;Lactobacillales;Lactobacillaceae;Lactobacillus;,96.8,>=95
ASV_313,1528,Bacteria;Pseudomonadota;Alphaproteobacteria;Acetobacterales;Acetobacteraceae;Neokomagataea;,99.7,>=99
ASV_314,1527,Bacteria;Pseudomonadota;Gammaproteobacteria;Pseudomonadales;Moraxellaceae;Acinetobacter;,99.5,>=99
ASV_315,1518,,,no_hit
ASV_316,1514,,,no_hit
ASV_317,1481,Bacteria;Bacillota;Bacilli;Lactobacillales;Lactobacillaceae;Ligilactobacillus;,97.3,>=97
ASV_318,1471,Bacteria;Pseudomonadota;Gammaproteobacteria;Burkholderiales;Neisseriaceae;Snodgrassella;,96.0,>=95
ASV_319,1444,Bacteria;Bacillota;Bacilli;Lactobacillales;Lactobacillaceae;Lactobacillus;,98.1,>=97
ASV_320,1440,Bacteria;Bacillota;Bacilli;Lactobacillales;Lactobacillaceae;Lactobacillus;,99.5,>=99
ASV_321,1439,Bacteria;Bacillota;Bacilli;Lactobacillales;Lactobacillaceae;Lactobacillus;,96.3,>=95
ASV_322,1439,,,no_hit
ASV_323,1418,Bacteria;Pseudomonadota;Alphaproteobacteria;Rickettsiales;Mitochondria;,100.0,>=99
ASV_324,1407,Bacteria;Bacillota;Bacilli;Lactobacillales;Lactobacillaceae;Lactobacillus;,96.5,>=95
ASV_325,1403,Bacteria;Bacillota;Bacilli;Lactobacillales;Lactobacillaceae;Leuconostoc;,100.0,>=99
ASV_326,1387,Bacteria;Bacillota;Bacilli;Lactobacillales;Lactobacillaceae;Weissella;,98.7,>=97
ASV_327,1381,,,no_hit
ASV_328,1373,Bacteria;Bacillota;Bacilli;Lactobacillales;Lactobacillaceae;Apilactobacillus;,99.7,>=99
ASV_329,1361,,,no_hit
ASV_330,1357,Bacteria;Pseudomonadota;Alphaproteobacteria;Acetobacterales;Acetobacteraceae;,98.9,>=97
ASV_331,1341,Bacteria;Pseudomonadota;Gammaproteobacteria;Burkholderiales;Neisseriaceae;Snodgrassella;,96.5,>=95
ASV_332,1331,Bacteria;Pseudomonadota;Gammaproteobacteria;Enterobacterales;Erwiniaceae;Phaseolibacter;,100.0,>=99
ASV_333,1330,Bacteria;Bacteroidota;Bacteroidia;Flavobacteriales;Weeksellaceae;Chryseobacterium;,100.0,>=99
ASV_334,1318,Bacteria;Actinomycetota;Actinobacteria;Bifidobacteriales;Bifidobacteriaceae;Bifidobacterium;,99.2,>=99
ASV_335,1317,Bacteria;Pseudomonadota;Gammaproteobacteria;Enterobacterales;Enterobacteriaceae;Lelliottia;,100.0,>=99
ASV_336,1315,Bacteria;Bacillota;Negativicutes;Veillonellales-Selenomonadales;Selenomonadaceae;Pectinatus;,96.0,>=95
ASV_337,1307,Bacteria;Pseudomonadota;Alphaproteobacteria;Acetobacterales;Acetobacteraceae;Commensalibacter;,97.6,>=97
ASV_338,1302,Bacteria;Bacillota;Bacilli;Lactobacillales;Lactobacillaceae;Ligilactobacillus;,98.4,>=97
ASV_339,1295,Bacteria;Bacillota;Bacilli;Lactobacillales;Lactobacillaceae;Ligilactobacillus;,97.9,>=97
ASV_340,1295,Bacteria;Cyanobacteriota;Cyanobacteriia;Chloroplast;,95.8,>=95
ASV_341,1286,Bacteria;Pseudomonadota;Gammaproteobacteria;Enterobacterales;Orbaceae;Gilliamella;,95.2,>=95
ASV_342,1281,Bacteria;Bacillota;Bacilli;Lactobacillales;Lactobacillaceae;Lactobacillus;,97.3,>=97
ASV_343,1231,Bacteria;Bacillota;Bacilli;Lactobacillales;Lactobacillaceae;Apilactobacillus;,98.9,>=97
ASV_344,1211,Bacteria;Pseudomonadota;Gammaproteobacteria;Pseudomonadales;Halomonadaceae;Zymobacter;,98.7,>=97
ASV_345,1194,Bacteria;Bacteroidota;Bacteroidia;Bacteroidales;Dysgonomonadaceae;Dysgonomonas;,99.7,>=99
ASV_346,1162,Bacteria;Bacillota;Bacilli;Lactobacillales;Streptococcaceae;Floricoccus;,99.7,>=99
ASV_347,1142,,,no_hit
ASV_348,1140,Bacteria;Bacillota;Bacilli;Lactobacillales;Lactobacillaceae;Ligilactobacillus;,98.1,>=97
ASV_349,1136,Bacteria;Bacillota;Bacilli;Lactobacillales;Enterococcaceae;Enterococcus;,99.2,>=99
ASV_350,1130,Bacteria;Bacillota;Bacilli;Lactobacillales;Lactobacillaceae;Lactobacillus;,96.5,>=95
ASV_351,1119,,,no_hit
ASV_352,1118,Bacteria;Cyanobacteriota;Cyanobacteriia;Chloroplast;,98.4,>=97
ASV_353,1109,,,no_hit
ASV_354,1106,Bacteria;Bacillota;Negativicutes;Veillonellales-Selenomonadales;Selenomonadaceae;Pectinatus;,96.2,>=95
ASV_355,1103,Bacteria;Bacillota;Bacilli;Lactobacillales;Lactobacillaceae;Lactobacillus;,97.6,>=97
ASV_356,1100,Bacteria;Bacillota;Negativicutes;Veillonellales-Selenomonadales;Selenomonadaceae;Pectinatus;,96.0,>=95
ASV_357,1099,Bacteria;Pseudomonadota;Alphaproteobacteria;Rickettsiales;Mitochondria;,100.0,>=99
ASV_358,1092,,,no_hit
ASV_359,1087,Bacteria;Pseudomonadota;Gammaproteobacteria;Enterobacterales;Erwiniaceae;Izhakiella;,95.5,>=95
ASV_360,1076,Bacteria;Pseudomonadota;Gammaproteobacteria;Enterobacterales;Yersiniaceae;Serratia;,100.0,>=99
ASV_361,1061,Bacteria;Bacillota;Bacilli;Lactobacillales;Enterococcaceae;Enterococcus;,100.0,>=99
ASV_362,1051,Bacteria;Bacillota;Bacilli;Lactobacillales;Lactobacillaceae;Limosilactobacillus;,95.5,>=95
ASV_363,1049,Bacteria;Bacillota;Bacilli;Lactobacillales;Lactobacillaceae;Apilactobacillus;,97.6,>=97
ASV_364,1045,Bacteria;Bacillota;Bacilli;Lactobacillales;Lactobacillaceae;Lactobacillus;,96.8,>=95
ASV_365,1026,Bacteria;Cyanobacteriota;Cyanobacteriia;Chloroplast;,100.0,>=99
ASV_366,1023,Bacteria;Bacteroidota;Bacteroidia;Flavobacteriales;Weeksellaceae;Apibacter;,97.0,>=97
ASV_367,1022,Bacteria;Bacillota;Bacilli;Lactobacillales;Lactobacillaceae;Lactobacillus;,97.1,>=97
ASV_368,1019,Bacteria;Bacillota;Bacilli;Lactobacillales;Lactobacillaceae;Bombilactobacillus;,99.2,>=99
ASV_369,1016,,,no_hit
ASV_370,1009,Bacteria;Bacillota;Negativicutes;Veillonellales-Selenomonadales;Veillonellaceae;Veillonella;,97.3,>=97
ASV_371,999,Bacteria;Pseudomonadota;Gammaproteobacteria;Burkholderiales;Comamonadaceae;Comamonas;,100.0,>=99
ASV_372,986,Bacteria;Bacillota;Bacilli;Lactobacillales;Lactobacillaceae;Lactobacillus;,96.3,>=95
ASV_373,981,Bacteria;Bacillota;Bacilli;Lactobacillales;Lactobacillaceae;Lactobacillus;,97.6,>=97
ASV_374,980,Bacteria;Pseudomonadota;Alphaproteobacteria;Acetobacterales;Acetobacteraceae;Bombella;,98.9,>=97
ASV_375,977,Bacteria;Bacillota;Bacilli;Lactobacillales;Lactobacillaceae;Lactobacillus;,96.8,>=95
ASV_376,976,Bacteria;Pseudomonadota;Gammaproteobacteria;Enterobacterales;Erwiniaceae;Izhakiella;,97.6,>=97
ASV_377,968,Bacteria;Bacteroidota;Bacteroidia;Bacteroidales;Bacteroidaceae;Bacteroides;,98.6,>=97
ASV_378,966,Bacteria;Bacillota;Bacilli;Lactobacillales;Lactobacillaceae;Lactobacillus;,98.9,>=97
ASV_379,961,Bacteria;Bacillota;Bacilli;Lactobacillales;Lactobacillaceae;Lactobacillus;,98.1,>=97
ASV_380,961,Bacteria;Bacillota;Negativicutes;Veillonellales-Selenomonadales;Selenomonadaceae;Pectinatus;,96.5,>=95
ASV_381,957,Bacteria;Pseudomonadota;Gammaproteobacteria;Enterobacterales;Enterobacteriaceae;Enterobacillus;,95.2,>=95
ASV_382,946,Bacteria;Pseudomonadota;Alphaproteobacteria;Acetobacterales;Acetobacteraceae;Bombella;,98.7,>=97
ASV_383,943,Bacteria;Cyanobacteriota;Cyanobacteriia;Chloroplast;,99.7,>=99
ASV_384,940,Bacteria;Bacillota;Bacilli;Staphylococcales;Staphylococcaceae;Staphylococcus;,100.0,>=99
ASV_385,936,Bacteria;Pseudomonadota;Alphaproteobacteria;Rickettsiales;Mitochondria;,100.0,>=99
ASV_386,934,Bacteria;Pseudomonadota;Gammaproteobacteria;Enterobacterales;Enterobacteriaceae;Kosakonia;,100.0,>=99
ASV_387,932,Bacteria;Bacillota;Bacilli;Lactobacillales;Lactobacillaceae;Lactobacillus;,96.8,>=95
ASV_388,931,Bacteria;Bacillota;Bacilli;Lactobacillales;Lactobacillaceae;Lactobacillus;,96.3,>=95
ASV_389,919,Bacteria;Bacillota;Bacilli;Lactobacillales;Lactobacillaceae;Lactobacillus;,97.6,>=97
ASV_390,915,Bacteria;Pseudomonadota;Gammaproteobacteria;Enterobacterales;Erwiniaceae;Izhakiella;,95.2,>=95
ASV_391,912,Bacteria;Actinomycetota;Coriobacteriia;Coriobacteriales;Atopobiaceae;Lancefieldella;,95.9,>=95
ASV_392,909,Bacteria;Pseudomonadota;Gammaproteobacteria;Cardiobacteriales;Wohlfahrtiimonadaceae;Ignatzschineria;,100.0,>=99
ASV_393,905,Bacteria;Bacillota;Bacilli;Lactobacillales;Lactobacillaceae;Lactobacillus;,96.5,>=95
ASV_394,893,Bacteria;Pseudomonadota;Gammaproteobacteria;Enterobacterales;Enterobacteriaceae;Raoultella;,100.0,>=99
ASV_395,871,Bacteria;Bacillota;Bacilli;Lactobacillales;Lactobacillaceae;Lactobacillus;,96.5,>=95
ASV_396,868,,,no_hit
ASV_397,860,Bacteria;Bacillota;Bacilli;Lactobacillales;Enterococcaceae;Enterococcus;,99.7,>=99
ASV_398,847,Bacteria;Bacillota;Bacilli;Lactobacillales;Lactobacillaceae;Lactobacillus;,96.0,>=95
ASV_399,836,Bacteria;Bacillota;Bacilli;Lactobacillales;Lactobacillaceae;Lactobacillus;,97.1,>=97
ASV_400,830,Bacteria;Bacillota;Bacilli;Lactobacillales;Lactobacillaceae;Apilactobacillus;,99.2,>=99
ASV_401,825,Bacteria;Bacillota;Bacilli;Lactobacillales;Lactobacillaceae;Lactobacillus;,97.1,>=97
ASV_402,807,Bacteria;Bacillota;Bacilli;Lactobacillales;Lactobacillaceae;Lactobacillus;,96.8,>=95
ASV_403,805,Bacteria;Bacillota;Bacilli;Lactobacillales;Lactobacillaceae;Ligilactobacillus;,97.6,>=97
ASV_404,804,Bacteria;Bacillota;Bacilli;Lactobacillales;Lactobacillaceae;Lactobacillus;,97.3,>=97
ASV_405,791,Bacteria;Bacillota;Negativicutes;Veillonellales-Selenomonadales;Selenomonadaceae;Pectinatus;,96.2,>=95
ASV_406,790,Bacteria;Bacillota;Bacilli;Lactobacillales;Lactobacillaceae;Lactobacillus;,97.1,>=97
ASV_407,790,Bacteria;Bacillota;Bacilli;Lactobacillales;Lactobacillaceae;Lactobacillus;,96.8,>=95
ASV_408,783,Bacteria;Pseudomonadota;Gammaproteobacteria;Enterobacterales;Yersiniaceae;Gibbsiella;,100.0,>=99
ASV_409,778,Bacteria;Cyanobacteriota;Cyanobacteriia;Chloroplast;,99.7,>=99
ASV_410,772,Bacteria;Pseudomonadota;Gammaproteobacteria;Enterobacterales;Orbaceae;Gilliamella;,96.0,>=95
ASV_411,767,Bacteria;Bacillota;Bacilli;Lactobacillales;Lactobacillaceae;Lactobacillus;,99.7,>=99
ASV_412,757,,,no_hit
ASV_413,755,Bacteria;Pseudomonadota;Gammaproteobacteria;Enterobacterales;Vibrionaceae;Vibrio;,100.0,>=99
ASV_414,755,Bacteria;Pseudomonadota;Gammaproteobacteria;Enterobacterales;Erwiniaceae;Izhakiella;,95.7,>=95
ASV_415,754,Bacteria;Pseudomonadota;Alphaproteobacteria;Acetobacterales;Acetobacteraceae;Bombella;,98.4,>=97
ASV_416,748,Bacteria;Bacillota;Bacilli;Lactobacillales;Lactobacillaceae;Lactobacillus;,96.8,>=95
ASV_417,738,Bacteria;Bacillota;Bacilli;Lactobacillales;Lactobacillaceae;Lactobacillus;,96.8,>=95
ASV_418,736,Bacteria;Bacteroidota;Bacteroidia;Sphingobacteriales;Sphingobacteriaceae;Pedobacter;,98.9,>=97
ASV_419,735,,,no_hit
ASV_420,724,Bacteria;Pseudomonadota;Gammaproteobacteria;Burkholderiales;Neisseriaceae;Snodgrassella;,97.3,>=97
ASV_421,718,Bacteria;Cyanobacteriota;Cyanobacteriia;Chloroplast;,99.7,>=99
ASV_422,713,Bacteria;Bacillota;Bacilli;Lactobacillales;Lactobacillaceae;Lactobacillus;,96.8,>=95
ASV_423,711,,,no_hit
ASV_424,710,,,no_hit
ASV_425,704,Bacteria;Cyanobacteriota;Cyanobacteriia;Chloroplast;,100.0,>=99
ASV_426,697,Bacteria;Pseudomonadota;Gammaproteobacteria;Enterobacterales;Enterobacteriaceae;Cronobacter;,99.5,>=99
ASV_427,694,Bacteria;Cyanobacteriota;Cyanobacteriia;Chloroplast;,96.5,>=95
ASV_428,686,Bacteria;Pseudomonadota;Gammaproteobacteria;Pseudomonadales;Pseudomonadaceae;Pseudomonas;,100.0,>=99
ASV_429,674,Bacteria;Bacillota;Bacilli;Lactobacillales;Lactobacillaceae;Lactobacillus;,97.1,>=97
ASV_430,673,Bacteria;Pseudomonadota;Gammaproteobacteria;Burkholderiales;Neisseriaceae;Snodgrassella;,96.8,>=95
ASV_431,670,Bacteria;Bacillota;Bacilli;Lactobacillales;Lactobacillaceae;Lactobacillus;,99.2,>=99
ASV_432,664,Bacteria;Bacillota;Bacilli;Lactobacillales;Lactobacillaceae;Apilactobacillus;,99.7,>=99
ASV_433,663,Bacteria;Cyanobacteriota;Cyanobacteriia;Chloroplast;,98.7,>=97
ASV_434,660,Bacteria;Bacillota;Bacilli;Lactobacillales;Lactobacillaceae;Lactobacillus;,97.6,>=97
ASV_435,657,Bacteria;Bacillota;Bacilli;Lactobacillales;Lactobacillaceae;Lactobacillus;,97.9,>=97
ASV_436,652,Bacteria;Bacillota;Bacilli;Lactobacillales;Lactobacillaceae;Fructobacillus;,99.7,>=99
ASV_437,649,,,no_hit
ASV_438,642,Bacteria;Actinomycetota;Actinobacteria;Bifidobacteriales;Bifidobacteriaceae;Bifidobacterium;,96.8,>=95
ASV_439,639,Bacteria;Pseudomonadota;Alphaproteobacteria;Acetobacterales;Acetobacteraceae;Commensalibacter;,96.2,>=95
ASV_440,633,Bacteria;Pseudomonadota;Gammaproteobacteria;Enterobacterales;Erwiniaceae;Izhakiella;,95.2,>=95
ASV_441,630,Bacteria;Pseudomonadota;Gammaproteobacteria;Enterobacterales;Erwiniaceae;Pantoea;,100.0,>=99
ASV_442,626,Bacteria;Bacillota;Bacilli;Lactobacillales;Lactobacillaceae;Lactobacillus;,98.7,>=97
ASV_443,622,Bacteria;Bacillota;Bacilli;Lactobacillales;Lactobacillaceae;Lactobacillus;,99.2,>=99
ASV_444,621,Bacteria;Pseudomonadota;Gammaproteobacteria;Enterobacterales;Erwiniaceae;Pantoea;,100.0,>=99
ASV_445,614,Bacteria;Bacteroidota;Bacteroidia;Chitinophagales;Chitinophagaceae;Niabella;,99.5,>=99
ASV_446,603,Bacteria;Bacillota;Bacilli;Lactobacillales;Lactobacillaceae;Lactobacillus;,97.1,>=97
ASV_447,595,Bacteria;Pseudomonadota;Alphaproteobacteria;Rickettsiales;Mitochondria;,100.0,>=99
ASV_448,584,Bacteria;Pseudomonadota;Gammaproteobacteria;Pseudomonadales;Halomonadaceae;Zymobacter;,98.4,>=97
ASV_449,581,,,no_hit
ASV_450,578,Bacteria;Bacillota;Bacilli;Lactobacillales;Enterococcaceae;Enterococcus;,100.0,>=99
ASV_451,575,Bacteria;Bacillota;Bacilli;Lactobacillales;Lactobacillaceae;Lactobacillus;,97.1,>=97
ASV_452,572,Bacteria;Pseudomonadota;Gammaproteobacteria;Burkholderiales;Neisseriaceae;Snodgrassella;,97.1,>=97
ASV_453,571,,,no_hit
ASV_454,570,Bacteria;Pseudomonadota;Gammaproteobacteria;Lysobacterales;Lysobacteraceae;Xylella;,96.5,>=95
ASV_455,570,Bacteria;Bacillota;Bacilli;Lactobacillales;Lactobacillaceae;Lactobacillus;,97.6,>=97
ASV_456,568,Bacteria;Bacillota;Bacilli;Lactobacillales;Lactobacillaceae;Lactobacillus;,96.5,>=95
ASV_457,565,Bacteria;Pseudomonadota;Alphaproteobacteria;Acetobacterales;Acetobacteraceae;Bombella;,98.7,>=97
ASV_458,565,Bacteria;Bacillota;Bacilli;Lactobacillales;Lactobacillaceae;Lactobacillus;,97.3,>=97
ASV_459,561,Bacteria;Pseudomonadota;Gammaproteobacteria;Pseudomonadales;Moraxellaceae;Acinetobacter;,96.0,>=95
ASV_460,559,Bacteria;Bacillota;Bacilli;Lactobacillales;Lactobacillaceae;Lactobacillus;,96.5,>=95
ASV_461,557,Bacteria;Bacillota;Bacilli;Lactobacillales;Lactobacillaceae;Lactobacillus;,95.2,>=95
ASV_462,552,Bacteria;Bacillota;Bacilli;Lactobacillales;Lactobacillaceae;Apilactobacillus;,97.9,>=97
ASV_463,543,Bacteria;Bacillota;Negativicutes;Veillonellales-Selenomonadales;Selenomonadaceae;Pectinatus;,96.0,>=95
ASV_464,540,Bacteria;Actinomycetota;Coriobacteriia;Coriobacteriales;Atopobiaceae;Parolsenella;,95.1,>=95
ASV_465,536,Bacteria;Bacillota;Bacilli;Lactobacillales;Lactobacillaceae;Lactobacillus;,96.8,>=95
ASV_466,532,Bacteria;Actinomycetota;Actinobacteria;Bifidobacteriales;Bifidobacteriaceae;Bifidobacterium;,99.2,>=99
ASV_467,531,Bacteria;Bacillota;Bacilli;Lactobacillales;Lactobacillaceae;Lactobacillus;,96.8,>=95
ASV_468,528,Bacteria;Cyanobacteriota;Cyanobacteriia;Chloroplast;,100.0,>=99
ASV_469,528,Bacteria;Cyanobacteriota;Cyanobacteriia;Chloroplast;,99.5,>=99
ASV_470,526,Bacteria;Bacillota;Bacilli;Lactobacillales;Lactobacillaceae;Lactobacillus;,99.2,>=99
ASV_471,522,Bacteria;Pseudomonadota;Gammaproteobacteria;Enterobacterales;Erwiniaceae;Pantoea;,100.0,>=99
ASV_472,522,Bacteria;Cyanobacteriota;Cyanobacteriia;Chloroplast;,100.0,>=99
ASV_473,522,Bacteria;Bacillota;Bacilli;Lactobacillales;Lactobacillaceae;Lactobacillus;,96.0,>=95
ASV_474,517,Bacteria;Bacillota;Bacilli;Lactobacillales;Lactobacillaceae;Ligilactobacillus;,97.9,>=97
ASV_475,510,Bacteria;Bacillota;Bacilli;Lactobacillales;Lactobacillaceae;Lactobacillus;,96.5,>=95
ASV_476,509,Bacteria;Bacillota;Negativicutes;Veillonellales-Selenomonadales;Selenomonadaceae;Pectinatus;,96.0,>=95
ASV_477,505,,,no_hit
ASV_478,505,Bacteria;Bacillota;Bacilli;Lactobacillales;Lactobacillaceae;Ligilactobacillus;,97.9,>=97
ASV_479,500,Bacteria;Bacillota;Bacilli;Lactobacillales;Lactobacillaceae;Lactobacillus;,96.8,>=95
ASV_480,499,Bacteria;Actinomycetota;Actinobacteria;Bifidobacteriales;Bifidobacteriaceae;Bifidobacterium;,96.3,>=95
ASV_481,495,Bacteria;Pseudomonadota;Gammaproteobacteria;Pseudomonadales;Moraxellaceae;Acinetobacter;,100.0,>=99
ASV_482,493,Bacteria;Bacillota;Bacilli;Lactobacillales;Streptococcaceae;Floricoccus;,99.5,>=99
ASV_483,491,Bacteria;Pseudomonadota;Alphaproteobacteria;Acetobacterales;Acetobacteraceae;Bombella;,97.3,>=97
ASV_484,488,Bacteria;Pseudomonadota;Gammaproteobacteria;Cardiobacteriales;Wohlfahrtiimonadaceae;Ignatzschineria;,99.7,>=99
ASV_485,488,,,no_hit
ASV_486,487,Bacteria;Bacillota;Bacilli;Lactobacillales;Lactobacillaceae;Lactobacillus;,97.3,>=97
ASV_487,485,Bacteria;Bacillota;Bacilli;Lactobacillales;Lactobacillaceae;Lactobacillus;,97.1,>=97
ASV_488,482,Bacteria;Bacillota;Bacilli;Lactobacillales;Lactobacillaceae;Lactobacillus;,97.6,>=97
ASV_489,478,Bacteria;Bacillota;Bacilli;Lactobacillales;Lactobacillaceae;Lactobacillus;,97.6,>=97
ASV_490,477,Bacteria;Cyanobacteriota;Cyanobacteriia;Chloroplast;,99.7,>=99
ASV_491,475,Bacteria;Bacillota;Bacilli;Lactobacillales;Lactobacillaceae;Ligilactobacillus;,97.9,>=97
ASV_492,475,Bacteria;Pseudomonadota;Alphaproteobacteria;Acetobacterales;Acetobacteraceae;Bombella;,99.2,>=99
ASV_493,475,Bacteria;Actinomycetota;Actinobacteria;Bifidobacteriales;Bifidobacteriaceae;Bifidobacterium;,98.9,>=97
ASV_494,474,Bacteria;Bacillota;Bacilli;Lactobacillales;Lactobacillaceae;Ligilactobacillus;,97.9,>=97
ASV_495,470,Bacteria;Pseudomonadota;Alphaproteobacteria;Acetobacterales;Acetobacteraceae;Neoasaia;,100.0,>=99
ASV_496,461,,,no_hit
ASV_497,461,Bacteria;Pseudomonadota;Alphaproteobacteria;Acetobacterales;Acetobacteraceae;,97.3,>=97
ASV_498,460,Bacteria;Pseudomonadota;Alphaproteobacteria;Acetobacterales;Acetobacteraceae;Gluconobacter;,99.5,>=99
ASV_499,457,Bacteria;Bacillota;Negativicutes;Veillonellales-Selenomonadales;Selenomonadaceae;Pectinatus;,96.2,>=95
ASV_500,457,Bacteria;Bacillota;Bacilli;Lactobacillales;Lactobacillaceae;Lactobacillus;,96.5,>=95
ASV_501,457,Bacteria;Pseudomonadota;Gammaproteobacteria;Enterobacterales;Yersiniaceae;Gibbsiella;,99.7,>=99
ASV_502,454,Bacteria;Pseudomonadota;Alphaproteobacteria;Acetobacterales;Acetobacteraceae;,99.2,>=99
ASV_503,452,Bacteria;Pseudomonadota;Gammaproteobacteria;Pseudomonadales;Pseudomonadaceae;Oblitimonas;,100.0,>=99
ASV_504,451,Bacteria;Bacillota;Bacilli;Lactobacillales;Enterococcaceae;Enterococcus;,100.0,>=99
ASV_505,450,Bacteria;Bacillota;Bacilli;Lactobacillales;Lactobacillaceae;Ligilactobacillus;,97.3,>=97
ASV_506,448,Bacteria;Bacillota;Bacilli;Lactobacillales;Streptococcaceae;Floricoccus;,99.7,>=99
ASV_507,442,Bacteria;Cyanobacteriota;Cyanobacteriia;Chloroplast;,100.0,>=99
ASV_508,441,,,no_hit
ASV_509,441,Bacteria;Actinomycetota;Actinobacteria;Bifidobacteriales;Bifidobacteriaceae;Bifidobacterium;,99.2,>=99
ASV_510,439,Bacteria;Bacillota;Bacilli;Lactobacillales;Lactobacillaceae;Apilactobacillus;,97.6,>=97
ASV_511,438,Bacteria;Bacillota;Bacilli;Lactobacillales;Lactobacillaceae;Lactobacillus;,96.8,>=95
ASV_512,438,Bacteria;Actinomycetota;Actinobacteria;Bifidobacteriales;Bifidobacteriaceae;Bifidobacterium;,97.1,>=97
ASV_513,434,Bacteria;Actinomycetota;Actinobacteria;Bifidobacteriales;Bifidobacteriaceae;Bifidobacterium;,97.3,>=97
ASV_514,433,Bacteria;Bacillota;Bacilli;Lactobacillales;Lactobacillaceae;Apilactobacillus;,99.5,>=99
ASV_515,424,,,no_hit
ASV_516,419,Bacteria;Pseudomonadota;Gammaproteobacteria;Pseudomonadales;Halomonadaceae;Zymobacter;,98.7,>=97
ASV_517,419,Bacteria;Bacillota;Bacilli;Lactobacillales;Lactobacillaceae;Lactobacillus;,99.7,>=99
ASV_518,417,Bacteria;Pseudomonadota;Gammaproteobacteria;Enterobacterales;Pectobacteriaceae;Lonsdalea;,99.7,>=99
ASV_519,416,Bacteria;Bacillota;Bacilli;Lactobacillales;Lactobacillaceae;Lactobacillus;,96.8,>=95
ASV_520,416,Bacteria;Pseudomonadota;Alphaproteobacteria;Acetobacterales;Acetobacteraceae;Asaia;,100.0,>=99
ASV_521,415,Bacteria;Actinomycetota;Actinobacteria;Bifidobacteriales;Bifidobacteriaceae;Bifidobacterium;,97.9,>=97
ASV_522,413,Bacteria;Bacteroidota;Bacteroidia;Sphingobacteriales;Sphingobacteriaceae;Sphingobacterium;,100.0,>=99
ASV_523,412,Bacteria;Bacillota;Negativicutes;Veillonellales-Selenomonadales;Selenomonadaceae;Pectinatus;,95.7,>=95
ASV_524,410,Bacteria;Pseudomonadota;Gammaproteobacteria;Pseudomonadales;Moraxellaceae;Acinetobacter;,99.7,>=99
ASV_525,401,Bacteria;Bacillota;Bacilli;Lactobacillales;Lactobacillaceae;Lactobacillus;,97.3,>=97
ASV_526,398,Bacteria;Bacillota;Bacilli;Lactobacillales;Lactobacillaceae;Lactobacillus;,97.1,>=97
ASV_527,395,Bacteria;Cyanobacteriota;Cyanobacteriia;Chloroplast;,96.3,>=95
ASV_528,390,Bacteria;Bacillota;Bacilli;Lactobacillales;Lactobacillaceae;Lactobacillus;,97.1,>=97
ASV_529,388,Bacteria;Pseudomonadota;Gammaproteobacteria;Enterobacterales;Erwiniaceae;Izhakiella;,95.7,>=95
ASV_530,386,Bacteria;Pseudomonadota;Gammaproteobacteria;Enterobacterales;Pectobacteriaceae;Lonsdalea;,99.7,>=99
ASV_531,385,Bacteria;Bacillota;Bacilli;Lactobacillales;Lactobacillaceae;Apilactobacillus;,99.7,>=99
ASV_532,385,Bacteria;Bacillota;Bacilli;Lactobacillales;Lactobacillaceae;Leuconostoc;,100.0,>=99
ASV_533,381,Bacteria;Bacillota;Bacilli;Lactobacillales;Lactobacillaceae;Ligilactobacillus;,97.3,>=97
ASV_534,377,Bacteria;Bacteroidota;Bacteroidia;Chitinophagales;Chitinophagaceae;Pseudoflavitalea;,97.8,>=97
ASV_535,376,Bacteria;Bacillota;Bacilli;Lactobacillales;Lactobacillaceae;Lactobacillus;,96.5,>=95
ASV_536,374,Bacteria;Bacillota;Bacilli;Lactobacillales;Lactobacillaceae;Apilactobacillus;,99.7,>=99
ASV_537,373,Bacteria;Bacillota;Bacilli;Lactobacillales;Lactobacillaceae;Apilactobacillus;,99.2,>=99
ASV_538,371,Bacteria;Cyanobacteriota;Cyanobacteriia;Chloroplast;,99.7,>=99
ASV_539,366,Bacteria;Bacillota;Bacilli;Lactobacillales;Lactobacillaceae;Lactobacillus;,96.5,>=95
ASV_540,366,,,no_hit
ASV_541,365,Bacteria;Pseudomonadota;Gammaproteobacteria;Enterobacterales;Erwiniaceae;Erwinia;,100.0,>=99
ASV_542,365,Bacteria;Bacillota;Negativicutes;Veillonellales-Selenomonadales;Veillonellaceae;Megasphaera;,95.4,>=95
ASV_543,365,Bacteria;Bacillota;Bacilli;Lactobacillales;Lactobacillaceae;Weissella;,99.7,>=99
ASV_544,365,Bacteria;Actinomycetota;Actinobacteria;Bifidobacteriales;Bifidobacteriaceae;Bifidobacterium;,98.1,>=97
ASV_545,364,Bacteria;Bacillota;Negativicutes;Veillonellales-Selenomonadales;Selenomonadaceae;Pectinatus;,96.0,>=95
ASV_546,363,Bacteria;Bacillota;Bacilli;Lactobacillales;Lactobacillaceae;Lactobacillus;,97.9,>=97
ASV_547,361,Bacteria;Pseudomonadota;Alphaproteobacteria;Rickettsiales;Mitochondria;,98.9,>=97
ASV_548,361,Bacteria;Bacillota;Bacilli;Lactobacillales;Lactobacillaceae;Weissella;,98.7,>=97
ASV_549,358,Bacteria;Bacillota;Bacilli;Lactobacillales;Lactobacillaceae;Apilactobacillus;,97.9,>=97
ASV_550,358,Bacteria;Pseudomonadota;Alphaproteobacteria;Rickettsiales;Mitochondria;,97.8,>=97
ASV_551,357,Bacteria;Pseudomonadota;Alphaproteobacteria;Acetobacterales;Acetobacteraceae;Commensalibacter;,97.1,>=97
ASV_552,355,Bacteria;Bacillota;Bacilli;Lactobacillales;Lactobacillaceae;Lactobacillus;,96.5,>=95
ASV_553,355,Bacteria;Bacteroidota;Bacteroidia;Sphingobacteriales;Sphingobacteriaceae;Sphingobacterium;,100.0,>=99
ASV_554,352,Bacteria;Bacillota;Bacilli;Lactobacillales;Lactobacillaceae;Lactobacillus;,96.8,>=95
ASV_555,351,Bacteria;Bacillota;Bacilli;Lactobacillales;Lactobacillaceae;Fructobacillus;,99.7,>=99
ASV_556,349,Bacteria;Bacillota;Negativicutes;Veillonellales-Selenomonadales;Selenomonadaceae;Pectinatus;,95.7,>=95
ASV_557,349,Bacteria;Bacillota;Bacilli;Lactobacillales;Lactobacillaceae;Lactobacillus;,99.2,>=99
ASV_558,348,Bacteria;Actinomycetota;Actinobacteria;Bifidobacteriales;Bifidobacteriaceae;Bifidobacterium;,99.7,>=99
ASV_559,347,Bacteria;Actinomycetota;Actinobacteria;Bifidobacteriales;Bifidobacteriaceae;Bifidobacterium;,98.9,>=97
ASV_560,347,Bacteria;Actinomycetota;Actinobacteria;Bifidobacteriales;Bifidobacteriaceae;Bifidobacterium;,98.4,>=97
ASV_561,346,Bacteria;Actinomycetota;Actinobacteria;Mycobacteriales;Corynebacteriaceae;Corynebacterium;,100.0,>=99
ASV_562,344,Bacteria;Bacillota;Bacilli;Lactobacillales;Lactobacillaceae;Lactobacillus;,96.5,>=95
ASV_563,344,Bacteria;Cyanobacteriota;Cyanobacteriia;Chloroplast;,97.1,>=97
ASV_564,343,Bacteria;Actinomycetota;Actinobacteria;Bifidobacteriales;Bifidobacteriaceae;Bifidobacterium;,99.7,>=99
ASV_565,343,Bacteria;Bacillota;Bacilli;Lactobacillales;Lactobacillaceae;Lactobacillus;,96.0,>=95
ASV_566,341,Bacteria;Pseudomonadota;Gammaproteobacteria;Enterobacterales;Erwiniaceae;Izhakiella;,95.4,>=95
ASV_567,340,,,no_hit
ASV_568,339,Bacteria;Bacillota;Bacilli;Lactobacillales;Lactobacillaceae;Leuconostoc;,98.4,>=97
ASV_569,339,Bacteria;Bacillota;Bacilli;Lactobacillales;Lactobacillaceae;Ligilactobacillus;,98.4,>=97
ASV_570,338,Bacteria;Bacillota;Bacilli;Lactobacillales;Streptococcaceae;Floricoccus;,99.7,>=99
ASV_571,335,Bacteria;Cyanobacteriota;Cyanobacteriia;Chloroplast;,99.5,>=99
ASV_572,335,Bacteria;Bacillota;Bacilli;Lactobacillales;Streptococcaceae;Floricoccus;,99.7,>=99
ASV_573,334,Bacteria;Bacillota;Bacilli;Lactobacillales;Lactobacillaceae;Ligilactobacillus;,98.1,>=97
ASV_574,332,Bacteria;Bacillota;Bacilli;Lactobacillales;Lactobacillaceae;Lactobacillus;,96.3,>=95
ASV_575,329,Bacteria;Bacillota;Bacilli;Lactobacillales;Lactobacillaceae;Apilactobacillus;,99.2,>=99
ASV_576,328,,,no_hit
ASV_577,326,Bacteria;Actinomycetota;Coriobacteriia;Coriobacteriales;Atopobiaceae;Atopobium;,97.6,>=97
ASV_578,325,Bacteria;Bacillota;Bacilli;Lactobacillales;Lactobacillaceae;Lactobacillus;,97.3,>=97
ASV_579,325,,,no_hit
ASV_580,324,Bacteria;Bacillota;Bacilli;Lactobacillales;Lactobacillaceae;Lactobacillus;,96.5,>=95
ASV_581,323,Bacteria;Bacillota;Bacilli;Lactobacillales;Lactobacillaceae;Lactobacillus;,97.1,>=97
ASV_582,321,,,no_hit
ASV_583,315,Bacteria;Pseudomonadota;Alphaproteobacteria;Acetobacterales;Acetobacteraceae;,97.6,>=97
ASV_584,315,Bacteria;Actinomycetota;Actinobacteria;Bifidobacteriales;Bifidobacteriaceae;Bifidobacterium;,97.3,>=97
ASV_585,312,Bacteria;Cyanobacteriota;Cyanobacteriia;Chloroplast;,99.2,>=99
ASV_586,311,Bacteria;Cyanobacteriota;Cyanobacteriia;Chloroplast;,99.5,>=99
ASV_587,308,Bacteria;Bacillota;Bacilli;Lactobacillales;Lactobacillaceae;Lactobacillus;,97.9,>=97
ASV_588,304,Bacteria;Pseudomonadota;Gammaproteobacteria;Cardiobacteriales;Wohlfahrtiimonadaceae;Ignatzschineria;,99.5,>=99
ASV_589,304,Bacteria;Pseudomonadota;Alphaproteobacteria;Acetobacterales;Acetobacteraceae;,98.7,>=97
ASV_590,303,Bacteria;Actinomycetota;Actinobacteria;Bifidobacteriales;Bifidobacteriaceae;Bifidobacterium;,98.9,>=97
ASV_591,301,Bacteria;Bacillota;Bacilli;Lactobacillales;Lactobacillaceae;Leuconostoc;,99.5,>=99
ASV_592,296,Bacteria;Actinomycetota;Actinobacteria;Bifidobacteriales;Bifidobacteriaceae;Bifidobacterium;,98.9,>=97
ASV_593,295,Bacteria;Bacteroidota;Bacteroidia;Sphingobacteriales;Sphingobacteriaceae;Sphingobacterium;,99.2,>=99
ASV_594,295,Bacteria;Bacillota;Bacilli;Lactobacillales;Lactobacillaceae;Lactobacillus;,96.5,>=95
ASV_595,295,Bacteria;Bacillota;Bacilli;Lactobacillales;Lactobacillaceae;Ligilactobacillus;,97.3,>=97
ASV_596,291,,,no_hit
ASV_597,291,Bacteria;Pseudomonadota;Gammaproteobacteria;Enterobacterales;Orbaceae;Gilliamella;,95.7,>=95
ASV_598,291,Bacteria;Bacteroidota;Bacteroidia;Chitinophagales;Chitinophagaceae;Filimonas;,98.6,>=97
ASV_599,286,Bacteria;Pseudomonadota;Alphaproteobacteria;Acetobacterales;Acetobacteraceae;Neokomagataea;,100.0,>=99
ASV_600,286,Bacteria;Bacteroidota;Bacteroidia;Flavobacteriales;Weeksellaceae;Apibacter;,96.0,>=95
ASV_601,284,Bacteria;Bacillota;Bacilli;Lactobacillales;Lactobacillaceae;Lactobacillus;,99.5,>=99
ASV_602,283,Bacteria;Bacillota;Bacilli;Lactobacillales;Lactobacillaceae;Lactobacillus;,97.3,>=97
ASV_603,283,Bacteria;Bacillota;Bacilli;Mycoplasmatales;Mycoplasmataceae;Mesoplasma;,99.7,>=99
ASV_604,282,Bacteria;Bacteroidota;Bacteroidia;Flavobacteriales;Flavobacteriaceae;Flavobacterium;,100.0,>=99
ASV_605,282,Bacteria;Bacillota;Negativicutes;Veillonellales-Selenomonadales;Selenomonadaceae;Pectinatus;,95.7,>=95
ASV_606,279,,,no_hit
ASV_607,279,Bacteria;Bacillota;Bacilli;Lactobacillales;Lactobacillaceae;Liquorilactobacillus;,97.3,>=97
ASV_608,277,Bacteria;Bacillota;Bacilli;Lactobacillales;Lactobacillaceae;Lactobacillus;,96.3,>=95
ASV_609,276,Bacteria;Bacillota;Bacilli;Lactobacillales;Lactobacillaceae;Lactobacillus;,96.5,>=95
ASV_610,275,,,no_hit
ASV_611,272,Bacteria;Pseudomonadota;Gammaproteobacteria;Enterobacterales;Enterobacteriaceae;Enterobacter;,100.0,>=99
ASV_612,270,Bacteria;Bacillota;Bacilli;Lactobacillales;Lactobacillaceae;Lactobacillus;,95.5,>=95
ASV_613,268,Bacteria;Actinomycetota;Actinobacteria;Bifidobacteriales;Bifidobacteriaceae;Bifidobacterium;,97.9,>=97
ASV_614,267,Bacteria;Pseudomonadota;Alphaproteobacteria;Acetobacterales;Acetobacteraceae;Tanticharoenia;,97.9,>=97
ASV_615,267,Bacteria;Pseudomonadota;Gammaproteobacteria;Enterobacterales;Erwiniaceae;Izhakiella;,97.1,>=97
ASV_616,265,Bacteria;Pseudomonadota;Alphaproteobacteria;Acetobacterales;Acetobacteraceae;,95.4,>=95
ASV_617,265,Bacteria;Bacillota;Bacilli;Lactobacillales;Lactobacillaceae;Bombilactobacillus;,99.2,>=99
ASV_618,261,Bacteria;Pseudomonadota;Alphaproteobacteria;Rickettsiales;Mitochondria;,99.7,>=99
ASV_619,261,Bacteria;Bacteroidota;Bacteroidia;Flavobacteriales;Weeksellaceae;Chryseobacterium;,97.0,>=97
ASV_620,260,Bacteria;Bacillota;Bacilli;Lactobacillales;Lactobacillaceae;Lactobacillus;,97.6,>=97
ASV_621,258,Bacteria;Bacteroidota;Bacteroidia;Sphingobacteriales;Sphingobacteriaceae;Sphingobacterium;,97.0,>=97
ASV_622,257,Bacteria;Cyanobacteriota;Cyanobacteriia;Chloroplast;,98.7,>=97
ASV_623,255,Bacteria;Bacillota;Negativicutes;Veillonellales-Selenomonadales;Selenomonadaceae;Pectinatus;,96.2,>=95
ASV_624,254,Bacteria;Bacteroidota;Bacteroidia;Bacteroidales;Bacteroidaceae;Bacteroides;,97.8,>=97
ASV_625,253,Bacteria;Bacillota;Bacilli;Lactobacillales;Streptococcaceae;Floricoccus;,99.7,>=99
ASV_626,253,Bacteria;Bacillota;Bacilli;Lactobacillales;Lactobacillaceae;Lactobacillus;,99.7,>=99
ASV_627,252,Bacteria;Bacillota;Bacilli;Lactobacillales;Lactobacillaceae;Lactobacillus;,97.1,>=97
ASV_628,252,Bacteria;Bacillota;Bacilli;Lactobacillales;Lactobacillaceae;Lactobacillus;,96.8,>=95
ASV_629,251,,,no_hit
ASV_630,251,Bacteria;Bacillota;Bacilli;Lactobacillales;Lactobacillaceae;Lactobacillus;,98.4,>=97
ASV_631,249,,,no_hit
ASV_632,249,Bacteria;Bacillota;Bacilli;Lactobacillales;,99.2,>=99
ASV_633,248,Bacteria;Bacillota;Bacilli;Lactobacillales;Lactobacillaceae;Ligilactobacillus;,97.3,>=97
ASV_634,247,Bacteria;Bacteroidota;Bacteroidia;Chitinophagales;Chitinophagaceae;Taibaiella;,99.5,>=99
ASV_635,246,Bacteria;Bacillota;Bacilli;Lactobacillales;Lactobacillaceae;Lactobacillus;,96.0,>=95
ASV_636,245,Bacteria;Pseudomonadota;Gammaproteobacteria;Enterobacterales;Yersiniaceae;Gibbsiella;,100.0,>=99
ASV_637,245,Bacteria;Actinomycetota;Actinobacteria;Bifidobacteriales;Bifidobacteriaceae;Bifidobacterium;,99.2,>=99
ASV_638,241,Bacteria;Bacillota;Bacilli;Lactobacillales;Lactobacillaceae;Lactobacillus;,97.6,>=97
ASV_639,241,Bacteria;Bacillota;Bacilli;Lactobacillales;Lactobacillaceae;Lactobacillus;,96.3,>=95
ASV_640,240,Bacteria;Bacillota;Bacilli;Lactobacillales;Lactobacillaceae;Lactobacillus;,97.1,>=97
ASV_641,238,Bacteria;Bacillota;Bacilli;Lactobacillales;Lactobacillaceae;Ligilactobacillus;,98.4,>=97
ASV_642,237,Bacteria;Pseudomonadota;Alphaproteobacteria;Acetobacterales;Acetobacteraceae;Bombella;,100.0,>=99
ASV_643,235,,,no_hit
ASV_644,235,Bacteria;Pseudomonadota;Gammaproteobacteria;Burkholderiales;Neisseriaceae;Snodgrassella;,96.8,>=95
ASV_645,234,,,no_hit
ASV_646,229,Bacteria;Pseudomonadota;Gammaproteobacteria;Burkholderiales;Neisseriaceae;,100.0,>=99
ASV_647,227,Bacteria;Bacillota;Bacilli;Lactobacillales;Lactobacillaceae;Ligilactobacillus;,97.6,>=97
ASV_648,225,Bacteria;Bacillota;Bacilli;Lactobacillales;Lactobacillaceae;Lactobacillus;,97.1,>=97
ASV_649,225,Bacteria;Pseudomonadota;Alphaproteobacteria;Acetobacterales;Acetobacteraceae;,97.6,>=97
ASV_650,224,Bacteria;Pseudomonadota;Alphaproteobacteria;Acetobacterales;Acetobacteraceae;,97.6,>=97
ASV_651,224,Bacteria;Actinomycetota;Actinobacteria;Bifidobacteriales;Bifidobacteriaceae;Bifidobacterium;,97.6,>=97
ASV_652,223,Bacteria;Bacillota;Bacilli;Lactobacillales;Lactobacillaceae;Lactobacillus;,97.1,>=97
ASV_653,223,Bacteria;Bacillota;Bacilli;Lactobacillales;Lactobacillaceae;Lactobacillus;,97.1,>=97
ASV_654,223,Bacteria;Bacillota;Bacilli;Lactobacillales;Enterococcaceae;Enterococcus;,99.7,>=99
ASV_655,222,Bacteria;Bacillota;Bacilli;Lactobacillales;Lactobacillaceae;Lactobacillus;,96.5,>=95
ASV_656,221,Bacteria;Pseudomonadota;Alphaproteobacteria;Acetobacterales;Acetobacteraceae;,97.3,>=97
ASV_657,218,Bacteria;Bacillota;Negativicutes;Veillonellales-Selenomonadales;Selenomonadaceae;Pectinatus;,95.4,>=95
ASV_658,217,Bacteria;Actinomycetota;Actinobacteria;Propionibacteriales;Propionibacteriaceae;Cutibacterium;,100.0,>=99
ASV_659,217,Bacteria;Pseudomonadota;Gammaproteobacteria;Enterobacterales;Orbaceae;Orbus;,100.0,>=99
ASV_660,217,Bacteria;Cyanobacteriota;Cyanobacteriia;Chloroplast;,95.5,>=95
ASV_661,216,Bacteria;Pseudomonadota;Gammaproteobacteria;Enterobacterales;Aeromonadaceae;Aeromonas;,100.0,>=99
ASV_662,215,Bacteria;Bacillota;Bacilli;Lactobacillales;Lactobacillaceae;Lactobacillus;,96.5,>=95
ASV_663,215,,,no_hit
ASV_664,214,Bacteria;Bacillota;Bacilli;Lactobacillales;Lactobacillaceae;Lactobacillus;,96.3,>=95
ASV_665,214,Bacteria;Actinomycetota;Actinobacteria;Bifidobacteriales;Bifidobacteriaceae;Bifidobacterium;,97.3,>=97
ASV_666,213,Bacteria;Bacillota;Bacilli;Lactobacillales;Lactobacillaceae;Lactobacillus;,97.1,>=97
ASV_667,213,Bacteria;Bacillota;Bacilli;Lactobacillales;Lactobacillaceae;Lactobacillus;,96.8,>=95
ASV_668,212,Bacteria;Pseudomonadota;Alphaproteobacteria;Acetobacterales;Acetobacteraceae;,98.4,>=97
ASV_669,212,Bacteria;Cyanobacteriota;Cyanobacteriia;Chloroplast;,98.9,>=97
ASV_670,212,Bacteria;Bacillota;Bacilli;Lactobacillales;Lactobacillaceae;Leuconostoc;,97.9,>=97
ASV_671,211,Bacteria;Bacillota;Bacilli;Lactobacillales;Lactobacillaceae;Apilactobacillus;,99.2,>=99
ASV_672,210,Bacteria;Cyanobacteriota;Cyanobacteriia;Chloroplast;,98.1,>=97
ASV_673,208,Bacteria;Bacillota;Bacilli;Lactobacillales;Lactobacillaceae;Lactobacillus;,96.8,>=95
ASV_674,208,Bacteria;Bacteroidota;Bacteroidia;Chitinophagales;Chitinophagaceae;Niabella;,100.0,>=99
ASV_675,207,Bacteria;Pseudomonadota;Alphaproteobacteria;Acetobacterales;Acetobacteraceae;Neokomagataea;,97.6,>=97
ASV_676,206,Bacteria;Pseudomonadota;Gammaproteobacteria;Enterobacterales;Morganellaceae;Morganella;,100.0,>=99
ASV_677,200,Bacteria;Bacillota;Bacilli;Lactobacillales;Lactobacillaceae;Lactobacillus;,96.8,>=95
ASV_678,200,Bacteria;Bacillota;Bacilli;Lactobacillales;Lactobacillaceae;Ligilactobacillus;,97.1,>=97
ASV_679,199,Bacteria;Pseudomonadota;Gammaproteobacteria;Enterobacterales;Erwiniaceae;Pantoea;,100.0,>=99
ASV_680,198,Bacteria;Bacillota;Bacilli;Lactobacillales;Lactobacillaceae;Lactobacillus;,96.5,>=95
ASV_681,197,Bacteria;Actinomycetota;Actinobacteria;Bifidobacteriales;Bifidobacteriaceae;Bifidobacterium;,97.6,>=97
ASV_682,197,Bacteria;Bacillota;Bacilli;Lactobacillales;Lactobacillaceae;Ligilactobacillus;,96.8,>=95
ASV_683,196,Bacteria;Pseudomonadota;Gammaproteobacteria;Pseudomonadales;Pseudomonadaceae;Pseudomonas;,100.0,>=99
ASV_684,193,Bacteria;Pseudomonadota;Alphaproteobacteria;Acetobacterales;Acetobacteraceae;,97.3,>=97
ASV_685,193,Bacteria;Bacillota;Negativicutes;Veillonellales-Selenomonadales;Selenomonadaceae;Pectinatus;,95.7,>=95
ASV_686,192,Bacteria;Pseudomonadota;Alphaproteobacteria;Acetobacterales;Acetobacteraceae;Gluconacetobacter;,95.7,>=95
ASV_687,192,Bacteria;Bacillota;Negativicutes;Veillonellales-Selenomonadales;Selenomonadaceae;Pectinatus;,96.2,>=95
ASV_688,192,Bacteria;Pseudomonadota;Gammaproteobacteria;Cardiobacteriales;Wohlfahrtiimonadaceae;Ignatzschineria;,99.7,>=99
ASV_689,191,Bacteria;Bacillota;Bacilli;Lactobacillales;Lactobacillaceae;Lactobacillus;,96.5,>=95
ASV_690,191,Bacteria;Pseudomonadota;Gammaproteobacteria;Burkholderiales;Comamonadaceae;Comamonas;,100.0,>=99
ASV_691,190,Bacteria;Bacillota;Bacilli;Lactobacillales;Lactobacillaceae;Lactobacillus;,97.1,>=97
ASV_692,190,Bacteria;Cyanobacteriota;Cyanobacteriia;Chloroplast;,99.7,>=99
ASV_693,189,Bacteria;Bacillota;Bacilli;Lactobacillales;Lactobacillaceae;Lactobacillus;,96.8,>=95
ASV_694,189,,,no_hit
ASV_695,189,Bacteria;Bacillota;Bacilli;Lactobacillales;Lactobacillaceae;Ligilactobacillus;,97.9,>=97
ASV_696,188,Bacteria;Bacillota;Bacilli;Lactobacillales;Lactobacillaceae;Lactobacillus;,99.7,>=99
ASV_697,188,Bacteria;Bacillota;Bacilli;Lactobacillales;Lactobacillaceae;Apilactobacillus;,97.6,>=97
ASV_698,187,Bacteria;Bacillota;Negativicutes;Veillonellales-Selenomonadales;Selenomonadaceae;Pectinatus;,96.2,>=95
ASV_699,187,Bacteria;Pseudomonadota;Gammaproteobacteria;Enterobacterales;Erwiniaceae;Duffyella;,98.4,>=97
ASV_700,185,,,no_hit
ASV_701,185,Bacteria;Bacillota;Bacilli;Lactobacillales;Lactobacillaceae;Lactobacillus;,99.7,>=99
ASV_702,185,Bacteria;Bacillota;Negativicutes;Veillonellales-Selenomonadales;Selenomonadaceae;Pectinatus;,96.2,>=95
ASV_703,184,,,no_hit
ASV_704,184,Bacteria;Pseudomonadota;Gammaproteobacteria;Enterobacterales;Erwiniaceae;Izhakiella;,97.3,>=97
ASV_705,183,Bacteria;Pseudomonadota;Alphaproteobacteria;Acetobacterales;Acetobacteraceae;,97.9,>=97
ASV_706,182,Bacteria;Pseudomonadota;Gammaproteobacteria;Pseudomonadales;Pseudomonadaceae;Pseudomonas;,100.0,>=99
ASV_707,182,Bacteria;Bacillota;Bacilli;Lactobacillales;Lactobacillaceae;Lactobacillus;,96.5,>=95
ASV_708,182,Bacteria;Bacillota;Bacilli;Lactobacillales;Lactobacillaceae;Lactobacillus;,97.9,>=97
ASV_709,182,Bacteria;Bacillota;Bacilli;Lactobacillales;Lactobacillaceae;Liquorilactobacillus;,97.9,>=97
ASV_710,181,,,no_hit
ASV_711,181,Bacteria;Bacillota;Bacilli;Lactobacillales;Lactobacillaceae;Ligilactobacillus;,97.9,>=97
ASV_712,181,Bacteria;Pseudomonadota;Gammaproteobacteria;Pseudomonadales;Moraxellaceae;Acinetobacter;,99.5,>=99
ASV_713,180,Bacteria;Bacillota;Bacilli;Lactobacillales;Lactobacillaceae;Lactobacillus;,97.3,>=97
ASV_714,180,Bacteria;Pseudomonadota;Alphaproteobacteria;Rhodobacterales;Paracoccaceae;Amaricoccus;,97.6,>=97
ASV_715,179,Bacteria;Bacillota;Bacilli;Lactobacillales;Lactobacillaceae;Holzapfeliella;,100.0,>=99
ASV_716,179,Bacteria;Pseudomonadota;Gammaproteobacteria;Enterobacterales;Yersiniaceae;Gibbsiella;,97.9,>=97
ASV_717,179,Bacteria;Pseudomonadota;Gammaproteobacteria;Burkholderiales;Comamonadaceae;Ramlibacter;,100.0,>=99
ASV_718,178,Bacteria;Bacillota;Bacilli;Lactobacillales;Lactobacillaceae;Fructobacillus;,99.5,>=99
ASV_719,176,Bacteria;Bacillota;Bacilli;Lactobacillales;Lactobacillaceae;Lactobacillus;,97.1,>=97
ASV_720,176,Bacteria;Bacillota;Bacilli;Lactobacillales;Lactobacillaceae;Weissella;,99.7,>=99
ASV_721,174,Bacteria;Bacillota;Bacilli;Lactobacillales;Lactobacillaceae;Lactobacillus;,97.1,>=97
ASV_722,174,Bacteria;Bacillota;Bacilli;Lactobacillales;Streptococcaceae;Floricoccus;,99.5,>=99
ASV_723,173,Bacteria;Bacillota;Bacilli;Lactobacillales;Lactobacillaceae;Leuconostoc;,100.0,>=99
ASV_724,173,Bacteria;Pseudomonadota;Alphaproteobacteria;Rickettsiales;Mitochondria;,100.0,>=99
ASV_725,173,Bacteria;Bacillota;Bacilli;Lactobacillales;Enterococcaceae;Enterococcus;,99.5,>=99
ASV_726,172,Bacteria;Bacillota;Bacilli;Lactobacillales;Lactobacillaceae;Lactobacillus;,97.3,>=97
ASV_727,172,Bacteria;Bacillota;Negativicutes;Veillonellales-Selenomonadales;Selenomonadaceae;Pectinatus;,95.4,>=95
ASV_728,172,Bacteria;Bacillota;Clostridia;Lachnospirales;Lachnospiraceae;,95.5,>=95
ASV_729,172,Bacteria;Bacillota;Bacilli;Mycoplasmatales;Mycoplasmataceae;Williamsoniiplasma;,95.9,>=95
ASV_730,172,Bacteria;Bacteroidota;Bacteroidia;Sphingobacteriales;Sphingobacteriaceae;Sphingobacterium;,98.9,>=97
ASV_731,171,Bacteria;Bacteroidota;Bacteroidia;Flavobacteriales;Weeksellaceae;Apibacter;,96.0,>=95
ASV_732,170,Bacteria;Bacillota;Bacilli;Lactobacillales;Lactobacillaceae;Lactobacillus;,98.4,>=97
ASV_733,169,Bacteria;Bacillota;Bacilli;Lactobacillales;Lactobacillaceae;Lactobacillus;,95.7,>=95
ASV_734,169,Bacteria;Bacillota;Negativicutes;Veillonellales-Selenomonadales;Selenomonadaceae;Pectinatus;,95.7,>=95
ASV_735,169,Bacteria;Bacillota;Bacilli;Lactobacillales;Lactobacillaceae;Lactobacillus;,96.5,>=95
ASV_736,168,,,no_hit
ASV_737,168,Bacteria;Bacillota;Bacilli;Lactobacillales;Lactobacillaceae;Lactobacillus;,96.3,>=95
ASV_738,167,Bacteria;Pseudomonadota;Alphaproteobacteria;Acetobacterales;Acetobacteraceae;,95.2,>=95
ASV_739,165,Bacteria;Bacillota;Bacilli;Lactobacillales;Lactobacillaceae;Apilactobacillus;,99.5,>=99
ASV_740,165,Bacteria;Bacillota;Bacilli;Lactobacillales;Enterococcaceae;Enterococcus;,99.7,>=99
ASV_741,164,Bacteria;Bacillota;Bacilli;Lactobacillales;Lactobacillaceae;Lactobacillus;,97.9,>=97
ASV_742,164,Bacteria;Bacillota;Bacilli;Lactobacillales;Lactobacillaceae;Ligilactobacillus;,97.1,>=97
ASV_743,163,Bacteria;Pseudomonadota;Gammaproteobacteria;Enterobacterales;Erwiniaceae;Pantoea;,99.7,>=99
ASV_744,163,Bacteria;Bacteroidota;Bacteroidia;Flavobacteriales;Weeksellaceae;Apibacter;,95.1,>=95
ASV_745,162,Bacteria;Bacillota;Bacilli;Lactobacillales;Lactobacillaceae;Apilactobacillus;,99.2,>=99
ASV_746,161,Bacteria;Bacillota;Bacilli;Lactobacillales;Lactobacillaceae;Apilactobacillus;,99.2,>=99
ASV_747,161,,,no_hit
ASV_748,161,Bacteria;Pseudomonadota;Alphaproteobacteria;Rickettsiales;Mitochondria;,99.2,>=99
ASV_749,161,Bacteria;Pseudomonadota;Gammaproteobacteria;Enterobacterales;Erwiniaceae;Izhakiella;,95.2,>=95
ASV_750,161,Bacteria;Bdellovibrionota;Oligoflexia;Oligoflexales;Oligoflexaceae;Oligoflexus;,99.2,>=99
ASV_751,158,Bacteria;Pseudomonadota;Gammaproteobacteria;Burkholderiales;Comamonadaceae;Xenophilus;,100.0,>=99
ASV_752,157,Bacteria;Pseudomonadota;Gammaproteobacteria;Enterobacterales;Erwiniaceae;Pantoea;,95.5,>=95
ASV_753,157,,,no_hit
ASV_754,155,Bacteria;Bacillota;Bacilli;Lactobacillales;Lactobacillaceae;Lactobacillus;,97.6,>=97
ASV_755,154,Bacteria;Bacillota;Bacilli;Lactobacillales;Lactobacillaceae;Lactobacillus;,96.8,>=95
ASV_756,154,Bacteria;Pseudomonadota;Alphaproteobacteria;Acetobacterales;Acetobacteraceae;Neokomagataea;,96.8,>=95
ASV_757,154,Bacteria;Pseudomonadota;Gammaproteobacteria;Enterobacterales;Morganellaceae;Proteus;,100.0,>=99
ASV_758,154,Bacteria;Pseudomonadota;Alphaproteobacteria;Acetobacterales;Acetobacteraceae;Commensalibacter;,97.1,>=97
ASV_759,154,Bacteria;Bacillota;Bacilli;Lactobacillales;Lactobacillaceae;Ligilactobacillus;,98.1,>=97
ASV_760,153,Bacteria;Pseudomonadota;Alphaproteobacteria;Acetobacterales;Acetobacteraceae;,95.4,>=95
ASV_761,153,Bacteria;Pseudomonadota;Gammaproteobacteria;Pseudomonadales;Moraxellaceae;Acinetobacter;,100.0,>=99
ASV_762,153,Bacteria;Pseudomonadota;Gammaproteobacteria;Enterobacterales;Morganellaceae;,97.1,>=97
ASV_763,152,Bacteria;Pseudomonadota;Alphaproteobacteria;Acetobacterales;Acetobacteraceae;,98.7,>=97
ASV_764,152,Bacteria;Bacillota;Bacilli;Lactobacillales;Lactobacillaceae;Ligilactobacillus;,97.1,>=97
ASV_765,151,Bacteria;Pseudomonadota;Alphaproteobacteria;Acetobacterales;Acetobacteraceae;Bombella;,98.1,>=97
ASV_766,151,Bacteria;Bacillota;Bacilli;Lactobacillales;Lactobacillaceae;Lactobacillus;,97.3,>=97
ASV_767,151,Bacteria;Bacillota;Bacilli;Lactobacillales;Lactobacillaceae;Lactobacillus;,97.1,>=97
ASV_768,150,Bacteria;Bacillota;Bacilli;Lactobacillales;Lactobacillaceae;Apilactobacillus;,97.6,>=97
ASV_769,149,Bacteria;Pseudomonadota;Alphaproteobacteria;Acetobacterales;Acetobacteraceae;Tanticharoenia;,95.4,>=95
ASV_770,149,Bacteria;Bacillota;Bacilli;Lactobacillales;Lactobacillaceae;Apilactobacillus;,99.2,>=99
ASV_771,149,Bacteria;Cyanobacteriota;Cyanobacteriia;Chloroplast;,98.9,>=97
ASV_772,148,Bacteria;Cyanobacteriota;Cyanobacteriia;Chloroplast;,95.5,>=95
ASV_773,147,Bacteria;Pseudomonadota;Alphaproteobacteria;Acetobacterales;Acetobacteraceae;,97.6,>=97
ASV_774,147,Bacteria;Pseudomonadota;Alphaproteobacteria;Acetobacterales;Acetobacteraceae;Commensalibacter;,96.8,>=95
ASV_775,147,Bacteria;Bacillota;Bacilli;Lactobacillales;Lactobacillaceae;Apilactobacillus;,98.9,>=97
ASV_776,147,Bacteria;Bacillota;Bacilli;Lactobacillales;Lactobacillaceae;Lactobacillus;,98.4,>=97
ASV_777,146,Bacteria;Bacillota;Bacilli;Lactobacillales;Lactobacillaceae;Apilactobacillus;,99.2,>=99
ASV_778,146,Bacteria;Pseudomonadota;Alphaproteobacteria;Sphingomonadales;Sphingomonadaceae;Sphingomonas;,100.0,>=99
ASV_779,146,Bacteria;Bacillota;Bacilli;Lactobacillales;Lactobacillaceae;Bombilactobacillus;,96.5,>=95
ASV_780,146,Bacteria;Cyanobacteriota;Cyanobacteriia;Chloroplast;,99.2,>=99
ASV_781,145,Bacteria;Pseudomonadota;Gammaproteobacteria;Burkholderiales;Neisseriaceae;Snodgrassella;,96.5,>=95
ASV_782,144,Bacteria;Bacillota;Negativicutes;Veillonellales-Selenomonadales;Selenomonadaceae;Pectinatus;,96.2,>=95
ASV_783,143,Bacteria;Pseudomonadota;Gammaproteobacteria;Burkholderiales;Comamonadaceae;Acidovorax;,100.0,>=99
ASV_784,143,,,no_hit
ASV_785,143,Bacteria;Pseudomonadota;Alphaproteobacteria;Hyphomicrobiales;Rhizobiaceae;Bartonella;,98.9,>=97
ASV_786,142,,,no_hit
ASV_787,141,Bacteria;Bacillota;Bacilli;Lactobacillales;Lactobacillaceae;Lactobacillus;,96.3,>=95
ASV_788,141,Bacteria;Pseudomonadota;Alphaproteobacteria;Rickettsiales;Mitochondria;,98.1,>=97
ASV_789,141,Bacteria;Bacillota;Bacilli;Lactobacillales;Lactobacillaceae;Fructobacillus;,100.0,>=99
ASV_790,141,Bacteria;Pseudomonadota;Alphaproteobacteria;Acetobacterales;Acetobacteraceae;Commensalibacter;,96.8,>=95
ASV_791,141,Bacteria;Bacillota;Bacilli;Lactobacillales;Lactobacillaceae;Ligilactobacillus;,98.1,>=97
ASV_792,140,Bacteria;Bacillota;Bacilli;Lactobacillales;Lactobacillaceae;Lactobacillus;,97.6,>=97
ASV_793,140,Bacteria;Bacillota;Clostridia;Peptostreptococcales-Tissierellales;Peptostreptococcaceae;,100.0,>=99
ASV_794,140,Bacteria;Bacillota;Bacilli;Lactobacillales;Lactobacillaceae;Lactobacillus;,96.3,>=95
ASV_795,140,Bacteria;Bacillota;Negativicutes;Veillonellales-Selenomonadales;Selenomonadaceae;Pectinatus;,95.7,>=95
ASV_796,139,Bacteria;Actinomycetota;Actinobacteria;Bifidobacteriales;Bifidobacteriaceae;Bifidobacterium;,99.7,>=99
ASV_797,139,Bacteria;Pseudomonadota;Gammaproteobacteria;Pseudomonadales;Moraxellaceae;Alkanindiges;,98.9,>=97
ASV_798,138,Bacteria;Cyanobacteriota;Cyanobacteriia;Chloroplast;,97.3,>=97
ASV_799,137,Bacteria;Pseudomonadota;Gammaproteobacteria;Enterobacterales;Enterobacteriaceae;Cedecea;,100.0,>=99
ASV_800,137,Bacteria;Bacillota;Bacilli;Lactobacillales;Lactobacillaceae;Ligilactobacillus;,98.4,>=97
ASV_801,136,Bacteria;Bacillota;Bacilli;Lactobacillales;Lactobacillaceae;Lactobacillus;,96.8,>=95
ASV_802,136,Bacteria;Bacillota;Bacilli;Lactobacillales;Lactobacillaceae;Ligilactobacillus;,96.8,>=95
ASV_803,136,Bacteria;Bacillota;Bacilli;Lactobacillales;Lactobacillaceae;Lactobacillus;,96.3,>=95
ASV_804,136,,,no_hit
ASV_805,135,Bacteria;Bacillota;Bacilli;Lactobacillales;Lactobacillaceae;Lactobacillus;,97.6,>=97
ASV_806,134,Bacteria;Bacillota;Bacilli;Lactobacillales;Lactobacillaceae;Weissella;,99.7,>=99
ASV_807,133,Bacteria;Actinomycetota;Actinobacteria;Bifidobacteriales;Bifidobacteriaceae;Bifidobacterium;,98.7,>=97
ASV_808,132,Bacteria;Bacillota;Bacilli;Lactobacillales;Lactobacillaceae;Lactobacillus;,95.5,>=95
ASV_809,132,Bacteria;Pseudomonadota;Gammaproteobacteria;Pseudomonadales;Moraxellaceae;Acinetobacter;,100.0,>=99
ASV_810,132,Bacteria;Pseudomonadota;Gammaproteobacteria;Pseudomonadales;Halomonadaceae;Carnimonas;,99.7,>=99
ASV_811,130,,,no_hit
ASV_812,130,Bacteria;Bacillota;Bacilli;Lactobacillales;Lactobacillaceae;Lactobacillus;,98.7,>=97
ASV_813,130,Bacteria;Bacillota;Bacilli;Lactobacillales;Lactobacillaceae;Lactobacillus;,97.3,>=97
ASV_814,130,,,no_hit
ASV_815,130,Bacteria;Bacillota;Bacilli;Lactobacillales;Lactobacillaceae;Fructobacillus;,99.2,>=99
ASV_816,130,Bacteria;Bacillota;Bacilli;Lactobacillales;Lactobacillaceae;Apilactobacillus;,98.4,>=97
ASV_817,129,Bacteria;Cyanobacteriota;Cyanobacteriia;Chloroplast;,100.0,>=99
ASV_818,129,Bacteria;Pseudomonadota;Gammaproteobacteria;Enterobacterales;Erwiniaceae;Pantoea;,99.7,>=99
ASV_819,129,Bacteria;Pseudomonadota;Alphaproteobacteria;Acetobacterales;Acetobacteraceae;Tanticharoenia;,99.5,>=99
ASV_820,129,Bacteria;Bacillota;Bacilli;Lactobacillales;Lactobacillaceae;Lactobacillus;,96.8,>=95
ASV_821,129,,,no_hit
ASV_822,129,Bacteria;Bacillota;Bacilli;Lactobacillales;Lactobacillaceae;Lactobacillus;,96.3,>=95
ASV_823,129,,,no_hit
ASV_824,129,Bacteria;Actinomycetota;Actinobacteria;Bifidobacteriales;Bifidobacteriaceae;Bifidobacterium;,98.7,>=97
ASV_825,128,Bacteria;Pseudomonadota;Alphaproteobacteria;Rickettsiales;Mitochondria;,100.0,>=99
ASV_826,128,Bacteria;Bacillota;Bacilli;Lactobacillales;Lactobacillaceae;Weissella;,99.7,>=99
ASV_827,127,Bacteria;Bacillota;Bacilli;Lactobacillales;Lactobacillaceae;Lactobacillus;,97.1,>=97
ASV_828,127,Bacteria;Bacillota;Bacilli;Lactobacillales;Lactobacillaceae;Lactobacillus;,96.3,>=95
ASV_829,127,Bacteria;Cyanobacteriota;Cyanobacteriia;Chloroplast;,98.9,>=97
ASV_830,127,Bacteria;Cyanobacteriota;Cyanobacteriia;Chloroplast;,99.7,>=99
ASV_831,126,,,no_hit
ASV_832,126,Bacteria;Bacteroidota;Bacteroidia;Chitinophagales;Chitinophagaceae;Sediminibacterium;,100.0,>=99
ASV_833,126,Bacteria;Bacillota;Bacilli;Lactobacillales;Lactobacillaceae;Weissella;,100.0,>=99
ASV_834,126,,,no_hit
ASV_835,126,Bacteria;Pseudomonadota;Gammaproteobacteria;Enterobacterales;Morganellaceae;,97.6,>=97
ASV_836,125,Bacteria;Acidobacteriota;Acidobacteriae;Terriglobales;Acidobacteriaceae,99.5,>=99
ASV_837,125,Bacteria;Pseudomonadota;Gammaproteobacteria;Lysobacterales;Lysobacteraceae;Pseudoxanthomonas;,98.9,>=97
ASV_838,124,Bacteria;Bacillota;Bacilli;Lactobacillales;Lactobacillaceae;Lactobacillus;,96.8,>=95
ASV_839,124,Bacteria;Pseudomonadota;Gammaproteobacteria;Cardiobacteriales;Wohlfahrtiimonadaceae;Ignatzschineria;,99.7,>=99
ASV_840,124,Bacteria;Pseudomonadota;Gammaproteobacteria;Enterobacterales;Morganellaceae;Proteus;,100.0,>=99
ASV_841,123,Bacteria;Pseudomonadota;Alphaproteobacteria;Acetobacterales;Acetobacteraceae;Commensalibacter;,96.2,>=95
ASV_842,122,Bacteria;Bacillota;Bacilli;Lactobacillales;Lactobacillaceae;Lactobacillus;,97.1,>=97
ASV_843,122,Bacteria;Bacillota;Negativicutes;Veillonellales-Selenomonadales;Selenomonadaceae;Pectinatus;,95.2,>=95
ASV_844,122,Bacteria;Bacillota;Bacilli;Lactobacillales;Streptococcaceae;Floricoccus;,99.7,>=99
ASV_845,121,Bacteria;Actinomycetota;Actinobacteria;Bifidobacteriales;Bifidobacteriaceae;Bifidobacterium;,98.9,>=97
ASV_846,120,Bacteria;Pseudomonadota;Alphaproteobacteria;Acetobacterales;Acetobacteraceae;Bombella;,99.5,>=99
ASV_847,119,Bacteria;Pseudomonadota;Alphaproteobacteria;Acetobacterales;Acetobacteraceae;Tanticharoenia;,97.1,>=97
ASV_848,119,Bacteria;Bacillota;Bacilli;Lactobacillales;Lactobacillaceae;Lactobacillus;,97.1,>=97
ASV_849,119,Bacteria;Bacillota;Bacilli;Lactobacillales;Lactobacillaceae;Lactobacillus;,95.5,>=95
ASV_850,118,Bacteria;Bacillota;Bacilli;Lactobacillales;Lactobacillaceae;Lactobacillus;,97.6,>=97
ASV_851,118,Bacteria;Bacillota;Bacilli;Lactobacillales;Lactobacillaceae;Fructobacillus;,99.7,>=99
ASV_852,118,Bacteria;Bacillota;Bacilli;Lactobacillales;Lactobacillaceae;Bombilactobacillus;,97.9,>=97
ASV_853,117,Bacteria;Pseudomonadota;Gammaproteobacteria;Lysobacterales;Lysobacteraceae;Xanthomonas;,100.0,>=99
ASV_854,117,Bacteria;Bacillota;Bacilli;Lactobacillales;Lactobacillaceae;Lactobacillus;,99.7,>=99
ASV_855,117,Bacteria;Bacillota;Bacilli;Lactobacillales;Lactobacillaceae;Lactobacillus;,98.4,>=97
ASV_856,116,Bacteria;Pseudomonadota;Alphaproteobacteria;Acetobacterales;Acetobacteraceae;Gluconobacter;,98.7,>=97
ASV_857,116,Bacteria;Bacillota;Bacilli;Lactobacillales;Lactobacillaceae;Lactobacillus;,96.5,>=95
ASV_858,115,Bacteria;Actinomycetota;Coriobacteriia;Coriobacteriales;Atopobiaceae;Atopobium;,97.0,>=97
ASV_859,115,,,no_hit
ASV_860,115,Bacteria;Bacteroidota;Bacteroidia;Sphingobacteriales;Sphingobacteriaceae;Sphingobacterium;,98.9,>=97
ASV_861,114,,,no_hit
ASV_862,114,Bacteria;Cyanobacteriota;Cyanobacteriia;Chloroplast;,97.1,>=97
ASV_863,114,Bacteria;Pseudomonadota;Gammaproteobacteria;Pseudomonadales;Moraxellaceae;Acinetobacter;,100.0,>=99
ASV_864,113,Bacteria;Pseudomonadota;Gammaproteobacteria;Burkholderiales;Comamonadaceae;Xenophilus;,99.5,>=99
ASV_865,113,Bacteria;Bacteroidota;Bacteroidia;Sphingobacteriales;Sphingobacteriaceae;Pedobacter;,95.4,>=95
ASV_866,113,Bacteria;Bacillota;Bacilli;Lactobacillales;Lactobacillaceae;Lactobacillus;,98.7,>=97
ASV_867,112,,,no_hit
ASV_868,112,,,no_hit
ASV_869,111,Bacteria;Pseudomonadota;Gammaproteobacteria;Pseudomonadales;Pseudomonadaceae;Pseudomonas;,100.0,>=99
ASV_870,111,Bacteria;Bacillota;Bacilli;Lactobacillales;Lactobacillaceae;Lactobacillus;,96.8,>=95
ASV_871,111,Bacteria;Actinomycetota;Actinobacteria;Bifidobacteriales;Bifidobacteriaceae;Bifidobacterium;,97.3,>=97
ASV_872,111,,,no_hit
ASV_873,111,Bacteria;Pseudomonadota;Alphaproteobacteria;Hyphomicrobiales;Rhizobiaceae;Rhizobium;,100.0,>=99
ASV_874,111,Bacteria;Bacteroidota;Bacteroidia;Chitinophagales;Chitinophagaceae;Taibaiella;,98.6,>=97
ASV_875,110,Bacteria;Pseudomonadota;Alphaproteobacteria;Acetobacterales;Acetobacteraceae;Acidomonas;,100.0,>=99
ASV_876,108,Bacteria;Pseudomonadota;Alphaproteobacteria;Acetobacterales;Acetobacteraceae;,96.2,>=95
ASV_877,107,Bacteria;Cyanobacteriota;Cyanobacteriia;Chloroplast;,96.0,>=95
ASV_878,107,Bacteria;Actinomycetota;Actinobacteria;Micrococcales;Microbacteriaceae;Microbacterium;,100.0,>=99
ASV_879,107,Bacteria;Pseudomonadota;Gammaproteobacteria;Enterobacterales;Erwiniaceae;Izhakiella;,95.2,>=95
ASV_880,106,Bacteria;Actinomycetota;Coriobacteriia;Coriobacteriales;Atopobiaceae;Olsenella;,97.8,>=97
ASV_881,106,Bacteria;Bacillota;Bacilli;Lactobacillales;Lactobacillaceae;Lactobacillus;,98.4,>=97
ASV_882,104,Bacteria;Actinomycetota;Actinobacteria;Bifidobacteriales;Bifidobacteriaceae;Bifidobacterium;,96.8,>=95
ASV_883,104,Bacteria;Pseudomonadota;Alphaproteobacteria;Rickettsiales;Mitochondria;,99.5,>=99
ASV_884,103,Bacteria;Cyanobacteriota;Cyanobacteriia;Chloroplast;,99.7,>=99
ASV_885,103,Bacteria;Bacteroidota;Bacteroidia;Chitinophagales;Chitinophagaceae;Chitinophaga;,98.1,>=97
ASV_886,102,Bacteria;Bacillota;Bacilli;Lactobacillales;Lactobacillaceae;Apilactobacillus;,99.2,>=99
ASV_887,101,Bacteria;Pseudomonadota;Gammaproteobacteria;Pseudomonadales;Halomonadaceae;Carnimonas;,98.4,>=97
ASV_888,101,Bacteria;Bacillota;Bacilli;Lactobacillales;Lactobacillaceae;Lactobacillus;,96.8,>=95
ASV_889,101,Bacteria;Bacillota;Bacilli;Lactobacillales;Streptococcaceae;Floricoccus;,99.7,>=99
ASV_890,100,Bacteria;Bacillota;Bacilli;Lactobacillales;Lactobacillaceae;Lactobacillus;,98.7,>=97
ASV_891,100,Bacteria;Cyanobacteriota;Cyanobacteriia;Chloroplast;,99.7,>=99
ASV_892,100,Bacteria;Cyanobacteriota;Cyanobacteriia;Chloroplast;,98.1,>=97
ASV_893,100,Bacteria;Pseudomonadota;Gammaproteobacteria;Lysobacterales;Lysobacteraceae;Pseudoxanthomonas;,98.7,>=97
ASV_894,99,Bacteria;Pseudomonadota;Gammaproteobacteria;Pseudomonadales;Moraxellaceae;Acinetobacter;,100.0,>=99
ASV_895,99,,,no_hit
ASV_896,99,Bacteria;Bacillota;Bacilli;Lactobacillales;Lactobacillaceae;Lactobacillus;,96.5,>=95
ASV_897,98,Bacteria;Bacillota;Bacilli;Lactobacillales;Lactobacillaceae;Liquorilactobacillus;,98.1,>=97
ASV_898,98,,,no_hit
ASV_899,98,Bacteria;Pseudomonadota;Gammaproteobacteria;Pseudomonadales;Pseudomonadaceae;Pseudomonas;,95.4,>=95
ASV_900,98,Bacteria;Pseudomonadota;Gammaproteobacteria;Enterobacterales;Orbaceae;Gilliamella;,100.0,>=99
ASV_901,97,Bacteria;Cyanobacteriota;Cyanobacteriia;Chloroplast;,98.1,>=97
ASV_902,97,Bacteria;Bacillota;Bacilli;Lactobacillales;Lactobacillaceae;Lactobacillus;,96.8,>=95
ASV_903,97,Bacteria;Cyanobacteriota;Cyanobacteriia;Chloroplast;,99.7,>=99
ASV_904,96,Bacteria;Pseudomonadota;Gammaproteobacteria;Enterobacterales;Vibrionaceae;Vibrio;,99.7,>=99
ASV_905,96,Bacteria;Actinomycetota;Actinobacteria;Bifidobacteriales;Bifidobacteriaceae;Bifidobacterium;,96.3,>=95
ASV_906,95,Bacteria;Bacillota;Bacilli;Lactobacillales;Lactobacillaceae;Lactobacillus;,97.3,>=97
ASV_907,95,Bacteria;Bacillota;Bacilli;Lactobacillales;Lactobacillaceae;Lactobacillus;,97.1,>=97
ASV_908,95,Bacteria;Pseudomonadota;Gammaproteobacteria;Enterobacterales;Erwiniaceae;Pantoea;,100.0,>=99
ASV_909,95,Bacteria;Bacillota;Bacilli;Lactobacillales;Lactobacillaceae;Lactobacillus;,97.1,>=97
ASV_910,95,Bacteria;Bacillota;Bacilli;Lactobacillales;Lactobacillaceae;Lactobacillus;,96.5,>=95
ASV_911,95,Bacteria;Bacillota;Bacilli;Staphylococcales;Staphylococcaceae;,100.0,>=99
ASV_912,95,Bacteria;Pseudomonadota;Gammaproteobacteria;Lysobacterales;Lysobacteraceae;Stenotrophomonas;,96.8,>=95
ASV_913,94,Bacteria;Bacillota;Bacilli;Lactobacillales;Lactobacillaceae;Lactobacillus;,97.3,>=97
ASV_914,94,Bacteria;Bacillota;Bacilli;Lactobacillales;Lactobacillaceae;Lactobacillus;,96.0,>=95
ASV_915,94,Bacteria;Pseudomonadota;Gammaproteobacteria;Enterobacterales;Erwiniaceae;Pantoea;,99.7,>=99
ASV_916,94,Bacteria;Bacillota;Bacilli;Lactobacillales;Lactobacillaceae;Liquorilactobacillus;,97.6,>=97
ASV_917,94,Bacteria;Actinomycetota;Actinobacteria;Bifidobacteriales;Bifidobacteriaceae;Bifidobacterium;,98.4,>=97
ASV_918,94,Bacteria;Pseudomonadota;Alphaproteobacteria;Acetobacterales;Acetobacteraceae;Bombella;,99.2,>=99
ASV_919,93,,,no_hit
ASV_920,93,Bacteria;Pseudomonadota;Gammaproteobacteria;Burkholderiales;Neisseriaceae;Snodgrassella;,96.0,>=95
ASV_921,93,Bacteria;Bacillota;Bacilli;Lactobacillales;Lactobacillaceae;Ligilactobacillus;,96.8,>=95
ASV_922,92,Bacteria;Pseudomonadota;Gammaproteobacteria;Lysobacterales;Rhodanobacteraceae;Luteibacter;,100.0,>=99
ASV_923,91,Bacteria;Pseudomonadota;Gammaproteobacteria;Pseudomonadales;Moraxellaceae;Acinetobacter;,98.9,>=97
ASV_924,91,Bacteria;Bacteroidota;Bacteroidia;Bacteroidales;Dysgonomonadaceae;Dysgonomonas;,100.0,>=99
ASV_925,90,Bacteria;Pseudomonadota;Gammaproteobacteria;Lysobacterales;Lysobacteraceae;Stenotrophomonas;,99.5,>=99
ASV_926,90,Bacteria;Bacillota;Bacilli;Lactobacillales;Lactobacillaceae;Lactobacillus;,98.7,>=97
ASV_927,90,Bacteria;Pseudomonadota;Gammaproteobacteria;Burkholderiales;Comamonadaceae;Ramlibacter;,100.0,>=99
ASV_928,90,Bacteria;Bacillota;Bacilli;Lactobacillales;Enterococcaceae;Enterococcus;,100.0,>=99
ASV_929,90,Bacteria;Actinomycetota;Actinobacteria;Bifidobacteriales;Bifidobacteriaceae;Bifidobacterium;,98.9,>=97
ASV_930,89,Bacteria;Pseudomonadota;Gammaproteobacteria;Enterobacterales;Enterobacteriaceae;Kluyvera;,100.0,>=99
ASV_931,89,Bacteria;Bacillota;Bacilli;Lactobacillales;Lactobacillaceae;Lactobacillus;,96.3,>=95
ASV_932,89,Bacteria;Bacillota;Bacilli;Lactobacillales;Lactobacillaceae;Lactobacillus;,96.3,>=95
ASV_933,89,Bacteria;Bacillota;Bacilli;Lactobacillales;Lactobacillaceae;Ligilactobacillus;,96.8,>=95
ASV_934,89,,,no_hit
ASV_935,88,Bacteria;Pseudomonadota;Gammaproteobacteria;Enterobacterales;Erwiniaceae;Pantoea;,100.0,>=99
ASV_936,88,Bacteria;Bacillota;Bacilli;Lactobacillales;Lactobacillaceae;Lactobacillus;,96.8,>=95
ASV_937,88,Bacteria;Bacillota;Bacilli;Lactobacillales;Lactobacillaceae;Lactobacillus;,95.7,>=95
ASV_938,88,Bacteria;Bacillota;Bacilli;Lactobacillales;Lactobacillaceae;Ligilactobacillus;,98.1,>=97
ASV_939,87,Bacteria;Bacillota;Bacilli;Lactobacillales;Lactobacillaceae;Lactobacillus;,97.1,>=97
ASV_940,87,Bacteria;Pseudomonadota;Gammaproteobacteria;Enterobacterales;Enterobacteriaceae;Citrobacter;,100.0,>=99
ASV_941,87,Bacteria;Bacteroidota;Bacteroidia;Sphingobacteriales;Sphingobacteriaceae;Sphingobacterium;,100.0,>=99
ASV_942,86,Bacteria;Bacillota;Bacilli;Lactobacillales;Lactobacillaceae;Fructobacillus;,98.4,>=97
ASV_943,86,Bacteria;Bacillota;Bacilli;Lactobacillales;Lactobacillaceae;Lactobacillus;,99.2,>=99
ASV_944,86,Bacteria;Bacillota;Bacilli;Lactobacillales;Lactobacillaceae;Lactobacillus;,96.0,>=95
ASV_945,86,Bacteria;Bacteroidota;Bacteroidia;Flavobacteriales;Weeksellaceae;Apibacter;,95.1,>=95
ASV_946,86,Bacteria;Pseudomonadota;Gammaproteobacteria;Burkholderiales;Comamonadaceae;Roseateles;,100.0,>=99
ASV_947,86,Bacteria;Bacteroidota;Bacteroidia;Chitinophagales;Chitinophagaceae;,97.8,>=97
ASV_948,86,Bacteria;Bacteroidota;Bacteroidia;Chitinophagales;Chitinophagaceae;Chitinophaga;,100.0,>=99
ASV_949,85,Bacteria;Bacillota;Bacilli;Lactobacillales;Lactobacillaceae;Lactobacillus;,95.7,>=95
ASV_950,85,Bacteria;Pseudomonadota;Alphaproteobacteria;Acetobacterales;Acetobacteraceae;Bombella;,98.9,>=97
ASV_951,85,Bacteria;Bacillota;Bacilli;Lactobacillales;Lactobacillaceae;Lactobacillus;,97.3,>=97
ASV_952,85,Bacteria;Bacillota;Bacilli;Lactobacillales;Lactobacillaceae;Lactobacillus;,96.3,>=95
ASV_953,84,Bacteria;Bacillota;Bacilli;Lactobacillales;Lactobacillaceae;Lactobacillus;,96.5,>=95
ASV_954,84,,,no_hit
ASV_955,84,Bacteria;Cyanobacteriota;Cyanobacteriia;Chloroplast;,99.7,>=99
ASV_956,83,Bacteria;Pseudomonadota;Alphaproteobacteria;Acetobacterales;Acetobacteraceae;Gluconobacter;,95.2,>=95
ASV_957,83,Bacteria;Bacteroidota;Bacteroidia;Sphingobacteriales;Sphingobacteriaceae;Olivibacter;,95.1,>=95
ASV_958,82,Bacteria;Bacillota;Bacilli;Lactobacillales;Lactobacillaceae;Lactobacillus;,96.5,>=95
ASV_959,82,Bacteria;Pseudomonadota;Alphaproteobacteria;Acetobacterales;Acetobacteraceae;Gluconobacter;,97.1,>=97
ASV_960,82,Bacteria;Bacillota;Bacilli;Lactobacillales;Lactobacillaceae;Lactobacillus;,97.3,>=97
ASV_961,82,Bacteria;Pseudomonadota;Gammaproteobacteria;Pseudomonadales;Moraxellaceae;Enhydrobacter;,100.0,>=99
ASV_962,82,Bacteria;Pseudomonadota;Gammaproteobacteria;Lysobacterales;Lysobacteraceae;Luteimonas;,98.9,>=97
ASV_963,82,Bacteria;Pseudomonadota;Gammaproteobacteria;Burkholderiales;Comamonadaceae;Xenophilus;,100.0,>=99
ASV_964,82,Bacteria;Bacteroidota;Bacteroidia;Cytophagales;Spirosomataceae;Dyadobacter;,98.9,>=97
ASV_965,82,Bacteria;Bacillota;Bacilli;Lactobacillales;Lactobacillaceae;Weissella;,99.7,>=99
ASV_966,82,Bacteria;Pseudomonadota;Gammaproteobacteria;Pseudomonadales;Moraxellaceae;Acinetobacter;,99.2,>=99
ASV_967,81,Bacteria;Bacillota;Bacilli;Lactobacillales;Lactobacillaceae;Lactobacillus;,97.1,>=97
ASV_968,81,Bacteria;Cyanobacteriota;Cyanobacteriia;Chloroplast;,96.3,>=95
ASV_969,81,Bacteria;Bacillota;Bacilli;Lactobacillales;Lactobacillaceae;Lactobacillus;,96.5,>=95
ASV_970,81,Bacteria;Pseudomonadota;Gammaproteobacteria;Enterobacterales;Orbaceae;Gilliamella;,99.2,>=99
ASV_971,81,Bacteria;Bacteroidota;Bacteroidia;Chitinophagales;Chitinophagaceae;DVSBS1;,99.5,>=99
ASV_972,81,Bacteria;Bacillota;Bacilli;Lactobacillales;Lactobacillaceae;Lactobacillus;,96.0,>=95
ASV_973,81,Bacteria;Pseudomonadota;Gammaproteobacteria;Burkholderiales;Comamonadaceae;Ottowia;,100.0,>=99
ASV_974,81,Bacteria;Bacteroidota;Bacteroidia;Chitinophagales;Chitinophagaceae;Arachidicoccus;,99.5,>=99
ASV_975,81,Bacteria;Bacillota;Bacilli;Lactobacillales;Lactobacillaceae;Lactobacillus;,96.8,>=95
ASV_976,80,Bacteria;Bacillota;Bacilli;Lactobacillales;Lactobacillaceae;Lactobacillus;,97.1,>=97
ASV_977,80,Bacteria;Pseudomonadota;Alphaproteobacteria;Acetobacterales;Acetobacteraceae;,97.3,>=97
ASV_978,80,Bacteria;Cyanobacteriota;Cyanobacteriia;Chloroplast;,99.7,>=99
ASV_979,80,Bacteria;Actinomycetota;Actinobacteria;Bifidobacteriales;Bifidobacteriaceae;Bifidobacterium;,98.7,>=97
ASV_980,80,,,no_hit
ASV_981,80,Bacteria;Pseudomonadota;Alphaproteobacteria;Acetobacterales;Acetobacteraceae;Neokomagataea;,98.7,>=97
ASV_982,79,Bacteria;Pseudomonadota;Gammaproteobacteria;Pseudomonadales;Halomonadaceae;Zymobacter;,98.4,>=97
ASV_983,79,Bacteria;Pseudomonadota;Alphaproteobacteria;Acetobacterales;Acetobacteraceae;Gluconobacter;,100.0,>=99
ASV_984,79,Bacteria;Bacillota;Bacilli;Lactobacillales;Lactobacillaceae;Lactobacillus;,96.0,>=95
ASV_985,79,,,no_hit
ASV_986,79,Bacteria;Pseudomonadota;Gammaproteobacteria;Burkholderiales;Neisseriaceae;Snodgrassella;,96.8,>=95
ASV_987,79,Bacteria;Bacillota;Bacilli;Lactobacillales;Lactobacillaceae;Lactobacillus;,97.1,>=97
ASV_988,79,Bacteria;Bacillota;Bacilli;Lactobacillales;Lactobacillaceae;Lactobacillus;,96.3,>=95
ASV_989,78,,,no_hit
ASV_990,77,Bacteria;Bacillota;Bacilli;Lactobacillales;Lactobacillaceae;Leuconostoc;,98.1,>=97
ASV_991,77,Bacteria;Bacillota;Bacilli;Lactobacillales;Lactobacillaceae;Lactobacillus;,98.7,>=97
ASV_992,77,Bacteria;Bacillota;Bacilli;Lactobacillales;Lactobacillaceae;Lactobacillus;,97.9,>=97
ASV_993,77,Bacteria;Pseudomonadota;Gammaproteobacteria;Enterobacterales;Erwiniaceae;Pantoea;,99.7,>=99
ASV_994,77,Bacteria;Pseudomonadota;Alphaproteobacteria;Acetobacterales;Acetobacteraceae;Commensalibacter;,96.0,>=95
ASV_995,77,Bacteria;Actinomycetota;Actinobacteria;Bifidobacteriales;Bifidobacteriaceae;Bifidobacterium;,96.5,>=95
ASV_996,77,Bacteria;Pseudomonadota;Gammaproteobacteria;Burkholderiales;Comamonadaceae;Delftia;,100.0,>=99
ASV_997,77,Bacteria;Bacteroidota;Bacteroidia;Sphingobacteriales;Sphingobacteriaceae;Sphingobacterium;,98.9,>=97
ASV_998,77,Bacteria;Bacteroidota;Bacteroidia;Sphingobacteriales;Sphingobacteriaceae;Mucilaginibacter;,100.0,>=99
ASV_999,77,Bacteria;Bacillota;Bacilli;Lactobacillales;Lactobacillaceae;Ligilactobacillus;,98.1,>=97
ASV_1000,76,,,no_hit
ASV_1001,76,Bacteria;Bacillota;Bacilli;Lactobacillales;Lactobacillaceae;Lactobacillus;,97.1,>=97
ASV_1002,76,Bacteria;Bacillota;Bacilli;Lactobacillales;Lactobacillaceae;Lactobacillus;,96.5,>=95
ASV_1003,76,Bacteria;Bacillota;Bacilli;Lactobacillales;Lactobacillaceae;Lactobacillus;,96.5,>=95
ASV_1004,76,Bacteria;Bacillota;Bacilli;Lactobacillales;Lactobacillaceae;Lactobacillus;,99.2,>=99
ASV_1005,75,,,no_hit
ASV_1006,75,Bacteria;Bacillota;Bacilli;Lactobacillales;Lactobacillaceae;Lactobacillus;,95.5,>=95
ASV_1007,75,Bacteria;Bacillota;Bacilli;Lactobacillales;Lactobacillaceae;Lactobacillus;,96.3,>=95
ASV_1008,75,Bacteria;Bacillota;Bacilli;Lactobacillales;Lactobacillaceae;Lactobacillus;,99.5,>=99
ASV_1009,75,Bacteria;Pseudomonadota;Alphaproteobacteria;Acetobacterales;Acetobacteraceae;Neokomagataea;,99.5,>=99
ASV_1010,74,Bacteria;Pseudomonadota;Alphaproteobacteria;Acetobacterales;Acetobacteraceae;Acidomonas;,96.8,>=95
ASV_1011,74,Bacteria;Bacillota;Bacilli;Lactobacillales;Lactobacillaceae;Lactobacillus;,97.1,>=97
ASV_1012,74,Bacteria;Pseudomonadota;Gammaproteobacteria;Enterobacterales;Enterobacteriaceae;Escherichia-Shigella;,100.0,>=99
ASV_1013,74,Bacteria;Pseudomonadota;Alphaproteobacteria;Acetobacterales;Acetobacteraceae;Bombella;,99.5,>=99
ASV_1014,74,Bacteria;Pseudomonadota;Gammaproteobacteria;Enterobacterales;Erwiniaceae;Izhakiella;,96.5,>=95
ASV_1015,74,Bacteria;Bacteroidota;Bacteroidia;Sphingobacteriales;Sphingobacteriaceae;Olivibacter;,96.2,>=95
ASV_1016,73,Bacteria;Bacillota;Bacilli;Lactobacillales;Lactobacillaceae;Lactobacillus;,95.7,>=95
ASV_1017,73,,,no_hit
ASV_1018,73,Bacteria;Pseudomonadota;Alphaproteobacteria;Acetobacterales;Acetobacteraceae;Bombella;,96.0,>=95
ASV_1019,73,,,no_hit
ASV_1020,73,Bacteria;Bdellovibrionota;Bacteriovoracia;Bacteriovoracales;Bacteriovoracaceae;Bacteriovorax;,99.5,>=99
ASV_1021,73,Bacteria;Pseudomonadota;Alphaproteobacteria;Hyphomicrobiales;Rhizobiaceae;Neorhizobium;,100.0,>=99
ASV_1022,72,Bacteria;Pseudomonadota;Alphaproteobacteria;Rickettsiales;Mitochondria;,97.8,>=97
ASV_1023,72,Bacteria;Bacillota;Bacilli;Lactobacillales;Lactobacillaceae;Lactobacillus;,96.8,>=95
ASV_1024,72,Bacteria;Pseudomonadota;Gammaproteobacteria;Rickettsiellales;Rickettsiellaceae;Rickettsiella;,97.4,>=97
ASV_1025,72,Bacteria;Bacillota;Negativicutes;Veillonellales-Selenomonadales;Selenomonadaceae;Pectinatus;,96.0,>=95
ASV_1026,72,Bacteria;Bacillota;Bacilli;Lactobacillales;Lactobacillaceae;Lactobacillus;,97.1,>=97
ASV_1027,72,Bacteria;Bacillota;Bacilli;Bacillales;Planococcaceae;Sporosarcina;,95.2,>=95
ASV_1028,71,Bacteria;Bacillota;Bacilli;Lactobacillales;Lactobacillaceae;Lactobacillus;,95.7,>=95
ASV_1029,71,Bacteria;Cyanobacteriota;Cyanobacteriia;Chloroplast;,98.7,>=97
ASV_1030,71,Bacteria;Pseudomonadota;Gammaproteobacteria;Enterobacterales;Erwiniaceae;Erwinia;,99.7,>=99
ASV_1031,71,Bacteria;Cyanobacteriota;Cyanobacteriia;Chloroplast;,99.7,>=99
ASV_1032,71,Bacteria;Pseudomonadota;Alphaproteobacteria;Acetobacterales;Acetobacteraceae;Bombella;,98.9,>=97
ASV_1033,71,Bacteria;Bacillota;Bacilli;Lactobacillales;Lactobacillaceae;Lactobacillus;,97.1,>=97
ASV_1034,71,Bacteria;Bacillota;Bacilli;Lactobacillales;Lactobacillaceae;Apilactobacillus;,97.6,>=97
ASV_1035,70,Bacteria;Bacillota;Bacilli;Lactobacillales;Lactobacillaceae;Lactobacillus;,96.0,>=95
ASV_1036,70,Bacteria;Actinomycetota;Actinobacteria;Bifidobacteriales;Bifidobacteriaceae;Bifidobacterium;,97.6,>=97
ASV_1037,69,Bacteria;Pseudomonadota;Alphaproteobacteria;Acetobacterales;Acetobacteraceae;Tanticharoenia;,97.9,>=97
ASV_1038,69,Bacteria;Bacillota;Bacilli;Lactobacillales;Lactobacillaceae;Lactobacillus;,96.8,>=95
ASV_1039,69,Bacteria;Bacteroidota;Bacteroidia;Sphingobacteriales;Sphingobacteriaceae;Sphingobacterium;,97.8,>=97
ASV_1040,69,Bacteria;Pseudomonadota;Gammaproteobacteria;Enterobacterales;Erwiniaceae;Duffyella;,99.7,>=99
ASV_1041,68,Bacteria;Pseudomonadota;Alphaproteobacteria;Rickettsiales;Mitochondria;,99.7,>=99
ASV_1042,68,Bacteria;Bacillota;Bacilli;Lactobacillales;Lactobacillaceae;Lactobacillus;,96.5,>=95
ASV_1043,68,Bacteria;Pseudomonadota;Gammaproteobacteria;Pseudomonadales;Moraxellaceae;Acinetobacter;,96.0,>=95
ASV_1044,68,Bacteria;Bacillota;Bacilli;Lactobacillales;Lactobacillaceae;Ligilactobacillus;,97.1,>=97
ASV_1045,68,Bacteria;Bacillota;Bacilli;Lactobacillales;Lactobacillaceae;Lactobacillus;,97.6,>=97
ASV_1046,67,Bacteria;Bacillota;Bacilli;Lactobacillales;Lactobacillaceae;Fructobacillus;,97.9,>=97
ASV_1047,67,Bacteria;Bacillota;Bacilli;Lactobacillales;Lactobacillaceae;Lactobacillus;,97.6,>=97
ASV_1048,66,Bacteria;Pseudomonadota;Gammaproteobacteria;Burkholderiales;Comamonadaceae;Comamonas;,100.0,>=99
ASV_1049,66,Bacteria;Pseudomonadota;Alphaproteobacteria;Acetobacterales;Acetobacteraceae;,97.3,>=97
ASV_1050,66,Bacteria;Bacillota;Bacilli;Lactobacillales;Lactobacillaceae;Lactobacillus;,97.3,>=97
ASV_1051,66,,,no_hit
ASV_1052,65,Bacteria;Pseudomonadota;Alphaproteobacteria;Acetobacterales;Acetobacteraceae;Acetobacter;,98.4,>=97
ASV_1053,65,Bacteria;Pseudomonadota;Alphaproteobacteria;Acetobacterales;Acetobacteraceae;,95.7,>=95
ASV_1054,65,Bacteria;Bacillota;Negativicutes;Veillonellales-Selenomonadales;Selenomonadaceae;Pectinatus;,96.2,>=95
ASV_1055,65,Bacteria;Bacillota;Bacilli;Lactobacillales;Lactobacillaceae;Lactobacillus;,96.8,>=95
ASV_1056,65,Bacteria;Pseudomonadota;Gammaproteobacteria;Enterobacterales;Erwiniaceae;Izhakiella;,96.2,>=95
ASV_1057,65,Bacteria;Bacteroidota;Bacteroidia;Chitinophagales;Chitinophagaceae;,97.0,>=97
ASV_1058,64,Bacteria;Pseudomonadota;Gammaproteobacteria;Pseudomonadales;Moraxellaceae;Acinetobacter;,96.0,>=95
ASV_1059,64,Bacteria;Pseudomonadota;Gammaproteobacteria;Burkholderiales;Alcaligenaceae;Bordetella;,99.7,>=99
ASV_1060,64,Bacteria;Bacillota;Bacilli;Lactobacillales;Lactobacillaceae;Lactobacillus;,96.3,>=95
ASV_1061,63,Bacteria;Bacillota;Bacilli;Lactobacillales;Lactobacillaceae;Lactobacillus;,96.5,>=95
ASV_1062,63,Bacteria;Pseudomonadota;Alphaproteobacteria;Acetobacterales;Acetobacteraceae;,95.4,>=95
ASV_1063,63,,,no_hit
ASV_1064,63,Bacteria;Bacillota;Bacilli;Bacillales;Planococcaceae;Savagea;,98.7,>=97
ASV_1065,63,Bacteria;Bacillota;Bacilli;Lactobacillales;Lactobacillaceae;Fructobacillus;,99.5,>=99
ASV_1066,62,Bacteria;Pseudomonadota;Alphaproteobacteria;Rickettsiales;Mitochondria;,100.0,>=99
ASV_1067,62,Bacteria;Bacillota;Bacilli;Lactobacillales;Lactobacillaceae;Lactobacillus;,95.7,>=95
ASV_1068,62,Bacteria;Bacillota;Bacilli;Lactobacillales;Lactobacillaceae;Lactobacillus;,98.7,>=97
ASV_1069,62,Bacteria;Pseudomonadota;Alphaproteobacteria;Acetobacterales;Acetobacteraceae;Bombella;,98.7,>=97
ASV_1070,62,Bacteria;Actinomycetota;Actinobacteria;Bifidobacteriales;Bifidobacteriaceae;Bifidobacterium;,97.3,>=97
ASV_1071,62,Bacteria;Bacillota;Bacilli;Lactobacillales;,100.0,>=99
ASV_1072,61,Bacteria;Pseudomonadota;Gammaproteobacteria;Pseudomonadales;Halomonadaceae;Zymobacter;,98.4,>=97
ASV_1073,61,Bacteria;Bacteroidota;Bacteroidia;Sphingobacteriales;Sphingobacteriaceae;Sphingobacterium;,100.0,>=99
ASV_1074,61,Bacteria;Bacillota;Bacilli;Lactobacillales;Lactobacillaceae;Lactobacillus;,99.5,>=99
ASV_1075,61,Bacteria;Cyanobacteriota;Cyanobacteriia;Chloroplast;,99.7,>=99
ASV_1076,61,Bacteria;Bacillota;Bacilli;Lactobacillales;Lactobacillaceae;Lactobacillus;,97.1,>=97
ASV_1077,61,Bacteria;Bacillota;Bacilli;Lactobacillales;Lactobacillaceae;Lactobacillus;,97.3,>=97
ASV_1078,60,Bacteria;Bacillota;Bacilli;Lactobacillales;Lactobacillaceae;Lactobacillus;,96.3,>=95
ASV_1079,60,,,no_hit
ASV_1080,60,,,no_hit
ASV_1081,60,,,no_hit
ASV_1082,60,Bacteria;Bacillota;Negativicutes;Veillonellales-Selenomonadales;Selenomonadaceae;Pectinatus;,95.4,>=95
ASV_1083,60,Bacteria;Bacillota;Bacilli;Lactobacillales;Lactobacillaceae;Ligilactobacillus;,98.1,>=97
ASV_1084,59,Bacteria;Bacillota;Bacilli;Lactobacillales;Lactobacillaceae;Lactobacillus;,98.4,>=97
ASV_1085,59,,,no_hit
ASV_1086,59,Bacteria;Bacillota;Bacilli;Lactobacillales;Lactobacillaceae;Lactobacillus;,97.1,>=97
ASV_1087,59,Bacteria;Pseudomonadota;Gammaproteobacteria;Enterobacterales;Enterobacteriaceae;Citrobacter;,100.0,>=99
ASV_1088,59,,,no_hit
ASV_1089,59,,,no_hit
ASV_1090,59,Bacteria;Bacillota;Bacilli;Lactobacillales;Lactobacillaceae;Apilactobacillus;,97.6,>=97
ASV_1091,59,Bacteria;Bacillota;Bacilli;Lactobacillales;Lactobacillaceae;Lactobacillus;,99.2,>=99
ASV_1092,58,Bacteria;Bacillota;Bacilli;Lactobacillales;Lactobacillaceae;Lactobacillus;,96.8,>=95
ASV_1093,58,Bacteria;Bacillota;Bacilli;Lactobacillales;Lactobacillaceae;Lactobacillus;,97.9,>=97
ASV_1094,58,Bacteria;Bacillota;Bacilli;Lactobacillales;Lactobacillaceae;Lactobacillus;,97.1,>=97
ASV_1095,58,Bacteria;Pseudomonadota;Alphaproteobacteria;Hyphomicrobiales;Beijerinckiaceae;Methylorubrum;,100.0,>=99
ASV_1096,58,Bacteria;Bacillota;Bacilli;Lactobacillales;Lactobacillaceae;Lactobacillus;,96.0,>=95
ASV_1097,58,,,no_hit
ASV_1098,58,Bacteria;Bacillota;Bacilli;Lactobacillales;Lactobacillaceae;Leuconostoc;,99.2,>=99
ASV_1099,57,,,no_hit
ASV_1100,57,Bacteria;Cyanobacteriota;Cyanobacteriia;Chloroplast;,98.1,>=97
ASV_1101,57,Bacteria;Bacillota;Bacilli;Lactobacillales;Lactobacillaceae;Lactobacillus;,96.3,>=95
ASV_1102,57,Bacteria;Pseudomonadota;Gammaproteobacteria;Enterobacterales;Enterobacteriaceae;Klebsiella;,100.0,>=99
ASV_1103,57,Bacteria;Cyanobacteriota;Cyanobacteriia;Chloroplast;,99.7,>=99
ASV_1104,57,Bacteria;Bacillota;Bacilli;Lactobacillales;Lactobacillaceae;Lactobacillus;,97.1,>=97
ASV_1105,57,Bacteria;Bacillota;Bacilli;Lactobacillales;Lactobacillaceae;Lactobacillus;,96.3,>=95
ASV_1106,57,Bacteria;Pseudomonadota;Gammaproteobacteria;Burkholderiales;Neisseriaceae;Snodgrassella;,100.0,>=99
ASV_1107,57,Bacteria;Pseudomonadota;Gammaproteobacteria;Lysobacterales;Lysobacteraceae;Stenotrophomonas;,100.0,>=99
ASV_1108,56,,,no_hit
ASV_1109,56,Bacteria;Bacillota;Bacilli;Lactobacillales;Lactobacillaceae;Lactobacillus;,96.3,>=95
ASV_1110,56,Bacteria;Bacillota;Negativicutes;Veillonellales-Selenomonadales;Selenomonadaceae;Pectinatus;,96.0,>=95
ASV_1111,56,Bacteria;Bacillota;Bacilli;Lactobacillales;Lactobacillaceae;Lactobacillus;,97.6,>=97
ASV_1112,56,Bacteria;Pseudomonadota;Gammaproteobacteria;Lysobacterales;Rhodanobacteraceae;Dokdonella;,100.0,>=99
ASV_1113,56,Bacteria;Bacteroidota;Bacteroidia;Flavobacteriales;Flavobacteriaceae;Flavobacterium;,98.9,>=97
ASV_1114,55,Bacteria;Pseudomonadota;Alphaproteobacteria;Acetobacterales;Acetobacteraceae;,96.8,>=95
ASV_1115,55,Bacteria;Pseudomonadota;Alphaproteobacteria;Acetobacterales;Acetobacteraceae;Acidomonas;,97.6,>=97
ASV_1116,55,Bacteria;Bacillota;Bacilli;Lactobacillales;Lactobacillaceae;Lactobacillus;,97.1,>=97
ASV_1117,55,Bacteria;Cyanobacteriota;Cyanobacteriia;Chloroplast;,95.2,>=95
ASV_1118,55,Bacteria;Pseudomonadota;Gammaproteobacteria;Cardiobacteriales;Wohlfahrtiimonadaceae;Ignatzschineria;,100.0,>=99
ASV_1119,55,Bacteria;Pseudomonadota;Alphaproteobacteria;Acetobacterales;Acetobacteraceae;,99.7,>=99
ASV_1120,55,Bacteria;Bacillota;Bacilli;Lactobacillales;Lactobacillaceae;Apilactobacillus;,99.7,>=99
ASV_1121,55,Bacteria;Bacillota;Bacilli;Staphylococcales;Staphylococcaceae;Jeotgalicoccus;,100.0,>=99
ASV_1122,55,Bacteria;Cyanobacteriota;Cyanobacteriia;Chloroplast;,99.7,>=99
ASV_1123,55,Bacteria;Bacteroidota;Bacteroidia;Sphingobacteriales;Sphingobacteriaceae;Pedobacter;,99.5,>=99
ASV_1124,55,Bacteria;Pseudomonadota;Alphaproteobacteria;Acetobacterales;Acetobacteraceae;Commensalibacter;,97.3,>=97
ASV_1125,55,Bacteria;Pseudomonadota;Gammaproteobacteria;Lysobacterales;Lysobacteraceae;Xanthomonas;,100.0,>=99
ASV_1126,54,Bacteria;Pseudomonadota;Alphaproteobacteria;Acetobacterales;Acetobacteraceae;,98.7,>=97
ASV_1127,54,Bacteria;Bacillota;Bacilli;Lactobacillales;Lactobacillaceae;Apilactobacillus;,99.2,>=99
ASV_1128,54,Bacteria;Bacillota;Negativicutes;Veillonellales-Selenomonadales;Veillonellaceae;Megasphaera;,96.5,>=95
ASV_1129,53,Bacteria;Bacillota;Bacilli;Lactobacillales;Lactobacillaceae;Lactobacillus;,97.1,>=97
ASV_1130,53,Bacteria;Pseudomonadota;Alphaproteobacteria;Hyphomicrobiales;Rhizobiaceae;Agrobacterium;,100.0,>=99
ASV_1131,53,Bacteria;Bacillota;Bacilli;Lactobacillales;Lactobacillaceae;Lactobacillus;,95.7,>=95
ASV_1132,53,Bacteria;Cyanobacteriota;Cyanobacteriia;Chloroplast;,99.5,>=99
ASV_1133,53,Bacteria;Pseudomonadota;Alphaproteobacteria;Sphingomonadales;Sphingomonadaceae;Sphingomonas;,99.7,>=99
ASV_1134,53,Bacteria;Bacillota;Bacilli;Lactobacillales;Lactobacillaceae;Lactobacillus;,95.7,>=95
ASV_1135,53,Bacteria;Bacillota;Bacilli;Lactobacillales;Lactobacillaceae;Lactobacillus;,96.3,>=95
ASV_1136,53,Bacteria;Pseudomonadota;Gammaproteobacteria;Enterobacterales;Erwiniaceae;Izhakiella;,99.7,>=99
ASV_1137,53,,,no_hit
ASV_1138,52,Bacteria;Bacillota;Bacilli;Lactobacillales;Lactobacillaceae;Apilactobacillus;,99.2,>=99
ASV_1139,52,Bacteria;Cyanobacteriota;Cyanobacteriia;Chloroplast;,99.7,>=99
ASV_1140,52,Bacteria;Bacillota;Bacilli;Exiguobacterales;Exiguobacteraceae;Exiguobacterium;,100.0,>=99
ASV_1141,52,Bacteria;Actinomycetota;Actinobacteria;Bifidobacteriales;Bifidobacteriaceae;Bifidobacterium;,96.8,>=95
ASV_1142,52,Bacteria;Bacillota;Bacilli;Lactobacillales;Lactobacillaceae;Lactobacillus;,97.1,>=97
ASV_1143,52,Bacteria;Pseudomonadota;Alphaproteobacteria;Acetobacterales;Acetobacteraceae;Gluconacetobacter;,97.6,>=97
ASV_1144,52,Bacteria;Bacillota;Bacilli;Lactobacillales;Lactobacillaceae;Lactobacillus;,97.9,>=97
ASV_1145,51,,,no_hit
ASV_1146,51,Bacteria;Bacillota;Bacilli;Lactobacillales;Lactobacillaceae;Lactobacillus;,96.5,>=95
ASV_1147,50,Bacteria;Cyanobacteriota;Cyanobacteriia;Chloroplast;,98.1,>=97
ASV_1148,50,Bacteria;Cyanobacteriota;Cyanobacteriia;Chloroplast;,97.6,>=97
ASV_1149,50,Bacteria;Bacillota;Bacilli;Lactobacillales;Lactobacillaceae;Apilactobacillus;,100.0,>=99
ASV_1150,50,,,no_hit
ASV_1151,50,Bacteria;Bacillota;Bacilli;Bacillales;Planococcaceae;Savagea;,95.2,>=95
ASV_1152,50,Bacteria;Bacillota;Bacilli;Bacillales;Planococcaceae;Savagea;,98.4,>=97
ASV_1153,50,Bacteria;Pseudomonadota;Alphaproteobacteria;Acetobacterales;Acetobacteraceae;,97.1,>=97
ASV_1154,49,Bacteria;Bacillota;Bacilli;Lactobacillales;Lactobacillaceae;Weissella;,99.7,>=99
ASV_1155,49,Bacteria;Pseudomonadota;Gammaproteobacteria;Lysobacterales;Lysobacteraceae;Xylella;,98.4,>=97
ASV_1156,49,Bacteria;Bacillota;Bacilli;Lactobacillales;Lactobacillaceae;Lactobacillus;,96.0,>=95
ASV_1157,49,Bacteria;Pseudomonadota;Alphaproteobacteria;Acetobacterales;Acetobacteraceae;,97.3,>=97
ASV_1158,49,Bacteria;Bacillota;Bacilli;Lactobacillales;Lactobacillaceae;Lactobacillus;,97.1,>=97
ASV_1159,49,Bacteria;Actinomycetota;Actinobacteria;Mycobacteriales;Corynebacteriaceae;Corynebacterium;,99.7,>=99
ASV_1160,49,Bacteria;Pseudomonadota;Gammaproteobacteria;Pseudomonadales;Halomonadaceae;Carnimonas;,98.1,>=97
ASV_1161,49,Bacteria;Bacillota;Bacilli;Lactobacillales;Lactobacillaceae;Apilactobacillus;,99.7,>=99
ASV_1162,49,Bacteria;Bacillota;Bacilli;Lactobacillales;Lactobacillaceae;Weissella;,98.7,>=97
ASV_1163,49,,,no_hit
ASV_1164,49,Bacteria;Actinomycetota;Actinobacteria;Bifidobacteriales;Bifidobacteriaceae;Bifidobacterium;,97.3,>=97
ASV_1165,49,Bacteria;Pseudomonadota;Gammaproteobacteria;Enterobacterales;Enterobacteriaceae;Citrobacter;,100.0,>=99
ASV_1166,49,Bacteria;Bacteroidota;Bacteroidia;Chitinophagales;Chitinophagaceae;,100.0,>=99
ASV_1167,49,,,no_hit
ASV_1168,48,Bacteria;Bacillota;Bacilli;Lactobacillales;Lactobacillaceae;Lactobacillus;,96.8,>=95
ASV_1169,48,Bacteria;Cyanobacteriota;Cyanobacteriia;Chloroplast;,97.1,>=97
ASV_1170,48,Bacteria;Bacillota;Bacilli;Lactobacillales;Lactobacillaceae;Lactobacillus;,96.8,>=95
ASV_1171,48,Bacteria;Bacillota;Bacilli;Lactobacillales;Lactobacillaceae;Apilactobacillus;,99.5,>=99
ASV_1172,48,Bacteria;Pseudomonadota;Alphaproteobacteria;Acetobacterales;Acetobacteraceae;,98.9,>=97
ASV_1173,48,Bacteria;Pseudomonadota;Alphaproteobacteria;Acetobacterales;Acetobacteraceae;Bombella;,99.2,>=99
ASV_1174,48,Bacteria;Pseudomonadota;Gammaproteobacteria;Burkholderiales;Neisseriaceae;Snodgrassella;,97.1,>=97
ASV_1175,48,Bacteria;Pseudomonadota;Alphaproteobacteria;Rhodobacterales;Paracoccaceae;Paracoccus;,99.7,>=99
ASV_1176,48,Bacteria;Pseudomonadota;Gammaproteobacteria;Burkholderiales;Alcaligenaceae;Advenella;,100.0,>=99
ASV_1177,48,Bacteria;Pseudomonadota;Alphaproteobacteria;Caulobacterales;Caulobacteraceae;Brevundimonas;,100.0,>=99
ASV_1178,48,Bacteria;Pseudomonadota;Alphaproteobacteria;Hyphomicrobiales;Methylopilaceae;Methylopila;,100.0,>=99
ASV_1179,47,Bacteria;Bacteroidota;Bacteroidia;Flavobacteriales;Weeksellaceae;Chryseobacterium;,100.0,>=99
ASV_1180,47,Bacteria;Bacillota;Bacilli;Lactobacillales;Lactobacillaceae;Lactobacillus;,96.3,>=95
ASV_1181,47,Bacteria;Bacillota;Bacilli;Lactobacillales;Lactobacillaceae;Lactobacillus;,96.0,>=95
ASV_1182,47,Bacteria;Pseudomonadota;Alphaproteobacteria;Acetobacterales;Acetobacteraceae;Commensalibacter;,96.8,>=95
ASV_1183,47,Bacteria;Cyanobacteriota;Cyanobacteriia;Chloroplast;,98.1,>=97
ASV_1184,47,Bacteria;Bacillota;Bacilli;Erysipelotrichales;Erysipelotrichaceae;Turicibacter;,100.0,>=99
ASV_1185,47,Bacteria;Bacteroidota;Bacteroidia;Flavobacteriales;Weeksellaceae;Moheibacter;,98.9,>=97
ASV_1186,47,Bacteria;Pseudomonadota;Alphaproteobacteria;Acetobacterales;Acetobacteraceae;Asaia;,96.8,>=95
ASV_1187,47,Bacteria;Bacillota;Bacilli;Lactobacillales;Lactobacillaceae;Lactobacillus;,97.3,>=97
ASV_1188,46,Bacteria;Bacillota;Bacilli;Lactobacillales;Lactobacillaceae;Lactobacillus;,96.5,>=95
ASV_1189,46,,,no_hit
ASV_1190,46,Bacteria;Pseudomonadota;Gammaproteobacteria;Pseudomonadales;Halomonadaceae;Carnimonas;,99.7,>=99
ASV_1191,46,Bacteria;Bacillota;Bacilli;Lactobacillales;Lactobacillaceae;Lactobacillus;,96.0,>=95
ASV_1192,46,Bacteria;Bacillota;Bacilli;Lactobacillales;Lactobacillaceae;Bombilactobacillus;,97.6,>=97
ASV_1193,45,Bacteria;Bacillota;Bacilli;Lactobacillales;Lactobacillaceae;Lactobacillus;,96.8,>=95
ASV_1194,45,Bacteria;Bacillota;Bacilli;Lactobacillales;Lactobacillaceae;Lactobacillus;,96.5,>=95
ASV_1195,45,Bacteria;Pseudomonadota;Alphaproteobacteria;Rickettsiales;Mitochondria;,99.7,>=99
ASV_1196,45,Bacteria;Bacillota;Negativicutes;Veillonellales-Selenomonadales;Selenomonadaceae;Pectinatus;,96.0,>=95
ASV_1197,45,Bacteria;Bacillota;Bacilli;Staphylococcales;Staphylococcaceae;Staphylococcus;,100.0,>=99
ASV_1198,45,Bacteria;Bacillota;Bacilli;Lactobacillales;Lactobacillaceae;Lactobacillus;,97.3,>=97
ASV_1199,45,Bacteria;Cyanobacteriota;Cyanobacteriia;Chloroplast;,97.6,>=97
ASV_1200,44,Bacteria;Bacillota;Bacilli;Lactobacillales;Lactobacillaceae;Lactobacillus;,97.3,>=97
ASV_1201,44,Bacteria;Cyanobacteriota;Cyanobacteriia;Chloroplast;,96.5,>=95
ASV_1202,44,Bacteria;Bacillota;Bacilli;Lactobacillales;Lactobacillaceae;Apilactobacillus;,99.2,>=99
ASV_1203,44,Bacteria;Pseudomonadota;Gammaproteobacteria;Enterobacterales;Enterobacteriaceae;Buttiauxella;,99.7,>=99
ASV_1204,44,Bacteria;Cyanobacteriota;Cyanobacteriia;Chloroplast;,99.5,>=99
ASV_1205,44,Bacteria;Cyanobacteriota;Cyanobacteriia;Chloroplast;,99.7,>=99
ASV_1206,44,Bacteria;Planctomycetota;Planctomycetes;Gemmatales;Gemmataceae;Fimbriiglobus;,98.7,>=97
ASV_1207,44,Bacteria;Bacillota;Bacilli;Lactobacillales;Lactobacillaceae;Apilactobacillus;,97.3,>=97
ASV_1208,44,Bacteria;Pseudomonadota;Gammaproteobacteria;Enterobacterales;Morganellaceae;,99.7,>=99
ASV_1209,44,,,no_hit
ASV_1210,43,Bacteria;Pseudomonadota;Gammaproteobacteria;Enterobacterales;Erwiniaceae;Erwinia;,100.0,>=99
ASV_1211,43,,,no_hit
ASV_1212,43,Bacteria;Pseudomonadota;Gammaproteobacteria;Pseudomonadales;Halomonadaceae;Zymobacter;,98.9,>=97
ASV_1213,43,Bacteria;Actinomycetota;Coriobacteriia;Coriobacteriales;Atopobiaceae;Parolsenella;,95.7,>=95
ASV_1214,43,Bacteria;Bacillota;Bacilli;Lactobacillales;Lactobacillaceae;Lactobacillus;,97.3,>=97
ASV_1215,43,Bacteria;Bacillota;Bacilli;Lactobacillales;Lactobacillaceae;Lactobacillus;,96.3,>=95
ASV_1216,43,Bacteria;Bacillota;Bacilli;Lactobacillales;Lactobacillaceae;Lactobacillus;,96.3,>=95
ASV_1217,43,Bacteria;Pseudomonadota;Gammaproteobacteria;Enterobacterales;Orbaceae;,100.0,>=99
ASV_1218,43,Bacteria;Bacillota;Negativicutes;Veillonellales-Selenomonadales;Veillonellaceae;Megasphaera;,95.7,>=95
ASV_1219,43,Bacteria;Pseudomonadota;Alphaproteobacteria;Acetobacterales;Acetobacteraceae;Gluconobacter;,100.0,>=99
ASV_1220,43,Bacteria;Bacteroidota;Bacteroidia;Sphingobacteriales;Sphingobacteriaceae;Olivibacter;,96.5,>=95
ASV_1221,42,Bacteria;Pseudomonadota;Alphaproteobacteria;Rickettsiales;Mitochondria;,99.5,>=99
ASV_1222,42,Bacteria;Pseudomonadota;Gammaproteobacteria;Enterobacterales;Enterobacteriaceae;Enterobacillus;,95.2,>=95
ASV_1223,41,Bacteria;Cyanobacteriota;Cyanobacteriia;Chloroplast;,98.4,>=97
ASV_1224,41,,,no_hit
ASV_1225,41,Bacteria;Bacillota;Bacilli;Lactobacillales;Lactobacillaceae;Lactobacillus;,96.8,>=95
ASV_1226,41,Bacteria;Pseudomonadota;Alphaproteobacteria;Rickettsiales;Mitochondria;,99.7,>=99
ASV_1227,41,Bacteria;Pseudomonadota;Alphaproteobacteria;Acetobacterales;Acetobacteraceae;Commensalibacter;,96.0,>=95
ASV_1228,41,Bacteria;Pseudomonadota;Gammaproteobacteria;Pseudomonadales;Moraxellaceae;Acinetobacter;,96.2,>=95
ASV_1229,41,Bacteria;Pseudomonadota;Alphaproteobacteria;Acetobacterales;Acetobacteraceae;,95.4,>=95
ASV_1230,41,Bacteria;Bacillota;Bacilli;Lactobacillales;Lactobacillaceae;Lactobacillus;,96.3,>=95
ASV_1231,41,Bacteria;Pseudomonadota;Gammaproteobacteria;Lysobacterales;Lysobacteraceae;Stenotrophomonas;,95.2,>=95
ASV_1232,41,Bacteria;Pseudomonadota;Alphaproteobacteria;Acetobacterales;Acetobacteraceae;Commensalibacter;,97.1,>=97
ASV_1233,40,Bacteria;Bacillota;Bacilli;Lactobacillales;Lactobacillaceae;Lactobacillus;,97.6,>=97
ASV_1234,40,Bacteria;Planctomycetota;Planctomycetes;Isosphaerales;Isosphaeraceae;Tundrisphaera;,98.7,>=97
ASV_1235,40,Bacteria;Pseudomonadota;Alphaproteobacteria;Acetobacterales;Acetobacteraceae;,96.8,>=95
ASV_1236,40,Bacteria;Pseudomonadota;Gammaproteobacteria;Lysobacterales;Lysobacteraceae;Stenotrophomonas;,96.0,>=95
ASV_1237,40,Bacteria;Bacillota;Bacilli;Lactobacillales;Lactobacillaceae;Lactobacillus;,97.3,>=97
ASV_1238,40,Bacteria;Bacillota;Bacilli;Lactobacillales;Lactobacillaceae;Apilactobacillus;,98.4,>=97
ASV_1239,40,Bacteria;Bacillota;Bacilli;Lactobacillales;Lactobacillaceae;Apilactobacillus;,99.5,>=99
ASV_1240,40,Bacteria;Bacillota;Bacilli;Staphylococcales;Staphylococcaceae;Staphylococcus;,99.7,>=99
ASV_1241,40,Bacteria;Bacillota;Bacilli;Lactobacillales;Lactobacillaceae;Lactobacillus;,97.3,>=97
ASV_1242,40,Bacteria;Bacillota;Bacilli;Lactobacillales;Lactobacillaceae;Ligilactobacillus;,100.0,>=99
ASV_1243,40,Bacteria;Pseudomonadota;Gammaproteobacteria;Burkholderiales;Neisseriaceae;Snodgrassella;,96.0,>=95
ASV_1244,40,Bacteria;Bacillota;Bacilli;Lactobacillales;Lactobacillaceae;Ligilactobacillus;,97.6,>=97
ASV_1245,40,Bacteria;Bacillota;Bacilli;Lactobacillales;Lactobacillaceae;Leuconostoc;,100.0,>=99
ASV_1246,39,,,no_hit
ASV_1247,39,Bacteria;Bacillota;Bacilli;Lactobacillales;Lactobacillaceae;Lactobacillus;,98.9,>=97
ASV_1248,39,Bacteria;Cyanobacteriota;Cyanobacteriia;Chloroplast;,98.1,>=97
ASV_1249,39,Bacteria;Bacillota;Bacilli;Lactobacillales;Lactobacillaceae;Lactobacillus;,98.7,>=97
ASV_1250,39,Bacteria;Bacteroidota;Bacteroidia;Bacteroidales;Prevotellaceae;,100.0,>=99
ASV_1251,39,,,no_hit
ASV_1252,39,Bacteria;Bacteroidota;Bacteroidia;Chitinophagales;Chitinophagaceae;Chitinophaga;,99.5,>=99
ASV_1253,39,Bacteria;Bacteroidota;Bacteroidia;Bacteroidales;Dysgonomonadaceae;Dysgonomonas;,99.5,>=99
ASV_1254,39,Bacteria;Actinomycetota;Actinobacteria;Bifidobacteriales;Bifidobacteriaceae;Bifidobacterium;,98.9,>=97
ASV_1255,38,Bacteria;Bacillota;Bacilli;Lactobacillales;Lactobacillaceae;Lactobacillus;,96.5,>=95
ASV_1256,38,Bacteria;Pseudomonadota;Alphaproteobacteria;Acetobacterales;Acetobacteraceae;Bombella;,97.6,>=97
ASV_1257,38,Bacteria;Pseudomonadota;Alphaproteobacteria;Acetobacterales;Acetobacteraceae;Bombella;,96.5,>=95
ASV_1258,38,Bacteria;Pseudomonadota;Alphaproteobacteria;Sphingomonadales;Sphingomonadaceae;Sphingomonas;,100.0,>=99
ASV_1259,38,Bacteria;Bacillota;Clostridia;Peptostreptococcales-Tissierellales;Peptostreptococcaceae;Paeniclostridium;,100.0,>=99
ASV_1260,38,,,no_hit
ASV_1261,38,Bacteria;Bacillota;Bacilli;Lactobacillales;Lactobacillaceae;Lactobacillus;,99.2,>=99
ASV_1262,38,Bacteria;Bacteroidota;Bacteroidia;Chitinophagales;Chitinophagaceae;Haoranjiania;,98.1,>=97
ASV_1263,38,Bacteria;Actinomycetota;Actinobacteria;Bifidobacteriales;Bifidobacteriaceae;Bifidobacterium;,98.9,>=97
ASV_1264,38,Bacteria;Pseudomonadota;Gammaproteobacteria;Burkholderiales;Comamonadaceae;Acidovorax;,99.7,>=99
ASV_1265,38,,,no_hit
ASV_1266,38,Bacteria;Bacteroidota;Bacteroidia;Flavobacteriales;Weeksellaceae;Chryseobacterium;,97.0,>=97
ASV_1267,37,Bacteria;Bacillota;Bacilli;Lactobacillales;Lactobacillaceae;Lactobacillus;,95.7,>=95
ASV_1268,37,Bacteria;Bacillota;Bacilli;Lactobacillales;Lactobacillaceae;Lactobacillus;,97.1,>=97
ASV_1269,37,Bacteria;Bacillota;Bacilli;Lactobacillales;Lactobacillaceae;Apilactobacillus;,98.9,>=97
ASV_1270,37,Bacteria;Bacillota;Bacilli;Lactobacillales;Lactobacillaceae;Lactobacillus;,97.1,>=97
ASV_1271,37,Bacteria;Bacillota;Clostridia;Peptostreptococcales-Tissierellales;Peptostreptococcaceae;Peptostreptococcus;,100.0,>=99
ASV_1272,37,Bacteria;Bacillota;Bacilli;Lactobacillales;Lactobacillaceae;Apilactobacillus;,99.5,>=99
ASV_1273,37,,,no_hit
ASV_1274,37,Bacteria;Pseudomonadota;Alphaproteobacteria;Acetobacterales;Acetobacteraceae;Endobacter;,99.7,>=99
ASV_1275,36,Bacteria;Bacillota;Bacilli;Lactobacillales;Lactobacillaceae;Lactobacillus;,96.8,>=95
ASV_1276,36,,,no_hit
ASV_1277,36,Bacteria;Pseudomonadota;Alphaproteobacteria;Acetobacterales;Acetobacteraceae;Asaia;,97.3,>=97
ASV_1278,36,Bacteria;Bacillota;Negativicutes;Veillonellales-Selenomonadales;Selenomonadaceae;Pectinatus;,96.0,>=95
ASV_1279,36,Bacteria;Actinomycetota;Actinobacteria;Propionibacteriales;Nocardioidaceae;Aeromicrobium;,100.0,>=99
ASV_1280,36,Bacteria;Bacillota;Bacilli;Lactobacillales;Lactobacillaceae;Lactobacillus;,96.3,>=95
ASV_1281,36,Bacteria;Bacillota;Bacilli;Lactobacillales;Lactobacillaceae;Lactobacillus;,96.5,>=95
ASV_1282,35,Bacteria;Bacillota;Bacilli;Lactobacillales;Lactobacillaceae;Lactobacillus;,95.7,>=95
ASV_1283,35,Bacteria;Actinomycetota;Actinobacteria;Mycobacteriales;Corynebacteriaceae;Corynebacterium;,100.0,>=99
ASV_1284,35,Bacteria;Bacillota;Bacilli;Lactobacillales;Lactobacillaceae;Lactobacillus;,96.5,>=95
ASV_1285,35,,,no_hit
ASV_1286,35,Bacteria;Bacillota;Bacilli;Lactobacillales;Lactobacillaceae;Apilactobacillus;,99.2,>=99
ASV_1287,35,Bacteria;Bacillota;Bacilli;Lactobacillales;Lactobacillaceae;HT002;,97.6,>=97
ASV_1288,35,Bacteria;Bacteroidota;Bacteroidia;Flavobacteriales;Weeksellaceae;Chryseobacterium;,100.0,>=99
ASV_1289,35,Bacteria;Pseudomonadota;Alphaproteobacteria;Acetobacterales;Acetobacteraceae;Commensalibacter;,97.3,>=97
ASV_1290,35,Bacteria;Pseudomonadota;Gammaproteobacteria;Pseudomonadales;Moraxellaceae;Acinetobacter;,98.7,>=97
ASV_1291,34,Bacteria;Pseudomonadota;Alphaproteobacteria;Acetobacterales;Acetobacteraceae;,97.3,>=97
ASV_1292,34,Bacteria;Cyanobacteriota;Cyanobacteriia;Chloroplast;,97.9,>=97
ASV_1293,34,Bacteria;Pseudomonadota;Gammaproteobacteria;Burkholderiales;Comamonadaceae;Pseudorhodoferax;,100.0,>=99
ASV_1294,34,Bacteria;Pseudomonadota;Alphaproteobacteria;Acetobacterales;Acetobacteraceae;Tanticharoenia;,100.0,>=99
ASV_1295,34,Bacteria;Pseudomonadota;Gammaproteobacteria;Lysobacterales;Lysobacteraceae;Pseudoxanthomonas;,100.0,>=99
ASV_1296,34,Bacteria;Bacillota;Bacilli;Lactobacillales;Lactobacillaceae;Lactobacillus;,96.5,>=95
ASV_1297,34,Bacteria;Pseudomonadota;Gammaproteobacteria;Lysobacterales;Rhodanobacteraceae;Luteibacter;,100.0,>=99
ASV_1298,34,Bacteria;Bacillota;Bacilli;Lactobacillales;Lactobacillaceae;Lactobacillus;,98.7,>=97
ASV_1299,33,Bacteria;Cyanobacteriota;Cyanobacteriia;Chloroplast;,95.5,>=95
ASV_1300,33,Bacteria;Pseudomonadota;Gammaproteobacteria;Burkholderiales;Neisseriaceae;Snodgrassella;,97.1,>=97
ASV_1301,33,,,no_hit
ASV_1302,33,Bacteria;Pseudomonadota;Alphaproteobacteria;Acetobacterales;Acetobacteraceae;Commensalibacter;,95.2,>=95
ASV_1303,33,,,no_hit
ASV_1304,33,Bacteria;Bacillota;Bacilli;Lactobacillales;Lactobacillaceae;Lactobacillus;,96.3,>=95
ASV_1305,33,Bacteria;Pseudomonadota;Gammaproteobacteria;Burkholderiales;Neisseriaceae;Snodgrassella;,95.7,>=95
ASV_1306,33,Bacteria;Pseudomonadota;Gammaproteobacteria;Cardiobacteriales;Wohlfahrtiimonadaceae;Ignatzschineria;,95.2,>=95
ASV_1307,33,Bacteria;Bacteroidota;Bacteroidia;Cytophagales;Spirosomataceae;Leadbetterella;,98.4,>=97
ASV_1308,33,Bacteria;Bacteroidota;Bacteroidia;Sphingobacteriales;Sphingobacteriaceae;Olivibacter;,97.3,>=97
ASV_1309,33,Bacteria;Pseudomonadota;Gammaproteobacteria;Lysobacterales;Lysobacteraceae;Stenotrophomonas;,100.0,>=99
ASV_1310,33,,,no_hit
ASV_1311,33,Bacteria;Bacillota;Bacilli;Lactobacillales;Lactobacillaceae;Lactobacillus;,96.5,>=95
ASV_1312,33,Bacteria;Bacillota;Bacilli;Lactobacillales;Lactobacillaceae;Apilactobacillus;,97.9,>=97
ASV_1313,33,Bacteria;Actinomycetota;Actinobacteria;Bifidobacteriales;Bifidobacteriaceae;Bifidobacterium;,98.7,>=97
ASV_1314,33,,,no_hit
ASV_1315,32,Bacteria;Bacillota;Bacilli;Lactobacillales;Lactobacillaceae;Lactobacillus;,97.1,>=97
ASV_1316,32,Bacteria;Bacillota;Bacilli;Lactobacillales;Lactobacillaceae;Lactobacillus;,96.5,>=95
ASV_1317,32,Bacteria;Bacillota;Clostridia;Clostridiales;Clostridiaceae;Hathewaya;,100.0,>=99
ASV_1318,32,,,no_hit
ASV_1319,32,,,no_hit
ASV_1320,32,Bacteria;Pseudomonadota;Gammaproteobacteria;Burkholderiales;Comamonadaceae;Comamonas;,100.0,>=99
ASV_1321,32,Bacteria;Bacteroidota;Bacteroidia;Cytophagales;Spirosomataceae;Dyadobacter;,98.9,>=97
ASV_1322,31,Bacteria;Bacillota;Bacilli;Lactobacillales;Lactobacillaceae;Ligilactobacillus;,97.9,>=97
ASV_1323,31,Bacteria;Actinomycetota;Coriobacteriia;Coriobacteriales;Atopobiaceae;Parolsenella;,95.4,>=95
ASV_1324,31,Bacteria;Pseudomonadota;Alphaproteobacteria;Rickettsiales;Mitochondria;,97.2,>=97
ASV_1325,31,Bacteria;Bacillota;Bacilli;Lactobacillales;Lactobacillaceae;Lactobacillus;,98.1,>=97
ASV_1326,31,Bacteria;Cyanobacteriota;Cyanobacteriia;Chloroplast;,97.1,>=97
ASV_1327,31,Bacteria;Actinomycetota;Actinobacteria;Bifidobacteriales;Bifidobacteriaceae;Bifidobacterium;,98.9,>=97
ASV_1328,31,,,no_hit
ASV_1329,31,Bacteria;Pseudomonadota;Alphaproteobacteria;Acetobacterales;Acetobacteraceae;Gluconobacter;,98.4,>=97
ASV_1330,31,Bacteria;Pseudomonadota;Alphaproteobacteria;Acetobacterales;Acetobacteraceae;Neokomagataea;,99.7,>=99
ASV_1331,31,Bacteria;Pseudomonadota;Alphaproteobacteria;Acetobacterales;Acetobacteraceae;,99.2,>=99
ASV_1332,31,Bacteria;Actinomycetota;Actinobacteria;Bifidobacteriales;Bifidobacteriaceae;Bifidobacterium;,99.5,>=99
ASV_1333,31,Bacteria;Pseudomonadota;Gammaproteobacteria;Enterobacterales;Pasteurellaceae;Actinobacillus;,100.0,>=99
ASV_1334,31,Bacteria;Bacteroidota;Bacteroidia;Cytophagales;Spirosomataceae;Arcicella;,100.0,>=99
ASV_1335,31,Bacteria;Pseudomonadota;Gammaproteobacteria;Enterobacterales;Erwiniaceae;Izhakiella;,97.6,>=97
ASV_1336,31,Bacteria;Pseudomonadota;Gammaproteobacteria;Burkholderiales;Alcaligenaceae;Bordetella;,99.5,>=99
ASV_1337,31,Bacteria;Pseudomonadota;Gammaproteobacteria;Lysobacterales;Rhodanobacteraceae;Rhodanobacter;,100.0,>=99
ASV_1338,31,Bacteria;Actinomycetota;Actinobacteria;Mycobacteriales;Nocardiaceae;Gordonia;,99.2,>=99
ASV_1339,31,Bacteria;Pseudomonadota;Gammaproteobacteria;Pseudomonadales;Halomonadaceae;Zymobacter;,98.4,>=97
ASV_1340,30,Bacteria;Bacillota;Bacilli;Lactobacillales;Lactobacillaceae;Lactobacillus;,95.7,>=95
ASV_1341,30,Bacteria;Pseudomonadota;Alphaproteobacteria;Acetobacterales;Acetobacteraceae;Asaia;,96.8,>=95
ASV_1342,30,Bacteria;Pseudomonadota;Alphaproteobacteria;Acetobacterales;Acetobacteraceae;Tanticharoenia;,98.9,>=97
ASV_1343,30,Bacteria;Pseudomonadota;Alphaproteobacteria;Acetobacterales;Acetobacteraceae;,98.4,>=97
ASV_1344,30,Bacteria;Cyanobacteriota;Cyanobacteriia;Chloroplast;,97.9,>=97
ASV_1345,30,Bacteria;Actinomycetota;Coriobacteriia;Coriobacteriales;Atopobiaceae;Parolsenella;,95.1,>=95
ASV_1346,30,,,no_hit
ASV_1347,30,Bacteria;Bacillota;Clostridia;Clostridiales;Clostridiaceae;Clostridium;,99.7,>=99
ASV_1348,30,Bacteria;Bacillota;Negativicutes;Veillonellales-Selenomonadales;Selenomonadaceae;Pectinatus;,95.2,>=95
ASV_1349,30,Bacteria;Bacillota;Bacilli;Lactobacillales;Lactobacillaceae;Lactobacillus;,96.8,>=95
ASV_1350,30,Bacteria;Pseudomonadota;Alphaproteobacteria;Rhodobacterales;Paracoccaceae;Amaricoccus;,99.2,>=99
ASV_1351,30,Bacteria;Bacteroidota;Bacteroidia;Sphingobacteriales;Sphingobacteriaceae;Sphingobacterium;,96.5,>=95
ASV_1352,30,Bacteria;Pseudomonadota;Alphaproteobacteria;Hyphomicrobiales;Xanthobacteraceae;Afipia;,99.5,>=99
ASV_1353,30,Bacteria;Pseudomonadota;Gammaproteobacteria;Pseudomonadales;Halomonadaceae;Carnimonas;,100.0,>=99
ASV_1354,29,Bacteria;Actinomycetota;Actinobacteria;Bifidobacteriales;Bifidobacteriaceae;Bifidobacterium;,98.9,>=97
ASV_1355,29,Bacteria;Pseudomonadota;Alphaproteobacteria;Rickettsiales;Mitochondria;,97.7,>=97
ASV_1356,29,Bacteria;Pseudomonadota;Alphaproteobacteria;Acetobacterales;Acetobacteraceae;Gluconobacter;,98.1,>=97
ASV_1357,29,Bacteria;Bacillota;Bacilli;Lactobacillales;Lactobacillaceae;Ligilactobacillus;,97.9,>=97
ASV_1358,29,Bacteria;Pseudomonadota;Alphaproteobacteria;Acetobacterales;Acetobacteraceae;Endobacter;,97.9,>=97
ASV_1359,29,Bacteria;Pseudomonadota;Gammaproteobacteria;Lysobacterales;Lysobacteraceae;Stenotrophomonas;,100.0,>=99
ASV_1360,29,,,no_hit
ASV_1361,29,Bacteria;Pseudomonadota;Alphaproteobacteria;Acetobacterales;Acetobacteraceae;Acetobacter;,100.0,>=99
ASV_1362,29,Bacteria;Pseudomonadota;Alphaproteobacteria;Acetobacterales;Acetobacteraceae;Bombella;,99.5,>=99
ASV_1363,29,Bacteria;Pseudomonadota;Alphaproteobacteria;Acetobacterales;Acetobacteraceae;,97.6,>=97
ASV_1364,29,Bacteria;Actinomycetota;Actinobacteria;Bifidobacteriales;Bifidobacteriaceae;Bifidobacterium;,96.8,>=95
ASV_1365,29,Bacteria;Bacillota;Negativicutes;Veillonellales-Selenomonadales;Selenomonadaceae;Pectinatus;,95.7,>=95
ASV_1366,29,Bacteria;Bacillota;Bacilli;Lactobacillales;Lactobacillaceae;Lactobacillus;,96.3,>=95
ASV_1367,29,Bacteria;Pseudomonadota;Alphaproteobacteria;Acetobacterales;Acetobacteraceae;Bombella;,98.4,>=97
ASV_1368,29,Bacteria;Pseudomonadota;Alphaproteobacteria;Acetobacterales;Acetobacteraceae;Asaia;,99.7,>=99
ASV_1369,29,Bacteria;Pseudomonadota;Alphaproteobacteria;Acetobacterales;Acetobacteraceae;Asaia;,96.2,>=95
ASV_1370,28,,,no_hit
ASV_1371,28,Bacteria;Bacillota;Bacilli;Lactobacillales;Lactobacillaceae;Lactobacillus;,96.5,>=95
ASV_1372,28,Bacteria;Cyanobacteriota;Cyanobacteriia;Chloroplast;,97.6,>=97
ASV_1373,28,Bacteria;Cyanobacteriota;Cyanobacteriia;Chloroplast;,98.1,>=97
ASV_1374,28,Bacteria;Pseudomonadota;Alphaproteobacteria;Acetobacterales;Acetobacteraceae;Bombella;,96.2,>=95
ASV_1375,28,Bacteria;Pseudomonadota;Alphaproteobacteria;Acetobacterales;Acetobacteraceae;Bombella;,95.2,>=95
ASV_1376,28,Bacteria;Pseudomonadota;Alphaproteobacteria;Acetobacterales;Acetobacteraceae;,96.0,>=95
ASV_1377,28,Bacteria;Bacillota;Bacilli;Lactobacillales;Lactobacillaceae;Lactobacillus;,99.5,>=99
ASV_1378,28,,,no_hit
ASV_1379,28,Bacteria;Bacillota;Bacilli;Lactobacillales;Lactobacillaceae;Lactobacillus;,99.7,>=99
ASV_1380,28,Bacteria;Pseudomonadota;Gammaproteobacteria;Enterobacterales;Enterobacteriaceae;Cronobacter;,99.2,>=99
ASV_1381,28,Bacteria;Pseudomonadota;Alphaproteobacteria;Acetobacterales;Acetobacteraceae;Swingsia;,98.1,>=97
ASV_1382,28,Bacteria;Bacillota;Bacilli;Lactobacillales;Enterococcaceae;Tetragenococcus;,100.0,>=99
ASV_1383,28,Bacteria;Cyanobacteriota;Cyanobacteriia;Chloroplast;,98.1,>=97
ASV_1384,28,Bacteria;Pseudomonadota;Alphaproteobacteria;Acetobacterales;Acetobacteraceae;Gluconobacter;,99.2,>=99
ASV_1385,28,Bacteria;Pseudomonadota;Gammaproteobacteria;Burkholderiales;Comamonadaceae;Rhodoferax;,99.2,>=99
ASV_1386,28,Bacteria;Bacillota;Bacilli;Lactobacillales;Lactobacillaceae;Lactobacillus;,97.9,>=97
ASV_1387,28,Bacteria;Bacteroidota;Bacteroidia;Sphingobacteriales;Sphingobacteriaceae;Sphingobacterium;,96.2,>=95
ASV_1388,28,Bacteria;Pseudomonadota;Alphaproteobacteria;Hyphomicrobiales;Xanthobacteraceae;Rhodopseudomonas;,100.0,>=99
ASV_1389,28,Bacteria;Bacteroidota;Bacteroidia;Chitinophagales;Chitinophagaceae;Chitinophaga;,100.0,>=99
ASV_1390,28,Bacteria;Actinomycetota;Actinobacteria;Bifidobacteriales;Bifidobacteriaceae;Bifidobacterium;,98.1,>=97
ASV_1391,28,Bacteria;Pseudomonadota;Alphaproteobacteria;Acetobacterales;Acetobacteraceae;,96.8,>=95
ASV_1392,28,Bacteria;Pseudomonadota;Alphaproteobacteria;Acetobacterales;Acetobacteraceae;Gluconobacter;,100.0,>=99
ASV_1393,28,,,no_hit
ASV_1394,28,,,no_hit
ASV_1395,28,,,no_hit
ASV_1396,27,Bacteria;Bacillota;Bacilli;Lactobacillales;Lactobacillaceae;Lactobacillus;,96.8,>=95
ASV_1397,27,Bacteria;Pseudomonadota;Gammaproteobacteria;Burkholderiales;Neisseriaceae;Snodgrassella;,96.0,>=95
ASV_1398,27,Bacteria;Bacillota;Bacilli;Lactobacillales;Lactobacillaceae;Weissella;,98.1,>=97
ASV_1399,27,Bacteria;Bacillota;Bacilli;Lactobacillales;Lactobacillaceae;Lactobacillus;,96.5,>=95
ASV_1400,27,Bacteria;Bacillota;Bacilli;Lactobacillales;Lactobacillaceae;Lactobacillus;,99.2,>=99
ASV_1401,27,,,no_hit
ASV_1402,27,Bacteria;Verrucomicrobiota;Verrucomicrobiia;Verrucomicrobiales;Rubritaleaceae;Luteolibacter;,99.5,>=99
ASV_1403,27,Bacteria;Pseudomonadota;Gammaproteobacteria;Lysobacterales;Rhodanobacteraceae;Dyella;,99.7,>=99
ASV_1404,27,Bacteria;Planctomycetota;Planctomycetes;Pirellulales;Pirellulaceae;Pirellula;,100.0,>=99
ASV_1405,27,Bacteria;Pseudomonadota;Alphaproteobacteria;Hyphomicrobiales;Rhizobiaceae;Rhizobium;,100.0,>=99
ASV_1406,27,,,no_hit
ASV_1407,26,,,no_hit
ASV_1408,26,Bacteria;Pseudomonadota;Alphaproteobacteria;Rickettsiales;Mitochondria;,97.9,>=97
ASV_1409,26,Bacteria;Cyanobacteriota;Cyanobacteriia;Chloroplast;,98.7,>=97
ASV_1410,26,Bacteria;Pseudomonadota;Alphaproteobacteria;Rickettsiales;Mitochondria;,97.7,>=97
ASV_1411,26,Bacteria;Pseudomonadota;Gammaproteobacteria;Burkholderiales;Neisseriaceae;Snodgrassella;,97.3,>=97
ASV_1412,26,Bacteria;Cyanobacteriota;Cyanobacteriia;Chloroplast;,98.7,>=97
ASV_1413,26,,,no_hit
ASV_1414,26,Bacteria;Pseudomonadota;Gammaproteobacteria;Cardiobacteriales;Wohlfahrtiimonadaceae;Wohlfahrtiimonas;,100.0,>=99
ASV_1415,26,Bacteria;Pseudomonadota;Gammaproteobacteria;Pseudomonadales;Moraxellaceae;Acinetobacter;,96.0,>=95
ASV_1416,26,Bacteria;Bacillota;Negativicutes;Veillonellales-Selenomonadales;Selenomonadaceae;Pectinatus;,96.0,>=95
ASV_1417,26,Bacteria;Bacteroidota;Bacteroidia;Sphingobacteriales;Sphingobacteriaceae;Olivibacter;,97.3,>=97
ASV_1418,26,Bacteria;Bacteroidota;Bacteroidia;Sphingobacteriales;Sphingobacteriaceae;Olivibacter;,96.8,>=95
ASV_1419,26,,,no_hit
ASV_1420,26,Bacteria;Pseudomonadota;Alphaproteobacteria;Acetobacterales;Acetobacteraceae;Endobacter;,97.6,>=97
ASV_1421,26,Bacteria;Pseudomonadota;Alphaproteobacteria;Acetobacterales;Acetobacteraceae;Gluconobacter;,98.9,>=97
ASV_1422,25,Bacteria;Pseudomonadota;Alphaproteobacteria;Acetobacterales;Acetobacteraceae;Bombella;,98.7,>=97
ASV_1423,25,,,no_hit
ASV_1424,25,Bacteria;Cyanobacteriota;Cyanobacteriia;Chloroplast;,99.2,>=99
ASV_1425,25,Bacteria;Cyanobacteriota;Cyanobacteriia;Chloroplast;,99.7,>=99
ASV_1426,25,Bacteria;Pseudomonadota;Alphaproteobacteria;Acetobacterales;Acetobacteraceae;,95.2,>=95
ASV_1427,25,Bacteria;Pseudomonadota;Gammaproteobacteria;Lysobacterales;Rhodanobacteraceae;Dokdonella;,100.0,>=99
ASV_1428,25,,,no_hit
ASV_1429,25,Bacteria;Bacillota;Bacilli;Lactobacillales;Lactobacillaceae;Liquorilactobacillus;,97.6,>=97
ASV_1430,25,Bacteria;Bacillota;Bacilli;Lactobacillales;Lactobacillaceae;Ligilactobacillus;,97.9,>=97
ASV_1431,25,Bacteria;Bacillota;Bacilli;Lactobacillales;Lactobacillaceae;Ligilactobacillus;,97.1,>=97
ASV_1432,24,Bacteria;Pseudomonadota;Gammaproteobacteria;Burkholderiales;Comamonadaceae;Lampropedia;,100.0,>=99
ASV_1433,24,Bacteria;Pseudomonadota;Gammaproteobacteria;Pseudomonadales;Moraxellaceae;Acinetobacter;,97.6,>=97
ASV_1434,24,Bacteria;Pseudomonadota;Alphaproteobacteria;Acetobacterales;Acetobacteraceae;,97.6,>=97
ASV_1435,24,Bacteria;Bacillota;Bacilli;Lactobacillales;Lactobacillaceae;Lactobacillus;,97.1,>=97
ASV_1436,24,Bacteria;Bacillota;Bacilli;Lactobacillales;Lactobacillaceae;Lactobacillus;,97.6,>=97
ASV_1437,24,Bacteria;Pseudomonadota;Alphaproteobacteria;Hyphomicrobiales;Beijerinckiaceae;Bosea;,99.5,>=99
ASV_1438,24,Bacteria;Bacillota;Bacilli;Lactobacillales;Lactobacillaceae;Lactobacillus;,96.8,>=95
ASV_1439,24,Bacteria;Pseudomonadota;Gammaproteobacteria;Enterobacterales;Enterobacteriaceae;Kluyvera;,100.0,>=99
ASV_1440,24,Bacteria;Bacteroidota;Bacteroidia;Sphingobacteriales;Sphingobacteriaceae;Sphingobacterium;,98.1,>=97
ASV_1441,24,,,no_hit
ASV_1442,24,Bacteria;Pseudomonadota;Alphaproteobacteria;Acetobacterales;Acetobacteraceae;,98.4,>=97
ASV_1443,24,Bacteria;Pseudomonadota;Gammaproteobacteria;Burkholderiales;Neisseriaceae;Snodgrassella;,96.2,>=95
ASV_1444,24,Bacteria;Pseudomonadota;Gammaproteobacteria;Lysobacterales;Lysobacteraceae;Xylella;,96.8,>=95
ASV_1445,23,Bacteria;Pseudomonadota;Alphaproteobacteria;Acetobacterales;Acetobacteraceae;Bombella;,95.2,>=95
ASV_1446,23,,,no_hit
ASV_1447,23,Bacteria;Actinomycetota;Actinobacteria;Bifidobacteriales;Bifidobacteriaceae;Bifidobacterium;,99.5,>=99
ASV_1448,23,,,no_hit
ASV_1449,23,Bacteria;Pseudomonadota;Gammaproteobacteria;Burkholderiales;Comamonadaceae;Acidovorax;,100.0,>=99
ASV_1450,23,Bacteria;Bacteroidota;Bacteroidia;Bacteroidales;Bacteroidaceae;Bacteroides;,100.0,>=99
ASV_1451,23,Bacteria;Actinomycetota;Actinobacteria;Micrococcales;Dermatophilaceae;,99.7,>=99
ASV_1452,23,Bacteria;Actinomycetota;Actinobacteria;Bifidobacteriales;Bifidobacteriaceae;Bifidobacterium;,97.1,>=97
ASV_1453,23,Bacteria;Bacillota;Bacilli;Bacillales;Planococcaceae;Sporosarcina;,96.5,>=95
ASV_1454,23,Bacteria;Actinomycetota;Actinobacteria;Micrococcales;Dermabacteraceae;Brachybacterium;,98.9,>=97
ASV_1455,23,Bacteria;Pseudomonadota;Alphaproteobacteria;Sphingomonadales;Sphingomonadaceae;Novosphingobium;,100.0,>=99
ASV_1456,23,Bacteria;Pseudomonadota;Alphaproteobacteria;Rickettsiales;Mitochondria;,98.9,>=97
ASV_1457,23,Bacteria;Bacillota;Bacilli;Lactobacillales;Lactobacillaceae;Lactobacillus;,97.6,>=97
ASV_1458,22,Bacteria;Bacillota;Bacilli;Lactobacillales;Lactobacillaceae;Lactobacillus;,96.8,>=95
ASV_1459,22,Bacteria;Pseudomonadota;Alphaproteobacteria;Acetobacterales;Acetobacteraceae;,96.0,>=95
ASV_1460,22,Bacteria;Pseudomonadota;Gammaproteobacteria;Pseudomonadales;Moraxellaceae;Acinetobacter;,97.1,>=97
ASV_1461,22,,,no_hit
ASV_1462,22,Bacteria;Actinomycetota;Coriobacteriia;Coriobacteriales;Atopobiaceae;Parolsenella;,95.1,>=95
ASV_1463,22,Bacteria;Bacillota;Clostridia;Clostridiales;Clostridiaceae;Clostridium;,100.0,>=99
ASV_1464,22,Bacteria;Pseudomonadota;Gammaproteobacteria;Lysobacterales;Lysobacteraceae;Pseudoxanthomonas;,98.7,>=97
ASV_1465,22,Bacteria;Cyanobacteriota;Cyanobacteriia;Chloroplast;,99.2,>=99
ASV_1466,22,Bacteria;Bacillota;Bacilli;Bacillales;Planococcaceae;Chryseomicrobium;,99.7,>=99
ASV_1467,22,,,no_hit
ASV_1468,22,Bacteria;Bacillota;Bacilli;Erysipelotrichales;Erysipelotrichaceae;Turicibacter;,100.0,>=99
ASV_1469,22,Bacteria;Bacillota;Clostridia;Clostridiales;Clostridiaceae;Clostridium;,97.0,>=97
ASV_1470,22,Bacteria;Bacillota;Bacilli;Lactobacillales;Lactobacillaceae;Lactobacillus;,97.3,>=97
ASV_1471,22,,,no_hit
ASV_1472,22,,,no_hit
ASV_1473,22,,,no_hit
ASV_1474,22,Bacteria;Pseudomonadota;Alphaproteobacteria;Acetobacterales;Acetobacteraceae;Gluconobacter;,99.5,>=99
ASV_1475,21,Bacteria;Pseudomonadota;Alphaproteobacteria;Rickettsiales;Mitochondria;,98.4,>=97
ASV_1476,21,Bacteria;Pseudomonadota;Alphaproteobacteria;Rickettsiales;Mitochondria;,99.5,>=99
ASV_1477,21,Bacteria;Cyanobacteriota;Cyanobacteriia;Chloroplast;,95.7,>=95
ASV_1478,21,Bacteria;Bacillota;Bacilli;Lactobacillales;Lactobacillaceae;Lactobacillus;,97.1,>=97
ASV_1479,21,Bacteria;Pseudomonadota;Alphaproteobacteria;Acetobacterales;Acetobacteraceae;Bombella;,97.3,>=97
ASV_1480,21,Bacteria;Pseudomonadota;Alphaproteobacteria;Acetobacterales;Acetobacteraceae;,96.5,>=95
ASV_1481,21,Bacteria;Bacillota;Bacilli;Lactobacillales;Lactobacillaceae;Latilactobacillus;,95.2,>=95
ASV_1482,21,,,no_hit
ASV_1483,21,,,no_hit
ASV_1484,21,Bacteria;Bacteroidota;Bacteroidia;Flavobacteriales;Flavobacteriaceae;Flavobacterium;,99.2,>=99
ASV_1485,21,Bacteria;Bacillota;Bacilli;Lactobacillales;Lactobacillaceae;Lactobacillus;,99.7,>=99
ASV_1486,21,Bacteria;Bacillota;Bacilli;Lactobacillales;Lactobacillaceae;Lactobacillus;,98.1,>=97
ASV_1487,21,Bacteria;Cyanobacteriota;Cyanobacteriia;Chloroplast;,99.5,>=99
ASV_1488,21,Bacteria;Actinomycetota;Actinobacteria;Mycobacteriales;Corynebacteriaceae;Corynebacterium;,100.0,>=99
ASV_1489,21,Bacteria;Bacillota;Clostridia;Clostridiales;Clostridiaceae;Clostridium;,96.8,>=95
ASV_1490,21,,,no_hit
ASV_1491,21,Bacteria;Pseudomonadota;Alphaproteobacteria;Sphingomonadales;Sphingomonadaceae;Sphingopyxis;,100.0,>=99
ASV_1492,21,Bacteria;Bacteroidota;Bacteroidia;Sphingobacteriales;Sphingobacteriaceae;Parapedobacter;,100.0,>=99
ASV_1493,21,,,no_hit
ASV_1494,21,Bacteria;Actinomycetota;Actinobacteria;Micrococcales;Micrococcaceae;Neomicrococcus;,99.2,>=99
ASV_1495,21,,,no_hit
ASV_1496,20,,,no_hit
ASV_1497,20,Bacteria;Pseudomonadota;Alphaproteobacteria;Sphingomonadales;Sphingomonadaceae;Novosphingobium;,100.0,>=99
ASV_1498,20,Bacteria;Cyanobacteriota;Cyanobacteriia;Chloroplast;,98.7,>=97
ASV_1499,20,Bacteria;Pseudomonadota;Alphaproteobacteria;Acetobacterales;Acetobacteraceae;Acetobacter;,95.4,>=95
ASV_1500,20,,,no_hit
ASV_1501,20,Bacteria;Pseudomonadota;Gammaproteobacteria;Burkholderiales;Comamonadaceae;Comamonas;,99.7,>=99
ASV_1502,20,Bacteria;Pseudomonadota;Gammaproteobacteria;Burkholderiales;Comamonadaceae;Acidovorax;,100.0,>=99
ASV_1503,20,,,no_hit
ASV_1504,20,,,no_hit
ASV_1505,20,Bacteria;Cyanobacteriota;Cyanobacteriia;Chloroplast;,100.0,>=99
ASV_1506,20,Bacteria;Pseudomonadota;Alphaproteobacteria;Acetobacterales;Acetobacteraceae;,98.7,>=97
ASV_1507,20,Bacteria;Bacillota;Bacilli;Lactobacillales;Lactobacillaceae;Lactobacillus;,97.6,>=97
ASV_1508,20,Bacteria;Bacillota;Clostridia;Clostridiales;Clostridiaceae;Clostridium;,100.0,>=99
ASV_1509,20,,,no_hit
ASV_1510,20,Bacteria;Pseudomonadota;Alphaproteobacteria;Acetobacterales;Acetobacteraceae;Bombella;,99.2,>=99
ASV_1511,20,Bacteria;Pseudomonadota;Gammaproteobacteria;Pseudomonadales;Moraxellaceae;Acinetobacter;,97.6,>=97
ASV_1512,20,Bacteria;Armatimonadota;Fimbriimonadia;Fimbriimonadales;Fimbriimonadaceae;,99.7,>=99
ASV_1513,20,Bacteria;Pseudomonadota;Gammaproteobacteria;Burkholderiales;Comamonadaceae;Ottowia;,99.2,>=99
ASV_1514,20,Bacteria;Pseudomonadota;Alphaproteobacteria;Acetobacterales;Acetobacteraceae;Asaia;,97.9,>=97
ASV_1515,20,,,no_hit
ASV_1516,20,Bacteria;Bacillota;Bacilli;Lactobacillales;Lactobacillaceae;Ligilactobacillus;,97.3,>=97
ASV_1517,20,Bacteria;Pseudomonadota;Gammaproteobacteria;Enterobacterales;Pectobacteriaceae;Brenneria;,99.7,>=99
ASV_1518,19,Bacteria;Cyanobacteriota;Cyanobacteriia;Chloroplast;,95.2,>=95
ASV_1519,19,Bacteria;Pseudomonadota;Gammaproteobacteria;Burkholderiales;Comamonadaceae;Ottowia;,99.7,>=99
ASV_1520,19,Bacteria;Pseudomonadota;Gammaproteobacteria;Pseudomonadales;Halomonadaceae;Carnimonas;,99.5,>=99
ASV_1521,19,Bacteria;Pseudomonadota;Gammaproteobacteria;Burkholderiales;Comamonadaceae;Comamonas;,99.5,>=99
ASV_1522,19,Bacteria;Bacillota;Bacilli;Lactobacillales;Lactobacillaceae;Apilactobacillus;,99.7,>=99
ASV_1523,19,Bacteria;Pseudomonadota;Alphaproteobacteria;Acetobacterales;Acetobacteraceae;Asaia;,99.5,>=99
ASV_1524,19,Bacteria;Cyanobacteriota;Cyanobacteriia;Chloroplast;,100.0,>=99
ASV_1525,19,,,no_hit
ASV_1526,19,Bacteria;Pseudomonadota;Gammaproteobacteria;Burkholderiales;Alcaligenaceae;Kerstersia;,99.2,>=99
ASV_1527,19,Bacteria;Pseudomonadota;Gammaproteobacteria;Cardiobacteriales;Wohlfahrtiimonadaceae;Ignatzschineria;,96.3,>=95
ASV_1528,19,Bacteria;Bacteroidota;Bacteroidia;Flavobacteriales;Weeksellaceae;Bergeyella;,97.6,>=97
ASV_1529,19,Bacteria;Verrucomicrobiota;Verrucomicrobiia;Verrucomicrobiales;Rubritaleaceae;Luteolibacter;,100.0,>=99
ASV_1530,19,Bacteria;Pseudomonadota;Alphaproteobacteria;Hyphomicrobiales;Beijerinckiaceae;Bosea;,100.0,>=99
ASV_1531,19,Bacteria;Bacillota;Bacilli;Lactobacillales;Lactobacillaceae;Lactobacillus;,97.6,>=97
ASV_1532,18,Bacteria;Cyanobacteriota;Cyanobacteriia;Chloroplast;,97.6,>=97
ASV_1533,18,Bacteria;Pseudomonadota;Alphaproteobacteria;Acetobacterales;Acetobacteraceae;Gluconobacter;,97.6,>=97
ASV_1534,18,Bacteria;Bacillota;Bacilli;Lactobacillales;Lactobacillaceae;Lactobacillus;,97.1,>=97
ASV_1535,18,Bacteria;Bacillota;Bacilli;Lactobacillales;Lactobacillaceae;Lactobacillus;,96.8,>=95
ASV_1536,18,Bacteria;Cyanobacteriota;Cyanobacteriia;Chloroplast;,97.6,>=97
ASV_1537,18,Bacteria;Pseudomonadota;Gammaproteobacteria;Enterobacterales;Orbaceae;Candidatus,95.5,>=95
ASV_1538,18,,,no_hit
ASV_1539,18,Bacteria;Bacillota;Clostridia;Lachnospirales;Lachnospiraceae;Anaerocolumna;,100.0,>=99
ASV_1540,18,,,no_hit
ASV_1541,18,Bacteria;Pseudomonadota;Alphaproteobacteria;Acetobacterales;Acetobacteraceae;Commensalibacter;,100.0,>=99
ASV_1542,18,Bacteria;Pseudomonadota;Gammaproteobacteria;Burkholderiales;Neisseriaceae;Snodgrassella;,95.4,>=95
ASV_1543,18,Bacteria;Pseudomonadota;Alphaproteobacteria;Rickettsiales;Mitochondria;,99.2,>=99
ASV_1544,18,Bacteria;Pseudomonadota;Gammaproteobacteria;Enterobacterales;Morganellaceae;Arsenophonus;,99.7,>=99
ASV_1545,18,Bacteria;Pseudomonadota;Alphaproteobacteria;Hyphomicrobiales;Rhizobiaceae;Zhengella;,98.4,>=97
ASV_1546,18,,,no_hit
ASV_1547,18,Bacteria;Pseudomonadota;Alphaproteobacteria;Sphingomonadales;Sphingomonadaceae;Sphingobium;,99.2,>=99
ASV_1548,18,,,no_hit
ASV_1549,18,Bacteria;Pseudomonadota;Alphaproteobacteria;Acetobacterales;Acetobacteraceae;,98.7,>=97
ASV_1550,18,,,no_hit
ASV_1551,18,,,no_hit
ASV_1552,17,Bacteria;Pseudomonadota;Alphaproteobacteria;Rickettsiales;Mitochondria;,97.9,>=97
ASV_1553,17,Bacteria;Cyanobacteriota;Cyanobacteriia;Chloroplast;,97.1,>=97
ASV_1554,17,Bacteria;Bacillota;Bacilli;Lactobacillales;Lactobacillaceae;Ligilactobacillus;,95.7,>=95
ASV_1555,17,Bacteria;Pseudomonadota;Alphaproteobacteria;Acetobacterales;Acetobacteraceae;Acetobacter;,100.0,>=99
ASV_1556,17,Bacteria;Bacteroidota;Bacteroidia;Chitinophagales;Chitinophagaceae;Niabella;,97.8,>=97
ASV_1557,17,Bacteria;Pseudomonadota;Alphaproteobacteria;Acetobacterales;Acetobacteraceae;Bombella;,95.4,>=95
ASV_1558,17,Bacteria;Pseudomonadota;Gammaproteobacteria;Burkholderiales;Alcaligenaceae;Achromobacter;,99.2,>=99
ASV_1559,17,Bacteria;Bacteroidota;Bacteroidia;Bacteroidales;Tannerellaceae;Macellibacteroides;,100.0,>=99
ASV_1560,17,Bacteria;Pseudomonadota;Alphaproteobacteria;Acetobacterales;Acetobacteraceae;,97.6,>=97
ASV_1561,17,Bacteria;Bacillota;Bacilli;Lactobacillales;Lactobacillaceae;Limosilactobacillus;,95.2,>=95
ASV_1562,17,,,no_hit
ASV_1563,17,,,no_hit
ASV_1564,17,Bacteria;Pseudomonadota;Gammaproteobacteria;Burkholderiales;Comamonadaceae;Acidovorax;,99.5,>=99
ASV_1565,17,Bacteria;Planctomycetota;Planctomycetes;Gemmatales;Gemmataceae;Fimbriiglobus;,99.2,>=99
ASV_1566,17,Bacteria;Bacteroidota;Bacteroidia;Chitinophagales;Chitinophagaceae;Filimonas;,99.2,>=99
ASV_1567,17,Bacteria;Pseudomonadota;Alphaproteobacteria;Sphingomonadales;Sphingomonadaceae;Sphingobium;,99.7,>=99
ASV_1568,17,Bacteria;Pseudomonadota;Alphaproteobacteria;Acetobacterales;Acetobacteraceae;Asaia;,100.0,>=99
ASV_1569,17,Bacteria;Verrucomicrobiota;Verrucomicrobiia;Chthoniobacterales;Chthoniobacteraceae;LD29;,98.9,>=97
ASV_1570,16,Bacteria;Cyanobacteriota;Cyanobacteriia;Chloroplast;,98.1,>=97
ASV_1571,16,Bacteria;Cyanobacteriota;Cyanobacteriia;Chloroplast;,96.0,>=95
ASV_1572,16,,,no_hit
ASV_1573,16,Bacteria;Cyanobacteriota;Cyanobacteriia;Chloroplast;,95.2,>=95
ASV_1574,16,Bacteria;Bacillota;Bacilli;Lactobacillales;Lactobacillaceae;Lactobacillus;,96.3,>=95
ASV_1575,16,Bacteria;Bacteroidota;Bacteroidia;Bacteroidales;Bacteroidaceae;Bacteroides;,95.1,>=95
ASV_1576,16,Bacteria;Pseudomonadota;Alphaproteobacteria;Hyphomicrobiales;Xanthobacteraceae;Rhodopseudomonas;,99.7,>=99
ASV_1577,16,Bacteria;Pseudomonadota;Gammaproteobacteria;Pseudomonadales;Pseudomonadaceae;Pseudomonas;,96.5,>=95
ASV_1578,16,Bacteria;Pseudomonadota;Alphaproteobacteria;Rickettsiales;Mitochondria;,100.0,>=99
ASV_1579,16,,,no_hit
ASV_1580,16,Bacteria;Pseudomonadota;Alphaproteobacteria;Acetobacterales;Acetobacteraceae;,98.4,>=97
ASV_1581,16,Bacteria;Pseudomonadota;Gammaproteobacteria;Lysobacterales;Lysobacteraceae;Pseudoxanthomonas;,100.0,>=99
ASV_1582,16,Bacteria;Bacteroidota;Bacteroidia;Chitinophagales;Chitinophagaceae;Niabella;,100.0,>=99
ASV_1583,16,Bacteria;Actinomycetota;Actinobacteria;Mycobacteriales;Dietziaceae;Dietzia;,100.0,>=99
ASV_1584,16,Bacteria;Bacillota;Bacilli;Lactobacillales;Lactobacillaceae;Apilactobacillus;,98.9,>=97
ASV_1585,16,Bacteria;Pseudomonadota;Gammaproteobacteria;Pseudomonadales;Pseudomonadaceae;Pseudomonas;,100.0,>=99
ASV_1586,16,Bacteria;Bacillota;Bacilli;Lactobacillales;Lactobacillaceae;Ligilactobacillus;,97.6,>=97
ASV_1587,15,Bacteria;Cyanobacteriota;Cyanobacteriia;Chloroplast;,96.3,>=95
ASV_1588,15,Bacteria;Pseudomonadota;Alphaproteobacteria;Rickettsiales;Mitochondria;,98.5,>=97
ASV_1589,15,Bacteria;Pseudomonadota;Alphaproteobacteria;Acetobacterales;Acetobacteraceae;Bombella;,97.3,>=97
ASV_1590,15,Bacteria;Bacillota;Bacilli;Lactobacillales;Lactobacillaceae;Ligilactobacillus;,100.0,>=99
ASV_1591,15,Bacteria;Pseudomonadota;Alphaproteobacteria;Acetobacterales;Acetobacteraceae;Commensalibacter;,99.5,>=99
ASV_1592,15,,,no_hit
ASV_1593,15,Bacteria;Pseudomonadota;Gammaproteobacteria;Burkholderiales;Comamonadaceae;Comamonas;,99.7,>=99
ASV_1594,15,Bacteria;Pseudomonadota;Gammaproteobacteria;Pseudomonadales;Pseudomonadaceae;Pseudomonas;,99.5,>=99
ASV_1595,15,Bacteria;Bacillota;Bacilli;Lactobacillales;Lactobacillaceae;Lactobacillus;,99.7,>=99
ASV_1596,15,Bacteria;Pseudomonadota;Gammaproteobacteria;Pseudomonadales;Moraxellaceae;Acinetobacter;,97.6,>=97
ASV_1597,15,,,no_hit
ASV_1598,15,Bacteria;Bacillota;Bacilli;Lactobacillales;Lactobacillaceae;Lactobacillus;,97.3,>=97
ASV_1599,15,Bacteria;Pseudomonadota;Alphaproteobacteria;Acetobacterales;Acetobacteraceae;,97.1,>=97
ASV_1600,15,Bacteria;Cyanobacteriota;Cyanobacteriia;Chloroplast;,98.2,>=97
ASV_1601,15,Bacteria;Pseudomonadota;Gammaproteobacteria;Burkholderiales;Neisseriaceae;Snodgrassella;,96.8,>=95
ASV_1602,15,Bacteria;Pseudomonadota;Alphaproteobacteria;Acetobacterales;Acetobacteraceae;Roseomonas;,98.9,>=97
ASV_1603,15,Bacteria;Bacillota;Bacilli;Lactobacillales;Lactobacillaceae;HT002;,95.5,>=95
ASV_1604,15,Bacteria;Bacillota;Bacilli;Lactobacillales;Lactobacillaceae;Lactobacillus;,96.8,>=95
ASV_1605,15,Bacteria;Bacillota;Bacilli;Lactobacillales;Lactobacillaceae;Fructobacillus;,99.7,>=99
ASV_1606,15,Bacteria;Bacteroidota;Bacteroidia;Flavobacteriales;Weeksellaceae;Chishuiella;,98.4,>=97
ASV_1607,15,Bacteria;Bacillota;Bacilli;Lactobacillales;Lactobacillaceae;Ligilactobacillus;,100.0,>=99
ASV_1608,15,Bacteria;Pseudomonadota;Alphaproteobacteria;Rickettsiales;Mitochondria;,99.5,>=99
ASV_1609,15,Bacteria;Pseudomonadota;Alphaproteobacteria;Acetobacterales;Acetobacteraceae;Commensalibacter;,96.5,>=95
ASV_1610,14,Bacteria;Acidobacteriota;Acidobacteriae;Terriglobales;Acidobacteriaceae,100.0,>=99
ASV_1611,14,Bacteria;Actinomycetota;Actinobacteria;Bifidobacteriales;Bifidobacteriaceae;Bifidobacterium;,99.2,>=99
ASV_1612,14,,,no_hit
ASV_1613,14,Bacteria;Cyanobacteriota;Cyanobacteriia;Chloroplast;,97.9,>=97
ASV_1614,14,,,no_hit
ASV_1615,14,Bacteria;Cyanobacteriota;Cyanobacteriia;Chloroplast;,98.1,>=97
ASV_1616,14,Bacteria;Pseudomonadota;Alphaproteobacteria;Rickettsiales;Mitochondria;,97.2,>=97
ASV_1617,14,Bacteria;Cyanobacteriota;Cyanobacteriia;Chloroplast;,96.0,>=95
ASV_1618,14,Bacteria;Bacillota;Bacilli;Lactobacillales;Lactobacillaceae;Lactobacillus;,96.5,>=95
ASV_1619,14,Bacteria;Bacillota;Bacilli;Lactobacillales;Lactobacillaceae;Fructobacillus;,97.6,>=97
ASV_1620,14,,,no_hit
ASV_1621,14,,,no_hit
ASV_1622,14,Bacteria;Bacillota;Bacilli;Lactobacillales;Lactobacillaceae;Lactobacillus;,99.5,>=99
ASV_1623,14,Bacteria;Pseudomonadota;Gammaproteobacteria;Burkholderiales;Comamonadaceae;Comamonas;,100.0,>=99
ASV_1624,14,,,no_hit
ASV_1625,14,Bacteria;Bacillota;Negativicutes;Veillonellales-Selenomonadales;Selenomonadaceae;Pectinatus;,95.7,>=95
ASV_1626,14,Bacteria;Bacillota;Bacilli;Lactobacillales;Lactobacillaceae;Lactobacillus;,99.2,>=99
ASV_1627,14,Bacteria;Pseudomonadota;Alphaproteobacteria;Acetobacterales;Acetobacteraceae;Swingsia;,97.9,>=97
ASV_1628,14,Bacteria;Bacillota;Bacilli;Lactobacillales;Lactobacillaceae;Lactobacillus;,96.5,>=95
ASV_1629,14,Bacteria;Pseudomonadota;Gammaproteobacteria;Pseudomonadales;Moraxellaceae;Acinetobacter;,100.0,>=99
ASV_1630,14,Bacteria;Pseudomonadota;Alphaproteobacteria;Acetobacterales;Acetobacteraceae;Gluconobacter;,100.0,>=99
ASV_1631,14,Bacteria;Bacillota;Bacilli;Lactobacillales;Lactobacillaceae;Fructobacillus;,99.5,>=99
ASV_1632,14,Bacteria;Pseudomonadota;Gammaproteobacteria;Pseudomonadales;Moraxellaceae;Acinetobacter;,100.0,>=99
ASV_1633,14,Bacteria;Pseudomonadota;Alphaproteobacteria;Sphingomonadales;Sphingomonadaceae;Rhizorhabdus;,99.2,>=99
ASV_1634,14,Bacteria;Actinomycetota;Thermoleophilia;Solirubrobacterales;Solirubrobacteraceae;Patulibacter;,98.9,>=97
ASV_1635,14,Bacteria;Pseudomonadota;Gammaproteobacteria;Lysobacterales;Lysobacteraceae;Stenotrophomonas;,100.0,>=99
ASV_1636,14,Bacteria;Pseudomonadota;Alphaproteobacteria;Hyphomicrobiales;Xanthobacteraceae;Starkeya;,99.2,>=99
ASV_1637,14,Bacteria;Pseudomonadota;Alphaproteobacteria;Acetobacterales;Acetobacteraceae;,98.1,>=97
ASV_1638,14,Bacteria;Pseudomonadota;Gammaproteobacteria;Enterobacterales;Morganellaceae;,97.3,>=97
ASV_1639,14,Bacteria;Pseudomonadota;Gammaproteobacteria;Enterobacterales;Yersiniaceae;Rouxiella;,100.0,>=99
ASV_1640,13,Bacteria;Pseudomonadota;Gammaproteobacteria;Enterobacterales;Enterobacteriaceae;Pluralibacter;,99.5,>=99
ASV_1641,13,Bacteria;Cyanobacteriota;Cyanobacteriia;Chloroplast;,98.4,>=97
ASV_1642,13,Bacteria;Cyanobacteriota;Cyanobacteriia;Chloroplast;,97.9,>=97
ASV_1643,13,Bacteria;Pseudomonadota;Gammaproteobacteria;Enterobacterales;Yersiniaceae;Rahnella;,99.5,>=99
ASV_1644,13,Bacteria;Cyanobacteriota;Cyanobacteriia;Chloroplast;,97.1,>=97
ASV_1645,13,Bacteria;Bacteroidota;Bacteroidia;Bacteroidales;Bacteroidaceae;Bacteroides;,99.7,>=99
ASV_1646,13,,,no_hit
ASV_1647,13,Bacteria;Pseudomonadota;Gammaproteobacteria;Pseudomonadales;Pseudomonadaceae;Pseudomonas;,100.0,>=99
ASV_1648,13,Bacteria;Pseudomonadota;Alphaproteobacteria;Acetobacterales;Acetobacteraceae;Asaia;,97.6,>=97
ASV_1649,13,Bacteria;Pseudomonadota;Gammaproteobacteria;Enterobacterales;Enterobacteriaceae;Enterobacter;,99.5,>=99
ASV_1650,13,Bacteria;Cyanobacteriota;Cyanobacteriia;Chloroplast;,98.1,>=97
ASV_1651,13,,,no_hit
ASV_1652,13,Bacteria;Pseudomonadota;Gammaproteobacteria;Burkholderiales;Alcaligenaceae;Paenalcaligenes;,100.0,>=99
ASV_1653,13,Bacteria;Bacteroidota;Bacteroidia;Flavobacteriales;Weeksellaceae;Elizabethkingia;,99.7,>=99
ASV_1654,13,Bacteria;Pseudomonadota;Gammaproteobacteria;Lysobacterales;Lysobacteraceae;Luteimonas;,100.0,>=99
ASV_1655,13,Bacteria;Armatimonadota;Armatimonadia;Armatimonadales;Armatimonadaceae;,96.0,>=95
ASV_1656,13,Bacteria;Bacteroidota;Bacteroidia;Chitinophagales;Chitinophagaceae;,95.9,>=95
ASV_1657,13,Bacteria;Bacteroidota;Bacteroidia;Flavobacteriales;Weeksellaceae;Chryseobacterium;,98.6,>=97
ASV_1658,13,Bacteria;Pseudomonadota;Alphaproteobacteria;Acetobacterales;Acetobacteraceae;Acidisphaera;,96.2,>=95
ASV_1659,13,Bacteria;Pseudomonadota;Gammaproteobacteria;Burkholderiales;Neisseriaceae;Snodgrassella;,95.2,>=95
ASV_1660,12,Bacteria;Acidobacteriota;Acidobacteriae;Terriglobales;Acidobacteriaceae,99.7,>=99
ASV_1661,12,Bacteria;Bacillota;Bacilli;Lactobacillales;Lactobacillaceae;Fructobacillus;,99.5,>=99
ASV_1662,12,Bacteria;Cyanobacteriota;Cyanobacteriia;Chloroplast;,96.5,>=95
ASV_1663,12,Bacteria;Pseudomonadota;Alphaproteobacteria;Rickettsiales;Mitochondria;,95.6,>=95
ASV_1664,12,,,no_hit
ASV_1665,12,Bacteria;Cyanobacteriota;Cyanobacteriia;Chloroplast;,97.3,>=97
ASV_1666,12,Bacteria;Pseudomonadota;Gammaproteobacteria;Pseudomonadales;Moraxellaceae;Acinetobacter;,96.5,>=95
ASV_1667,12,Bacteria;Pseudomonadota;Alphaproteobacteria;Acetobacterales;Acetobacteraceae;Gluconobacter;,99.2,>=99
ASV_1668,12,Bacteria;Pseudomonadota;Alphaproteobacteria;Acetobacterales;Acetobacteraceae;Tanticharoenia;,97.1,>=97
ASV_1669,12,Bacteria;Bacillota;Bacilli;Lactobacillales;Lactobacillaceae;Lactobacillus;,96.5,>=95
ASV_1670,12,Bacteria;Cyanobacteriota;Cyanobacteriia;Chloroplast;,100.0,>=99
ASV_1671,12,Bacteria;Pseudomonadota;Alphaproteobacteria;Acetobacterales;Acetobacteraceae;Commensalibacter;,96.5,>=95
ASV_1672,12,Bacteria;Bacillota;Bacilli;Mycoplasmatales;Mycoplasmataceae;Spiroplasma;,98.4,>=97
ASV_1673,12,Bacteria;Bacillota;Clostridia;Peptostreptococcales-Tissierellales;Peptostreptococcaceae;Terrisporobacter;,99.7,>=99
ASV_1674,12,Bacteria;Cyanobacteriota;Cyanobacteriia;Chloroplast;,99.7,>=99
ASV_1675,12,,,no_hit
ASV_1676,12,Bacteria;Pseudomonadota;Alphaproteobacteria;Acetobacterales;Acetobacteraceae;Bombella;,98.1,>=97
ASV_1677,12,Bacteria;Bacillota;Bacilli;Lactobacillales;Lactobacillaceae;Lactobacillus;,95.5,>=95
ASV_1678,12,Bacteria;Pseudomonadota;Alphaproteobacteria;Hyphomicrobiales;Xanthobacteraceae;Starkeya;,99.2,>=99
ASV_1679,12,,,no_hit
ASV_1680,12,Bacteria;Planctomycetota;Planctomycetes;Pirellulales;Pirellulaceae;Pirellula;,99.5,>=99
ASV_1681,12,Bacteria;Acidobacteriota;Acidobacteriae;Terriglobales;Acidobacteriaceae,100.0,>=99
ASV_1682,12,Bacteria;Pseudomonadota;Gammaproteobacteria;Burkholderiales;Alcaligenaceae;,99.7,>=99
ASV_1683,12,Bacteria;Bacillota;Bacilli;Lactobacillales;Lactobacillaceae;Lacticaseibacillus;,95.2,>=95
ASV_1684,12,,,no_hit
ASV_1685,12,,,no_hit
ASV_1686,11,Bacteria;Acidobacteriota;Acidobacteriae;Terriglobales;Acidobacteriaceae,98.4,>=97
ASV_1687,11,Bacteria;Cyanobacteriota;Cyanobacteriia;Chloroplast;,97.9,>=97
ASV_1688,11,Bacteria;Pseudomonadota;Gammaproteobacteria;Enterobacterales;Enterobacteriaceae;Raoultella;,97.9,>=97
ASV_1689,11,Bacteria;Cyanobacteriota;Cyanobacteriia;Chloroplast;,97.3,>=97
ASV_1690,11,Bacteria;Bacillota;Bacilli;Lactobacillales;Lactobacillaceae;Lactobacillus;,95.7,>=95
ASV_1691,11,Bacteria;Pseudomonadota;Alphaproteobacteria;Acetobacterales;Acetobacteraceae;Neoasaia;,96.5,>=95
ASV_1692,11,Bacteria;Pseudomonadota;Gammaproteobacteria;Pseudomonadales;Pseudomonadaceae;Pseudomonas;,98.9,>=97
ASV_1693,11,Bacteria;Pseudomonadota;Alphaproteobacteria;Acetobacterales;Acetobacteraceae;,97.3,>=97
ASV_1694,11,Bacteria;Pseudomonadota;Alphaproteobacteria;Rickettsiales;Mitochondria;,99.7,>=99
ASV_1695,11,Bacteria;Bacteroidota;Bacteroidia;Bacteroidales;Bacteroidaceae;Bacteroides;,100.0,>=99
ASV_1696,11,,,no_hit
ASV_1697,11,Bacteria;Bacillota;Bacilli;Lactobacillales;Lactobacillaceae;Lactobacillus;,96.5,>=95
ASV_1698,11,Bacteria;Pseudomonadota;Gammaproteobacteria;Enterobacterales;Erwiniaceae;Duffyella;,99.5,>=99
ASV_1699,11,,,no_hit
ASV_1700,11,Bacteria;Bacillota;Bacilli;Lactobacillales;Lactobacillaceae;Fructobacillus;,99.2,>=99
ASV_1701,11,Bacteria;Pseudomonadota;Gammaproteobacteria;Enterobacterales;Morganellaceae;Providencia;,100.0,>=99
ASV_1702,11,Bacteria;Bacteroidota;Bacteroidia;Sphingobacteriales;Sphingobacteriaceae;Sphingobacterium;,98.4,>=97
ASV_1703,11,Bacteria;Pseudomonadota;Alphaproteobacteria;Rhodospirillales;,97.1,>=97
ASV_1704,11,Bacteria;Actinomycetota;Actinobacteria;Mycobacteriales;Nocardiaceae;Gordonia;,98.9,>=97
ASV_1705,11,Bacteria;Pseudomonadota;Gammaproteobacteria;Lysobacterales;Lysobacteraceae;Stenotrophomonas;,100.0,>=99
ASV_1706,11,Bacteria;Pseudomonadota;Gammaproteobacteria;Burkholderiales;Comamonadaceae;,100.0,>=99
ASV_1707,11,Bacteria;Pseudomonadota;Alphaproteobacteria;Hyphomicrobiales;Beijerinckiaceae;Methylobacterium;,99.5,>=99
ASV_1708,11,Bacteria;Pseudomonadota;Gammaproteobacteria;Lysobacterales;Lysobacteraceae;Xanthomonas;,100.0,>=99
ASV_1709,11,,,no_hit
ASV_1710,10,Bacteria;Pseudomonadota;Alphaproteobacteria;Acetobacterales;Acetobacteraceae;Acidiphilium;,99.7,>=99
ASV_1711,10,Bacteria;Cyanobacteriota;Cyanobacteriia;Chloroplast;,99.2,>=99
ASV_1712,10,,,no_hit
ASV_1713,10,Bacteria;Pseudomonadota;Gammaproteobacteria;Lysobacterales;Lysobacteraceae;Pseudoxanthomonas;,100.0,>=99
ASV_1714,10,Bacteria;Bacillota;Bacilli;Lactobacillales;Lactobacillaceae;Lactobacillus;,98.9,>=97
ASV_1715,10,Bacteria;Bacillota;Bacilli;Lactobacillales;Lactobacillaceae;Lactobacillus;,99.2,>=99
ASV_1716,10,Bacteria;Pseudomonadota;Alphaproteobacteria;Acetobacterales;Acetobacteraceae;Bombella;,95.7,>=95
ASV_1717,10,Bacteria;Pseudomonadota;Alphaproteobacteria;Acetobacterales;Acetobacteraceae;,97.1,>=97
ASV_1718,10,Bacteria;Pseudomonadota;Gammaproteobacteria;Burkholderiales;Comamonadaceae;Rhodoferax;,100.0,>=99
ASV_1719,10,,,no_hit
ASV_1720,10,Bacteria;Pseudomonadota;Gammaproteobacteria;Enterobacterales;Pectobacteriaceae;Sodalis;,99.7,>=99
ASV_1721,10,Bacteria;Bacillota;Bacilli;Lactobacillales;Lactobacillaceae;Lactobacillus;,96.3,>=95
ASV_1722,10,Bacteria;Bacteroidota;Bacteroidia;Bacteroidales;Rikenellaceae;Rikenellaceae,99.7,>=99
ASV_1723,10,Bacteria;Planctomycetota;Planctomycetes;Isosphaerales;Isosphaeraceae;Paludisphaera;,99.2,>=99
ASV_1724,10,,,no_hit
ASV_1725,10,Bacteria;Actinomycetota;Actinobacteria;Micrococcales;Microbacteriaceae;Leucobacter;,99.5,>=99
ASV_1726,10,Bacteria;Actinomycetota;Actinobacteria;Bifidobacteriales;Bifidobacteriaceae;Bifidobacterium;,96.8,>=95
ASV_1727,10,,,no_hit
ASV_1728,10,Bacteria;Cyanobacteriota;Cyanobacteriia;Cyanobacteriales;Nostocaceae;Mastigocladopsis,99.5,>=99
ASV_1729,10,,,no_hit
ASV_1730,10,,,no_hit
ASV_1731,10,,,no_hit
ASV_1732,9,Bacteria;Pseudomonadota;Gammaproteobacteria;Lysobacterales;Rhodanobacteraceae;Rhodanobacter;,100.0,>=99
ASV_1733,9,Bacteria;Cyanobacteriota;Cyanobacteriia;Chloroplast;,97.3,>=97
ASV_1734,9,Bacteria;Cyanobacteriota;Cyanobacteriia;Chloroplast;,97.1,>=97
ASV_1735,9,Bacteria;Pseudomonadota;Alphaproteobacteria;Acetobacterales;Acetobacteraceae;Bombella;,95.2,>=95
ASV_1736,9,Bacteria;Cyanobacteriota;Cyanobacteriia;Chloroplast;,99.7,>=99
ASV_1737,9,Bacteria;Pseudomonadota;Gammaproteobacteria;Pseudomonadales;Pseudomonadaceae;Pseudomonas;,95.7,>=95
ASV_1738,9,Bacteria;Bacillota;Bacilli;Lactobacillales;Lactobacillaceae;Lactobacillus;,96.5,>=95
ASV_1739,9,,,no_hit
ASV_1740,9,Bacteria;Cyanobacteriota;Cyanobacteriia;Chloroplast;,98.4,>=97
ASV_1741,9,Bacteria;Pseudomonadota;Gammaproteobacteria;Burkholderiales;Comamonadaceae;Hydrogenophaga;,99.2,>=99
ASV_1742,9,Bacteria;Pseudomonadota;Gammaproteobacteria;Burkholderiales;Comamonadaceae;,100.0,>=99
ASV_1743,9,Bacteria;Pseudomonadota;Alphaproteobacteria;Acetobacterales;Acetobacteraceae;Acidisoma;,97.3,>=97
ASV_1744,9,Bacteria;Actinomycetota;Actinobacteria;Bifidobacteriales;Bifidobacteriaceae;Bifidobacterium;,98.1,>=97
ASV_1745,9,Bacteria;Bacillota;Clostridia;Peptostreptococcales-Tissierellales;Family,95.9,>=95
ASV_1746,9,Bacteria;Bacteroidota;Bacteroidia;Bacteroidales;Dysgonomonadaceae;Dysgonomonas;,98.4,>=97
ASV_1747,9,Bacteria;Pseudomonadota;Alphaproteobacteria;Acetobacterales;Acetobacteraceae;Commensalibacter;,99.2,>=99
ASV_1748,9,Bacteria;Actinomycetota;Actinobacteria;Mycobacteriales;Corynebacteriaceae;Corynebacterium;,100.0,>=99
ASV_1749,9,Bacteria;Bacteroidota;Bacteroidia;Chitinophagales;Chitinophagaceae;Niabella;,98.6,>=97
ASV_1750,9,,,no_hit
ASV_1751,9,Bacteria;Actinomycetota;Actinobacteria;Micrococcales;Brevibacteriaceae;Brevibacterium;,98.4,>=97
ASV_1752,9,Bacteria;Pseudomonadota;Gammaproteobacteria;Burkholderiales;Oxalobacteraceae;Herbaspirillum;,100.0,>=99
ASV_1753,9,Bacteria;Pseudomonadota;Gammaproteobacteria;Rickettsiellales;Rickettsiellaceae;,96.0,>=95
ASV_1754,9,Bacteria;Acidobacteriota;Acidobacteriae;Terriglobales;Acidobacteriaceae,99.7,>=99
ASV_1755,9,,,no_hit
ASV_1756,9,,,no_hit
ASV_1757,9,Bacteria;Pseudomonadota;Alphaproteobacteria;Caulobacterales;Caulobacteraceae;,99.5,>=99
ASV_1758,9,Bacteria;Pseudomonadota;Gammaproteobacteria;Pseudomonadales;Pseudomonadaceae;Pseudomonas;,99.2,>=99
ASV_1759,9,,,no_hit
ASV_1760,8,Bacteria;Bacteroidota;Bacteroidia;Sphingobacteriales;Sphingobacteriaceae;Pedobacter;,98.4,>=97
ASV_1761,8,Bacteria;Pseudomonadota;Alphaproteobacteria;Acetobacterales;Acetobacteraceae;Tanticharoenia;,97.3,>=97
ASV_1762,8,Bacteria;Pseudomonadota;Alphaproteobacteria;Acetobacterales;Acetobacteraceae;Neokomagataea;,97.1,>=97
ASV_1763,8,,,no_hit
ASV_1764,8,Bacteria;Pseudomonadota;Alphaproteobacteria;Acetobacterales;Acetobacteraceae;Acidomonas;,97.3,>=97
ASV_1765,8,,,no_hit
ASV_1766,8,Bacteria;Actinomycetota;Actinobacteria;Bifidobacteriales;Bifidobacteriaceae;Bifidobacterium;,97.3,>=97
ASV_1767,8,Bacteria;Bacillota;Bacilli;Lactobacillales;Lactobacillaceae;Lactobacillus;,98.4,>=97
ASV_1768,8,,,no_hit
ASV_1769,8,Bacteria;Bacillota;Bacilli;Lactobacillales;Vagococcaceae;Vagococcus;,100.0,>=99
ASV_1770,8,,,no_hit
ASV_1771,8,Bacteria;Pseudomonadota;Gammaproteobacteria;Burkholderiales;Comamonadaceae;Comamonas;,99.2,>=99
ASV_1772,8,Bacteria;Pseudomonadota;Gammaproteobacteria;Burkholderiales;Comamonadaceae;Hydrogenophaga;,99.5,>=99
ASV_1773,8,Bacteria;Bacteroidota;Bacteroidia;Bacteroidales;Dysgonomonadaceae;Proteiniphilum;,96.2,>=95
ASV_1774,8,Bacteria;Pseudomonadota;Gammaproteobacteria;Pseudomonadales;Moraxellaceae;Acinetobacter;,99.4,>=99
ASV_1775,8,,,no_hit
ASV_1776,8,,,no_hit
ASV_1777,8,Bacteria;Bacillota;Clostridia;Lachnospirales;Lachnospiraceae;Lachnospiraceae,99.7,>=99
ASV_1778,8,Bacteria;Bacillota;Bacilli;Lactobacillales;Lactobacillaceae;Lactobacillus;,95.7,>=95
ASV_1779,8,,,no_hit
ASV_1780,8,Bacteria;Bacteroidota;Bacteroidia;Bacteroidales;Dysgonomonadaceae;Dysgonomonas;,95.7,>=95
ASV_1781,8,Bacteria;Bacteroidota;Bacteroidia;Chitinophagales;Chitinophagaceae;Puia;,99.7,>=99
ASV_1782,8,Bacteria;Bacteroidota;Bacteroidia;Sphingobacteriales;Sphingobacteriaceae;Pedobacter;,99.5,>=99
ASV_1783,8,Bacteria;Actinomycetota;Actinobacteria;Propionibacteriales;Propionibacteriaceae;Cutibacterium;,96.5,>=95
ASV_1784,8,,,no_hit
ASV_1785,8,,,no_hit
ASV_1786,8,Bacteria;Bacillota;Bacilli;Lactobacillales;Lactobacillaceae;Lactobacillus;,95.5,>=95
ASV_1787,8,Bacteria;Pseudomonadota;Alphaproteobacteria;Rhodobacterales;Paracoccaceae;Rubellimicrobium;,99.5,>=99
ASV_1788,7,,,no_hit
ASV_1789,7,Bacteria;Bacillota;Bacilli;Lactobacillales;Lactobacillaceae;Lactobacillus;,95.7,>=95
ASV_1790,7,,,no_hit
ASV_1791,7,,,no_hit
ASV_1792,7,,,no_hit
ASV_1793,7,Bacteria;Pseudomonadota;Gammaproteobacteria;Enterobacterales;Erwiniaceae;Erwinia;,99.7,>=99
ASV_1794,7,,,no_hit
ASV_1795,7,Bacteria;Bacillota;Bacilli;Paenibacillales;Paenibacillaceae;Paenibacillus;,100.0,>=99
ASV_1796,7,Bacteria;Bacteroidota;Bacteroidia;Chitinophagales;Chitinophagaceae;Flavihumibacter;,99.5,>=99
ASV_1797,7,Bacteria;Bacteroidota;Bacteroidia;Cytophagales;Spirosomataceae;,95.4,>=95
ASV_1798,7,Bacteria;Actinomycetota;Actinobacteria;Mycobacteriales;Nocardiaceae;Gordonia;,100.0,>=99
ASV_1799,7,Bacteria;Bacteroidota;Bacteroidia;Chitinophagales;Chitinophagaceae;Taibaiella;,97.3,>=97
ASV_1800,7,Bacteria;Pseudomonadota;Gammaproteobacteria;Burkholderiales;Comamonadaceae;,97.3,>=97
ASV_1801,7,Bacteria;Acidobacteriota;Acidobacteriae;Terriglobales;Acidobacteriaceae,100.0,>=99
ASV_1802,7,,,no_hit
ASV_1803,7,,,no_hit
ASV_1804,7,Bacteria;Pseudomonadota;Alphaproteobacteria;Rhodobacterales;Paracoccaceae;Amaricoccus;,100.0,>=99
ASV_1805,7,,,no_hit
ASV_1806,7,Bacteria;Pseudomonadota;Gammaproteobacteria;Burkholderiales;Comamonadaceae;Ramlibacter;,98.1,>=97
ASV_1807,7,Bacteria;Bacteroidota;Bacteroidia;Bacteroidales;Bacteroidaceae;Bacteroides;,100.0,>=99
ASV_1808,7,Bacteria;Pseudomonadota;Gammaproteobacteria;Burkholderiales;Comamonadaceae;Ramlibacter;,99.5,>=99
ASV_1809,7,,,no_hit
ASV_1810,7,Bacteria;Pseudomonadota;Gammaproteobacteria;Enterobacterales;Enterobacteriaceae;Kluyvera;,99.7,>=99
ASV_1811,7,Bacteria;Bacillota;Bacilli;Lactobacillales;Lactobacillaceae;Lactobacillus;,97.3,>=97
ASV_1812,7,Bacteria;Bacillota;Bacilli;Lactobacillales;Lactobacillaceae;Leuconostoc;,98.7,>=97
ASV_1813,7,,,no_hit
ASV_1814,7,Bacteria;Planctomycetota;Phycisphaerae;Tepidisphaerales;WD2101,98.4,>=97
ASV_1815,7,Bacteria;Pseudomonadota;Alphaproteobacteria;Sphingomonadales;Sphingomonadaceae;Novosphingobium;,98.9,>=97
ASV_1816,7,Bacteria;Pseudomonadota;Gammaproteobacteria;Pseudomonadales;Pseudomonadaceae;Pseudomonas;,100.0,>=99
ASV_1817,7,Bacteria;Pseudomonadota;Alphaproteobacteria;Sphingomonadales;Sphingomonadaceae;Sphingomonas;,98.9,>=97
ASV_1818,7,Bacteria;Bacteroidota;Bacteroidia;Sphingobacteriales;Sphingobacteriaceae;Mucilaginibacter;,100.0,>=99
ASV_1819,7,Bacteria;Bacteroidota;Bacteroidia;Sphingobacteriales;Sphingobacteriaceae;Olivibacter;,95.4,>=95
ASV_1820,7,Bacteria;Actinomycetota;Actinobacteria;Mycobacteriales;Corynebacteriaceae;Corynebacterium;,99.5,>=99
ASV_1821,7,,,no_hit
ASV_1822,7,Bacteria;Bacillota;Bacilli;Lactobacillales;Lactobacillaceae;Ligilactobacillus;,97.3,>=97
ASV_1823,7,Bacteria;Bacillota;Clostridia;Peptostreptococcales-Tissierellales;Family,100.0,>=99
ASV_1824,7,Bacteria;Pseudomonadota;Alphaproteobacteria;Sphingomonadales;Sphingomonadaceae;Sphingomonas;,100.0,>=99
ASV_1825,6,,,no_hit
ASV_1826,6,,,no_hit
ASV_1827,6,,,no_hit
ASV_1828,6,Bacteria;Cyanobacteriota;Cyanobacteriia;Chloroplast;,97.1,>=97
ASV_1829,6,,,no_hit
ASV_1830,6,,,no_hit
ASV_1831,6,Bacteria;Bacillota;Bacilli;Lactobacillales;Lactobacillaceae;Ligilactobacillus;,97.6,>=97
ASV_1832,6,,,no_hit
ASV_1833,6,Bacteria;Actinomycetota;Actinobacteria;Micrococcales;Brevibacteriaceae;Brevibacterium;,100.0,>=99
ASV_1834,6,Bacteria;Bacillota;Bacilli;Bacillales;Bacillaceae;Niallia;,99.7,>=99
ASV_1835,6,Bacteria;Actinomycetota;Actinobacteria;Actinomycetales;Actinomycetaceae;,96.8,>=95
ASV_1836,6,Bacteria;Pseudomonadota;Gammaproteobacteria;Legionellales;Legionellaceae;Legionella;,98.9,>=97
ASV_1837,6,,,no_hit
ASV_1838,6,,,no_hit
ASV_1839,6,,,no_hit
ASV_1840,6,Bacteria;Pseudomonadota;Alphaproteobacteria;Acetobacterales;Acetobacteraceae;,96.8,>=95
ASV_1841,6,Bacteria;Pseudomonadota;Gammaproteobacteria;Burkholderiales;Comamonadaceae;Acidovorax;,95.2,>=95
ASV_1842,6,Bacteria;Pseudomonadota;Gammaproteobacteria;Pseudomonadales;Moraxellaceae;Acinetobacter;,100.0,>=99
ASV_1843,6,Bacteria;Pseudomonadota;Alphaproteobacteria;Acetobacterales;Acetobacteraceae;Gluconobacter;,99.5,>=99
ASV_1844,6,,,no_hit
ASV_1845,6,Bacteria;Pseudomonadota;Alphaproteobacteria;Acetobacterales;Acetobacteraceae;Commensalibacter;,95.7,>=95
ASV_1846,6,Bacteria;Bacteroidota;Bacteroidia;Cytophagales;Spirosomataceae;Persicitalea;,96.0,>=95
ASV_1847,6,Bacteria;Pseudomonadota;Gammaproteobacteria;Burkholderiales;Comamonadaceae;Acidovorax;,99.5,>=99
ASV_1848,6,Bacteria;Pseudomonadota;Gammaproteobacteria;Burkholderiales;Neisseriaceae;Uruburuella;,98.7,>=97
ASV_1849,6,Bacteria;Bacillota;Bacilli;Lactobacillales;Lactobacillaceae;Lactobacillus;,97.9,>=97
ASV_1850,6,,,no_hit
ASV_1851,6,,,no_hit
ASV_1852,6,Bacteria;Pseudomonadota;Gammaproteobacteria;Pseudomonadales;Pseudomonadaceae;Pseudomonas;,100.0,>=99
ASV_1853,6,Bacteria;Bacillota;Bacilli;Lactobacillales;Lactobacillaceae;Liquorilactobacillus;,95.2,>=95
ASV_1854,6,,,no_hit
ASV_1855,6,,,no_hit
ASV_1856,6,Bacteria;Bacillota;Bacilli;Lactobacillales;Lactobacillaceae;Lactobacillus;,99.7,>=99
ASV_1857,6,,,no_hit
ASV_1858,6,Bacteria;Bacteroidota;Bacteroidia;Flavobacteriales;Weeksellaceae;Chryseobacterium;,97.0,>=97
ASV_1859,6,Bacteria;Pseudomonadota;Alphaproteobacteria;Rhodobacterales;Paracoccaceae;Tabrizicola;,99.5,>=99
ASV_1860,6,Bacteria;Pseudomonadota;Alphaproteobacteria;Sphingomonadales;Sphingomonadaceae;Sphingomonas;,100.0,>=99
ASV_1861,6,Bacteria;Bacteroidota;Bacteroidia;Chitinophagales;Chitinophagaceae;Agriterribacter;,99.2,>=99
ASV_1862,6,Bacteria;Bacteroidota;Bacteroidia;Cytophagales;Spirosomataceae;Leadbetterella;,98.6,>=97
ASV_1863,6,Bacteria;Chloroflexota;Chloroflexia;Thermomicrobiales;JG30-KF-CM45;,99.5,>=99
ASV_1864,6,,,no_hit
ASV_1865,6,Bacteria;Verrucomicrobiota;Verrucomicrobiia;Chthoniobacterales;Chthoniobacteraceae;Chthoniobacter;,99.5,>=99
ASV_1866,6,Bacteria;Pseudomonadota;Gammaproteobacteria;Enterobacterales;Pectobacteriaceae;Pectobacterium;,99.5,>=99
ASV_1867,6,Bacteria;Pseudomonadota;Gammaproteobacteria;Legionellales;Legionellaceae;Legionella;,100.0,>=99
ASV_1868,6,Bacteria;Armatimonadota;Fimbriimonadia;Fimbriimonadales;Fimbriimonadaceae;,98.7,>=97
ASV_1869,6,Bacteria;Actinomycetota;Thermoleophilia;Solirubrobacterales;Solirubrobacteraceae;Conexibacter;,100.0,>=99
ASV_1870,6,,,no_hit
ASV_1871,6,Bacteria;Pseudomonadota;Alphaproteobacteria;Sphingomonadales;Sphingomonadaceae;Sphingomonas;,98.9,>=97
ASV_1872,6,,,no_hit
ASV_1873,6,,,no_hit
ASV_1874,6,,,no_hit
ASV_1875,6,,,no_hit
ASV_1876,6,Bacteria;Pseudomonadota;Alphaproteobacteria;Acetobacterales;Acetobacteraceae;Commensalibacter;,96.8,>=95
ASV_1877,6,,,no_hit
ASV_1878,6,Bacteria;Bacillota;Bacilli;Lactobacillales;Lactobacillaceae;Lactobacillus;,96.0,>=95
ASV_1879,6,Bacteria;Bacillota;Bacilli;Lactobacillales;Lactobacillaceae;Leuconostoc;,99.7,>=99
ASV_1880,6,,,no_hit
ASV_1881,6,,,no_hit
ASV_1882,6,Bacteria;Pseudomonadota;Gammaproteobacteria;Enterobacterales;Enterobacteriaceae;Citrobacter;,98.1,>=97
ASV_1883,6,Bacteria;Bacillota;Clostridia;Peptostreptococcales-Tissierellales;Gottschalkiaceae;Gottschalkia;,98.9,>=97
ASV_1884,6,Bacteria;Actinomycetota;Actinobacteria;Mycobacteriales;Corynebacteriaceae;Corynebacterium;,100.0,>=99
ASV_1885,6,Bacteria;Bacillota;Clostridia;Peptostreptococcales-Tissierellales;Family,100.0,>=99
ASV_1886,6,,,no_hit
ASV_1887,5,,,no_hit
ASV_1888,5,,,no_hit
ASV_1889,5,Bacteria;Bacillota;Bacilli;Lactobacillales;Lactobacillaceae;Lactobacillus;,97.3,>=97
ASV_1890,5,,,no_hit
ASV_1891,5,Bacteria;Pseudomonadota;Alphaproteobacteria;Acetobacterales;Acetobacteraceae;Bombella;,96.8,>=95
ASV_1892,5,Bacteria;Pseudomonadota;Alphaproteobacteria;Rickettsiales;Mitochondria;,99.5,>=99
ASV_1893,5,Bacteria;Actinomycetota;Actinobacteria;Propionibacteriales;Propionibacteriaceae;Acidipropionibacterium;,100.0,>=99
ASV_1894,5,Bacteria;Pseudomonadota;Gammaproteobacteria;Burkholderiales;Comamonadaceae;Acidovorax;,95.4,>=95
ASV_1895,5,,,no_hit
ASV_1896,5,Bacteria;Pseudomonadota;Gammaproteobacteria;Lysobacterales;Lysobacteraceae;Luteimonas;,100.0,>=99
ASV_1897,5,Bacteria;Bacillota;Bacilli;Lactobacillales;Lactobacillaceae;Lactobacillus;,95.2,>=95
ASV_1898,5,,,no_hit
ASV_1899,5,Bacteria;Pseudomonadota;Gammaproteobacteria;Pseudomonadales;Moraxellaceae;Acinetobacter;,99.4,>=99
ASV_1900,5,Bacteria;Bacteroidota;Bacteroidia;Sphingobacteriales;Sphingobacteriaceae;Daejeonella;,99.7,>=99
ASV_1901,5,,,no_hit
ASV_1902,5,,,no_hit
ASV_1903,5,,,no_hit
ASV_1904,5,Bacteria;Bacillota;Negativicutes;Acidaminococcales;Acidaminococcaceae;,100.0,>=99
ASV_1905,5,,,no_hit
ASV_1906,5,Bacteria;Actinomycetota;Actinobacteria;Bifidobacteriales;Bifidobacteriaceae;Bifidobacterium;,96.5,>=95
ASV_1907,5,,,no_hit
ASV_1908,5,Bacteria;Pseudomonadota;Gammaproteobacteria;Enterobacterales;Enterobacteriaceae;Enterobacter;,96.0,>=95
ASV_1909,5,Bacteria;Pseudomonadota;Gammaproteobacteria;Burkholderiales;Burkholderiaceae;Limnobacter;,97.3,>=97
ASV_1910,5,,,no_hit
ASV_1911,5,Bacteria;Bacillota;Bacilli;Lactobacillales;Lactobacillaceae;Apilactobacillus;,96.8,>=95
ASV_1912,5,Bacteria;Pseudomonadota;Gammaproteobacteria;Pseudomonadales;Halomonadaceae;Carnimonas;,98.9,>=97
ASV_1913,5,Bacteria;Bacillota;Bacilli;Lactobacillales;Streptococcaceae;Streptococcus;,100.0,>=99
ASV_1914,5,,,no_hit
ASV_1915,5,,,no_hit
ASV_1916,5,,,no_hit
ASV_1917,5,,,no_hit
ASV_1918,5,,,no_hit
ASV_1919,5,Bacteria;Pseudomonadota;Gammaproteobacteria;Burkholderiales;Comamonadaceae;Pseudacidovorax;,99.5,>=99
ASV_1920,5,,,no_hit
ASV_1921,5,,,no_hit
ASV_1922,5,Bacteria;Bacillota;Bacilli;Lactobacillales;Lactobacillaceae;Leuconostoc;,99.2,>=99
ASV_1923,5,Bacteria;Pseudomonadota;Gammaproteobacteria;Burkholderiales;Comamonadaceae;Acidovorax;,99.7,>=99
ASV_1924,5,Bacteria;Bacillota;Bacilli;Lactobacillales;Lactobacillaceae;Lactobacillus;,97.1,>=97
ASV_1925,5,Bacteria;Pseudomonadota;Gammaproteobacteria;Lysobacterales;Lysobacteraceae;Lysobacter;,100.0,>=99
ASV_1926,5,,,no_hit
ASV_1927,5,,,no_hit
ASV_1928,5,,,no_hit
ASV_1929,5,Bacteria;Pseudomonadota;Alphaproteobacteria;Sphingomonadales;Sphingomonadaceae;Sphingomonas;,100.0,>=99
ASV_1930,5,Bacteria;Pseudomonadota;Alphaproteobacteria;Rickettsiales;Mitochondria;,100.0,>=99
ASV_1931,4,,,no_hit
ASV_1932,4,,,no_hit
ASV_1933,4,Bacteria;Cyanobacteriota;Cyanobacteriia;Chloroplast;,96.8,>=95
ASV_1934,4,Bacteria;Bacillota;Bacilli;Lactobacillales;Lactobacillaceae;Bombilactobacillus;,96.0,>=95
ASV_1935,4,,,no_hit
ASV_1936,4,Bacteria;Pseudomonadota;Gammaproteobacteria;Pseudomonadales;Halomonadaceae;Carnimonas;,100.0,>=99
ASV_1937,4,Bacteria;Bacteroidota;Bacteroidia;Sphingobacteriales;Sphingobacteriaceae;Sphingobacterium;,98.9,>=97
ASV_1938,4,,,no_hit
ASV_1939,4,Bacteria;Pseudomonadota;Gammaproteobacteria;Burkholderiales;Alcaligenaceae;Bordetella;,97.6,>=97
ASV_1940,4,,,no_hit
ASV_1941,4,,,no_hit
ASV_1942,4,Bacteria;Bacillota;Bacilli;Lactobacillales;Lactobacillaceae;Lactobacillus;,98.7,>=97
ASV_1943,4,,,no_hit
ASV_1944,4,,,no_hit
ASV_1945,4,,,no_hit
ASV_1946,4,Bacteria;Pseudomonadota;Alphaproteobacteria;Hyphomicrobiales;Rhizobiaceae;Bartonella;,95.2,>=95
ASV_1947,4,Bacteria;Pseudomonadota;Alphaproteobacteria;Acetobacterales;Acetobacteraceae;,96.2,>=95
ASV_1948,4,Bacteria;Bacteroidota;Bacteroidia;Chitinophagales;Chitinophagaceae;,99.2,>=99
ASV_1949,4,Bacteria;Acidobacteriota;Vicinamibacteria;Vicinamibacterales;Vicinamibacteraceae;Vicinamibacter;,99.7,>=99
ASV_1950,4,Bacteria;Pseudomonadota;Gammaproteobacteria;Gammaproteobacteria,100.0,>=99
ASV_1951,4,Bacteria;Cyanobacteriota;Cyanobacteriia;Chloroplast;,100.0,>=99
ASV_1952,4,Bacteria;Pseudomonadota;Gammaproteobacteria;Enterobacterales;Enterobacteriaceae;Buttiauxella;,98.1,>=97
ASV_1953,4,,,no_hit
ASV_1954,4,Bacteria;Pseudomonadota;Alphaproteobacteria;Acetobacterales;Acetobacteraceae;Bombella;,97.1,>=97
ASV_1955,4,Bacteria;Pseudomonadota;Alphaproteobacteria;Acetobacterales;Acetobacteraceae;Bombella;,97.3,>=97
ASV_1956,4,Bacteria;Pseudomonadota;Gammaproteobacteria;Burkholderiales;Comamonadaceae;Comamonas;,99.5,>=99
ASV_1957,4,Bacteria;Pseudomonadota;Gammaproteobacteria;Burkholderiales;Comamonadaceae;Acidovorax;,95.4,>=95
ASV_1958,4,Bacteria;Actinomycetota;Actinobacteria;Mycobacteriales;Mycobacteriaceae;Mycobacterium;,100.0,>=99
ASV_1959,4,Bacteria;Pseudomonadota;Alphaproteobacteria;Sphingomonadales;Sphingomonadaceae;DSSF69;,99.2,>=99
ASV_1960,4,Bacteria;Pseudomonadota;Gammaproteobacteria;Pseudomonadales;Halomonadaceae;Carnimonas;,96.0,>=95
ASV_1961,4,Bacteria;Pseudomonadota;Alphaproteobacteria;Rhodobacterales;Paracoccaceae;Paracoccus;,100.0,>=99
ASV_1962,4,,,no_hit
ASV_1963,4,,,no_hit
ASV_1964,4,,,no_hit
ASV_1965,4,Bacteria;Pseudomonadota;Gammaproteobacteria;Pseudomonadales;Halomonadaceae;Carnimonas;,98.7,>=97
ASV_1966,4,,,no_hit
ASV_1967,4,Bacteria;Pseudomonadota;Gammaproteobacteria;Lysobacterales;Lysobacteraceae;Stenotrophomonas;,100.0,>=99
ASV_1968,4,Bacteria;Actinomycetota;Actinobacteria;Micrococcales;Brevibacteriaceae;Brevibacterium;,100.0,>=99
ASV_1969,4,Bacteria;Pseudomonadota;Gammaproteobacteria;Pseudomonadales;Moraxellaceae;Acinetobacter;,100.0,>=99
ASV_1970,4,,,no_hit
ASV_1971,4,Bacteria;Pseudomonadota;Alphaproteobacteria;Rhodobacterales;Paracoccaceae;Paracoccus;,100.0,>=99
ASV_1972,4,,,no_hit
ASV_1973,4,,,no_hit
ASV_1974,4,,,no_hit
ASV_1975,4,Bacteria;Bacteroidota;Bacteroidia;Sphingobacteriales;Sphingobacteriaceae;Olivibacter;,97.0,>=97
ASV_1976,4,,,no_hit
ASV_1977,4,,,no_hit
ASV_1978,4,,,no_hit
ASV_1979,4,,,no_hit
ASV_1980,4,Bacteria;Actinomycetota;Actinobacteria;Bifidobacteriales;Bifidobacteriaceae;Bifidobacterium;,97.3,>=97
ASV_1981,4,,,no_hit
ASV_1982,4,Bacteria;Pseudomonadota;Gammaproteobacteria;Burkholderiales;Burkholderiaceae;Robbsia;,100.0,>=99
ASV_1983,4,Bacteria;Actinomycetota;Actinobacteria;Propionibacteriales;Nocardioidaceae;Nocardioides;,100.0,>=99
ASV_1984,4,,,no_hit
ASV_1985,3,,,no_hit
ASV_1986,3,,,no_hit
ASV_1987,3,,,no_hit
ASV_1988,3,,,no_hit
ASV_1989,3,,,no_hit
ASV_1990,3,Eukaryota;,96.0,>=95
ASV_1991,3,,,no_hit
ASV_1992,3,Bacteria;Cyanobacteriota;Cyanobacteriia;Chloroplast;,97.3,>=97
ASV_1993,3,,,no_hit
ASV_1994,3,Bacteria;Pseudomonadota;Alphaproteobacteria;Acetobacterales;Acetobacteraceae;Acidomonas;,96.2,>=95
ASV_1995,3,,,no_hit
ASV_1996,3,,,no_hit
ASV_1997,3,,,no_hit
ASV_1998,3,,,no_hit
ASV_1999,3,,,no_hit
ASV_2000,3,,,no_hit
ASV_2001,3,,,no_hit
ASV_2002,3,,,no_hit
ASV_2003,3,,,no_hit
ASV_2004,3,,,no_hit
ASV_2005,3,Bacteria;Bacteroidota;Bacteroidia;Sphingobacteriales;Sphingobacteriaceae;Sphingobacterium;,96.8,>=95
ASV_2006,3,Bacteria;Bacteroidota;Bacteroidia;Bacteroidales;Bacteroidaceae;Bacteroides;,100.0,>=99
ASV_2007,3,,,no_hit
ASV_2008,3,Bacteria;Pseudomonadota;Gammaproteobacteria;Burkholderiales;Rhodocyclaceae;Dechloromonas;,98.4,>=97
ASV_2009,3,,,no_hit
ASV_2010,3,Bacteria;Bacillota;Bacilli;Lactobacillales;Lactobacillaceae;Latilactobacillus;,95.2,>=95
ASV_2011,3,,,no_hit
ASV_2012,3,Bacteria;Bacillota;Bacilli;Lactobacillales;Lactobacillaceae;Leuconostoc;,95.5,>=95
ASV_2013,3,,,no_hit
ASV_2014,3,Bacteria;Pseudomonadota;Alphaproteobacteria;Rickettsiales;,95.1,>=95
ASV_2015,3,Bacteria;Cyanobacteriota;Cyanobacteriia;Chloroplast;,98.1,>=97
ASV_2016,3,Bacteria;Bacillota;Bacilli;Lactobacillales;Lactobacillaceae;Apilactobacillus;,97.9,>=97
ASV_2017,3,Bacteria;Pseudomonadota;Gammaproteobacteria;Pseudomonadales;Moraxellaceae;Acinetobacter;,97.9,>=97
ASV_2018,3,,,no_hit
ASV_2019,3,Bacteria;Bacillota;Bacilli;Lactobacillales;Lactobacillaceae;Lactobacillus;,95.7,>=95
ASV_2020,3,,,no_hit
ASV_2021,3,Bacteria;Bacillota;Bacilli;Lactobacillales;Lactobacillaceae;Apilactobacillus;,95.2,>=95
ASV_2022,3,Bacteria;Pseudomonadota;Gammaproteobacteria;Pseudomonadales;Moraxellaceae;Acinetobacter;,98.5,>=97
ASV_2023,3,Bacteria;Bacillota;Desulfitobacteriia;Desulfitobacteriales;Desulfitobacteriaceae;Desulfitobacterium;,98.9,>=97
ASV_2024,3,Bacteria;Pseudomonadota;Gammaproteobacteria;Burkholderiales;Alcaligenaceae;Verticiella;,99.7,>=99
ASV_2025,3,,,no_hit
ASV_2026,3,,,no_hit
ASV_2027,3,,,no_hit
ASV_2028,3,,,no_hit
ASV_2029,3,,,no_hit
ASV_2030,3,,,no_hit
ASV_2031,3,,,no_hit
ASV_2032,3,Bacteria;Bacillota;Bacilli;Alicyclobacillales;Alicyclobacillaceae;Tumebacillus;,95.7,>=95
ASV_2033,3,Bacteria;Bacillota;Clostridia;Christensenellales;Christensenellaceae;Christensenellaceae,98.9,>=97
ASV_2034,3,,,no_hit
ASV_2035,3,,,no_hit
ASV_2036,3,Bacteria;Bacteroidota;Bacteroidia;Cytophagales;Cytophagaceae;Siphonobacter;,100.0,>=99
ASV_2037,3,Bacteria;Pseudomonadota;Gammaproteobacteria;Cardiobacteriales;Wohlfahrtiimonadaceae;Ignatzschineria;,95.7,>=95
ASV_2038,3,,,no_hit
ASV_2039,3,,,no_hit
ASV_2040,3,,,no_hit
ASV_2041,3,,,no_hit
ASV_2042,3,Bacteria;Bacillota;Bacilli;Lactobacillales;Lactobacillaceae;Fructobacillus;,96.0,>=95
ASV_2043,3,,,no_hit
ASV_2044,3,Bacteria;Bacteroidota;Bacteroidia;Chitinophagales;Chitinophagaceae;Taibaiella;,100.0,>=99
ASV_2045,3,Bacteria;Pseudomonadota;Alphaproteobacteria;Sphingomonadales;Sphingomonadaceae;Novosphingobium;,98.1,>=97
ASV_2046,3,Bacteria;Pseudomonadota;Gammaproteobacteria;Pseudomonadales;Moraxellaceae;Acinetobacter;,99.5,>=99
ASV_2047,3,,,no_hit
ASV_2048,3,,,no_hit
ASV_2049,3,,,no_hit
ASV_2050,3,Bacteria;Pseudomonadota;Gammaproteobacteria;Burkholderiales;Comamonadaceae;Acidovorax;,100.0,>=99
ASV_2051,3,Bacteria;Pseudomonadota;Alphaproteobacteria;Hyphomicrobiales;Rhizobiaceae;Rhizobium;,98.9,>=97
ASV_2052,3,,,no_hit
ASV_2053,3,Bacteria;Pseudomonadota;Gammaproteobacteria;Pseudomonadales;Pseudomonadaceae;Pseudomonas;,99.7,>=99
ASV_2054,3,,,no_hit
ASV_2055,3,Bacteria;Actinomycetota;Actinobacteria;Bifidobacteriales;Bifidobacteriaceae;Bifidobacterium;,96.8,>=95
ASV_2056,3,Bacteria;Pseudomonadota;Alphaproteobacteria;Acetobacterales;Acetobacteraceae;Gluconobacter;,97.1,>=97
ASV_2057,3,,,no_hit
ASV_2058,3,,,no_hit
ASV_2059,3,,,no_hit
ASV_2060,3,,,no_hit
ASV_2061,2,Bacteria;Pseudomonadota;Alphaproteobacteria;Acetobacterales;Acetobacteraceae;Commensalibacter;,96.2,>=95
ASV_2062,2,,,no_hit
ASV_2063,2,,,no_hit
ASV_2064,2,,,no_hit
ASV_2065,2,,,no_hit
ASV_2066,2,,,no_hit
ASV_2067,2,,,no_hit
ASV_2068,2,,,no_hit
ASV_2069,2,,,no_hit
ASV_2070,2,,,no_hit
ASV_2071,2,,,no_hit
ASV_2072,2,,,no_hit
ASV_2073,2,,,no_hit
ASV_2074,2,Bacteria;Pseudomonadota;Gammaproteobacteria;Pseudomonadales;Halomonadaceae;Zymobacter;,95.2,>=95
ASV_2075,2,Bacteria;Bacteroidota;Bacteroidia;Chitinophagales;Chitinophagaceae;Ferruginibacter;,98.9,>=97
ASV_2076,2,,,no_hit
ASV_2077,2,Bacteria;Pseudomonadota;Gammaproteobacteria;Cardiobacteriales;Wohlfahrtiimonadaceae;Wohlfahrtiimonas;,98.1,>=97
ASV_2078,2,Bacteria;Actinomycetota;Actinobacteria;Kitasatosporales;Streptomycetaceae;Streptomyces;,99.7,>=99
ASV_2079,2,,,no_hit
ASV_2080,2,,,no_hit
ASV_2081,2,Bacteria;Pseudomonadota;Alphaproteobacteria;Acetobacterales;Acetobacteraceae;Bombella;,95.2,>=95
ASV_2082,2,,,no_hit
ASV_2083,2,,,no_hit
ASV_2084,2,,,no_hit
ASV_2085,2,Bacteria;Pseudomonadota;Gammaproteobacteria;Pseudomonadales;Moraxellaceae;Acinetobacter;,95.7,>=95
ASV_2086,2,,,no_hit
ASV_2087,2,Bacteria;Bacillota;Clostridia;Peptostreptococcales-Tissierellales;Peptostreptococcaceae;Proteocatella;,100.0,>=99
ASV_2088,2,,,no_hit
ASV_2089,2,,,no_hit
ASV_2090,2,,,no_hit
ASV_2091,2,,,no_hit
ASV_2092,2,Bacteria;Pseudomonadota;Gammaproteobacteria;Lysobacterales;Lysobacteraceae;Arenimonas;,98.7,>=97
ASV_2093,2,Bacteria;Fusobacteriota;Fusobacteriia;Fusobacteriales;Fusobacteriaceae;Cetobacterium;,100.0,>=99
ASV_2094,2,,,no_hit
ASV_2095,2,Bacteria;Planctomycetota;Planctomycetes;Isosphaerales;Isosphaeraceae;Isosphaera;,97.9,>=97
ASV_2096,2,Bacteria;Pseudomonadota;Alphaproteobacteria;Hyphomicrobiales;Beijerinckiaceae;Methylobacterium;,100.0,>=99
ASV_2097,2,,,no_hit
ASV_2098,2,,,no_hit
ASV_2099,2,Bacteria;Bacillota;Clostridia;Oscillospirales;Ruminococcaceae;Faecalibacterium;,100.0,>=99
ASV_2100,2,,,no_hit
ASV_2101,2,,,no_hit
ASV_2102,2,,,no_hit
ASV_2103,2,Bacteria;Pseudomonadota;Alphaproteobacteria;Acetobacterales;Acetobacteraceae;,97.6,>=97
ASV_2104,2,,,no_hit
ASV_2105,2,,,no_hit
ASV_2106,2,,,no_hit
ASV_2107,2,,,no_hit
ASV_2108,2,,,no_hit
ASV_2109,2,,,no_hit
ASV_2110,2,Bacteria;Pseudomonadota;Gammaproteobacteria;Lysobacterales;Lysobacteraceae;Stenotrophomonas;,100.0,>=99
ASV_2111,2,,,no_hit
ASV_2112,2,Bacteria;Pseudomonadota;Gammaproteobacteria;Cardiobacteriales;Wohlfahrtiimonadaceae;Ignatzschineria;,95.2,>=95
ASV_2113,2,Bacteria;Bacteroidota;Bacteroidia;Bacteroidales;Bacteroidaceae;Bacteroides;,100.0,>=99
ASV_2114,2,,,no_hit
ASV_2115,2,,,no_hit
ASV_2116,2,,,no_hit
ASV_2117,2,,,no_hit
ASV_2118,2,,,no_hit
ASV_2119,2,,,no_hit
ASV_2120,2,,,no_hit
ASV_2121,2,Bacteria;Bacillota;Clostridia;Peptostreptococcales-Tissierellales;Anaerovoracaceae;Aminicella;,100.0,>=99
ASV_2122,2,,,no_hit
ASV_2123,2,,,no_hit
ASV_2124,2,,,no_hit
ASV_2125,2,Bacteria;Cyanobacteriota;Cyanobacteriia;Cyanobacteriales;Phormidiaceae;Cephalothrix,100.0,>=99
ASV_2126,2,,,no_hit
ASV_2127,2,,,no_hit
ASV_2128,2,Bacteria;Actinomycetota;Actinobacteria;Micrococcales;Microbacteriaceae;,100.0,>=99
ASV_2129,2,,,no_hit
ASV_2130,2,,,no_hit
ASV_2131,2,,,no_hit
ASV_2132,2,Bacteria;Pseudomonadota;Alphaproteobacteria;Sphingomonadales;Sphingomonadaceae;Sphingopyxis;,95.5,>=95
ASV_2133,2,,,no_hit
ASV_2134,2,Bacteria;Myxococcota;Polyangiia;Polyangiales;Sandaracinaceae;,100.0,>=99
ASV_2135,2,,,no_hit
ASV_2136,2,,,no_hit
ASV_2137,2,,,no_hit
ASV_2138,2,,,no_hit
ASV_2139,2,Bacteria;Pseudomonadota;Alphaproteobacteria;Acetobacterales;Acetobacteraceae;Gluconobacter;,96.5,>=95
ASV_2140,2,,,no_hit
ASV_2141,2,,,no_hit
ASV_2142,2,,,no_hit
ASV_2143,2,,,no_hit
ASV_2144,2,,,no_hit
ASV_2145,2,,,no_hit
ASV_2146,2,,,no_hit
ASV_2147,1,,,no_hit
ASV_2148,1,,,no_hit
ASV_2149,1,,,no_hit
ASV_2150,1,,,no_hit
ASV_2151,1,,,no_hit
ASV_2152,1,Bacteria;Bacillota;Bacilli;Lactobacillales;Lactobacillaceae;Leuconostoc;,95.5,>=95
ASV_2153,1,,,no_hit
ASV_2154,1,,,no_hit
ASV_2155,1,,,no_hit
ASV_2156,1,Bacteria;Pseudomonadota;Alphaproteobacteria;Hyphomicrobiales;Rhizobiaceae;Rhizobium;,99.7,>=99
ASV_2157,1,,,no_hit
ASV_2158,1,,,no_hit
ASV_2159,1,,,no_hit
ASV_2160,1,,,no_hit
ASV_2161,1,,,no_hit
ASV_2162,1,,,no_hit
ASV_2163,1,Bacteria;Pseudomonadota;Alphaproteobacteria;Sphingomonadales;Sphingomonadaceae;Sphingopyxis;,95.7,>=95
ASV_2164,1,Bacteria;Pseudomonadota;Alphaproteobacteria;Hyphomicrobiales;Rhizobiaceae;Rhizobium;,99.2,>=99
ASV_2165,1,Bacteria;Pseudomonadota;Gammaproteobacteria;Pseudomonadales;Moraxellaceae;Acinetobacter;,97.1,>=97
ASV_2166,1,,,no_hit
ASV_2167,1,,,no_hit
